"fid","occurrenceID","scientificName","scientificNameAuthorship","taxonRank","identificationQualifier","originalNameUsage","nomenclaturalStatus","superfamily","order","family","subfamily","genus","specificEpithet","infraspecificEpithet","country","countryCode","stateProvince","county","municipality","locality","verbatimLocality","verbatimElevation","minimumElevationInMeters","maximumElevationInMeters","verbatimLatitude","verbatimLongitude","decimalLatitude.x","decimalLongitude.x","coordinateUncertaintyInMeters.x","footprintWKT.x","georeferencedBy","georeferencedDate","georeferenceRemarks","georeferenceSources","eventDate","year","month","day","recordedBy","recordedByID","identifiedBy","basisOfRecord","organismRemarks","institutionCode","collectionCode","catalogNumber","typeStatus","samplingProtocol","habitat","associatedReferences","taxonRemarks","source","sourceReference","license","validationStatus","gbifID","inatID","obsorgID","polygon_fid","protectedArea","pnalmpTaxonGroup","field_62","field_63","decimalLongitude.y","decimalLatitude.y","coordinateUncertaintyInMeters.y","footprintWKT.y"
22,"pnalm_scarab_000022","Sinodendron cylindricum (Linnaeus, 1758)","Linnaeus, 1758","species","NULL","NULL","NULL","Scarabaeoidea","Coleoptera","NULL","NULL","Sinodendron","cylindricum","NULL","Italy","IT","NULL","NULL","NULL","Val Fondillo","Val Fondillo",,"NULL","NULL","NULL","NULL",,,"NULL","NULL","NULL","NULL","NULL","NULL","26828","1973","6","13","Franco Tassi","NULL","NULL","PreservedSpecimen","NULL","CGP-PNALM","NULL","NULL","NULL","NULL","NULL","NULL","NULL","field_survey","NULL","CC BY 4.0","needs_review","NULL","NULL","NULL",1,"PNALM","Scarabaeoidea","",,13.8704742473229,41.7555553357692,3046,"MULTIPOLYGON(((13.857310829 41.7797921313,13.8517961231 41.7791618792,13.8493276357 41.7727017952,13.8479620895 41.7678698624,13.8500629298 41.7630379297,13.8519536861 41.7569454927,13.8566805769 41.752743812,13.8625629298 41.7498026355,13.8705461231 41.7474917112,13.8765335181 41.7406639801,13.8781091483 41.7382480137,13.882310829 41.733941291,13.8871427618 41.7317354086,13.8891385601 41.7319454927,13.8924999046 41.7356219633,13.8985923416 41.7441303666,13.9034242744 41.7444454927,13.9031091483 41.7484370893,13.8959662912 41.7575757448,13.8937604088 41.7577858288,13.8928150307 41.7607270053,13.8749578878 41.765348854,13.8640335181 41.7698656607,13.8604095685 41.7752228036,13.85736335 41.7796870893,13.857310829 41.7797921313)))"
31,"pnalm_scarab_000031","Dorcus parallelipipedus  (Linnaeus, 1758)","Linnaeus, 1758","species","NULL","NULL","NULL","Scarabaeoidea","Coleoptera","NULL","NULL","Dorcus","parallelipipedus","NULL","Italy","IT","NULL","NULL","NULL","Val Fondillo","Val Fondillo",,"NULL","NULL","NULL","NULL",,,"NULL","NULL","NULL","NULL","NULL","NULL","1927-07","1927","7","NULL","Paolo Luigioni","NULL","NULL","PreservedSpecimen","NULL","CPL-MCZR","NULL","NULL","NULL","NULL","NULL","(Luigioni, 1931)","NULL","field_survey","NULL","CC BY 4.0","needs_review","NULL","NULL","NULL",1,"PNALM","Scarabaeoidea","",,13.8704742473229,41.7555553357692,3046,"MULTIPOLYGON(((13.857310829 41.7797921313,13.8517961231 41.7791618792,13.8493276357 41.7727017952,13.8479620895 41.7678698624,13.8500629298 41.7630379297,13.8519536861 41.7569454927,13.8566805769 41.752743812,13.8625629298 41.7498026355,13.8705461231 41.7474917112,13.8765335181 41.7406639801,13.8781091483 41.7382480137,13.882310829 41.733941291,13.8871427618 41.7317354086,13.8891385601 41.7319454927,13.8924999046 41.7356219633,13.8985923416 41.7441303666,13.9034242744 41.7444454927,13.9031091483 41.7484370893,13.8959662912 41.7575757448,13.8937604088 41.7577858288,13.8928150307 41.7607270053,13.8749578878 41.765348854,13.8640335181 41.7698656607,13.8604095685 41.7752228036,13.85736335 41.7796870893,13.857310829 41.7797921313)))"
54,"pnalm_scarab_000054","Platycerus caprea  cfr. caraboides (G.Papini det.)","NULL","subspecies","NULL","NULL","NULL","Scarabaeoidea","Coleoptera","NULL","NULL","Platycerus","caprea","cfr.","Italy","IT","NULL","NULL","NULL","Val Fondillo, Ponte Profulo","Val Fondillo, Ponte Profulo",,"NULL","NULL","NULL","NULL",,,"NULL","NULL","NULL","NULL","NULL","NULL","22742","1962","4","6","NULL","NULL","NULL","PreservedSpecimen","NULL","CGP-PNALM","NULL","NULL","NULL","NULL","NULL","NULL","NULL","museum","NULL","NULL","needs_review","NULL","NULL","NULL",1,"PNALM","Scarabaeoidea","",,13.8704742473229,41.7555553357692,3046,"MULTIPOLYGON(((13.857310829 41.7797921313,13.8517961231 41.7791618792,13.8493276357 41.7727017952,13.8479620895 41.7678698624,13.8500629298 41.7630379297,13.8519536861 41.7569454927,13.8566805769 41.752743812,13.8625629298 41.7498026355,13.8705461231 41.7474917112,13.8765335181 41.7406639801,13.8781091483 41.7382480137,13.882310829 41.733941291,13.8871427618 41.7317354086,13.8891385601 41.7319454927,13.8924999046 41.7356219633,13.8985923416 41.7441303666,13.9034242744 41.7444454927,13.9031091483 41.7484370893,13.8959662912 41.7575757448,13.8937604088 41.7577858288,13.8928150307 41.7607270053,13.8749578878 41.765348854,13.8640335181 41.7698656607,13.8604095685 41.7752228036,13.85736335 41.7796870893,13.857310829 41.7797921313)))"
64,"pnalm_scarab_000064","Lucanus tetraodon tetraodon Thunberg, 1806","NULL","subspecies","NULL","NULL","NULL","Scarabaeoidea","Coleoptera","NULL","NULL","Lucanus","tetraodon","tetraodon","Italy","IT","NULL","NULL","NULL","Val Fondillo","Val Fondillo",,"NULL","NULL","NULL","NULL",,,"NULL","NULL","NULL","NULL","NULL","NULL","22828","1962","7","1","Giovanni Papini","NULL","NULL","PreservedSpecimen","NULL","CGP-PNALM","NULL","NULL","NULL","NULL","NULL","NULL","NULL","field_survey","NULL","CC BY 4.0","needs_review","NULL","NULL","NULL",1,"PNALM","Scarabaeoidea","",,13.8704742473229,41.7555553357692,3046,"MULTIPOLYGON(((13.857310829 41.7797921313,13.8517961231 41.7791618792,13.8493276357 41.7727017952,13.8479620895 41.7678698624,13.8500629298 41.7630379297,13.8519536861 41.7569454927,13.8566805769 41.752743812,13.8625629298 41.7498026355,13.8705461231 41.7474917112,13.8765335181 41.7406639801,13.8781091483 41.7382480137,13.882310829 41.733941291,13.8871427618 41.7317354086,13.8891385601 41.7319454927,13.8924999046 41.7356219633,13.8985923416 41.7441303666,13.9034242744 41.7444454927,13.9031091483 41.7484370893,13.8959662912 41.7575757448,13.8937604088 41.7577858288,13.8928150307 41.7607270053,13.8749578878 41.765348854,13.8640335181 41.7698656607,13.8604095685 41.7752228036,13.85736335 41.7796870893,13.857310829 41.7797921313)))"
65,"pnalm_scarab_000065","Lucanus tetraodon tetraodon Thunberg, 1806","NULL","subspecies","NULL","NULL","NULL","Scarabaeoidea","Coleoptera","NULL","NULL","Lucanus","tetraodon","tetraodon","Italy","IT","NULL","NULL","NULL","Val Fondillo","Val Fondillo",,"NULL","NULL","NULL","NULL",,,"NULL","NULL","NULL","NULL","NULL","NULL","22851","1962","7","24","Franco Tassi","NULL","NULL","PreservedSpecimen","NULL","CGP-PNALM","NULL","NULL","NULL","NULL","NULL","NULL","NULL","field_survey","NULL","CC BY 4.0","needs_review","NULL","NULL","NULL",1,"PNALM","Scarabaeoidea","",,13.8704742473229,41.7555553357692,3046,"MULTIPOLYGON(((13.857310829 41.7797921313,13.8517961231 41.7791618792,13.8493276357 41.7727017952,13.8479620895 41.7678698624,13.8500629298 41.7630379297,13.8519536861 41.7569454927,13.8566805769 41.752743812,13.8625629298 41.7498026355,13.8705461231 41.7474917112,13.8765335181 41.7406639801,13.8781091483 41.7382480137,13.882310829 41.733941291,13.8871427618 41.7317354086,13.8891385601 41.7319454927,13.8924999046 41.7356219633,13.8985923416 41.7441303666,13.9034242744 41.7444454927,13.9031091483 41.7484370893,13.8959662912 41.7575757448,13.8937604088 41.7577858288,13.8928150307 41.7607270053,13.8749578878 41.765348854,13.8640335181 41.7698656607,13.8604095685 41.7752228036,13.85736335 41.7796870893,13.857310829 41.7797921313)))"
68,"pnalm_scarab_000068","Lucanus tetraodon tetraodon Thunberg, 1806","NULL","subspecies","NULL","NULL","NULL","Scarabaeoidea","Coleoptera","NULL","NULL","Lucanus","tetraodon","tetraodon","Italy","IT","NULL","NULL","NULL","Val Fondillo","Val Fondillo",,"NULL","NULL","NULL","NULL",,,"NULL","NULL","NULL","NULL","NULL","NULL","23182","1963","6","20","Giovanni Papini","NULL","NULL","PreservedSpecimen","NULL","CGP-PNALM","NULL","NULL","NULL","NULL","NULL","NULL","NULL","field_survey","NULL","CC BY 4.0","needs_review","NULL","NULL","NULL",1,"PNALM","Scarabaeoidea","",,13.8704742473229,41.7555553357692,3046,"MULTIPOLYGON(((13.857310829 41.7797921313,13.8517961231 41.7791618792,13.8493276357 41.7727017952,13.8479620895 41.7678698624,13.8500629298 41.7630379297,13.8519536861 41.7569454927,13.8566805769 41.752743812,13.8625629298 41.7498026355,13.8705461231 41.7474917112,13.8765335181 41.7406639801,13.8781091483 41.7382480137,13.882310829 41.733941291,13.8871427618 41.7317354086,13.8891385601 41.7319454927,13.8924999046 41.7356219633,13.8985923416 41.7441303666,13.9034242744 41.7444454927,13.9031091483 41.7484370893,13.8959662912 41.7575757448,13.8937604088 41.7577858288,13.8928150307 41.7607270053,13.8749578878 41.765348854,13.8640335181 41.7698656607,13.8604095685 41.7752228036,13.85736335 41.7796870893,13.857310829 41.7797921313)))"
94,"pnalm_scarab_000094","Anoplotrupes stercorosus  (Scriba, 1791)","Scriba, 1791","species","NULL","NULL","NULL","Scarabaeoidea","Coleoptera","NULL","NULL","Anoplotrupes","stercorosus","NULL","Italy","IT","NULL","NULL","NULL","Val Fondillo","Val Fondillo",,"NULL","NULL","NULL","NULL",,,"NULL","NULL","NULL","NULL","NULL","NULL","22450","1961","6","18","Giovanni Papini","NULL","NULL","PreservedSpecimen","NULL","CGP-PNALM","NULL","NULL","NULL","NULL","NULL","NULL","NULL","field_survey","NULL","CC BY 4.0","needs_review","NULL","NULL","NULL",1,"PNALM","Scarabaeoidea","",,13.8704742473229,41.7555553357692,3046,"MULTIPOLYGON(((13.857310829 41.7797921313,13.8517961231 41.7791618792,13.8493276357 41.7727017952,13.8479620895 41.7678698624,13.8500629298 41.7630379297,13.8519536861 41.7569454927,13.8566805769 41.752743812,13.8625629298 41.7498026355,13.8705461231 41.7474917112,13.8765335181 41.7406639801,13.8781091483 41.7382480137,13.882310829 41.733941291,13.8871427618 41.7317354086,13.8891385601 41.7319454927,13.8924999046 41.7356219633,13.8985923416 41.7441303666,13.9034242744 41.7444454927,13.9031091483 41.7484370893,13.8959662912 41.7575757448,13.8937604088 41.7577858288,13.8928150307 41.7607270053,13.8749578878 41.765348854,13.8640335181 41.7698656607,13.8604095685 41.7752228036,13.85736335 41.7796870893,13.857310829 41.7797921313)))"
95,"pnalm_scarab_000095","Anoplotrupes stercorosus  (Scriba, 1791)","Scriba, 1791","species","NULL","NULL","NULL","Scarabaeoidea","Coleoptera","NULL","NULL","Anoplotrupes","stercorosus","NULL","Italy","IT","NULL","NULL","NULL","Val Fondillo","Val Fondillo",,"NULL","NULL","NULL","NULL",,,"NULL","NULL","NULL","NULL","NULL","NULL","23529","1964","6","1","Giovanni Papini","NULL","NULL","PreservedSpecimen","NULL","CGP-PNALM","NULL","NULL","NULL","NULL","NULL","NULL","NULL","field_survey","NULL","CC BY 4.0","needs_review","NULL","NULL","NULL",1,"PNALM","Scarabaeoidea","",,13.8704742473229,41.7555553357692,3046,"MULTIPOLYGON(((13.857310829 41.7797921313,13.8517961231 41.7791618792,13.8493276357 41.7727017952,13.8479620895 41.7678698624,13.8500629298 41.7630379297,13.8519536861 41.7569454927,13.8566805769 41.752743812,13.8625629298 41.7498026355,13.8705461231 41.7474917112,13.8765335181 41.7406639801,13.8781091483 41.7382480137,13.882310829 41.733941291,13.8871427618 41.7317354086,13.8891385601 41.7319454927,13.8924999046 41.7356219633,13.8985923416 41.7441303666,13.9034242744 41.7444454927,13.9031091483 41.7484370893,13.8959662912 41.7575757448,13.8937604088 41.7577858288,13.8928150307 41.7607270053,13.8749578878 41.765348854,13.8640335181 41.7698656607,13.8604095685 41.7752228036,13.85736335 41.7796870893,13.857310829 41.7797921313)))"
114,"pnalm_scarab_000114","Geotrupes (Geotrupes) spiniger  Marsham, 1802","NULL","subspecies","NULL","NULL","NULL","Scarabaeoidea","Coleoptera","NULL","NULL","Geotrupes","(Geotrupes)","spiniger","Italy","IT","NULL","NULL","NULL","Val Fondillo","Val Fondillo",,"NULL","NULL","NULL","NULL",,,"NULL","NULL","NULL","NULL","NULL","NULL","22546","1961","9","22","Giovanni Papini","NULL","NULL","PreservedSpecimen","NULL","CGP-PNALM","NULL","NULL","NULL","NULL","NULL","NULL","NULL","field_survey","NULL","CC BY 4.0","needs_review","NULL","NULL","NULL",1,"PNALM","Scarabaeoidea","",,13.8704742473229,41.7555553357692,3046,"MULTIPOLYGON(((13.857310829 41.7797921313,13.8517961231 41.7791618792,13.8493276357 41.7727017952,13.8479620895 41.7678698624,13.8500629298 41.7630379297,13.8519536861 41.7569454927,13.8566805769 41.752743812,13.8625629298 41.7498026355,13.8705461231 41.7474917112,13.8765335181 41.7406639801,13.8781091483 41.7382480137,13.882310829 41.733941291,13.8871427618 41.7317354086,13.8891385601 41.7319454927,13.8924999046 41.7356219633,13.8985923416 41.7441303666,13.9034242744 41.7444454927,13.9031091483 41.7484370893,13.8959662912 41.7575757448,13.8937604088 41.7577858288,13.8928150307 41.7607270053,13.8749578878 41.765348854,13.8640335181 41.7698656607,13.8604095685 41.7752228036,13.85736335 41.7796870893,13.857310829 41.7797921313)))"
118,"pnalm_scarab_000118","Geotrupes (Geotrupes) spiniger  Marsham, 1802","NULL","subspecies","NULL","NULL","NULL","Scarabaeoidea","Coleoptera","NULL","NULL","Geotrupes","(Geotrupes)","spiniger","Italy","IT","NULL","NULL","NULL","Val Fondillo","Val Fondillo",,"NULL","NULL","NULL","NULL",,,"NULL","NULL","NULL","NULL","NULL","NULL","22742","1962","4","6","Ubaldo Di Iulio","NULL","NULL","PreservedSpecimen","NULL","CGP-PNALM","NULL","NULL","NULL","NULL","NULL","NULL","NULL","field_survey","NULL","CC BY 4.0","needs_review","NULL","NULL","NULL",1,"PNALM","Scarabaeoidea","",,13.8704742473229,41.7555553357692,3046,"MULTIPOLYGON(((13.857310829 41.7797921313,13.8517961231 41.7791618792,13.8493276357 41.7727017952,13.8479620895 41.7678698624,13.8500629298 41.7630379297,13.8519536861 41.7569454927,13.8566805769 41.752743812,13.8625629298 41.7498026355,13.8705461231 41.7474917112,13.8765335181 41.7406639801,13.8781091483 41.7382480137,13.882310829 41.733941291,13.8871427618 41.7317354086,13.8891385601 41.7319454927,13.8924999046 41.7356219633,13.8985923416 41.7441303666,13.9034242744 41.7444454927,13.9031091483 41.7484370893,13.8959662912 41.7575757448,13.8937604088 41.7577858288,13.8928150307 41.7607270053,13.8749578878 41.765348854,13.8640335181 41.7698656607,13.8604095685 41.7752228036,13.85736335 41.7796870893,13.857310829 41.7797921313)))"
119,"pnalm_scarab_000119","Geotrupes (Geotrupes) spiniger  Marsham, 1802","NULL","subspecies","NULL","NULL","NULL","Scarabaeoidea","Coleoptera","NULL","NULL","Geotrupes","(Geotrupes)","spiniger","Italy","IT","NULL","NULL","NULL","Val Fondillo, Fonte Profulo","Val Fondillo, Fonte Profulo",,"NULL","NULL","NULL","NULL",,,"NULL","NULL","NULL","NULL","NULL","NULL","22742","1962","4","6","Giovanni Papini","NULL","NULL","PreservedSpecimen","NULL","[CGP-PNALM]","NULL","NULL","NULL","NULL","NULL","NULL","NULL","field_survey","NULL","CC BY 4.0","needs_review","NULL","NULL","NULL",1,"PNALM","Scarabaeoidea","",,13.8704742473229,41.7555553357692,3046,"MULTIPOLYGON(((13.857310829 41.7797921313,13.8517961231 41.7791618792,13.8493276357 41.7727017952,13.8479620895 41.7678698624,13.8500629298 41.7630379297,13.8519536861 41.7569454927,13.8566805769 41.752743812,13.8625629298 41.7498026355,13.8705461231 41.7474917112,13.8765335181 41.7406639801,13.8781091483 41.7382480137,13.882310829 41.733941291,13.8871427618 41.7317354086,13.8891385601 41.7319454927,13.8924999046 41.7356219633,13.8985923416 41.7441303666,13.9034242744 41.7444454927,13.9031091483 41.7484370893,13.8959662912 41.7575757448,13.8937604088 41.7577858288,13.8928150307 41.7607270053,13.8749578878 41.765348854,13.8640335181 41.7698656607,13.8604095685 41.7752228036,13.85736335 41.7796870893,13.857310829 41.7797921313)))"
148,"pnalm_scarab_000148","Trypocopris vernalis apenninicus (Mariani, 1958)","Mariani, 1958","subspecies","NULL","NULL","NULL","Scarabaeoidea","Coleoptera","NULL","NULL","Trypocopris","vernalis","apenninicus","Italy","IT","NULL","NULL","NULL","Val Fondillo","Val Fondillo",,"NULL","NULL","NULL","NULL",,,"NULL","NULL","NULL","NULL","NULL","NULL","22859","1962","8","1","Giovanni Papini","NULL","NULL","PreservedSpecimen","NULL","CGP-PNALM","NULL","NULL","NULL","NULL","NULL","NULL","NULL","field_survey","NULL","CC BY 4.0","needs_review","NULL","NULL","NULL",1,"PNALM","Scarabaeoidea","",,13.8704742473229,41.7555553357692,3046,"MULTIPOLYGON(((13.857310829 41.7797921313,13.8517961231 41.7791618792,13.8493276357 41.7727017952,13.8479620895 41.7678698624,13.8500629298 41.7630379297,13.8519536861 41.7569454927,13.8566805769 41.752743812,13.8625629298 41.7498026355,13.8705461231 41.7474917112,13.8765335181 41.7406639801,13.8781091483 41.7382480137,13.882310829 41.733941291,13.8871427618 41.7317354086,13.8891385601 41.7319454927,13.8924999046 41.7356219633,13.8985923416 41.7441303666,13.9034242744 41.7444454927,13.9031091483 41.7484370893,13.8959662912 41.7575757448,13.8937604088 41.7577858288,13.8928150307 41.7607270053,13.8749578878 41.765348854,13.8640335181 41.7698656607,13.8604095685 41.7752228036,13.85736335 41.7796870893,13.857310829 41.7797921313)))"
155,"pnalm_scarab_000155","Trypocopris vernalis apenninicus (Mariani, 1958)","Mariani, 1958","subspecies","NULL","NULL","NULL","Scarabaeoidea","Coleoptera","NULL","NULL","Trypocopris","vernalis","apenninicus","Italy","IT","NULL","NULL","NULL","Val Fondillo","Val Fondillo",1600,"1600.0","NULL","NULL","NULL",,,"NULL","NULL","NULL","NULL","NULL","NULL","35947","1998","6","1","Luigi Melloni","NULL","NULL","PreservedSpecimen","NULL","CGP-PNALM","NULL","NULL","NULL","NULL","NULL","NULL","NULL","field_survey","NULL","CC BY 4.0","needs_review","NULL","NULL","NULL",4,"PNALM","Scarabaeoidea","",,13.881805053143,41.7520821789709,2180,"MULTIPOLYGON(((13.8826383936 41.7337486488,13.8823606134 41.7337486488,13.8823606134 41.7340264295,13.8826383936 41.7340264295,13.8826383936 41.7337486488)),((13.8820828333 41.7340264295,13.8820828333 41.7343042103,13.8823606134 41.7343042103,13.8823606134 41.7340264295,13.8820828333 41.7340264295)),((13.881527273 41.7345819911,13.881527273 41.7348597718,13.8812494929 41.7348597718,13.8812494929 41.7351375526,13.8809717127 41.7351375526,13.8809717127 41.7354153333,13.8806939326 41.7354153333,13.8806939326 41.7356931141,13.8804161524 41.7356931141,13.8804161524 41.7359708949,13.8820828333 41.7359708949,13.8820828333 41.7362486756,13.8840272943 41.7362486756,13.8840272943 41.7365264564,13.8848606347 41.7365264564,13.8848606347 41.7368042371,13.885416195 41.7368042371,13.885416195 41.7370820179,13.8859717552 41.7370820179,13.8859717552 41.7373597987,13.8879162162 41.7373597987,13.8879162162 41.7381931409,13.8873606559 41.7381931409,13.8873606559 41.7384709217,13.8870828758 41.7384709217,13.8870828758 41.7387487025,13.8868050957 41.7387487025,13.8868050957 41.7390264832,13.8865273155 41.7390264832,13.8865273155 41.7395820447,13.8862495354 41.7395820447,13.8862495354 41.7398598255,13.8859717552 41.7398598255,13.8859717552 41.7406931678,13.8856939751 41.7406931678,13.8856939751 41.7412487293,13.8851384148 41.7412487293,13.8851384148 41.7415265101,13.8848606347 41.7415265101,13.8848606347 41.7418042908,13.8845828545 41.7418042908,13.8845828545 41.7423598523,13.8848606347 41.7423598523,13.8848606347 41.7429154139,13.885416195 41.7429154139,13.885416195 41.7431931946,13.8868050957 41.7431931946,13.8868050957 41.7429154139,13.8870828758 41.7429154139,13.8870828758 41.7426376331,13.8898606772 41.7426376331,13.8898606772 41.7429154139,13.8890273368 41.7429154139,13.8890273368 41.7431931946,13.8884717765 41.7431931946,13.8884717765 41.7434709754,13.8881939964 41.7434709754,13.8881939964 41.7437487562,13.8876384361 41.7437487562,13.8876384361 41.7443043177,13.8873606559 41.7443043177,13.8873606559 41.7445820984,13.8870828758 41.7445820984,13.8870828758 41.7459710022,13.8873606559 41.7459710022,13.8873606559 41.746248783,13.8879162162 41.746248783,13.8879162162 41.7465265638,13.8884717765 41.7465265638,13.8884717765 41.7468043445,13.8890273368 41.7468043445,13.8890273368 41.7470821253,13.8893051169 41.7470821253,13.8893051169 41.7476376868,13.8909717978 41.7476376868,13.8909717978 41.7481932483,13.8912495779 41.7481932483,13.8912495779 41.7484710291,13.891527358 41.7484710291,13.891527358 41.7487488098,13.8929162587 41.7487488098,13.8929162587 41.7490265906,13.8937495991 41.7490265906,13.8937495991 41.7493043714,13.8943051594 41.7493043714,13.8943051594 41.7495821521,13.8956940601 41.7495821521,13.8956940601 41.7498599329,13.8962496204 41.7498599329,13.8962496204 41.7501377136,13.89541628 41.7501377136,13.89541628 41.7504154944,13.8948607197 41.7504154944,13.8948607197 41.7506932752,13.8945829396 41.7506932752,13.8945829396 41.7509710559,13.8937495991 41.7509710559,13.8937495991 41.7506932752,13.893471819 41.7506932752,13.893471819 41.7509710559,13.8909717978 41.7509710559,13.8909717978 41.7512488367,13.8904162375 41.7512488367,13.8904162375 41.7515266174,13.8901384573 41.7515266174,13.8901384573 41.7518043982,13.8884717765 41.7518043982,13.8884717765 41.752082179,13.8881939964 41.752082179,13.8881939964 41.7523599597,13.8876384361 41.7523599597,13.8876384361 41.7526377405,13.8856939751 41.7526377405,13.8856939751 41.7523599597,13.8851384148 41.7523599597,13.8851384148 41.752082179,13.8845828545 41.752082179,13.8845828545 41.7518043982,13.8840272943 41.7518043982,13.8840272943 41.7515266174,13.8837495141 41.7515266174,13.8837495141 41.7512488367,13.8829161737 41.7512488367,13.8829161737 41.7515266174,13.8823606134 41.7515266174,13.8823606134 41.7518043982,13.8820828333 41.7518043982,13.8820828333 41.752082179,13.8818050531 41.752082179,13.8818050531 41.7523599597,13.8820828333 41.7523599597,13.8820828333 41.7529155213,13.8823606134 41.7529155213,13.8823606134 41.753193302,13.8826383936 41.753193302,13.8826383936 41.7534710828,13.8829161737 41.7534710828,13.8829161737 41.7537488635,13.8831939538 41.7537488635,13.8831939538 41.7543044251,13.8837495141 41.7543044251,13.8837495141 41.7545822058,13.8840272943 41.7545822058,13.8840272943 41.7548599866,13.8843050744 41.7548599866,13.8843050744 41.7551377673,13.8848606347 41.7551377673,13.8848606347 41.7554155481,13.8851384148 41.7554155481,13.8851384148 41.7556933289,13.8856939751 41.7556933289,13.8856939751 41.7559711096,13.8862495354 41.7559711096,13.8862495354 41.7562488904,13.8873606559 41.7562488904,13.8873606559 41.7565266711,13.8893051169 41.7565266711,13.8893051169 41.7573600134,13.8890273368 41.7573600134,13.8890273368 41.7584711365,13.8893051169 41.7584711365,13.8893051169 41.7587489172,13.8895828971 41.7587489172,13.8895828971 41.759026698,13.8898606772 41.759026698,13.8898606772 41.7593044787,13.8901384573 41.7593044787,13.8901384573 41.7598600403,13.8904162375 41.7598600403,13.8904162375 41.7606933826,13.8901384573 41.7606933826,13.8901384573 41.7609711633,13.8898606772 41.7609711633,13.8898606772 41.7612489441,13.8895828971 41.7612489441,13.8895828971 41.7615267248,13.8901384573 41.7615267248,13.8901384573 41.7612489441,13.8912495779 41.7612489441,13.8912495779 41.7609711633,13.8923606985 41.7609711633,13.8923606985 41.7606933826,13.8929162587 41.7606933826,13.8929162587 41.7598600403,13.8931940389 41.7598600403,13.8931940389 41.759026698,13.893471819 41.759026698,13.893471819 41.7581933557,13.8937495991 41.7581933557,13.8937495991 41.7576377942,13.8931940389 41.7576377942,13.8931940389 41.7579155749,13.8929162587 41.7579155749,13.8929162587 41.7581933557,13.8926384786 41.7581933557,13.8926384786 41.7584711365,13.8923606985 41.7584711365,13.8923606985 41.7593044787,13.8918051382 41.7593044787,13.8918051382 41.759026698,13.8912495779 41.759026698,13.8912495779 41.7587489172,13.8909717978 41.7587489172,13.8909717978 41.7584711365,13.8904162375 41.7584711365,13.8904162375 41.7576377942,13.8906940176 41.7576377942,13.8906940176 41.7562488904,13.8909717978 41.7562488904,13.8909717978 41.7559711096,13.8906940176 41.7559711096,13.8906940176 41.7556933289,13.8890273368 41.7556933289,13.8890273368 41.7554155481,13.8879162162 41.7554155481,13.8879162162 41.7551377673,13.8873606559 41.7551377673,13.8873606559 41.7548599866,13.8870828758 41.7548599866,13.8870828758 41.7545822058,13.8868050957 41.7545822058,13.8868050957 41.7543044251,13.8865273155 41.7543044251,13.8865273155 41.7537488635,13.8884717765 41.7537488635,13.8884717765 41.7534710828,13.8890273368 41.7534710828,13.8890273368 41.753193302,13.8906940176 41.753193302,13.8906940176 41.7529155213,13.8909717978 41.7529155213,13.8909717978 41.7523599597,13.8912495779 41.7523599597,13.8912495779 41.752082179,13.8940273793 41.752082179,13.8940273793 41.7523599597,13.8948607197 41.7523599597,13.8948607197 41.752082179,13.8962496204 41.752082179,13.8962496204 41.7518043982,13.8965274005 41.7518043982,13.8965274005 41.7515266174,13.8968051807 41.7515266174,13.8968051807 41.7512488367,13.8970829608 41.7512488367,13.8970829608 41.7509710559,13.8976385211 41.7509710559,13.8976385211 41.7506932752,13.8981940814 41.7506932752,13.8981940814 41.7509710559,13.8993052019 41.7509710559,13.8993052019 41.7504154944,13.8995829821 41.7504154944,13.8995829821 41.7495821521,13.8993052019 41.7495821521,13.8993052019 41.7490265906,13.8990274218 41.7490265906,13.8990274218 41.7481932483,13.8987496417 41.7481932483,13.8987496417 41.747359906,13.8984718615 41.747359906,13.8984718615 41.7476376868,13.8981940814 41.7476376868,13.8981940814 41.7479154676,13.897360741 41.7479154676,13.897360741 41.7481932483,13.8965274005 41.7481932483,13.8965274005 41.7484710291,13.8945829396 41.7484710291,13.8945829396 41.7481932483,13.8943051594 41.7481932483,13.8943051594 41.7479154676,13.8940273793 41.7479154676,13.8940273793 41.7476376868,13.8937495991 41.7476376868,13.8937495991 41.747359906,13.893471819 41.747359906,13.893471819 41.7476376868,13.8931940389 41.7476376868,13.8931940389 41.747359906,13.8923606985 41.747359906,13.8923606985 41.7470821253,13.8920829183 41.7470821253,13.8920829183 41.7468043445,13.8918051382 41.7468043445,13.8918051382 41.7465265638,13.8909717978 41.7465265638,13.8909717978 41.746248783,13.8898606772 41.746248783,13.8898606772 41.7459710022,13.8893051169 41.7459710022,13.8893051169 41.74513766,13.8898606772 41.74513766,13.8898606772 41.7448598792,13.8904162375 41.7448598792,13.8904162375 41.7445820984,13.8909717978 41.7445820984,13.8909717978 41.7443043177,13.891527358 41.7443043177,13.891527358 41.7440265369,13.8918051382 41.7440265369,13.8918051382 41.7437487562,13.8920829183 41.7437487562,13.8920829183 41.7434709754,13.8923606985 41.7434709754,13.8923606985 41.7431931946,13.8926384786 41.7431931946,13.8926384786 41.7426376331,13.8923606985 41.7426376331,13.8923606985 41.7420820716,13.8920829183 41.7420820716,13.8920829183 41.7418042908,13.8923606985 41.7418042908,13.8923606985 41.7412487293,13.8920829183 41.7412487293,13.8920829183 41.7401376063,13.8912495779 41.7401376063,13.8912495779 41.740415387,13.8906940176 41.740415387,13.8906940176 41.7406931678,13.8887495566 41.7406931678,13.8887495566 41.740415387,13.8884717765 41.740415387,13.8884717765 41.7401376063,13.8881939964 41.7401376063,13.8881939964 41.7398598255,13.8884717765 41.7398598255,13.8884717765 41.7395820447,13.8895828971 41.7395820447,13.8895828971 41.739304264,13.8898606772 41.739304264,13.8898606772 41.7387487025,13.8901384573 41.7387487025,13.8901384573 41.7384709217,13.8904162375 41.7384709217,13.8904162375 41.7379153602,13.8906940176 41.7379153602,13.8906940176 41.7376375794,13.8904162375 41.7376375794,13.8904162375 41.7359708949,13.8890273368 41.7359708949,13.8890273368 41.7356931141,13.8879162162 41.7356931141,13.8879162162 41.7354153333,13.8873606559 41.7354153333,13.8873606559 41.7351375526,13.8856939751 41.7351375526,13.8856939751 41.7348597718,13.883471734 41.7348597718,13.883471734 41.7345819911,13.8820828333 41.7345819911,13.8820828333 41.7343042103,13.8818050531 41.7343042103,13.8818050531 41.7345819911,13.881527273 41.7345819911)),((13.9012496629 41.7506932752,13.9009718828 41.7506932752,13.9009718828 41.7509710559,13.9012496629 41.7509710559,13.9012496629 41.7506932752)),((13.8690271667 41.7679156823,13.8690271667 41.7676379016,13.8698605071 41.7676379016,13.8698605071 41.7673601208,13.8704160674 41.7673601208,13.8704160674 41.76708234,13.8709716277 41.76708234,13.8709716277 41.7668045593,13.8718049681 41.7668045593,13.8718049681 41.7665267785,13.8723605284 41.7665267785,13.8723605284 41.7662489978,13.8731938688 41.7662489978,13.8731938688 41.765971217,13.8737494291 41.765971217,13.8737494291 41.7656934362,13.8740272092 41.7656934362,13.8740272092 41.7651378747,13.8748605497 41.7651378747,13.8748605497 41.764860094,13.8756938901 41.764860094,13.8756938901 41.7645823132,13.8762494503 41.7645823132,13.8762494503 41.7643045324,13.8765272305 41.7643045324,13.8765272305 41.7640267517,13.8784716915 41.7640267517,13.8784716915 41.7643045324,13.879582812 41.7643045324,13.879582812 41.7640267517,13.8806939326 41.7640267517,13.8806939326 41.7637489709,13.8818050531 41.7637489709,13.8818050531 41.7634711902,13.8826383936 41.7634711902,13.8826383936 41.7631934094,13.8837495141 41.7631934094,13.8837495141 41.7629156286,13.8848606347 41.7629156286,13.8848606347 41.7626378479,13.8859717552 41.7626378479,13.8859717552 41.7623600671,13.8862495354 41.7623600671,13.8862495354 41.7620822864,13.8826383936 41.7620822864,13.8826383936 41.7623600671,13.8818050531 41.7623600671,13.8818050531 41.7626378479,13.8806939326 41.7626378479,13.8806939326 41.7629156286,13.879582812 41.7629156286,13.879582812 41.7631934094,13.8779161312 41.7631934094,13.8779161312 41.7629156286,13.8759716702 41.7629156286,13.8759716702 41.7631934094,13.8754161099 41.7631934094,13.8754161099 41.7634711902,13.8748605497 41.7634711902,13.8748605497 41.7637489709,13.8737494291 41.7637489709,13.8737494291 41.7640267517,13.8729160887 41.7640267517,13.8729160887 41.7643045324,13.8726383085 41.7643045324,13.8726383085 41.764860094,13.8723605284 41.764860094,13.8723605284 41.7651378747,13.8720827483 41.7651378747,13.8720827483 41.7654156555,13.8718049681 41.7654156555,13.8718049681 41.7656934362,13.871527188 41.7656934362,13.871527188 41.765971217,13.8712494078 41.765971217,13.8712494078 41.7662489978,13.8709716277 41.7662489978,13.8709716277 41.7665267785,13.8706938476 41.7665267785,13.8706938476 41.7668045593,13.869582727 41.7668045593,13.869582727 41.76708234,13.8684716064 41.76708234,13.8684716064 41.7673601208,13.8681938263 41.7673601208,13.8681938263 41.7676379016,13.867638266 41.7676379016,13.867638266 41.7681934631,13.8684716064 41.7681934631,13.8684716064 41.7679156823,13.8690271667 41.7679156823)),((13.867638266 41.7684712438,13.867638266 41.7681934631,13.8673604859 41.7681934631,13.8673604859 41.7684712438,13.867638266 41.7684712438)))"
174,"pnalm_scarab_000174","Acanthobodilus immundus (Creutzer, 1799) (= Aphodius immundus Creutzer, 1799)","= Aphodius immundus Creutzer, 1799","species","NULL","NULL","NULL","Scarabaeoidea","Coleoptera","NULL","NULL","Acanthobodilus","immundus","NULL","Italy","IT","NULL","NULL","NULL","Val Fondillo","Val Fondillo",,"NULL","NULL","NULL","NULL",,,"NULL","NULL","NULL","NULL","NULL","NULL","25018","1968","6","29","Giovanni Papini","NULL","NULL","PreservedSpecimen","NULL","CGP-PNALM","NULL","NULL","NULL","NULL","NULL","NULL","NULL","field_survey","NULL","CC BY 4.0","needs_review","NULL","NULL","NULL",1,"PNALM","Scarabaeoidea","",,13.8704742473229,41.7555553357692,3046,"MULTIPOLYGON(((13.857310829 41.7797921313,13.8517961231 41.7791618792,13.8493276357 41.7727017952,13.8479620895 41.7678698624,13.8500629298 41.7630379297,13.8519536861 41.7569454927,13.8566805769 41.752743812,13.8625629298 41.7498026355,13.8705461231 41.7474917112,13.8765335181 41.7406639801,13.8781091483 41.7382480137,13.882310829 41.733941291,13.8871427618 41.7317354086,13.8891385601 41.7319454927,13.8924999046 41.7356219633,13.8985923416 41.7441303666,13.9034242744 41.7444454927,13.9031091483 41.7484370893,13.8959662912 41.7575757448,13.8937604088 41.7577858288,13.8928150307 41.7607270053,13.8749578878 41.765348854,13.8640335181 41.7698656607,13.8604095685 41.7752228036,13.85736335 41.7796870893,13.857310829 41.7797921313)))"
187,"pnalm_scarab_000187","Acrossus depressus  (Kugelann, 1792) (= Aphodius depressus (Kugelann, 1792))","NULL","species","NULL","NULL","NULL","Scarabaeoidea","Coleoptera","NULL","NULL","Acrossus","depressus","NULL","Italy","IT","NULL","NULL","NULL","Val Fondillo","Val Fondillo",1600,"1600.0","NULL","NULL","NULL",,,"NULL","NULL","NULL","NULL","NULL","NULL","1996","1996","NULL","NULL","NULL","NULL","NULL","HumanObservation","NULL","NULL","NULL","NULL","NULL","NULL","NULL","(Carpaneto et al. 2005)","NULL","literature","NULL","NULL","needs_review","NULL","NULL","NULL",4,"PNALM","Scarabaeoidea","",,13.881805053143,41.7520821789709,2180,"MULTIPOLYGON(((13.8826383936 41.7337486488,13.8823606134 41.7337486488,13.8823606134 41.7340264295,13.8826383936 41.7340264295,13.8826383936 41.7337486488)),((13.8820828333 41.7340264295,13.8820828333 41.7343042103,13.8823606134 41.7343042103,13.8823606134 41.7340264295,13.8820828333 41.7340264295)),((13.881527273 41.7345819911,13.881527273 41.7348597718,13.8812494929 41.7348597718,13.8812494929 41.7351375526,13.8809717127 41.7351375526,13.8809717127 41.7354153333,13.8806939326 41.7354153333,13.8806939326 41.7356931141,13.8804161524 41.7356931141,13.8804161524 41.7359708949,13.8820828333 41.7359708949,13.8820828333 41.7362486756,13.8840272943 41.7362486756,13.8840272943 41.7365264564,13.8848606347 41.7365264564,13.8848606347 41.7368042371,13.885416195 41.7368042371,13.885416195 41.7370820179,13.8859717552 41.7370820179,13.8859717552 41.7373597987,13.8879162162 41.7373597987,13.8879162162 41.7381931409,13.8873606559 41.7381931409,13.8873606559 41.7384709217,13.8870828758 41.7384709217,13.8870828758 41.7387487025,13.8868050957 41.7387487025,13.8868050957 41.7390264832,13.8865273155 41.7390264832,13.8865273155 41.7395820447,13.8862495354 41.7395820447,13.8862495354 41.7398598255,13.8859717552 41.7398598255,13.8859717552 41.7406931678,13.8856939751 41.7406931678,13.8856939751 41.7412487293,13.8851384148 41.7412487293,13.8851384148 41.7415265101,13.8848606347 41.7415265101,13.8848606347 41.7418042908,13.8845828545 41.7418042908,13.8845828545 41.7423598523,13.8848606347 41.7423598523,13.8848606347 41.7429154139,13.885416195 41.7429154139,13.885416195 41.7431931946,13.8868050957 41.7431931946,13.8868050957 41.7429154139,13.8870828758 41.7429154139,13.8870828758 41.7426376331,13.8898606772 41.7426376331,13.8898606772 41.7429154139,13.8890273368 41.7429154139,13.8890273368 41.7431931946,13.8884717765 41.7431931946,13.8884717765 41.7434709754,13.8881939964 41.7434709754,13.8881939964 41.7437487562,13.8876384361 41.7437487562,13.8876384361 41.7443043177,13.8873606559 41.7443043177,13.8873606559 41.7445820984,13.8870828758 41.7445820984,13.8870828758 41.7459710022,13.8873606559 41.7459710022,13.8873606559 41.746248783,13.8879162162 41.746248783,13.8879162162 41.7465265638,13.8884717765 41.7465265638,13.8884717765 41.7468043445,13.8890273368 41.7468043445,13.8890273368 41.7470821253,13.8893051169 41.7470821253,13.8893051169 41.7476376868,13.8909717978 41.7476376868,13.8909717978 41.7481932483,13.8912495779 41.7481932483,13.8912495779 41.7484710291,13.891527358 41.7484710291,13.891527358 41.7487488098,13.8929162587 41.7487488098,13.8929162587 41.7490265906,13.8937495991 41.7490265906,13.8937495991 41.7493043714,13.8943051594 41.7493043714,13.8943051594 41.7495821521,13.8956940601 41.7495821521,13.8956940601 41.7498599329,13.8962496204 41.7498599329,13.8962496204 41.7501377136,13.89541628 41.7501377136,13.89541628 41.7504154944,13.8948607197 41.7504154944,13.8948607197 41.7506932752,13.8945829396 41.7506932752,13.8945829396 41.7509710559,13.8937495991 41.7509710559,13.8937495991 41.7506932752,13.893471819 41.7506932752,13.893471819 41.7509710559,13.8909717978 41.7509710559,13.8909717978 41.7512488367,13.8904162375 41.7512488367,13.8904162375 41.7515266174,13.8901384573 41.7515266174,13.8901384573 41.7518043982,13.8884717765 41.7518043982,13.8884717765 41.752082179,13.8881939964 41.752082179,13.8881939964 41.7523599597,13.8876384361 41.7523599597,13.8876384361 41.7526377405,13.8856939751 41.7526377405,13.8856939751 41.7523599597,13.8851384148 41.7523599597,13.8851384148 41.752082179,13.8845828545 41.752082179,13.8845828545 41.7518043982,13.8840272943 41.7518043982,13.8840272943 41.7515266174,13.8837495141 41.7515266174,13.8837495141 41.7512488367,13.8829161737 41.7512488367,13.8829161737 41.7515266174,13.8823606134 41.7515266174,13.8823606134 41.7518043982,13.8820828333 41.7518043982,13.8820828333 41.752082179,13.8818050531 41.752082179,13.8818050531 41.7523599597,13.8820828333 41.7523599597,13.8820828333 41.7529155213,13.8823606134 41.7529155213,13.8823606134 41.753193302,13.8826383936 41.753193302,13.8826383936 41.7534710828,13.8829161737 41.7534710828,13.8829161737 41.7537488635,13.8831939538 41.7537488635,13.8831939538 41.7543044251,13.8837495141 41.7543044251,13.8837495141 41.7545822058,13.8840272943 41.7545822058,13.8840272943 41.7548599866,13.8843050744 41.7548599866,13.8843050744 41.7551377673,13.8848606347 41.7551377673,13.8848606347 41.7554155481,13.8851384148 41.7554155481,13.8851384148 41.7556933289,13.8856939751 41.7556933289,13.8856939751 41.7559711096,13.8862495354 41.7559711096,13.8862495354 41.7562488904,13.8873606559 41.7562488904,13.8873606559 41.7565266711,13.8893051169 41.7565266711,13.8893051169 41.7573600134,13.8890273368 41.7573600134,13.8890273368 41.7584711365,13.8893051169 41.7584711365,13.8893051169 41.7587489172,13.8895828971 41.7587489172,13.8895828971 41.759026698,13.8898606772 41.759026698,13.8898606772 41.7593044787,13.8901384573 41.7593044787,13.8901384573 41.7598600403,13.8904162375 41.7598600403,13.8904162375 41.7606933826,13.8901384573 41.7606933826,13.8901384573 41.7609711633,13.8898606772 41.7609711633,13.8898606772 41.7612489441,13.8895828971 41.7612489441,13.8895828971 41.7615267248,13.8901384573 41.7615267248,13.8901384573 41.7612489441,13.8912495779 41.7612489441,13.8912495779 41.7609711633,13.8923606985 41.7609711633,13.8923606985 41.7606933826,13.8929162587 41.7606933826,13.8929162587 41.7598600403,13.8931940389 41.7598600403,13.8931940389 41.759026698,13.893471819 41.759026698,13.893471819 41.7581933557,13.8937495991 41.7581933557,13.8937495991 41.7576377942,13.8931940389 41.7576377942,13.8931940389 41.7579155749,13.8929162587 41.7579155749,13.8929162587 41.7581933557,13.8926384786 41.7581933557,13.8926384786 41.7584711365,13.8923606985 41.7584711365,13.8923606985 41.7593044787,13.8918051382 41.7593044787,13.8918051382 41.759026698,13.8912495779 41.759026698,13.8912495779 41.7587489172,13.8909717978 41.7587489172,13.8909717978 41.7584711365,13.8904162375 41.7584711365,13.8904162375 41.7576377942,13.8906940176 41.7576377942,13.8906940176 41.7562488904,13.8909717978 41.7562488904,13.8909717978 41.7559711096,13.8906940176 41.7559711096,13.8906940176 41.7556933289,13.8890273368 41.7556933289,13.8890273368 41.7554155481,13.8879162162 41.7554155481,13.8879162162 41.7551377673,13.8873606559 41.7551377673,13.8873606559 41.7548599866,13.8870828758 41.7548599866,13.8870828758 41.7545822058,13.8868050957 41.7545822058,13.8868050957 41.7543044251,13.8865273155 41.7543044251,13.8865273155 41.7537488635,13.8884717765 41.7537488635,13.8884717765 41.7534710828,13.8890273368 41.7534710828,13.8890273368 41.753193302,13.8906940176 41.753193302,13.8906940176 41.7529155213,13.8909717978 41.7529155213,13.8909717978 41.7523599597,13.8912495779 41.7523599597,13.8912495779 41.752082179,13.8940273793 41.752082179,13.8940273793 41.7523599597,13.8948607197 41.7523599597,13.8948607197 41.752082179,13.8962496204 41.752082179,13.8962496204 41.7518043982,13.8965274005 41.7518043982,13.8965274005 41.7515266174,13.8968051807 41.7515266174,13.8968051807 41.7512488367,13.8970829608 41.7512488367,13.8970829608 41.7509710559,13.8976385211 41.7509710559,13.8976385211 41.7506932752,13.8981940814 41.7506932752,13.8981940814 41.7509710559,13.8993052019 41.7509710559,13.8993052019 41.7504154944,13.8995829821 41.7504154944,13.8995829821 41.7495821521,13.8993052019 41.7495821521,13.8993052019 41.7490265906,13.8990274218 41.7490265906,13.8990274218 41.7481932483,13.8987496417 41.7481932483,13.8987496417 41.747359906,13.8984718615 41.747359906,13.8984718615 41.7476376868,13.8981940814 41.7476376868,13.8981940814 41.7479154676,13.897360741 41.7479154676,13.897360741 41.7481932483,13.8965274005 41.7481932483,13.8965274005 41.7484710291,13.8945829396 41.7484710291,13.8945829396 41.7481932483,13.8943051594 41.7481932483,13.8943051594 41.7479154676,13.8940273793 41.7479154676,13.8940273793 41.7476376868,13.8937495991 41.7476376868,13.8937495991 41.747359906,13.893471819 41.747359906,13.893471819 41.7476376868,13.8931940389 41.7476376868,13.8931940389 41.747359906,13.8923606985 41.747359906,13.8923606985 41.7470821253,13.8920829183 41.7470821253,13.8920829183 41.7468043445,13.8918051382 41.7468043445,13.8918051382 41.7465265638,13.8909717978 41.7465265638,13.8909717978 41.746248783,13.8898606772 41.746248783,13.8898606772 41.7459710022,13.8893051169 41.7459710022,13.8893051169 41.74513766,13.8898606772 41.74513766,13.8898606772 41.7448598792,13.8904162375 41.7448598792,13.8904162375 41.7445820984,13.8909717978 41.7445820984,13.8909717978 41.7443043177,13.891527358 41.7443043177,13.891527358 41.7440265369,13.8918051382 41.7440265369,13.8918051382 41.7437487562,13.8920829183 41.7437487562,13.8920829183 41.7434709754,13.8923606985 41.7434709754,13.8923606985 41.7431931946,13.8926384786 41.7431931946,13.8926384786 41.7426376331,13.8923606985 41.7426376331,13.8923606985 41.7420820716,13.8920829183 41.7420820716,13.8920829183 41.7418042908,13.8923606985 41.7418042908,13.8923606985 41.7412487293,13.8920829183 41.7412487293,13.8920829183 41.7401376063,13.8912495779 41.7401376063,13.8912495779 41.740415387,13.8906940176 41.740415387,13.8906940176 41.7406931678,13.8887495566 41.7406931678,13.8887495566 41.740415387,13.8884717765 41.740415387,13.8884717765 41.7401376063,13.8881939964 41.7401376063,13.8881939964 41.7398598255,13.8884717765 41.7398598255,13.8884717765 41.7395820447,13.8895828971 41.7395820447,13.8895828971 41.739304264,13.8898606772 41.739304264,13.8898606772 41.7387487025,13.8901384573 41.7387487025,13.8901384573 41.7384709217,13.8904162375 41.7384709217,13.8904162375 41.7379153602,13.8906940176 41.7379153602,13.8906940176 41.7376375794,13.8904162375 41.7376375794,13.8904162375 41.7359708949,13.8890273368 41.7359708949,13.8890273368 41.7356931141,13.8879162162 41.7356931141,13.8879162162 41.7354153333,13.8873606559 41.7354153333,13.8873606559 41.7351375526,13.8856939751 41.7351375526,13.8856939751 41.7348597718,13.883471734 41.7348597718,13.883471734 41.7345819911,13.8820828333 41.7345819911,13.8820828333 41.7343042103,13.8818050531 41.7343042103,13.8818050531 41.7345819911,13.881527273 41.7345819911)),((13.9012496629 41.7506932752,13.9009718828 41.7506932752,13.9009718828 41.7509710559,13.9012496629 41.7509710559,13.9012496629 41.7506932752)),((13.8690271667 41.7679156823,13.8690271667 41.7676379016,13.8698605071 41.7676379016,13.8698605071 41.7673601208,13.8704160674 41.7673601208,13.8704160674 41.76708234,13.8709716277 41.76708234,13.8709716277 41.7668045593,13.8718049681 41.7668045593,13.8718049681 41.7665267785,13.8723605284 41.7665267785,13.8723605284 41.7662489978,13.8731938688 41.7662489978,13.8731938688 41.765971217,13.8737494291 41.765971217,13.8737494291 41.7656934362,13.8740272092 41.7656934362,13.8740272092 41.7651378747,13.8748605497 41.7651378747,13.8748605497 41.764860094,13.8756938901 41.764860094,13.8756938901 41.7645823132,13.8762494503 41.7645823132,13.8762494503 41.7643045324,13.8765272305 41.7643045324,13.8765272305 41.7640267517,13.8784716915 41.7640267517,13.8784716915 41.7643045324,13.879582812 41.7643045324,13.879582812 41.7640267517,13.8806939326 41.7640267517,13.8806939326 41.7637489709,13.8818050531 41.7637489709,13.8818050531 41.7634711902,13.8826383936 41.7634711902,13.8826383936 41.7631934094,13.8837495141 41.7631934094,13.8837495141 41.7629156286,13.8848606347 41.7629156286,13.8848606347 41.7626378479,13.8859717552 41.7626378479,13.8859717552 41.7623600671,13.8862495354 41.7623600671,13.8862495354 41.7620822864,13.8826383936 41.7620822864,13.8826383936 41.7623600671,13.8818050531 41.7623600671,13.8818050531 41.7626378479,13.8806939326 41.7626378479,13.8806939326 41.7629156286,13.879582812 41.7629156286,13.879582812 41.7631934094,13.8779161312 41.7631934094,13.8779161312 41.7629156286,13.8759716702 41.7629156286,13.8759716702 41.7631934094,13.8754161099 41.7631934094,13.8754161099 41.7634711902,13.8748605497 41.7634711902,13.8748605497 41.7637489709,13.8737494291 41.7637489709,13.8737494291 41.7640267517,13.8729160887 41.7640267517,13.8729160887 41.7643045324,13.8726383085 41.7643045324,13.8726383085 41.764860094,13.8723605284 41.764860094,13.8723605284 41.7651378747,13.8720827483 41.7651378747,13.8720827483 41.7654156555,13.8718049681 41.7654156555,13.8718049681 41.7656934362,13.871527188 41.7656934362,13.871527188 41.765971217,13.8712494078 41.765971217,13.8712494078 41.7662489978,13.8709716277 41.7662489978,13.8709716277 41.7665267785,13.8706938476 41.7665267785,13.8706938476 41.7668045593,13.869582727 41.7668045593,13.869582727 41.76708234,13.8684716064 41.76708234,13.8684716064 41.7673601208,13.8681938263 41.7673601208,13.8681938263 41.7676379016,13.867638266 41.7676379016,13.867638266 41.7681934631,13.8684716064 41.7681934631,13.8684716064 41.7679156823,13.8690271667 41.7679156823)),((13.867638266 41.7684712438,13.867638266 41.7681934631,13.8673604859 41.7681934631,13.8673604859 41.7684712438,13.867638266 41.7684712438)))"
203,"pnalm_scarab_000203","Acrossus luridus (Fabricius, 1775) (= Aphodius luridus (Fabricius, 1775))","NULL","species","NULL","NULL","NULL","Scarabaeoidea","Coleoptera","NULL","NULL","Acrossus","luridus","NULL","Italy","IT","NULL","NULL","NULL","Val Fondillo","Val Fondillo",1600,"1600.0","","NULL","NULL",,,"NULL","NULL","NULL","NULL","NULL","NULL","22859","1962","8","1","Giovanni Papini","NULL","NULL","PreservedSpecimen","NULL","CGP-PNALM","NULL","NULL","NULL","NULL","NULL","(Papini 1962a)","NULL","field_survey","NULL","CC BY 4.0","needs_review","NULL","NULL","NULL",4,"PNALM","Scarabaeoidea","",,13.881805053143,41.7520821789709,2180,"MULTIPOLYGON(((13.8826383936 41.7337486488,13.8823606134 41.7337486488,13.8823606134 41.7340264295,13.8826383936 41.7340264295,13.8826383936 41.7337486488)),((13.8820828333 41.7340264295,13.8820828333 41.7343042103,13.8823606134 41.7343042103,13.8823606134 41.7340264295,13.8820828333 41.7340264295)),((13.881527273 41.7345819911,13.881527273 41.7348597718,13.8812494929 41.7348597718,13.8812494929 41.7351375526,13.8809717127 41.7351375526,13.8809717127 41.7354153333,13.8806939326 41.7354153333,13.8806939326 41.7356931141,13.8804161524 41.7356931141,13.8804161524 41.7359708949,13.8820828333 41.7359708949,13.8820828333 41.7362486756,13.8840272943 41.7362486756,13.8840272943 41.7365264564,13.8848606347 41.7365264564,13.8848606347 41.7368042371,13.885416195 41.7368042371,13.885416195 41.7370820179,13.8859717552 41.7370820179,13.8859717552 41.7373597987,13.8879162162 41.7373597987,13.8879162162 41.7381931409,13.8873606559 41.7381931409,13.8873606559 41.7384709217,13.8870828758 41.7384709217,13.8870828758 41.7387487025,13.8868050957 41.7387487025,13.8868050957 41.7390264832,13.8865273155 41.7390264832,13.8865273155 41.7395820447,13.8862495354 41.7395820447,13.8862495354 41.7398598255,13.8859717552 41.7398598255,13.8859717552 41.7406931678,13.8856939751 41.7406931678,13.8856939751 41.7412487293,13.8851384148 41.7412487293,13.8851384148 41.7415265101,13.8848606347 41.7415265101,13.8848606347 41.7418042908,13.8845828545 41.7418042908,13.8845828545 41.7423598523,13.8848606347 41.7423598523,13.8848606347 41.7429154139,13.885416195 41.7429154139,13.885416195 41.7431931946,13.8868050957 41.7431931946,13.8868050957 41.7429154139,13.8870828758 41.7429154139,13.8870828758 41.7426376331,13.8898606772 41.7426376331,13.8898606772 41.7429154139,13.8890273368 41.7429154139,13.8890273368 41.7431931946,13.8884717765 41.7431931946,13.8884717765 41.7434709754,13.8881939964 41.7434709754,13.8881939964 41.7437487562,13.8876384361 41.7437487562,13.8876384361 41.7443043177,13.8873606559 41.7443043177,13.8873606559 41.7445820984,13.8870828758 41.7445820984,13.8870828758 41.7459710022,13.8873606559 41.7459710022,13.8873606559 41.746248783,13.8879162162 41.746248783,13.8879162162 41.7465265638,13.8884717765 41.7465265638,13.8884717765 41.7468043445,13.8890273368 41.7468043445,13.8890273368 41.7470821253,13.8893051169 41.7470821253,13.8893051169 41.7476376868,13.8909717978 41.7476376868,13.8909717978 41.7481932483,13.8912495779 41.7481932483,13.8912495779 41.7484710291,13.891527358 41.7484710291,13.891527358 41.7487488098,13.8929162587 41.7487488098,13.8929162587 41.7490265906,13.8937495991 41.7490265906,13.8937495991 41.7493043714,13.8943051594 41.7493043714,13.8943051594 41.7495821521,13.8956940601 41.7495821521,13.8956940601 41.7498599329,13.8962496204 41.7498599329,13.8962496204 41.7501377136,13.89541628 41.7501377136,13.89541628 41.7504154944,13.8948607197 41.7504154944,13.8948607197 41.7506932752,13.8945829396 41.7506932752,13.8945829396 41.7509710559,13.8937495991 41.7509710559,13.8937495991 41.7506932752,13.893471819 41.7506932752,13.893471819 41.7509710559,13.8909717978 41.7509710559,13.8909717978 41.7512488367,13.8904162375 41.7512488367,13.8904162375 41.7515266174,13.8901384573 41.7515266174,13.8901384573 41.7518043982,13.8884717765 41.7518043982,13.8884717765 41.752082179,13.8881939964 41.752082179,13.8881939964 41.7523599597,13.8876384361 41.7523599597,13.8876384361 41.7526377405,13.8856939751 41.7526377405,13.8856939751 41.7523599597,13.8851384148 41.7523599597,13.8851384148 41.752082179,13.8845828545 41.752082179,13.8845828545 41.7518043982,13.8840272943 41.7518043982,13.8840272943 41.7515266174,13.8837495141 41.7515266174,13.8837495141 41.7512488367,13.8829161737 41.7512488367,13.8829161737 41.7515266174,13.8823606134 41.7515266174,13.8823606134 41.7518043982,13.8820828333 41.7518043982,13.8820828333 41.752082179,13.8818050531 41.752082179,13.8818050531 41.7523599597,13.8820828333 41.7523599597,13.8820828333 41.7529155213,13.8823606134 41.7529155213,13.8823606134 41.753193302,13.8826383936 41.753193302,13.8826383936 41.7534710828,13.8829161737 41.7534710828,13.8829161737 41.7537488635,13.8831939538 41.7537488635,13.8831939538 41.7543044251,13.8837495141 41.7543044251,13.8837495141 41.7545822058,13.8840272943 41.7545822058,13.8840272943 41.7548599866,13.8843050744 41.7548599866,13.8843050744 41.7551377673,13.8848606347 41.7551377673,13.8848606347 41.7554155481,13.8851384148 41.7554155481,13.8851384148 41.7556933289,13.8856939751 41.7556933289,13.8856939751 41.7559711096,13.8862495354 41.7559711096,13.8862495354 41.7562488904,13.8873606559 41.7562488904,13.8873606559 41.7565266711,13.8893051169 41.7565266711,13.8893051169 41.7573600134,13.8890273368 41.7573600134,13.8890273368 41.7584711365,13.8893051169 41.7584711365,13.8893051169 41.7587489172,13.8895828971 41.7587489172,13.8895828971 41.759026698,13.8898606772 41.759026698,13.8898606772 41.7593044787,13.8901384573 41.7593044787,13.8901384573 41.7598600403,13.8904162375 41.7598600403,13.8904162375 41.7606933826,13.8901384573 41.7606933826,13.8901384573 41.7609711633,13.8898606772 41.7609711633,13.8898606772 41.7612489441,13.8895828971 41.7612489441,13.8895828971 41.7615267248,13.8901384573 41.7615267248,13.8901384573 41.7612489441,13.8912495779 41.7612489441,13.8912495779 41.7609711633,13.8923606985 41.7609711633,13.8923606985 41.7606933826,13.8929162587 41.7606933826,13.8929162587 41.7598600403,13.8931940389 41.7598600403,13.8931940389 41.759026698,13.893471819 41.759026698,13.893471819 41.7581933557,13.8937495991 41.7581933557,13.8937495991 41.7576377942,13.8931940389 41.7576377942,13.8931940389 41.7579155749,13.8929162587 41.7579155749,13.8929162587 41.7581933557,13.8926384786 41.7581933557,13.8926384786 41.7584711365,13.8923606985 41.7584711365,13.8923606985 41.7593044787,13.8918051382 41.7593044787,13.8918051382 41.759026698,13.8912495779 41.759026698,13.8912495779 41.7587489172,13.8909717978 41.7587489172,13.8909717978 41.7584711365,13.8904162375 41.7584711365,13.8904162375 41.7576377942,13.8906940176 41.7576377942,13.8906940176 41.7562488904,13.8909717978 41.7562488904,13.8909717978 41.7559711096,13.8906940176 41.7559711096,13.8906940176 41.7556933289,13.8890273368 41.7556933289,13.8890273368 41.7554155481,13.8879162162 41.7554155481,13.8879162162 41.7551377673,13.8873606559 41.7551377673,13.8873606559 41.7548599866,13.8870828758 41.7548599866,13.8870828758 41.7545822058,13.8868050957 41.7545822058,13.8868050957 41.7543044251,13.8865273155 41.7543044251,13.8865273155 41.7537488635,13.8884717765 41.7537488635,13.8884717765 41.7534710828,13.8890273368 41.7534710828,13.8890273368 41.753193302,13.8906940176 41.753193302,13.8906940176 41.7529155213,13.8909717978 41.7529155213,13.8909717978 41.7523599597,13.8912495779 41.7523599597,13.8912495779 41.752082179,13.8940273793 41.752082179,13.8940273793 41.7523599597,13.8948607197 41.7523599597,13.8948607197 41.752082179,13.8962496204 41.752082179,13.8962496204 41.7518043982,13.8965274005 41.7518043982,13.8965274005 41.7515266174,13.8968051807 41.7515266174,13.8968051807 41.7512488367,13.8970829608 41.7512488367,13.8970829608 41.7509710559,13.8976385211 41.7509710559,13.8976385211 41.7506932752,13.8981940814 41.7506932752,13.8981940814 41.7509710559,13.8993052019 41.7509710559,13.8993052019 41.7504154944,13.8995829821 41.7504154944,13.8995829821 41.7495821521,13.8993052019 41.7495821521,13.8993052019 41.7490265906,13.8990274218 41.7490265906,13.8990274218 41.7481932483,13.8987496417 41.7481932483,13.8987496417 41.747359906,13.8984718615 41.747359906,13.8984718615 41.7476376868,13.8981940814 41.7476376868,13.8981940814 41.7479154676,13.897360741 41.7479154676,13.897360741 41.7481932483,13.8965274005 41.7481932483,13.8965274005 41.7484710291,13.8945829396 41.7484710291,13.8945829396 41.7481932483,13.8943051594 41.7481932483,13.8943051594 41.7479154676,13.8940273793 41.7479154676,13.8940273793 41.7476376868,13.8937495991 41.7476376868,13.8937495991 41.747359906,13.893471819 41.747359906,13.893471819 41.7476376868,13.8931940389 41.7476376868,13.8931940389 41.747359906,13.8923606985 41.747359906,13.8923606985 41.7470821253,13.8920829183 41.7470821253,13.8920829183 41.7468043445,13.8918051382 41.7468043445,13.8918051382 41.7465265638,13.8909717978 41.7465265638,13.8909717978 41.746248783,13.8898606772 41.746248783,13.8898606772 41.7459710022,13.8893051169 41.7459710022,13.8893051169 41.74513766,13.8898606772 41.74513766,13.8898606772 41.7448598792,13.8904162375 41.7448598792,13.8904162375 41.7445820984,13.8909717978 41.7445820984,13.8909717978 41.7443043177,13.891527358 41.7443043177,13.891527358 41.7440265369,13.8918051382 41.7440265369,13.8918051382 41.7437487562,13.8920829183 41.7437487562,13.8920829183 41.7434709754,13.8923606985 41.7434709754,13.8923606985 41.7431931946,13.8926384786 41.7431931946,13.8926384786 41.7426376331,13.8923606985 41.7426376331,13.8923606985 41.7420820716,13.8920829183 41.7420820716,13.8920829183 41.7418042908,13.8923606985 41.7418042908,13.8923606985 41.7412487293,13.8920829183 41.7412487293,13.8920829183 41.7401376063,13.8912495779 41.7401376063,13.8912495779 41.740415387,13.8906940176 41.740415387,13.8906940176 41.7406931678,13.8887495566 41.7406931678,13.8887495566 41.740415387,13.8884717765 41.740415387,13.8884717765 41.7401376063,13.8881939964 41.7401376063,13.8881939964 41.7398598255,13.8884717765 41.7398598255,13.8884717765 41.7395820447,13.8895828971 41.7395820447,13.8895828971 41.739304264,13.8898606772 41.739304264,13.8898606772 41.7387487025,13.8901384573 41.7387487025,13.8901384573 41.7384709217,13.8904162375 41.7384709217,13.8904162375 41.7379153602,13.8906940176 41.7379153602,13.8906940176 41.7376375794,13.8904162375 41.7376375794,13.8904162375 41.7359708949,13.8890273368 41.7359708949,13.8890273368 41.7356931141,13.8879162162 41.7356931141,13.8879162162 41.7354153333,13.8873606559 41.7354153333,13.8873606559 41.7351375526,13.8856939751 41.7351375526,13.8856939751 41.7348597718,13.883471734 41.7348597718,13.883471734 41.7345819911,13.8820828333 41.7345819911,13.8820828333 41.7343042103,13.8818050531 41.7343042103,13.8818050531 41.7345819911,13.881527273 41.7345819911)),((13.9012496629 41.7506932752,13.9009718828 41.7506932752,13.9009718828 41.7509710559,13.9012496629 41.7509710559,13.9012496629 41.7506932752)),((13.8690271667 41.7679156823,13.8690271667 41.7676379016,13.8698605071 41.7676379016,13.8698605071 41.7673601208,13.8704160674 41.7673601208,13.8704160674 41.76708234,13.8709716277 41.76708234,13.8709716277 41.7668045593,13.8718049681 41.7668045593,13.8718049681 41.7665267785,13.8723605284 41.7665267785,13.8723605284 41.7662489978,13.8731938688 41.7662489978,13.8731938688 41.765971217,13.8737494291 41.765971217,13.8737494291 41.7656934362,13.8740272092 41.7656934362,13.8740272092 41.7651378747,13.8748605497 41.7651378747,13.8748605497 41.764860094,13.8756938901 41.764860094,13.8756938901 41.7645823132,13.8762494503 41.7645823132,13.8762494503 41.7643045324,13.8765272305 41.7643045324,13.8765272305 41.7640267517,13.8784716915 41.7640267517,13.8784716915 41.7643045324,13.879582812 41.7643045324,13.879582812 41.7640267517,13.8806939326 41.7640267517,13.8806939326 41.7637489709,13.8818050531 41.7637489709,13.8818050531 41.7634711902,13.8826383936 41.7634711902,13.8826383936 41.7631934094,13.8837495141 41.7631934094,13.8837495141 41.7629156286,13.8848606347 41.7629156286,13.8848606347 41.7626378479,13.8859717552 41.7626378479,13.8859717552 41.7623600671,13.8862495354 41.7623600671,13.8862495354 41.7620822864,13.8826383936 41.7620822864,13.8826383936 41.7623600671,13.8818050531 41.7623600671,13.8818050531 41.7626378479,13.8806939326 41.7626378479,13.8806939326 41.7629156286,13.879582812 41.7629156286,13.879582812 41.7631934094,13.8779161312 41.7631934094,13.8779161312 41.7629156286,13.8759716702 41.7629156286,13.8759716702 41.7631934094,13.8754161099 41.7631934094,13.8754161099 41.7634711902,13.8748605497 41.7634711902,13.8748605497 41.7637489709,13.8737494291 41.7637489709,13.8737494291 41.7640267517,13.8729160887 41.7640267517,13.8729160887 41.7643045324,13.8726383085 41.7643045324,13.8726383085 41.764860094,13.8723605284 41.764860094,13.8723605284 41.7651378747,13.8720827483 41.7651378747,13.8720827483 41.7654156555,13.8718049681 41.7654156555,13.8718049681 41.7656934362,13.871527188 41.7656934362,13.871527188 41.765971217,13.8712494078 41.765971217,13.8712494078 41.7662489978,13.8709716277 41.7662489978,13.8709716277 41.7665267785,13.8706938476 41.7665267785,13.8706938476 41.7668045593,13.869582727 41.7668045593,13.869582727 41.76708234,13.8684716064 41.76708234,13.8684716064 41.7673601208,13.8681938263 41.7673601208,13.8681938263 41.7676379016,13.867638266 41.7676379016,13.867638266 41.7681934631,13.8684716064 41.7681934631,13.8684716064 41.7679156823,13.8690271667 41.7679156823)),((13.867638266 41.7684712438,13.867638266 41.7681934631,13.8673604859 41.7681934631,13.8673604859 41.7684712438,13.867638266 41.7684712438)))"
208,"pnalm_scarab_000208","Acrossus luridus (Fabricius, 1775) (= Aphodius luridus (Fabricius, 1775))","NULL","species","NULL","NULL","NULL","Scarabaeoidea","Coleoptera","NULL","NULL","Acrossus","luridus","NULL","Italy","IT","NULL","NULL","NULL","Val Fondillo","Val Fondillo",,"NULL","NULL","NULL","NULL",,,"NULL","NULL","NULL","NULL","NULL","NULL","25018","1968","6","29","Giovanni Papini","NULL","NULL","PreservedSpecimen","NULL","CGP-PNALM","NULL","NULL","NULL","NULL","NULL","NULL","NULL","field_survey","NULL","CC BY 4.0","needs_review","NULL","NULL","NULL",1,"PNALM","Scarabaeoidea","",,13.8704742473229,41.7555553357692,3046,"MULTIPOLYGON(((13.857310829 41.7797921313,13.8517961231 41.7791618792,13.8493276357 41.7727017952,13.8479620895 41.7678698624,13.8500629298 41.7630379297,13.8519536861 41.7569454927,13.8566805769 41.752743812,13.8625629298 41.7498026355,13.8705461231 41.7474917112,13.8765335181 41.7406639801,13.8781091483 41.7382480137,13.882310829 41.733941291,13.8871427618 41.7317354086,13.8891385601 41.7319454927,13.8924999046 41.7356219633,13.8985923416 41.7441303666,13.9034242744 41.7444454927,13.9031091483 41.7484370893,13.8959662912 41.7575757448,13.8937604088 41.7577858288,13.8928150307 41.7607270053,13.8749578878 41.765348854,13.8640335181 41.7698656607,13.8604095685 41.7752228036,13.85736335 41.7796870893,13.857310829 41.7797921313)))"
209,"pnalm_scarab_000209","Acrossus luridus (Fabricius, 1775) (= Aphodius luridus (Fabricius, 1775))","NULL","species","NULL","NULL","NULL","Scarabaeoidea","Coleoptera","NULL","NULL","Acrossus","luridus","NULL","Italy","IT","NULL","NULL","NULL","Val Fondillo","Val Fondillo",1600,"1600.0","NULL","NULL","NULL",,,"NULL","NULL","NULL","NULL","NULL","NULL","1991","1991","NULL","NULL","NULL","NULL","NULL","HumanObservation","NULL","NULL","NULL","NULL","NULL","NULL","NULL","(Carpaneto et al. 2005)","NULL","literature","NULL","NULL","needs_review","NULL","NULL","NULL",4,"PNALM","Scarabaeoidea","",,13.881805053143,41.7520821789709,2180,"MULTIPOLYGON(((13.8826383936 41.7337486488,13.8823606134 41.7337486488,13.8823606134 41.7340264295,13.8826383936 41.7340264295,13.8826383936 41.7337486488)),((13.8820828333 41.7340264295,13.8820828333 41.7343042103,13.8823606134 41.7343042103,13.8823606134 41.7340264295,13.8820828333 41.7340264295)),((13.881527273 41.7345819911,13.881527273 41.7348597718,13.8812494929 41.7348597718,13.8812494929 41.7351375526,13.8809717127 41.7351375526,13.8809717127 41.7354153333,13.8806939326 41.7354153333,13.8806939326 41.7356931141,13.8804161524 41.7356931141,13.8804161524 41.7359708949,13.8820828333 41.7359708949,13.8820828333 41.7362486756,13.8840272943 41.7362486756,13.8840272943 41.7365264564,13.8848606347 41.7365264564,13.8848606347 41.7368042371,13.885416195 41.7368042371,13.885416195 41.7370820179,13.8859717552 41.7370820179,13.8859717552 41.7373597987,13.8879162162 41.7373597987,13.8879162162 41.7381931409,13.8873606559 41.7381931409,13.8873606559 41.7384709217,13.8870828758 41.7384709217,13.8870828758 41.7387487025,13.8868050957 41.7387487025,13.8868050957 41.7390264832,13.8865273155 41.7390264832,13.8865273155 41.7395820447,13.8862495354 41.7395820447,13.8862495354 41.7398598255,13.8859717552 41.7398598255,13.8859717552 41.7406931678,13.8856939751 41.7406931678,13.8856939751 41.7412487293,13.8851384148 41.7412487293,13.8851384148 41.7415265101,13.8848606347 41.7415265101,13.8848606347 41.7418042908,13.8845828545 41.7418042908,13.8845828545 41.7423598523,13.8848606347 41.7423598523,13.8848606347 41.7429154139,13.885416195 41.7429154139,13.885416195 41.7431931946,13.8868050957 41.7431931946,13.8868050957 41.7429154139,13.8870828758 41.7429154139,13.8870828758 41.7426376331,13.8898606772 41.7426376331,13.8898606772 41.7429154139,13.8890273368 41.7429154139,13.8890273368 41.7431931946,13.8884717765 41.7431931946,13.8884717765 41.7434709754,13.8881939964 41.7434709754,13.8881939964 41.7437487562,13.8876384361 41.7437487562,13.8876384361 41.7443043177,13.8873606559 41.7443043177,13.8873606559 41.7445820984,13.8870828758 41.7445820984,13.8870828758 41.7459710022,13.8873606559 41.7459710022,13.8873606559 41.746248783,13.8879162162 41.746248783,13.8879162162 41.7465265638,13.8884717765 41.7465265638,13.8884717765 41.7468043445,13.8890273368 41.7468043445,13.8890273368 41.7470821253,13.8893051169 41.7470821253,13.8893051169 41.7476376868,13.8909717978 41.7476376868,13.8909717978 41.7481932483,13.8912495779 41.7481932483,13.8912495779 41.7484710291,13.891527358 41.7484710291,13.891527358 41.7487488098,13.8929162587 41.7487488098,13.8929162587 41.7490265906,13.8937495991 41.7490265906,13.8937495991 41.7493043714,13.8943051594 41.7493043714,13.8943051594 41.7495821521,13.8956940601 41.7495821521,13.8956940601 41.7498599329,13.8962496204 41.7498599329,13.8962496204 41.7501377136,13.89541628 41.7501377136,13.89541628 41.7504154944,13.8948607197 41.7504154944,13.8948607197 41.7506932752,13.8945829396 41.7506932752,13.8945829396 41.7509710559,13.8937495991 41.7509710559,13.8937495991 41.7506932752,13.893471819 41.7506932752,13.893471819 41.7509710559,13.8909717978 41.7509710559,13.8909717978 41.7512488367,13.8904162375 41.7512488367,13.8904162375 41.7515266174,13.8901384573 41.7515266174,13.8901384573 41.7518043982,13.8884717765 41.7518043982,13.8884717765 41.752082179,13.8881939964 41.752082179,13.8881939964 41.7523599597,13.8876384361 41.7523599597,13.8876384361 41.7526377405,13.8856939751 41.7526377405,13.8856939751 41.7523599597,13.8851384148 41.7523599597,13.8851384148 41.752082179,13.8845828545 41.752082179,13.8845828545 41.7518043982,13.8840272943 41.7518043982,13.8840272943 41.7515266174,13.8837495141 41.7515266174,13.8837495141 41.7512488367,13.8829161737 41.7512488367,13.8829161737 41.7515266174,13.8823606134 41.7515266174,13.8823606134 41.7518043982,13.8820828333 41.7518043982,13.8820828333 41.752082179,13.8818050531 41.752082179,13.8818050531 41.7523599597,13.8820828333 41.7523599597,13.8820828333 41.7529155213,13.8823606134 41.7529155213,13.8823606134 41.753193302,13.8826383936 41.753193302,13.8826383936 41.7534710828,13.8829161737 41.7534710828,13.8829161737 41.7537488635,13.8831939538 41.7537488635,13.8831939538 41.7543044251,13.8837495141 41.7543044251,13.8837495141 41.7545822058,13.8840272943 41.7545822058,13.8840272943 41.7548599866,13.8843050744 41.7548599866,13.8843050744 41.7551377673,13.8848606347 41.7551377673,13.8848606347 41.7554155481,13.8851384148 41.7554155481,13.8851384148 41.7556933289,13.8856939751 41.7556933289,13.8856939751 41.7559711096,13.8862495354 41.7559711096,13.8862495354 41.7562488904,13.8873606559 41.7562488904,13.8873606559 41.7565266711,13.8893051169 41.7565266711,13.8893051169 41.7573600134,13.8890273368 41.7573600134,13.8890273368 41.7584711365,13.8893051169 41.7584711365,13.8893051169 41.7587489172,13.8895828971 41.7587489172,13.8895828971 41.759026698,13.8898606772 41.759026698,13.8898606772 41.7593044787,13.8901384573 41.7593044787,13.8901384573 41.7598600403,13.8904162375 41.7598600403,13.8904162375 41.7606933826,13.8901384573 41.7606933826,13.8901384573 41.7609711633,13.8898606772 41.7609711633,13.8898606772 41.7612489441,13.8895828971 41.7612489441,13.8895828971 41.7615267248,13.8901384573 41.7615267248,13.8901384573 41.7612489441,13.8912495779 41.7612489441,13.8912495779 41.7609711633,13.8923606985 41.7609711633,13.8923606985 41.7606933826,13.8929162587 41.7606933826,13.8929162587 41.7598600403,13.8931940389 41.7598600403,13.8931940389 41.759026698,13.893471819 41.759026698,13.893471819 41.7581933557,13.8937495991 41.7581933557,13.8937495991 41.7576377942,13.8931940389 41.7576377942,13.8931940389 41.7579155749,13.8929162587 41.7579155749,13.8929162587 41.7581933557,13.8926384786 41.7581933557,13.8926384786 41.7584711365,13.8923606985 41.7584711365,13.8923606985 41.7593044787,13.8918051382 41.7593044787,13.8918051382 41.759026698,13.8912495779 41.759026698,13.8912495779 41.7587489172,13.8909717978 41.7587489172,13.8909717978 41.7584711365,13.8904162375 41.7584711365,13.8904162375 41.7576377942,13.8906940176 41.7576377942,13.8906940176 41.7562488904,13.8909717978 41.7562488904,13.8909717978 41.7559711096,13.8906940176 41.7559711096,13.8906940176 41.7556933289,13.8890273368 41.7556933289,13.8890273368 41.7554155481,13.8879162162 41.7554155481,13.8879162162 41.7551377673,13.8873606559 41.7551377673,13.8873606559 41.7548599866,13.8870828758 41.7548599866,13.8870828758 41.7545822058,13.8868050957 41.7545822058,13.8868050957 41.7543044251,13.8865273155 41.7543044251,13.8865273155 41.7537488635,13.8884717765 41.7537488635,13.8884717765 41.7534710828,13.8890273368 41.7534710828,13.8890273368 41.753193302,13.8906940176 41.753193302,13.8906940176 41.7529155213,13.8909717978 41.7529155213,13.8909717978 41.7523599597,13.8912495779 41.7523599597,13.8912495779 41.752082179,13.8940273793 41.752082179,13.8940273793 41.7523599597,13.8948607197 41.7523599597,13.8948607197 41.752082179,13.8962496204 41.752082179,13.8962496204 41.7518043982,13.8965274005 41.7518043982,13.8965274005 41.7515266174,13.8968051807 41.7515266174,13.8968051807 41.7512488367,13.8970829608 41.7512488367,13.8970829608 41.7509710559,13.8976385211 41.7509710559,13.8976385211 41.7506932752,13.8981940814 41.7506932752,13.8981940814 41.7509710559,13.8993052019 41.7509710559,13.8993052019 41.7504154944,13.8995829821 41.7504154944,13.8995829821 41.7495821521,13.8993052019 41.7495821521,13.8993052019 41.7490265906,13.8990274218 41.7490265906,13.8990274218 41.7481932483,13.8987496417 41.7481932483,13.8987496417 41.747359906,13.8984718615 41.747359906,13.8984718615 41.7476376868,13.8981940814 41.7476376868,13.8981940814 41.7479154676,13.897360741 41.7479154676,13.897360741 41.7481932483,13.8965274005 41.7481932483,13.8965274005 41.7484710291,13.8945829396 41.7484710291,13.8945829396 41.7481932483,13.8943051594 41.7481932483,13.8943051594 41.7479154676,13.8940273793 41.7479154676,13.8940273793 41.7476376868,13.8937495991 41.7476376868,13.8937495991 41.747359906,13.893471819 41.747359906,13.893471819 41.7476376868,13.8931940389 41.7476376868,13.8931940389 41.747359906,13.8923606985 41.747359906,13.8923606985 41.7470821253,13.8920829183 41.7470821253,13.8920829183 41.7468043445,13.8918051382 41.7468043445,13.8918051382 41.7465265638,13.8909717978 41.7465265638,13.8909717978 41.746248783,13.8898606772 41.746248783,13.8898606772 41.7459710022,13.8893051169 41.7459710022,13.8893051169 41.74513766,13.8898606772 41.74513766,13.8898606772 41.7448598792,13.8904162375 41.7448598792,13.8904162375 41.7445820984,13.8909717978 41.7445820984,13.8909717978 41.7443043177,13.891527358 41.7443043177,13.891527358 41.7440265369,13.8918051382 41.7440265369,13.8918051382 41.7437487562,13.8920829183 41.7437487562,13.8920829183 41.7434709754,13.8923606985 41.7434709754,13.8923606985 41.7431931946,13.8926384786 41.7431931946,13.8926384786 41.7426376331,13.8923606985 41.7426376331,13.8923606985 41.7420820716,13.8920829183 41.7420820716,13.8920829183 41.7418042908,13.8923606985 41.7418042908,13.8923606985 41.7412487293,13.8920829183 41.7412487293,13.8920829183 41.7401376063,13.8912495779 41.7401376063,13.8912495779 41.740415387,13.8906940176 41.740415387,13.8906940176 41.7406931678,13.8887495566 41.7406931678,13.8887495566 41.740415387,13.8884717765 41.740415387,13.8884717765 41.7401376063,13.8881939964 41.7401376063,13.8881939964 41.7398598255,13.8884717765 41.7398598255,13.8884717765 41.7395820447,13.8895828971 41.7395820447,13.8895828971 41.739304264,13.8898606772 41.739304264,13.8898606772 41.7387487025,13.8901384573 41.7387487025,13.8901384573 41.7384709217,13.8904162375 41.7384709217,13.8904162375 41.7379153602,13.8906940176 41.7379153602,13.8906940176 41.7376375794,13.8904162375 41.7376375794,13.8904162375 41.7359708949,13.8890273368 41.7359708949,13.8890273368 41.7356931141,13.8879162162 41.7356931141,13.8879162162 41.7354153333,13.8873606559 41.7354153333,13.8873606559 41.7351375526,13.8856939751 41.7351375526,13.8856939751 41.7348597718,13.883471734 41.7348597718,13.883471734 41.7345819911,13.8820828333 41.7345819911,13.8820828333 41.7343042103,13.8818050531 41.7343042103,13.8818050531 41.7345819911,13.881527273 41.7345819911)),((13.9012496629 41.7506932752,13.9009718828 41.7506932752,13.9009718828 41.7509710559,13.9012496629 41.7509710559,13.9012496629 41.7506932752)),((13.8690271667 41.7679156823,13.8690271667 41.7676379016,13.8698605071 41.7676379016,13.8698605071 41.7673601208,13.8704160674 41.7673601208,13.8704160674 41.76708234,13.8709716277 41.76708234,13.8709716277 41.7668045593,13.8718049681 41.7668045593,13.8718049681 41.7665267785,13.8723605284 41.7665267785,13.8723605284 41.7662489978,13.8731938688 41.7662489978,13.8731938688 41.765971217,13.8737494291 41.765971217,13.8737494291 41.7656934362,13.8740272092 41.7656934362,13.8740272092 41.7651378747,13.8748605497 41.7651378747,13.8748605497 41.764860094,13.8756938901 41.764860094,13.8756938901 41.7645823132,13.8762494503 41.7645823132,13.8762494503 41.7643045324,13.8765272305 41.7643045324,13.8765272305 41.7640267517,13.8784716915 41.7640267517,13.8784716915 41.7643045324,13.879582812 41.7643045324,13.879582812 41.7640267517,13.8806939326 41.7640267517,13.8806939326 41.7637489709,13.8818050531 41.7637489709,13.8818050531 41.7634711902,13.8826383936 41.7634711902,13.8826383936 41.7631934094,13.8837495141 41.7631934094,13.8837495141 41.7629156286,13.8848606347 41.7629156286,13.8848606347 41.7626378479,13.8859717552 41.7626378479,13.8859717552 41.7623600671,13.8862495354 41.7623600671,13.8862495354 41.7620822864,13.8826383936 41.7620822864,13.8826383936 41.7623600671,13.8818050531 41.7623600671,13.8818050531 41.7626378479,13.8806939326 41.7626378479,13.8806939326 41.7629156286,13.879582812 41.7629156286,13.879582812 41.7631934094,13.8779161312 41.7631934094,13.8779161312 41.7629156286,13.8759716702 41.7629156286,13.8759716702 41.7631934094,13.8754161099 41.7631934094,13.8754161099 41.7634711902,13.8748605497 41.7634711902,13.8748605497 41.7637489709,13.8737494291 41.7637489709,13.8737494291 41.7640267517,13.8729160887 41.7640267517,13.8729160887 41.7643045324,13.8726383085 41.7643045324,13.8726383085 41.764860094,13.8723605284 41.764860094,13.8723605284 41.7651378747,13.8720827483 41.7651378747,13.8720827483 41.7654156555,13.8718049681 41.7654156555,13.8718049681 41.7656934362,13.871527188 41.7656934362,13.871527188 41.765971217,13.8712494078 41.765971217,13.8712494078 41.7662489978,13.8709716277 41.7662489978,13.8709716277 41.7665267785,13.8706938476 41.7665267785,13.8706938476 41.7668045593,13.869582727 41.7668045593,13.869582727 41.76708234,13.8684716064 41.76708234,13.8684716064 41.7673601208,13.8681938263 41.7673601208,13.8681938263 41.7676379016,13.867638266 41.7676379016,13.867638266 41.7681934631,13.8684716064 41.7681934631,13.8684716064 41.7679156823,13.8690271667 41.7679156823)),((13.867638266 41.7684712438,13.867638266 41.7681934631,13.8673604859 41.7681934631,13.8673604859 41.7684712438,13.867638266 41.7684712438)))"
243,"pnalm_scarab_000243","Agrilinus convexus (Erichson, 1848) (=Aphodius ater convexus Erichson, 1848)","=Aphodius ater convexus Erichson, 1848","species","NULL","NULL","NULL","Scarabaeoidea","Coleoptera","NULL","NULL","Agrilinus","convexus","NULL","Italy","IT","NULL","NULL","NULL","Val Fondillo","Val Fondillo",1600,"1600.0","","NULL","NULL",,,"NULL","NULL","NULL","NULL","NULL","NULL","1981","1981","NULL","NULL","G M. Carpaneto, Massimo Fabbri","NULL","NULL","PreservedSpecimen","NULL","CGC-MZUR","NULL","NULL","NULL","NULL","NULL","(Carpaneto "," Fabbri 1984)","NULL","field_survey","NULL","CC BY 4.0","needs_review","NULL","NULL",4,"NULL","PNALM","Scarabaeoidea",,13.881805053143,41.7520821789709,2180,"MULTIPOLYGON(((13.8826383936 41.7337486488,13.8823606134 41.7337486488,13.8823606134 41.7340264295,13.8826383936 41.7340264295,13.8826383936 41.7337486488)),((13.8820828333 41.7340264295,13.8820828333 41.7343042103,13.8823606134 41.7343042103,13.8823606134 41.7340264295,13.8820828333 41.7340264295)),((13.881527273 41.7345819911,13.881527273 41.7348597718,13.8812494929 41.7348597718,13.8812494929 41.7351375526,13.8809717127 41.7351375526,13.8809717127 41.7354153333,13.8806939326 41.7354153333,13.8806939326 41.7356931141,13.8804161524 41.7356931141,13.8804161524 41.7359708949,13.8820828333 41.7359708949,13.8820828333 41.7362486756,13.8840272943 41.7362486756,13.8840272943 41.7365264564,13.8848606347 41.7365264564,13.8848606347 41.7368042371,13.885416195 41.7368042371,13.885416195 41.7370820179,13.8859717552 41.7370820179,13.8859717552 41.7373597987,13.8879162162 41.7373597987,13.8879162162 41.7381931409,13.8873606559 41.7381931409,13.8873606559 41.7384709217,13.8870828758 41.7384709217,13.8870828758 41.7387487025,13.8868050957 41.7387487025,13.8868050957 41.7390264832,13.8865273155 41.7390264832,13.8865273155 41.7395820447,13.8862495354 41.7395820447,13.8862495354 41.7398598255,13.8859717552 41.7398598255,13.8859717552 41.7406931678,13.8856939751 41.7406931678,13.8856939751 41.7412487293,13.8851384148 41.7412487293,13.8851384148 41.7415265101,13.8848606347 41.7415265101,13.8848606347 41.7418042908,13.8845828545 41.7418042908,13.8845828545 41.7423598523,13.8848606347 41.7423598523,13.8848606347 41.7429154139,13.885416195 41.7429154139,13.885416195 41.7431931946,13.8868050957 41.7431931946,13.8868050957 41.7429154139,13.8870828758 41.7429154139,13.8870828758 41.7426376331,13.8898606772 41.7426376331,13.8898606772 41.7429154139,13.8890273368 41.7429154139,13.8890273368 41.7431931946,13.8884717765 41.7431931946,13.8884717765 41.7434709754,13.8881939964 41.7434709754,13.8881939964 41.7437487562,13.8876384361 41.7437487562,13.8876384361 41.7443043177,13.8873606559 41.7443043177,13.8873606559 41.7445820984,13.8870828758 41.7445820984,13.8870828758 41.7459710022,13.8873606559 41.7459710022,13.8873606559 41.746248783,13.8879162162 41.746248783,13.8879162162 41.7465265638,13.8884717765 41.7465265638,13.8884717765 41.7468043445,13.8890273368 41.7468043445,13.8890273368 41.7470821253,13.8893051169 41.7470821253,13.8893051169 41.7476376868,13.8909717978 41.7476376868,13.8909717978 41.7481932483,13.8912495779 41.7481932483,13.8912495779 41.7484710291,13.891527358 41.7484710291,13.891527358 41.7487488098,13.8929162587 41.7487488098,13.8929162587 41.7490265906,13.8937495991 41.7490265906,13.8937495991 41.7493043714,13.8943051594 41.7493043714,13.8943051594 41.7495821521,13.8956940601 41.7495821521,13.8956940601 41.7498599329,13.8962496204 41.7498599329,13.8962496204 41.7501377136,13.89541628 41.7501377136,13.89541628 41.7504154944,13.8948607197 41.7504154944,13.8948607197 41.7506932752,13.8945829396 41.7506932752,13.8945829396 41.7509710559,13.8937495991 41.7509710559,13.8937495991 41.7506932752,13.893471819 41.7506932752,13.893471819 41.7509710559,13.8909717978 41.7509710559,13.8909717978 41.7512488367,13.8904162375 41.7512488367,13.8904162375 41.7515266174,13.8901384573 41.7515266174,13.8901384573 41.7518043982,13.8884717765 41.7518043982,13.8884717765 41.752082179,13.8881939964 41.752082179,13.8881939964 41.7523599597,13.8876384361 41.7523599597,13.8876384361 41.7526377405,13.8856939751 41.7526377405,13.8856939751 41.7523599597,13.8851384148 41.7523599597,13.8851384148 41.752082179,13.8845828545 41.752082179,13.8845828545 41.7518043982,13.8840272943 41.7518043982,13.8840272943 41.7515266174,13.8837495141 41.7515266174,13.8837495141 41.7512488367,13.8829161737 41.7512488367,13.8829161737 41.7515266174,13.8823606134 41.7515266174,13.8823606134 41.7518043982,13.8820828333 41.7518043982,13.8820828333 41.752082179,13.8818050531 41.752082179,13.8818050531 41.7523599597,13.8820828333 41.7523599597,13.8820828333 41.7529155213,13.8823606134 41.7529155213,13.8823606134 41.753193302,13.8826383936 41.753193302,13.8826383936 41.7534710828,13.8829161737 41.7534710828,13.8829161737 41.7537488635,13.8831939538 41.7537488635,13.8831939538 41.7543044251,13.8837495141 41.7543044251,13.8837495141 41.7545822058,13.8840272943 41.7545822058,13.8840272943 41.7548599866,13.8843050744 41.7548599866,13.8843050744 41.7551377673,13.8848606347 41.7551377673,13.8848606347 41.7554155481,13.8851384148 41.7554155481,13.8851384148 41.7556933289,13.8856939751 41.7556933289,13.8856939751 41.7559711096,13.8862495354 41.7559711096,13.8862495354 41.7562488904,13.8873606559 41.7562488904,13.8873606559 41.7565266711,13.8893051169 41.7565266711,13.8893051169 41.7573600134,13.8890273368 41.7573600134,13.8890273368 41.7584711365,13.8893051169 41.7584711365,13.8893051169 41.7587489172,13.8895828971 41.7587489172,13.8895828971 41.759026698,13.8898606772 41.759026698,13.8898606772 41.7593044787,13.8901384573 41.7593044787,13.8901384573 41.7598600403,13.8904162375 41.7598600403,13.8904162375 41.7606933826,13.8901384573 41.7606933826,13.8901384573 41.7609711633,13.8898606772 41.7609711633,13.8898606772 41.7612489441,13.8895828971 41.7612489441,13.8895828971 41.7615267248,13.8901384573 41.7615267248,13.8901384573 41.7612489441,13.8912495779 41.7612489441,13.8912495779 41.7609711633,13.8923606985 41.7609711633,13.8923606985 41.7606933826,13.8929162587 41.7606933826,13.8929162587 41.7598600403,13.8931940389 41.7598600403,13.8931940389 41.759026698,13.893471819 41.759026698,13.893471819 41.7581933557,13.8937495991 41.7581933557,13.8937495991 41.7576377942,13.8931940389 41.7576377942,13.8931940389 41.7579155749,13.8929162587 41.7579155749,13.8929162587 41.7581933557,13.8926384786 41.7581933557,13.8926384786 41.7584711365,13.8923606985 41.7584711365,13.8923606985 41.7593044787,13.8918051382 41.7593044787,13.8918051382 41.759026698,13.8912495779 41.759026698,13.8912495779 41.7587489172,13.8909717978 41.7587489172,13.8909717978 41.7584711365,13.8904162375 41.7584711365,13.8904162375 41.7576377942,13.8906940176 41.7576377942,13.8906940176 41.7562488904,13.8909717978 41.7562488904,13.8909717978 41.7559711096,13.8906940176 41.7559711096,13.8906940176 41.7556933289,13.8890273368 41.7556933289,13.8890273368 41.7554155481,13.8879162162 41.7554155481,13.8879162162 41.7551377673,13.8873606559 41.7551377673,13.8873606559 41.7548599866,13.8870828758 41.7548599866,13.8870828758 41.7545822058,13.8868050957 41.7545822058,13.8868050957 41.7543044251,13.8865273155 41.7543044251,13.8865273155 41.7537488635,13.8884717765 41.7537488635,13.8884717765 41.7534710828,13.8890273368 41.7534710828,13.8890273368 41.753193302,13.8906940176 41.753193302,13.8906940176 41.7529155213,13.8909717978 41.7529155213,13.8909717978 41.7523599597,13.8912495779 41.7523599597,13.8912495779 41.752082179,13.8940273793 41.752082179,13.8940273793 41.7523599597,13.8948607197 41.7523599597,13.8948607197 41.752082179,13.8962496204 41.752082179,13.8962496204 41.7518043982,13.8965274005 41.7518043982,13.8965274005 41.7515266174,13.8968051807 41.7515266174,13.8968051807 41.7512488367,13.8970829608 41.7512488367,13.8970829608 41.7509710559,13.8976385211 41.7509710559,13.8976385211 41.7506932752,13.8981940814 41.7506932752,13.8981940814 41.7509710559,13.8993052019 41.7509710559,13.8993052019 41.7504154944,13.8995829821 41.7504154944,13.8995829821 41.7495821521,13.8993052019 41.7495821521,13.8993052019 41.7490265906,13.8990274218 41.7490265906,13.8990274218 41.7481932483,13.8987496417 41.7481932483,13.8987496417 41.747359906,13.8984718615 41.747359906,13.8984718615 41.7476376868,13.8981940814 41.7476376868,13.8981940814 41.7479154676,13.897360741 41.7479154676,13.897360741 41.7481932483,13.8965274005 41.7481932483,13.8965274005 41.7484710291,13.8945829396 41.7484710291,13.8945829396 41.7481932483,13.8943051594 41.7481932483,13.8943051594 41.7479154676,13.8940273793 41.7479154676,13.8940273793 41.7476376868,13.8937495991 41.7476376868,13.8937495991 41.747359906,13.893471819 41.747359906,13.893471819 41.7476376868,13.8931940389 41.7476376868,13.8931940389 41.747359906,13.8923606985 41.747359906,13.8923606985 41.7470821253,13.8920829183 41.7470821253,13.8920829183 41.7468043445,13.8918051382 41.7468043445,13.8918051382 41.7465265638,13.8909717978 41.7465265638,13.8909717978 41.746248783,13.8898606772 41.746248783,13.8898606772 41.7459710022,13.8893051169 41.7459710022,13.8893051169 41.74513766,13.8898606772 41.74513766,13.8898606772 41.7448598792,13.8904162375 41.7448598792,13.8904162375 41.7445820984,13.8909717978 41.7445820984,13.8909717978 41.7443043177,13.891527358 41.7443043177,13.891527358 41.7440265369,13.8918051382 41.7440265369,13.8918051382 41.7437487562,13.8920829183 41.7437487562,13.8920829183 41.7434709754,13.8923606985 41.7434709754,13.8923606985 41.7431931946,13.8926384786 41.7431931946,13.8926384786 41.7426376331,13.8923606985 41.7426376331,13.8923606985 41.7420820716,13.8920829183 41.7420820716,13.8920829183 41.7418042908,13.8923606985 41.7418042908,13.8923606985 41.7412487293,13.8920829183 41.7412487293,13.8920829183 41.7401376063,13.8912495779 41.7401376063,13.8912495779 41.740415387,13.8906940176 41.740415387,13.8906940176 41.7406931678,13.8887495566 41.7406931678,13.8887495566 41.740415387,13.8884717765 41.740415387,13.8884717765 41.7401376063,13.8881939964 41.7401376063,13.8881939964 41.7398598255,13.8884717765 41.7398598255,13.8884717765 41.7395820447,13.8895828971 41.7395820447,13.8895828971 41.739304264,13.8898606772 41.739304264,13.8898606772 41.7387487025,13.8901384573 41.7387487025,13.8901384573 41.7384709217,13.8904162375 41.7384709217,13.8904162375 41.7379153602,13.8906940176 41.7379153602,13.8906940176 41.7376375794,13.8904162375 41.7376375794,13.8904162375 41.7359708949,13.8890273368 41.7359708949,13.8890273368 41.7356931141,13.8879162162 41.7356931141,13.8879162162 41.7354153333,13.8873606559 41.7354153333,13.8873606559 41.7351375526,13.8856939751 41.7351375526,13.8856939751 41.7348597718,13.883471734 41.7348597718,13.883471734 41.7345819911,13.8820828333 41.7345819911,13.8820828333 41.7343042103,13.8818050531 41.7343042103,13.8818050531 41.7345819911,13.881527273 41.7345819911)),((13.9012496629 41.7506932752,13.9009718828 41.7506932752,13.9009718828 41.7509710559,13.9012496629 41.7509710559,13.9012496629 41.7506932752)),((13.8690271667 41.7679156823,13.8690271667 41.7676379016,13.8698605071 41.7676379016,13.8698605071 41.7673601208,13.8704160674 41.7673601208,13.8704160674 41.76708234,13.8709716277 41.76708234,13.8709716277 41.7668045593,13.8718049681 41.7668045593,13.8718049681 41.7665267785,13.8723605284 41.7665267785,13.8723605284 41.7662489978,13.8731938688 41.7662489978,13.8731938688 41.765971217,13.8737494291 41.765971217,13.8737494291 41.7656934362,13.8740272092 41.7656934362,13.8740272092 41.7651378747,13.8748605497 41.7651378747,13.8748605497 41.764860094,13.8756938901 41.764860094,13.8756938901 41.7645823132,13.8762494503 41.7645823132,13.8762494503 41.7643045324,13.8765272305 41.7643045324,13.8765272305 41.7640267517,13.8784716915 41.7640267517,13.8784716915 41.7643045324,13.879582812 41.7643045324,13.879582812 41.7640267517,13.8806939326 41.7640267517,13.8806939326 41.7637489709,13.8818050531 41.7637489709,13.8818050531 41.7634711902,13.8826383936 41.7634711902,13.8826383936 41.7631934094,13.8837495141 41.7631934094,13.8837495141 41.7629156286,13.8848606347 41.7629156286,13.8848606347 41.7626378479,13.8859717552 41.7626378479,13.8859717552 41.7623600671,13.8862495354 41.7623600671,13.8862495354 41.7620822864,13.8826383936 41.7620822864,13.8826383936 41.7623600671,13.8818050531 41.7623600671,13.8818050531 41.7626378479,13.8806939326 41.7626378479,13.8806939326 41.7629156286,13.879582812 41.7629156286,13.879582812 41.7631934094,13.8779161312 41.7631934094,13.8779161312 41.7629156286,13.8759716702 41.7629156286,13.8759716702 41.7631934094,13.8754161099 41.7631934094,13.8754161099 41.7634711902,13.8748605497 41.7634711902,13.8748605497 41.7637489709,13.8737494291 41.7637489709,13.8737494291 41.7640267517,13.8729160887 41.7640267517,13.8729160887 41.7643045324,13.8726383085 41.7643045324,13.8726383085 41.764860094,13.8723605284 41.764860094,13.8723605284 41.7651378747,13.8720827483 41.7651378747,13.8720827483 41.7654156555,13.8718049681 41.7654156555,13.8718049681 41.7656934362,13.871527188 41.7656934362,13.871527188 41.765971217,13.8712494078 41.765971217,13.8712494078 41.7662489978,13.8709716277 41.7662489978,13.8709716277 41.7665267785,13.8706938476 41.7665267785,13.8706938476 41.7668045593,13.869582727 41.7668045593,13.869582727 41.76708234,13.8684716064 41.76708234,13.8684716064 41.7673601208,13.8681938263 41.7673601208,13.8681938263 41.7676379016,13.867638266 41.7676379016,13.867638266 41.7681934631,13.8684716064 41.7681934631,13.8684716064 41.7679156823,13.8690271667 41.7679156823)),((13.867638266 41.7684712438,13.867638266 41.7681934631,13.8673604859 41.7681934631,13.8673604859 41.7684712438,13.867638266 41.7684712438)))"
245,"pnalm_scarab_000245","Amidorus obscurus latinus G. Dellacasa, 1983","NULL","subspecies","NULL","NULL","NULL","Scarabaeoidea","Coleoptera","NULL","NULL","Amidorus","obscurus","latinus","Italy","IT","NULL","NULL","NULL","Val Fondillo","Val Fondillo",1600,"1600.0","NULL","NULL","NULL",,,"NULL","NULL","NULL","NULL","NULL","NULL","10038","1927","6","25","Paolo Luigioni","NULL","NULL","PreservedSpecimen","NULL","CPL-MCZR","NULL","NULL","NULL","NULL","NULL","(Luigioni 1931)","NULL","field_survey","NULL","CC BY 4.0","needs_review","NULL","NULL","NULL",4,"PNALM","Scarabaeoidea","",,13.881805053143,41.7520821789709,2180,"MULTIPOLYGON(((13.8826383936 41.7337486488,13.8823606134 41.7337486488,13.8823606134 41.7340264295,13.8826383936 41.7340264295,13.8826383936 41.7337486488)),((13.8820828333 41.7340264295,13.8820828333 41.7343042103,13.8823606134 41.7343042103,13.8823606134 41.7340264295,13.8820828333 41.7340264295)),((13.881527273 41.7345819911,13.881527273 41.7348597718,13.8812494929 41.7348597718,13.8812494929 41.7351375526,13.8809717127 41.7351375526,13.8809717127 41.7354153333,13.8806939326 41.7354153333,13.8806939326 41.7356931141,13.8804161524 41.7356931141,13.8804161524 41.7359708949,13.8820828333 41.7359708949,13.8820828333 41.7362486756,13.8840272943 41.7362486756,13.8840272943 41.7365264564,13.8848606347 41.7365264564,13.8848606347 41.7368042371,13.885416195 41.7368042371,13.885416195 41.7370820179,13.8859717552 41.7370820179,13.8859717552 41.7373597987,13.8879162162 41.7373597987,13.8879162162 41.7381931409,13.8873606559 41.7381931409,13.8873606559 41.7384709217,13.8870828758 41.7384709217,13.8870828758 41.7387487025,13.8868050957 41.7387487025,13.8868050957 41.7390264832,13.8865273155 41.7390264832,13.8865273155 41.7395820447,13.8862495354 41.7395820447,13.8862495354 41.7398598255,13.8859717552 41.7398598255,13.8859717552 41.7406931678,13.8856939751 41.7406931678,13.8856939751 41.7412487293,13.8851384148 41.7412487293,13.8851384148 41.7415265101,13.8848606347 41.7415265101,13.8848606347 41.7418042908,13.8845828545 41.7418042908,13.8845828545 41.7423598523,13.8848606347 41.7423598523,13.8848606347 41.7429154139,13.885416195 41.7429154139,13.885416195 41.7431931946,13.8868050957 41.7431931946,13.8868050957 41.7429154139,13.8870828758 41.7429154139,13.8870828758 41.7426376331,13.8898606772 41.7426376331,13.8898606772 41.7429154139,13.8890273368 41.7429154139,13.8890273368 41.7431931946,13.8884717765 41.7431931946,13.8884717765 41.7434709754,13.8881939964 41.7434709754,13.8881939964 41.7437487562,13.8876384361 41.7437487562,13.8876384361 41.7443043177,13.8873606559 41.7443043177,13.8873606559 41.7445820984,13.8870828758 41.7445820984,13.8870828758 41.7459710022,13.8873606559 41.7459710022,13.8873606559 41.746248783,13.8879162162 41.746248783,13.8879162162 41.7465265638,13.8884717765 41.7465265638,13.8884717765 41.7468043445,13.8890273368 41.7468043445,13.8890273368 41.7470821253,13.8893051169 41.7470821253,13.8893051169 41.7476376868,13.8909717978 41.7476376868,13.8909717978 41.7481932483,13.8912495779 41.7481932483,13.8912495779 41.7484710291,13.891527358 41.7484710291,13.891527358 41.7487488098,13.8929162587 41.7487488098,13.8929162587 41.7490265906,13.8937495991 41.7490265906,13.8937495991 41.7493043714,13.8943051594 41.7493043714,13.8943051594 41.7495821521,13.8956940601 41.7495821521,13.8956940601 41.7498599329,13.8962496204 41.7498599329,13.8962496204 41.7501377136,13.89541628 41.7501377136,13.89541628 41.7504154944,13.8948607197 41.7504154944,13.8948607197 41.7506932752,13.8945829396 41.7506932752,13.8945829396 41.7509710559,13.8937495991 41.7509710559,13.8937495991 41.7506932752,13.893471819 41.7506932752,13.893471819 41.7509710559,13.8909717978 41.7509710559,13.8909717978 41.7512488367,13.8904162375 41.7512488367,13.8904162375 41.7515266174,13.8901384573 41.7515266174,13.8901384573 41.7518043982,13.8884717765 41.7518043982,13.8884717765 41.752082179,13.8881939964 41.752082179,13.8881939964 41.7523599597,13.8876384361 41.7523599597,13.8876384361 41.7526377405,13.8856939751 41.7526377405,13.8856939751 41.7523599597,13.8851384148 41.7523599597,13.8851384148 41.752082179,13.8845828545 41.752082179,13.8845828545 41.7518043982,13.8840272943 41.7518043982,13.8840272943 41.7515266174,13.8837495141 41.7515266174,13.8837495141 41.7512488367,13.8829161737 41.7512488367,13.8829161737 41.7515266174,13.8823606134 41.7515266174,13.8823606134 41.7518043982,13.8820828333 41.7518043982,13.8820828333 41.752082179,13.8818050531 41.752082179,13.8818050531 41.7523599597,13.8820828333 41.7523599597,13.8820828333 41.7529155213,13.8823606134 41.7529155213,13.8823606134 41.753193302,13.8826383936 41.753193302,13.8826383936 41.7534710828,13.8829161737 41.7534710828,13.8829161737 41.7537488635,13.8831939538 41.7537488635,13.8831939538 41.7543044251,13.8837495141 41.7543044251,13.8837495141 41.7545822058,13.8840272943 41.7545822058,13.8840272943 41.7548599866,13.8843050744 41.7548599866,13.8843050744 41.7551377673,13.8848606347 41.7551377673,13.8848606347 41.7554155481,13.8851384148 41.7554155481,13.8851384148 41.7556933289,13.8856939751 41.7556933289,13.8856939751 41.7559711096,13.8862495354 41.7559711096,13.8862495354 41.7562488904,13.8873606559 41.7562488904,13.8873606559 41.7565266711,13.8893051169 41.7565266711,13.8893051169 41.7573600134,13.8890273368 41.7573600134,13.8890273368 41.7584711365,13.8893051169 41.7584711365,13.8893051169 41.7587489172,13.8895828971 41.7587489172,13.8895828971 41.759026698,13.8898606772 41.759026698,13.8898606772 41.7593044787,13.8901384573 41.7593044787,13.8901384573 41.7598600403,13.8904162375 41.7598600403,13.8904162375 41.7606933826,13.8901384573 41.7606933826,13.8901384573 41.7609711633,13.8898606772 41.7609711633,13.8898606772 41.7612489441,13.8895828971 41.7612489441,13.8895828971 41.7615267248,13.8901384573 41.7615267248,13.8901384573 41.7612489441,13.8912495779 41.7612489441,13.8912495779 41.7609711633,13.8923606985 41.7609711633,13.8923606985 41.7606933826,13.8929162587 41.7606933826,13.8929162587 41.7598600403,13.8931940389 41.7598600403,13.8931940389 41.759026698,13.893471819 41.759026698,13.893471819 41.7581933557,13.8937495991 41.7581933557,13.8937495991 41.7576377942,13.8931940389 41.7576377942,13.8931940389 41.7579155749,13.8929162587 41.7579155749,13.8929162587 41.7581933557,13.8926384786 41.7581933557,13.8926384786 41.7584711365,13.8923606985 41.7584711365,13.8923606985 41.7593044787,13.8918051382 41.7593044787,13.8918051382 41.759026698,13.8912495779 41.759026698,13.8912495779 41.7587489172,13.8909717978 41.7587489172,13.8909717978 41.7584711365,13.8904162375 41.7584711365,13.8904162375 41.7576377942,13.8906940176 41.7576377942,13.8906940176 41.7562488904,13.8909717978 41.7562488904,13.8909717978 41.7559711096,13.8906940176 41.7559711096,13.8906940176 41.7556933289,13.8890273368 41.7556933289,13.8890273368 41.7554155481,13.8879162162 41.7554155481,13.8879162162 41.7551377673,13.8873606559 41.7551377673,13.8873606559 41.7548599866,13.8870828758 41.7548599866,13.8870828758 41.7545822058,13.8868050957 41.7545822058,13.8868050957 41.7543044251,13.8865273155 41.7543044251,13.8865273155 41.7537488635,13.8884717765 41.7537488635,13.8884717765 41.7534710828,13.8890273368 41.7534710828,13.8890273368 41.753193302,13.8906940176 41.753193302,13.8906940176 41.7529155213,13.8909717978 41.7529155213,13.8909717978 41.7523599597,13.8912495779 41.7523599597,13.8912495779 41.752082179,13.8940273793 41.752082179,13.8940273793 41.7523599597,13.8948607197 41.7523599597,13.8948607197 41.752082179,13.8962496204 41.752082179,13.8962496204 41.7518043982,13.8965274005 41.7518043982,13.8965274005 41.7515266174,13.8968051807 41.7515266174,13.8968051807 41.7512488367,13.8970829608 41.7512488367,13.8970829608 41.7509710559,13.8976385211 41.7509710559,13.8976385211 41.7506932752,13.8981940814 41.7506932752,13.8981940814 41.7509710559,13.8993052019 41.7509710559,13.8993052019 41.7504154944,13.8995829821 41.7504154944,13.8995829821 41.7495821521,13.8993052019 41.7495821521,13.8993052019 41.7490265906,13.8990274218 41.7490265906,13.8990274218 41.7481932483,13.8987496417 41.7481932483,13.8987496417 41.747359906,13.8984718615 41.747359906,13.8984718615 41.7476376868,13.8981940814 41.7476376868,13.8981940814 41.7479154676,13.897360741 41.7479154676,13.897360741 41.7481932483,13.8965274005 41.7481932483,13.8965274005 41.7484710291,13.8945829396 41.7484710291,13.8945829396 41.7481932483,13.8943051594 41.7481932483,13.8943051594 41.7479154676,13.8940273793 41.7479154676,13.8940273793 41.7476376868,13.8937495991 41.7476376868,13.8937495991 41.747359906,13.893471819 41.747359906,13.893471819 41.7476376868,13.8931940389 41.7476376868,13.8931940389 41.747359906,13.8923606985 41.747359906,13.8923606985 41.7470821253,13.8920829183 41.7470821253,13.8920829183 41.7468043445,13.8918051382 41.7468043445,13.8918051382 41.7465265638,13.8909717978 41.7465265638,13.8909717978 41.746248783,13.8898606772 41.746248783,13.8898606772 41.7459710022,13.8893051169 41.7459710022,13.8893051169 41.74513766,13.8898606772 41.74513766,13.8898606772 41.7448598792,13.8904162375 41.7448598792,13.8904162375 41.7445820984,13.8909717978 41.7445820984,13.8909717978 41.7443043177,13.891527358 41.7443043177,13.891527358 41.7440265369,13.8918051382 41.7440265369,13.8918051382 41.7437487562,13.8920829183 41.7437487562,13.8920829183 41.7434709754,13.8923606985 41.7434709754,13.8923606985 41.7431931946,13.8926384786 41.7431931946,13.8926384786 41.7426376331,13.8923606985 41.7426376331,13.8923606985 41.7420820716,13.8920829183 41.7420820716,13.8920829183 41.7418042908,13.8923606985 41.7418042908,13.8923606985 41.7412487293,13.8920829183 41.7412487293,13.8920829183 41.7401376063,13.8912495779 41.7401376063,13.8912495779 41.740415387,13.8906940176 41.740415387,13.8906940176 41.7406931678,13.8887495566 41.7406931678,13.8887495566 41.740415387,13.8884717765 41.740415387,13.8884717765 41.7401376063,13.8881939964 41.7401376063,13.8881939964 41.7398598255,13.8884717765 41.7398598255,13.8884717765 41.7395820447,13.8895828971 41.7395820447,13.8895828971 41.739304264,13.8898606772 41.739304264,13.8898606772 41.7387487025,13.8901384573 41.7387487025,13.8901384573 41.7384709217,13.8904162375 41.7384709217,13.8904162375 41.7379153602,13.8906940176 41.7379153602,13.8906940176 41.7376375794,13.8904162375 41.7376375794,13.8904162375 41.7359708949,13.8890273368 41.7359708949,13.8890273368 41.7356931141,13.8879162162 41.7356931141,13.8879162162 41.7354153333,13.8873606559 41.7354153333,13.8873606559 41.7351375526,13.8856939751 41.7351375526,13.8856939751 41.7348597718,13.883471734 41.7348597718,13.883471734 41.7345819911,13.8820828333 41.7345819911,13.8820828333 41.7343042103,13.8818050531 41.7343042103,13.8818050531 41.7345819911,13.881527273 41.7345819911)),((13.9012496629 41.7506932752,13.9009718828 41.7506932752,13.9009718828 41.7509710559,13.9012496629 41.7509710559,13.9012496629 41.7506932752)),((13.8690271667 41.7679156823,13.8690271667 41.7676379016,13.8698605071 41.7676379016,13.8698605071 41.7673601208,13.8704160674 41.7673601208,13.8704160674 41.76708234,13.8709716277 41.76708234,13.8709716277 41.7668045593,13.8718049681 41.7668045593,13.8718049681 41.7665267785,13.8723605284 41.7665267785,13.8723605284 41.7662489978,13.8731938688 41.7662489978,13.8731938688 41.765971217,13.8737494291 41.765971217,13.8737494291 41.7656934362,13.8740272092 41.7656934362,13.8740272092 41.7651378747,13.8748605497 41.7651378747,13.8748605497 41.764860094,13.8756938901 41.764860094,13.8756938901 41.7645823132,13.8762494503 41.7645823132,13.8762494503 41.7643045324,13.8765272305 41.7643045324,13.8765272305 41.7640267517,13.8784716915 41.7640267517,13.8784716915 41.7643045324,13.879582812 41.7643045324,13.879582812 41.7640267517,13.8806939326 41.7640267517,13.8806939326 41.7637489709,13.8818050531 41.7637489709,13.8818050531 41.7634711902,13.8826383936 41.7634711902,13.8826383936 41.7631934094,13.8837495141 41.7631934094,13.8837495141 41.7629156286,13.8848606347 41.7629156286,13.8848606347 41.7626378479,13.8859717552 41.7626378479,13.8859717552 41.7623600671,13.8862495354 41.7623600671,13.8862495354 41.7620822864,13.8826383936 41.7620822864,13.8826383936 41.7623600671,13.8818050531 41.7623600671,13.8818050531 41.7626378479,13.8806939326 41.7626378479,13.8806939326 41.7629156286,13.879582812 41.7629156286,13.879582812 41.7631934094,13.8779161312 41.7631934094,13.8779161312 41.7629156286,13.8759716702 41.7629156286,13.8759716702 41.7631934094,13.8754161099 41.7631934094,13.8754161099 41.7634711902,13.8748605497 41.7634711902,13.8748605497 41.7637489709,13.8737494291 41.7637489709,13.8737494291 41.7640267517,13.8729160887 41.7640267517,13.8729160887 41.7643045324,13.8726383085 41.7643045324,13.8726383085 41.764860094,13.8723605284 41.764860094,13.8723605284 41.7651378747,13.8720827483 41.7651378747,13.8720827483 41.7654156555,13.8718049681 41.7654156555,13.8718049681 41.7656934362,13.871527188 41.7656934362,13.871527188 41.765971217,13.8712494078 41.765971217,13.8712494078 41.7662489978,13.8709716277 41.7662489978,13.8709716277 41.7665267785,13.8706938476 41.7665267785,13.8706938476 41.7668045593,13.869582727 41.7668045593,13.869582727 41.76708234,13.8684716064 41.76708234,13.8684716064 41.7673601208,13.8681938263 41.7673601208,13.8681938263 41.7676379016,13.867638266 41.7676379016,13.867638266 41.7681934631,13.8684716064 41.7681934631,13.8684716064 41.7679156823,13.8690271667 41.7679156823)),((13.867638266 41.7684712438,13.867638266 41.7681934631,13.8673604859 41.7681934631,13.8673604859 41.7684712438,13.867638266 41.7684712438)))"
292,"pnalm_scarab_000292","Amidorus obscurus latinus G. Dellacasa, 1983","NULL","subspecies","NULL","NULL","NULL","Scarabaeoidea","Coleoptera","NULL","NULL","Amidorus","obscurus","latinus","Italy","IT","NULL","NULL","NULL","Val Fondillo o Val di Rose?????????","Val Fondillo o Val di Rose?????????",1000,"1000.0","NULL","NULL","NULL",,,"NULL","NULL","NULL","NULL","NULL","NULL","37782","2003","6","10","Luigi Melloni","NULL","NULL","PreservedSpecimen","NULL","CGP-PNALM","NULL","NULL","NULL","NULL","NULL","NULL","NULL","field_survey","NULL","CC BY 4.0","needs_review","NULL","NULL","NULL",5,"PNALM","Scarabaeoidea","",,13.8566668527318,41.7676380271054,1357,"MULTIPOLYGON(((13.8543048193 41.7795824743,13.8543048193 41.7793046935,13.8518047981 41.7793046935,13.8518047981 41.778749132,13.8515270179 41.778749132,13.8515270179 41.7781935705,13.8512492378 41.7781935705,13.8512492378 41.7773602282,13.8509714576 41.7773602282,13.8509714576 41.7765268859,13.8506936775 41.7765268859,13.8506936775 41.7759713244,13.8504158974 41.7759713244,13.8504158974 41.7751379821,13.8501381172 41.7751379821,13.8501381172 41.7745824206,13.8498603371 41.7745824206,13.8498603371 41.7737490783,13.8495825569 41.7737490783,13.8495825569 41.772915736,13.8493047768 41.772915736,13.8493047768 41.7726379553,13.8498603371 41.7726379553,13.8498603371 41.7720823937,13.8495825569 41.7720823937,13.8495825569 41.771804613,13.8498603371 41.771804613,13.8498603371 41.7715268322,13.8504158974 41.7715268322,13.8504158974 41.7712490515,13.8506936775 41.7712490515,13.8506936775 41.7709712707,13.8512492378 41.7709712707,13.8512492378 41.7706934899,13.8515270179 41.7706934899,13.8515270179 41.7704157092,13.8520825782 41.7704157092,13.8520825782 41.7701379284,13.8523603583 41.7701379284,13.8523603583 41.7695823669,13.8529159186 41.7695823669,13.8529159186 41.7681934631,13.8531936988 41.7681934631,13.8531936988 41.76708234,13.8534714789 41.76708234,13.8534714789 41.7668045593,13.853749259 41.7668045593,13.853749259 41.7662489978,13.8540270392 41.7662489978,13.8540270392 41.7656934362,13.8543048193 41.7656934362,13.8543048193 41.7651378747,13.8545825995 41.7651378747,13.8545825995 41.764860094,13.8548603796 41.764860094,13.8548603796 41.7645823132,13.8551381597 41.7645823132,13.8551381597 41.7640267517,13.8554159399 41.7640267517,13.8554159399 41.7637489709,13.85569372 41.7637489709,13.85569372 41.7634711902,13.8559715002 41.7634711902,13.8559715002 41.7631934094,13.85569372 41.7631934094,13.85569372 41.7629156286,13.8559715002 41.7629156286,13.8559715002 41.7626378479,13.8562492803 41.7626378479,13.8562492803 41.7623600671,13.8565270604 41.7623600671,13.8565270604 41.7618045056,13.8570826207 41.7618045056,13.8570826207 41.7615267248,13.8573604009 41.7615267248,13.8573604009 41.7609711633,13.857638181 41.7609711633,13.857638181 41.7606933826,13.8579159611 41.7606933826,13.8579159611 41.7604156018,13.8584715214 41.7604156018,13.8584715214 41.760137821,13.8587493015 41.760137821,13.8587493015 41.7598600403,13.8590270817 41.7598600403,13.8590270817 41.7595822595,13.8593048618 41.7595822595,13.8593048618 41.759026698,13.859582642 41.759026698,13.859582642 41.7579155749,13.8601382022 41.7579155749,13.8601382022 41.7576377942,13.8604159824 41.7576377942,13.8604159824 41.7562488904,13.8609715427 41.7562488904,13.8609715427 41.7559711096,13.8615271029 41.7559711096,13.8615271029 41.7565266711,13.8612493228 41.7565266711,13.8612493228 41.7576377942,13.8615271029 41.7576377942,13.8615271029 41.7581933557,13.8618048831 41.7581933557,13.8618048831 41.7584711365,13.8615271029 41.7584711365,13.8615271029 41.7593044787,13.8618048831 41.7593044787,13.8618048831 41.7595822595,13.8620826632 41.7595822595,13.8620826632 41.760137821,13.8623604434 41.760137821,13.8623604434 41.7604156018,13.8620826632 41.7604156018,13.8620826632 41.7612489441,13.8609715427 41.7612489441,13.8609715427 41.7615267248,13.8606937625 41.7615267248,13.8606937625 41.7618045056,13.8601382022 41.7618045056,13.8601382022 41.7623600671,13.8598604221 41.7623600671,13.8598604221 41.7629156286,13.8601382022 41.7629156286,13.8601382022 41.7631934094,13.8604159824 41.7631934094,13.8604159824 41.7634711902,13.8598604221 41.7634711902,13.8598604221 41.7637489709,13.8593048618 41.7637489709,13.8593048618 41.7640267517,13.8590270817 41.7640267517,13.8590270817 41.7643045324,13.8587493015 41.7643045324,13.8587493015 41.7645823132,13.8584715214 41.7645823132,13.8584715214 41.7656934362,13.857638181 41.7656934362,13.857638181 41.765971217,13.8573604009 41.765971217,13.8573604009 41.7662489978,13.8570826207 41.7662489978,13.8570826207 41.7668045593,13.8568048406 41.7668045593,13.8568048406 41.76708234,13.8570826207 41.76708234,13.8570826207 41.7679156823,13.8568048406 41.7679156823,13.8568048406 41.7687490246,13.8570826207 41.7687490246,13.8570826207 41.7690268054,13.8573604009 41.7690268054,13.8573604009 41.7693045861,13.8570826207 41.7693045861,13.8570826207 41.7698601477,13.8573604009 41.7698601477,13.8573604009 41.7701379284,13.857638181 41.7701379284,13.857638181 41.7706934899,13.8579159611 41.7706934899,13.8579159611 41.7712490515,13.8581937413 41.7712490515,13.8581937413 41.7723601745,13.8584715214 41.7723601745,13.8584715214 41.772915736,13.8587493015 41.772915736,13.8587493015 41.7731935168,13.8593048618 41.7731935168,13.8593048618 41.7734712975,13.8598604221 41.7734712975,13.8598604221 41.7737490783,13.8601382022 41.7737490783,13.8601382022 41.7740268591,13.8604159824 41.7740268591,13.8604159824 41.7743046398,13.8606937625 41.7743046398,13.8606937625 41.7751379821,13.8604159824 41.7751379821,13.8604159824 41.7754157629,13.8601382022 41.7754157629,13.8601382022 41.7756935436,13.8598604221 41.7756935436,13.8598604221 41.7762491051,13.859582642 41.7762491051,13.859582642 41.7765268859,13.8593048618 41.7765268859,13.8593048618 41.7770824474,13.8590270817 41.7770824474,13.8590270817 41.7773602282,13.8587493015 41.7773602282,13.8587493015 41.7779157897,13.8584715214 41.7779157897,13.8584715214 41.7781935705,13.8581937413 41.7781935705,13.8581937413 41.778749132,13.8579159611 41.778749132,13.8579159611 41.7790269128,13.857638181 41.7790269128,13.857638181 41.7795824743,13.8543048193 41.7795824743)))"
300,"pnalm_scarab_000300","Amidorus thermicola (Sturm, 1800) (= Aphodius (Pseudacrossus) thermicola Sturm, 1800","NULL","species","NULL","NULL","NULL","Scarabaeoidea","Coleoptera","NULL","NULL","Amidorus","thermicola","NULL","Italy","IT","NULL","NULL","NULL","Val Fondillo","Val Fondillo",1600,"1600.0","NULL","NULL","NULL",,,"NULL","NULL","NULL","NULL","NULL","NULL","23353","1963","12","8","Giovanni Papini","NULL","NULL","PreservedSpecimen","NULL","CGP-PNALM","NULL","NULL","NULL","NULL","NULL","NULL","NULL","field_survey","NULL","CC BY 4.0","needs_review","NULL","NULL","NULL",4,"PNALM","Scarabaeoidea","",,13.881805053143,41.7520821789709,2180,"MULTIPOLYGON(((13.8826383936 41.7337486488,13.8823606134 41.7337486488,13.8823606134 41.7340264295,13.8826383936 41.7340264295,13.8826383936 41.7337486488)),((13.8820828333 41.7340264295,13.8820828333 41.7343042103,13.8823606134 41.7343042103,13.8823606134 41.7340264295,13.8820828333 41.7340264295)),((13.881527273 41.7345819911,13.881527273 41.7348597718,13.8812494929 41.7348597718,13.8812494929 41.7351375526,13.8809717127 41.7351375526,13.8809717127 41.7354153333,13.8806939326 41.7354153333,13.8806939326 41.7356931141,13.8804161524 41.7356931141,13.8804161524 41.7359708949,13.8820828333 41.7359708949,13.8820828333 41.7362486756,13.8840272943 41.7362486756,13.8840272943 41.7365264564,13.8848606347 41.7365264564,13.8848606347 41.7368042371,13.885416195 41.7368042371,13.885416195 41.7370820179,13.8859717552 41.7370820179,13.8859717552 41.7373597987,13.8879162162 41.7373597987,13.8879162162 41.7381931409,13.8873606559 41.7381931409,13.8873606559 41.7384709217,13.8870828758 41.7384709217,13.8870828758 41.7387487025,13.8868050957 41.7387487025,13.8868050957 41.7390264832,13.8865273155 41.7390264832,13.8865273155 41.7395820447,13.8862495354 41.7395820447,13.8862495354 41.7398598255,13.8859717552 41.7398598255,13.8859717552 41.7406931678,13.8856939751 41.7406931678,13.8856939751 41.7412487293,13.8851384148 41.7412487293,13.8851384148 41.7415265101,13.8848606347 41.7415265101,13.8848606347 41.7418042908,13.8845828545 41.7418042908,13.8845828545 41.7423598523,13.8848606347 41.7423598523,13.8848606347 41.7429154139,13.885416195 41.7429154139,13.885416195 41.7431931946,13.8868050957 41.7431931946,13.8868050957 41.7429154139,13.8870828758 41.7429154139,13.8870828758 41.7426376331,13.8898606772 41.7426376331,13.8898606772 41.7429154139,13.8890273368 41.7429154139,13.8890273368 41.7431931946,13.8884717765 41.7431931946,13.8884717765 41.7434709754,13.8881939964 41.7434709754,13.8881939964 41.7437487562,13.8876384361 41.7437487562,13.8876384361 41.7443043177,13.8873606559 41.7443043177,13.8873606559 41.7445820984,13.8870828758 41.7445820984,13.8870828758 41.7459710022,13.8873606559 41.7459710022,13.8873606559 41.746248783,13.8879162162 41.746248783,13.8879162162 41.7465265638,13.8884717765 41.7465265638,13.8884717765 41.7468043445,13.8890273368 41.7468043445,13.8890273368 41.7470821253,13.8893051169 41.7470821253,13.8893051169 41.7476376868,13.8909717978 41.7476376868,13.8909717978 41.7481932483,13.8912495779 41.7481932483,13.8912495779 41.7484710291,13.891527358 41.7484710291,13.891527358 41.7487488098,13.8929162587 41.7487488098,13.8929162587 41.7490265906,13.8937495991 41.7490265906,13.8937495991 41.7493043714,13.8943051594 41.7493043714,13.8943051594 41.7495821521,13.8956940601 41.7495821521,13.8956940601 41.7498599329,13.8962496204 41.7498599329,13.8962496204 41.7501377136,13.89541628 41.7501377136,13.89541628 41.7504154944,13.8948607197 41.7504154944,13.8948607197 41.7506932752,13.8945829396 41.7506932752,13.8945829396 41.7509710559,13.8937495991 41.7509710559,13.8937495991 41.7506932752,13.893471819 41.7506932752,13.893471819 41.7509710559,13.8909717978 41.7509710559,13.8909717978 41.7512488367,13.8904162375 41.7512488367,13.8904162375 41.7515266174,13.8901384573 41.7515266174,13.8901384573 41.7518043982,13.8884717765 41.7518043982,13.8884717765 41.752082179,13.8881939964 41.752082179,13.8881939964 41.7523599597,13.8876384361 41.7523599597,13.8876384361 41.7526377405,13.8856939751 41.7526377405,13.8856939751 41.7523599597,13.8851384148 41.7523599597,13.8851384148 41.752082179,13.8845828545 41.752082179,13.8845828545 41.7518043982,13.8840272943 41.7518043982,13.8840272943 41.7515266174,13.8837495141 41.7515266174,13.8837495141 41.7512488367,13.8829161737 41.7512488367,13.8829161737 41.7515266174,13.8823606134 41.7515266174,13.8823606134 41.7518043982,13.8820828333 41.7518043982,13.8820828333 41.752082179,13.8818050531 41.752082179,13.8818050531 41.7523599597,13.8820828333 41.7523599597,13.8820828333 41.7529155213,13.8823606134 41.7529155213,13.8823606134 41.753193302,13.8826383936 41.753193302,13.8826383936 41.7534710828,13.8829161737 41.7534710828,13.8829161737 41.7537488635,13.8831939538 41.7537488635,13.8831939538 41.7543044251,13.8837495141 41.7543044251,13.8837495141 41.7545822058,13.8840272943 41.7545822058,13.8840272943 41.7548599866,13.8843050744 41.7548599866,13.8843050744 41.7551377673,13.8848606347 41.7551377673,13.8848606347 41.7554155481,13.8851384148 41.7554155481,13.8851384148 41.7556933289,13.8856939751 41.7556933289,13.8856939751 41.7559711096,13.8862495354 41.7559711096,13.8862495354 41.7562488904,13.8873606559 41.7562488904,13.8873606559 41.7565266711,13.8893051169 41.7565266711,13.8893051169 41.7573600134,13.8890273368 41.7573600134,13.8890273368 41.7584711365,13.8893051169 41.7584711365,13.8893051169 41.7587489172,13.8895828971 41.7587489172,13.8895828971 41.759026698,13.8898606772 41.759026698,13.8898606772 41.7593044787,13.8901384573 41.7593044787,13.8901384573 41.7598600403,13.8904162375 41.7598600403,13.8904162375 41.7606933826,13.8901384573 41.7606933826,13.8901384573 41.7609711633,13.8898606772 41.7609711633,13.8898606772 41.7612489441,13.8895828971 41.7612489441,13.8895828971 41.7615267248,13.8901384573 41.7615267248,13.8901384573 41.7612489441,13.8912495779 41.7612489441,13.8912495779 41.7609711633,13.8923606985 41.7609711633,13.8923606985 41.7606933826,13.8929162587 41.7606933826,13.8929162587 41.7598600403,13.8931940389 41.7598600403,13.8931940389 41.759026698,13.893471819 41.759026698,13.893471819 41.7581933557,13.8937495991 41.7581933557,13.8937495991 41.7576377942,13.8931940389 41.7576377942,13.8931940389 41.7579155749,13.8929162587 41.7579155749,13.8929162587 41.7581933557,13.8926384786 41.7581933557,13.8926384786 41.7584711365,13.8923606985 41.7584711365,13.8923606985 41.7593044787,13.8918051382 41.7593044787,13.8918051382 41.759026698,13.8912495779 41.759026698,13.8912495779 41.7587489172,13.8909717978 41.7587489172,13.8909717978 41.7584711365,13.8904162375 41.7584711365,13.8904162375 41.7576377942,13.8906940176 41.7576377942,13.8906940176 41.7562488904,13.8909717978 41.7562488904,13.8909717978 41.7559711096,13.8906940176 41.7559711096,13.8906940176 41.7556933289,13.8890273368 41.7556933289,13.8890273368 41.7554155481,13.8879162162 41.7554155481,13.8879162162 41.7551377673,13.8873606559 41.7551377673,13.8873606559 41.7548599866,13.8870828758 41.7548599866,13.8870828758 41.7545822058,13.8868050957 41.7545822058,13.8868050957 41.7543044251,13.8865273155 41.7543044251,13.8865273155 41.7537488635,13.8884717765 41.7537488635,13.8884717765 41.7534710828,13.8890273368 41.7534710828,13.8890273368 41.753193302,13.8906940176 41.753193302,13.8906940176 41.7529155213,13.8909717978 41.7529155213,13.8909717978 41.7523599597,13.8912495779 41.7523599597,13.8912495779 41.752082179,13.8940273793 41.752082179,13.8940273793 41.7523599597,13.8948607197 41.7523599597,13.8948607197 41.752082179,13.8962496204 41.752082179,13.8962496204 41.7518043982,13.8965274005 41.7518043982,13.8965274005 41.7515266174,13.8968051807 41.7515266174,13.8968051807 41.7512488367,13.8970829608 41.7512488367,13.8970829608 41.7509710559,13.8976385211 41.7509710559,13.8976385211 41.7506932752,13.8981940814 41.7506932752,13.8981940814 41.7509710559,13.8993052019 41.7509710559,13.8993052019 41.7504154944,13.8995829821 41.7504154944,13.8995829821 41.7495821521,13.8993052019 41.7495821521,13.8993052019 41.7490265906,13.8990274218 41.7490265906,13.8990274218 41.7481932483,13.8987496417 41.7481932483,13.8987496417 41.747359906,13.8984718615 41.747359906,13.8984718615 41.7476376868,13.8981940814 41.7476376868,13.8981940814 41.7479154676,13.897360741 41.7479154676,13.897360741 41.7481932483,13.8965274005 41.7481932483,13.8965274005 41.7484710291,13.8945829396 41.7484710291,13.8945829396 41.7481932483,13.8943051594 41.7481932483,13.8943051594 41.7479154676,13.8940273793 41.7479154676,13.8940273793 41.7476376868,13.8937495991 41.7476376868,13.8937495991 41.747359906,13.893471819 41.747359906,13.893471819 41.7476376868,13.8931940389 41.7476376868,13.8931940389 41.747359906,13.8923606985 41.747359906,13.8923606985 41.7470821253,13.8920829183 41.7470821253,13.8920829183 41.7468043445,13.8918051382 41.7468043445,13.8918051382 41.7465265638,13.8909717978 41.7465265638,13.8909717978 41.746248783,13.8898606772 41.746248783,13.8898606772 41.7459710022,13.8893051169 41.7459710022,13.8893051169 41.74513766,13.8898606772 41.74513766,13.8898606772 41.7448598792,13.8904162375 41.7448598792,13.8904162375 41.7445820984,13.8909717978 41.7445820984,13.8909717978 41.7443043177,13.891527358 41.7443043177,13.891527358 41.7440265369,13.8918051382 41.7440265369,13.8918051382 41.7437487562,13.8920829183 41.7437487562,13.8920829183 41.7434709754,13.8923606985 41.7434709754,13.8923606985 41.7431931946,13.8926384786 41.7431931946,13.8926384786 41.7426376331,13.8923606985 41.7426376331,13.8923606985 41.7420820716,13.8920829183 41.7420820716,13.8920829183 41.7418042908,13.8923606985 41.7418042908,13.8923606985 41.7412487293,13.8920829183 41.7412487293,13.8920829183 41.7401376063,13.8912495779 41.7401376063,13.8912495779 41.740415387,13.8906940176 41.740415387,13.8906940176 41.7406931678,13.8887495566 41.7406931678,13.8887495566 41.740415387,13.8884717765 41.740415387,13.8884717765 41.7401376063,13.8881939964 41.7401376063,13.8881939964 41.7398598255,13.8884717765 41.7398598255,13.8884717765 41.7395820447,13.8895828971 41.7395820447,13.8895828971 41.739304264,13.8898606772 41.739304264,13.8898606772 41.7387487025,13.8901384573 41.7387487025,13.8901384573 41.7384709217,13.8904162375 41.7384709217,13.8904162375 41.7379153602,13.8906940176 41.7379153602,13.8906940176 41.7376375794,13.8904162375 41.7376375794,13.8904162375 41.7359708949,13.8890273368 41.7359708949,13.8890273368 41.7356931141,13.8879162162 41.7356931141,13.8879162162 41.7354153333,13.8873606559 41.7354153333,13.8873606559 41.7351375526,13.8856939751 41.7351375526,13.8856939751 41.7348597718,13.883471734 41.7348597718,13.883471734 41.7345819911,13.8820828333 41.7345819911,13.8820828333 41.7343042103,13.8818050531 41.7343042103,13.8818050531 41.7345819911,13.881527273 41.7345819911)),((13.9012496629 41.7506932752,13.9009718828 41.7506932752,13.9009718828 41.7509710559,13.9012496629 41.7509710559,13.9012496629 41.7506932752)),((13.8690271667 41.7679156823,13.8690271667 41.7676379016,13.8698605071 41.7676379016,13.8698605071 41.7673601208,13.8704160674 41.7673601208,13.8704160674 41.76708234,13.8709716277 41.76708234,13.8709716277 41.7668045593,13.8718049681 41.7668045593,13.8718049681 41.7665267785,13.8723605284 41.7665267785,13.8723605284 41.7662489978,13.8731938688 41.7662489978,13.8731938688 41.765971217,13.8737494291 41.765971217,13.8737494291 41.7656934362,13.8740272092 41.7656934362,13.8740272092 41.7651378747,13.8748605497 41.7651378747,13.8748605497 41.764860094,13.8756938901 41.764860094,13.8756938901 41.7645823132,13.8762494503 41.7645823132,13.8762494503 41.7643045324,13.8765272305 41.7643045324,13.8765272305 41.7640267517,13.8784716915 41.7640267517,13.8784716915 41.7643045324,13.879582812 41.7643045324,13.879582812 41.7640267517,13.8806939326 41.7640267517,13.8806939326 41.7637489709,13.8818050531 41.7637489709,13.8818050531 41.7634711902,13.8826383936 41.7634711902,13.8826383936 41.7631934094,13.8837495141 41.7631934094,13.8837495141 41.7629156286,13.8848606347 41.7629156286,13.8848606347 41.7626378479,13.8859717552 41.7626378479,13.8859717552 41.7623600671,13.8862495354 41.7623600671,13.8862495354 41.7620822864,13.8826383936 41.7620822864,13.8826383936 41.7623600671,13.8818050531 41.7623600671,13.8818050531 41.7626378479,13.8806939326 41.7626378479,13.8806939326 41.7629156286,13.879582812 41.7629156286,13.879582812 41.7631934094,13.8779161312 41.7631934094,13.8779161312 41.7629156286,13.8759716702 41.7629156286,13.8759716702 41.7631934094,13.8754161099 41.7631934094,13.8754161099 41.7634711902,13.8748605497 41.7634711902,13.8748605497 41.7637489709,13.8737494291 41.7637489709,13.8737494291 41.7640267517,13.8729160887 41.7640267517,13.8729160887 41.7643045324,13.8726383085 41.7643045324,13.8726383085 41.764860094,13.8723605284 41.764860094,13.8723605284 41.7651378747,13.8720827483 41.7651378747,13.8720827483 41.7654156555,13.8718049681 41.7654156555,13.8718049681 41.7656934362,13.871527188 41.7656934362,13.871527188 41.765971217,13.8712494078 41.765971217,13.8712494078 41.7662489978,13.8709716277 41.7662489978,13.8709716277 41.7665267785,13.8706938476 41.7665267785,13.8706938476 41.7668045593,13.869582727 41.7668045593,13.869582727 41.76708234,13.8684716064 41.76708234,13.8684716064 41.7673601208,13.8681938263 41.7673601208,13.8681938263 41.7676379016,13.867638266 41.7676379016,13.867638266 41.7681934631,13.8684716064 41.7681934631,13.8684716064 41.7679156823,13.8690271667 41.7679156823)),((13.867638266 41.7684712438,13.867638266 41.7681934631,13.8673604859 41.7681934631,13.8673604859 41.7684712438,13.867638266 41.7684712438)))"
326,"pnalm_scarab_000326","Aphodius fimetarius (Linnaeus, 1758) / Aphodius pedellus Degeer, 1774","NULL","species","NULL","NULL","NULL","Scarabaeoidea","Coleoptera","NULL","NULL","Aphodius","fimetarius","NULL","Italy","IT","NULL","NULL","NULL","Val Fondillo","Val Fondillo",,"NULL","NULL","NULL","NULL",,,"NULL","NULL","NULL","NULL","NULL","NULL","22859","1962","8","1","Giovanni Papini","NULL","NULL","PreservedSpecimen","NULL","CGP-PNALM","NULL","NULL","NULL","NULL","NULL","NULL","NULL","field_survey","NULL","CC BY 4.0","needs_review","NULL","NULL","NULL",1,"PNALM","Scarabaeoidea","",,13.8704742473229,41.7555553357692,3046,"MULTIPOLYGON(((13.857310829 41.7797921313,13.8517961231 41.7791618792,13.8493276357 41.7727017952,13.8479620895 41.7678698624,13.8500629298 41.7630379297,13.8519536861 41.7569454927,13.8566805769 41.752743812,13.8625629298 41.7498026355,13.8705461231 41.7474917112,13.8765335181 41.7406639801,13.8781091483 41.7382480137,13.882310829 41.733941291,13.8871427618 41.7317354086,13.8891385601 41.7319454927,13.8924999046 41.7356219633,13.8985923416 41.7441303666,13.9034242744 41.7444454927,13.9031091483 41.7484370893,13.8959662912 41.7575757448,13.8937604088 41.7577858288,13.8928150307 41.7607270053,13.8749578878 41.765348854,13.8640335181 41.7698656607,13.8604095685 41.7752228036,13.85736335 41.7796870893,13.857310829 41.7797921313)))"
415,"pnalm_scarab_000415","Calamosternus granarius (Linnaeus, 1767) (= Aphodius granarius (Linnaeus, 1767)","Linnaeus, 1767","species","NULL","NULL","NULL","Scarabaeoidea","Coleoptera","NULL","NULL","Calamosternus","granarius","NULL","Italy","IT","NULL","NULL","NULL","Val Fondillo","Val Fondillo",,"NULL","NULL","NULL","NULL",,,"NULL","NULL","NULL","NULL","NULL","NULL","22828","1962","7","1","Giovanni Papini","NULL","NULL","PreservedSpecimen","NULL","CGP-PNALM","NULL","NULL","NULL","NULL","NULL","NULL","NULL","field_survey","NULL","CC BY 4.0","needs_review","NULL","NULL","NULL",1,"PNALM","Scarabaeoidea","",,13.8704742473229,41.7555553357692,3046,"MULTIPOLYGON(((13.857310829 41.7797921313,13.8517961231 41.7791618792,13.8493276357 41.7727017952,13.8479620895 41.7678698624,13.8500629298 41.7630379297,13.8519536861 41.7569454927,13.8566805769 41.752743812,13.8625629298 41.7498026355,13.8705461231 41.7474917112,13.8765335181 41.7406639801,13.8781091483 41.7382480137,13.882310829 41.733941291,13.8871427618 41.7317354086,13.8891385601 41.7319454927,13.8924999046 41.7356219633,13.8985923416 41.7441303666,13.9034242744 41.7444454927,13.9031091483 41.7484370893,13.8959662912 41.7575757448,13.8937604088 41.7577858288,13.8928150307 41.7607270053,13.8749578878 41.765348854,13.8640335181 41.7698656607,13.8604095685 41.7752228036,13.85736335 41.7796870893,13.857310829 41.7797921313)))"
416,"pnalm_scarab_000416","Calamosternus granarius (Linnaeus, 1767) (= Aphodius granarius (Linnaeus, 1767)","Linnaeus, 1767","species","NULL","NULL","NULL","Scarabaeoidea","Coleoptera","NULL","NULL","Calamosternus","granarius","NULL","Italy","IT","NULL","NULL","NULL","Val Fondillo","Val Fondillo",,"NULL","NULL","NULL","NULL",,,"NULL","NULL","NULL","NULL","NULL","NULL","22859","1962","8","1","Giovanni Papini","NULL","NULL","PreservedSpecimen","NULL","CGP-PNALM","NULL","NULL","NULL","NULL","NULL","NULL","NULL","field_survey","NULL","CC BY 4.0","needs_review","NULL","NULL","NULL",1,"PNALM","Scarabaeoidea","",,13.8704742473229,41.7555553357692,3046,"MULTIPOLYGON(((13.857310829 41.7797921313,13.8517961231 41.7791618792,13.8493276357 41.7727017952,13.8479620895 41.7678698624,13.8500629298 41.7630379297,13.8519536861 41.7569454927,13.8566805769 41.752743812,13.8625629298 41.7498026355,13.8705461231 41.7474917112,13.8765335181 41.7406639801,13.8781091483 41.7382480137,13.882310829 41.733941291,13.8871427618 41.7317354086,13.8891385601 41.7319454927,13.8924999046 41.7356219633,13.8985923416 41.7441303666,13.9034242744 41.7444454927,13.9031091483 41.7484370893,13.8959662912 41.7575757448,13.8937604088 41.7577858288,13.8928150307 41.7607270053,13.8749578878 41.765348854,13.8640335181 41.7698656607,13.8604095685 41.7752228036,13.85736335 41.7796870893,13.857310829 41.7797921313)))"
417,"pnalm_scarab_000417","Calamosternus granarius (Linnaeus, 1767) (= Aphodius granarius (Linnaeus, 1767)","Linnaeus, 1767","species","NULL","NULL","NULL","Scarabaeoidea","Coleoptera","NULL","NULL","Calamosternus","granarius","NULL","Italy","IT","NULL","NULL","NULL","Val Fondillo","Val Fondillo",,"NULL","NULL","NULL","NULL",,,"NULL","NULL","NULL","NULL","NULL","NULL","23528","1964","5","31","Giovanni Papini","NULL","NULL","PreservedSpecimen","NULL","CGP-PNALM","NULL","NULL","NULL","NULL","NULL","NULL","NULL","field_survey","NULL","CC BY 4.0","needs_review","NULL","NULL","NULL",1,"PNALM","Scarabaeoidea","",,13.8704742473229,41.7555553357692,3046,"MULTIPOLYGON(((13.857310829 41.7797921313,13.8517961231 41.7791618792,13.8493276357 41.7727017952,13.8479620895 41.7678698624,13.8500629298 41.7630379297,13.8519536861 41.7569454927,13.8566805769 41.752743812,13.8625629298 41.7498026355,13.8705461231 41.7474917112,13.8765335181 41.7406639801,13.8781091483 41.7382480137,13.882310829 41.733941291,13.8871427618 41.7317354086,13.8891385601 41.7319454927,13.8924999046 41.7356219633,13.8985923416 41.7441303666,13.9034242744 41.7444454927,13.9031091483 41.7484370893,13.8959662912 41.7575757448,13.8937604088 41.7577858288,13.8928150307 41.7607270053,13.8749578878 41.765348854,13.8640335181 41.7698656607,13.8604095685 41.7752228036,13.85736335 41.7796870893,13.857310829 41.7797921313)))"
422,"pnalm_scarab_000422","Calamosternus granarius (Linnaeus, 1767) (= Aphodius granarius (Linnaeus, 1767)","Linnaeus, 1767","species","NULL","NULL","NULL","Scarabaeoidea","Coleoptera","NULL","NULL","Calamosternus","granarius","NULL","Italy","IT","NULL","NULL","NULL","Val Fondillo","Val Fondillo",,"NULL","NULL","NULL","NULL",,,"NULL","NULL","NULL","NULL","NULL","NULL","25018","1968","6","29","Giovanni Papini","NULL","NULL","PreservedSpecimen","NULL","CGP-PNALM","NULL","NULL","NULL","NULL","NULL","NULL","NULL","field_survey","NULL","CC BY 4.0","needs_review","NULL","NULL","NULL",1,"PNALM","Scarabaeoidea","",,13.8704742473229,41.7555553357692,3046,"MULTIPOLYGON(((13.857310829 41.7797921313,13.8517961231 41.7791618792,13.8493276357 41.7727017952,13.8479620895 41.7678698624,13.8500629298 41.7630379297,13.8519536861 41.7569454927,13.8566805769 41.752743812,13.8625629298 41.7498026355,13.8705461231 41.7474917112,13.8765335181 41.7406639801,13.8781091483 41.7382480137,13.882310829 41.733941291,13.8871427618 41.7317354086,13.8891385601 41.7319454927,13.8924999046 41.7356219633,13.8985923416 41.7441303666,13.9034242744 41.7444454927,13.9031091483 41.7484370893,13.8959662912 41.7575757448,13.8937604088 41.7577858288,13.8928150307 41.7607270053,13.8749578878 41.765348854,13.8640335181 41.7698656607,13.8604095685 41.7752228036,13.85736335 41.7796870893,13.857310829 41.7797921313)))"
438,"pnalm_scarab_000438","Chilothorax conspurcatus (Linnaeus, 1758) (= Aphodius conspurcatus (Linnaeus, 1758)","Linnaeus, 1758","species","NULL","NULL","NULL","Scarabaeoidea","Coleoptera","NULL","NULL","Chilothorax","conspurcatus","NULL","Italy","IT","NULL","NULL","NULL","Val Fondillo","Val Fondillo",1600,"1600.0","NULL","NULL","NULL",,,"NULL","NULL","NULL","NULL","NULL","NULL","1996","1996","NULL","NULL","NULL","NULL","NULL","HumanObservation","NULL","NULL","NULL","NULL","NULL","NULL","NULL","(Carpaneto et al. 2005)","NULL","literature","NULL","NULL","needs_review","NULL","NULL","NULL",4,"PNALM","Scarabaeoidea","",,13.881805053143,41.7520821789709,2180,"MULTIPOLYGON(((13.8826383936 41.7337486488,13.8823606134 41.7337486488,13.8823606134 41.7340264295,13.8826383936 41.7340264295,13.8826383936 41.7337486488)),((13.8820828333 41.7340264295,13.8820828333 41.7343042103,13.8823606134 41.7343042103,13.8823606134 41.7340264295,13.8820828333 41.7340264295)),((13.881527273 41.7345819911,13.881527273 41.7348597718,13.8812494929 41.7348597718,13.8812494929 41.7351375526,13.8809717127 41.7351375526,13.8809717127 41.7354153333,13.8806939326 41.7354153333,13.8806939326 41.7356931141,13.8804161524 41.7356931141,13.8804161524 41.7359708949,13.8820828333 41.7359708949,13.8820828333 41.7362486756,13.8840272943 41.7362486756,13.8840272943 41.7365264564,13.8848606347 41.7365264564,13.8848606347 41.7368042371,13.885416195 41.7368042371,13.885416195 41.7370820179,13.8859717552 41.7370820179,13.8859717552 41.7373597987,13.8879162162 41.7373597987,13.8879162162 41.7381931409,13.8873606559 41.7381931409,13.8873606559 41.7384709217,13.8870828758 41.7384709217,13.8870828758 41.7387487025,13.8868050957 41.7387487025,13.8868050957 41.7390264832,13.8865273155 41.7390264832,13.8865273155 41.7395820447,13.8862495354 41.7395820447,13.8862495354 41.7398598255,13.8859717552 41.7398598255,13.8859717552 41.7406931678,13.8856939751 41.7406931678,13.8856939751 41.7412487293,13.8851384148 41.7412487293,13.8851384148 41.7415265101,13.8848606347 41.7415265101,13.8848606347 41.7418042908,13.8845828545 41.7418042908,13.8845828545 41.7423598523,13.8848606347 41.7423598523,13.8848606347 41.7429154139,13.885416195 41.7429154139,13.885416195 41.7431931946,13.8868050957 41.7431931946,13.8868050957 41.7429154139,13.8870828758 41.7429154139,13.8870828758 41.7426376331,13.8898606772 41.7426376331,13.8898606772 41.7429154139,13.8890273368 41.7429154139,13.8890273368 41.7431931946,13.8884717765 41.7431931946,13.8884717765 41.7434709754,13.8881939964 41.7434709754,13.8881939964 41.7437487562,13.8876384361 41.7437487562,13.8876384361 41.7443043177,13.8873606559 41.7443043177,13.8873606559 41.7445820984,13.8870828758 41.7445820984,13.8870828758 41.7459710022,13.8873606559 41.7459710022,13.8873606559 41.746248783,13.8879162162 41.746248783,13.8879162162 41.7465265638,13.8884717765 41.7465265638,13.8884717765 41.7468043445,13.8890273368 41.7468043445,13.8890273368 41.7470821253,13.8893051169 41.7470821253,13.8893051169 41.7476376868,13.8909717978 41.7476376868,13.8909717978 41.7481932483,13.8912495779 41.7481932483,13.8912495779 41.7484710291,13.891527358 41.7484710291,13.891527358 41.7487488098,13.8929162587 41.7487488098,13.8929162587 41.7490265906,13.8937495991 41.7490265906,13.8937495991 41.7493043714,13.8943051594 41.7493043714,13.8943051594 41.7495821521,13.8956940601 41.7495821521,13.8956940601 41.7498599329,13.8962496204 41.7498599329,13.8962496204 41.7501377136,13.89541628 41.7501377136,13.89541628 41.7504154944,13.8948607197 41.7504154944,13.8948607197 41.7506932752,13.8945829396 41.7506932752,13.8945829396 41.7509710559,13.8937495991 41.7509710559,13.8937495991 41.7506932752,13.893471819 41.7506932752,13.893471819 41.7509710559,13.8909717978 41.7509710559,13.8909717978 41.7512488367,13.8904162375 41.7512488367,13.8904162375 41.7515266174,13.8901384573 41.7515266174,13.8901384573 41.7518043982,13.8884717765 41.7518043982,13.8884717765 41.752082179,13.8881939964 41.752082179,13.8881939964 41.7523599597,13.8876384361 41.7523599597,13.8876384361 41.7526377405,13.8856939751 41.7526377405,13.8856939751 41.7523599597,13.8851384148 41.7523599597,13.8851384148 41.752082179,13.8845828545 41.752082179,13.8845828545 41.7518043982,13.8840272943 41.7518043982,13.8840272943 41.7515266174,13.8837495141 41.7515266174,13.8837495141 41.7512488367,13.8829161737 41.7512488367,13.8829161737 41.7515266174,13.8823606134 41.7515266174,13.8823606134 41.7518043982,13.8820828333 41.7518043982,13.8820828333 41.752082179,13.8818050531 41.752082179,13.8818050531 41.7523599597,13.8820828333 41.7523599597,13.8820828333 41.7529155213,13.8823606134 41.7529155213,13.8823606134 41.753193302,13.8826383936 41.753193302,13.8826383936 41.7534710828,13.8829161737 41.7534710828,13.8829161737 41.7537488635,13.8831939538 41.7537488635,13.8831939538 41.7543044251,13.8837495141 41.7543044251,13.8837495141 41.7545822058,13.8840272943 41.7545822058,13.8840272943 41.7548599866,13.8843050744 41.7548599866,13.8843050744 41.7551377673,13.8848606347 41.7551377673,13.8848606347 41.7554155481,13.8851384148 41.7554155481,13.8851384148 41.7556933289,13.8856939751 41.7556933289,13.8856939751 41.7559711096,13.8862495354 41.7559711096,13.8862495354 41.7562488904,13.8873606559 41.7562488904,13.8873606559 41.7565266711,13.8893051169 41.7565266711,13.8893051169 41.7573600134,13.8890273368 41.7573600134,13.8890273368 41.7584711365,13.8893051169 41.7584711365,13.8893051169 41.7587489172,13.8895828971 41.7587489172,13.8895828971 41.759026698,13.8898606772 41.759026698,13.8898606772 41.7593044787,13.8901384573 41.7593044787,13.8901384573 41.7598600403,13.8904162375 41.7598600403,13.8904162375 41.7606933826,13.8901384573 41.7606933826,13.8901384573 41.7609711633,13.8898606772 41.7609711633,13.8898606772 41.7612489441,13.8895828971 41.7612489441,13.8895828971 41.7615267248,13.8901384573 41.7615267248,13.8901384573 41.7612489441,13.8912495779 41.7612489441,13.8912495779 41.7609711633,13.8923606985 41.7609711633,13.8923606985 41.7606933826,13.8929162587 41.7606933826,13.8929162587 41.7598600403,13.8931940389 41.7598600403,13.8931940389 41.759026698,13.893471819 41.759026698,13.893471819 41.7581933557,13.8937495991 41.7581933557,13.8937495991 41.7576377942,13.8931940389 41.7576377942,13.8931940389 41.7579155749,13.8929162587 41.7579155749,13.8929162587 41.7581933557,13.8926384786 41.7581933557,13.8926384786 41.7584711365,13.8923606985 41.7584711365,13.8923606985 41.7593044787,13.8918051382 41.7593044787,13.8918051382 41.759026698,13.8912495779 41.759026698,13.8912495779 41.7587489172,13.8909717978 41.7587489172,13.8909717978 41.7584711365,13.8904162375 41.7584711365,13.8904162375 41.7576377942,13.8906940176 41.7576377942,13.8906940176 41.7562488904,13.8909717978 41.7562488904,13.8909717978 41.7559711096,13.8906940176 41.7559711096,13.8906940176 41.7556933289,13.8890273368 41.7556933289,13.8890273368 41.7554155481,13.8879162162 41.7554155481,13.8879162162 41.7551377673,13.8873606559 41.7551377673,13.8873606559 41.7548599866,13.8870828758 41.7548599866,13.8870828758 41.7545822058,13.8868050957 41.7545822058,13.8868050957 41.7543044251,13.8865273155 41.7543044251,13.8865273155 41.7537488635,13.8884717765 41.7537488635,13.8884717765 41.7534710828,13.8890273368 41.7534710828,13.8890273368 41.753193302,13.8906940176 41.753193302,13.8906940176 41.7529155213,13.8909717978 41.7529155213,13.8909717978 41.7523599597,13.8912495779 41.7523599597,13.8912495779 41.752082179,13.8940273793 41.752082179,13.8940273793 41.7523599597,13.8948607197 41.7523599597,13.8948607197 41.752082179,13.8962496204 41.752082179,13.8962496204 41.7518043982,13.8965274005 41.7518043982,13.8965274005 41.7515266174,13.8968051807 41.7515266174,13.8968051807 41.7512488367,13.8970829608 41.7512488367,13.8970829608 41.7509710559,13.8976385211 41.7509710559,13.8976385211 41.7506932752,13.8981940814 41.7506932752,13.8981940814 41.7509710559,13.8993052019 41.7509710559,13.8993052019 41.7504154944,13.8995829821 41.7504154944,13.8995829821 41.7495821521,13.8993052019 41.7495821521,13.8993052019 41.7490265906,13.8990274218 41.7490265906,13.8990274218 41.7481932483,13.8987496417 41.7481932483,13.8987496417 41.747359906,13.8984718615 41.747359906,13.8984718615 41.7476376868,13.8981940814 41.7476376868,13.8981940814 41.7479154676,13.897360741 41.7479154676,13.897360741 41.7481932483,13.8965274005 41.7481932483,13.8965274005 41.7484710291,13.8945829396 41.7484710291,13.8945829396 41.7481932483,13.8943051594 41.7481932483,13.8943051594 41.7479154676,13.8940273793 41.7479154676,13.8940273793 41.7476376868,13.8937495991 41.7476376868,13.8937495991 41.747359906,13.893471819 41.747359906,13.893471819 41.7476376868,13.8931940389 41.7476376868,13.8931940389 41.747359906,13.8923606985 41.747359906,13.8923606985 41.7470821253,13.8920829183 41.7470821253,13.8920829183 41.7468043445,13.8918051382 41.7468043445,13.8918051382 41.7465265638,13.8909717978 41.7465265638,13.8909717978 41.746248783,13.8898606772 41.746248783,13.8898606772 41.7459710022,13.8893051169 41.7459710022,13.8893051169 41.74513766,13.8898606772 41.74513766,13.8898606772 41.7448598792,13.8904162375 41.7448598792,13.8904162375 41.7445820984,13.8909717978 41.7445820984,13.8909717978 41.7443043177,13.891527358 41.7443043177,13.891527358 41.7440265369,13.8918051382 41.7440265369,13.8918051382 41.7437487562,13.8920829183 41.7437487562,13.8920829183 41.7434709754,13.8923606985 41.7434709754,13.8923606985 41.7431931946,13.8926384786 41.7431931946,13.8926384786 41.7426376331,13.8923606985 41.7426376331,13.8923606985 41.7420820716,13.8920829183 41.7420820716,13.8920829183 41.7418042908,13.8923606985 41.7418042908,13.8923606985 41.7412487293,13.8920829183 41.7412487293,13.8920829183 41.7401376063,13.8912495779 41.7401376063,13.8912495779 41.740415387,13.8906940176 41.740415387,13.8906940176 41.7406931678,13.8887495566 41.7406931678,13.8887495566 41.740415387,13.8884717765 41.740415387,13.8884717765 41.7401376063,13.8881939964 41.7401376063,13.8881939964 41.7398598255,13.8884717765 41.7398598255,13.8884717765 41.7395820447,13.8895828971 41.7395820447,13.8895828971 41.739304264,13.8898606772 41.739304264,13.8898606772 41.7387487025,13.8901384573 41.7387487025,13.8901384573 41.7384709217,13.8904162375 41.7384709217,13.8904162375 41.7379153602,13.8906940176 41.7379153602,13.8906940176 41.7376375794,13.8904162375 41.7376375794,13.8904162375 41.7359708949,13.8890273368 41.7359708949,13.8890273368 41.7356931141,13.8879162162 41.7356931141,13.8879162162 41.7354153333,13.8873606559 41.7354153333,13.8873606559 41.7351375526,13.8856939751 41.7351375526,13.8856939751 41.7348597718,13.883471734 41.7348597718,13.883471734 41.7345819911,13.8820828333 41.7345819911,13.8820828333 41.7343042103,13.8818050531 41.7343042103,13.8818050531 41.7345819911,13.881527273 41.7345819911)),((13.9012496629 41.7506932752,13.9009718828 41.7506932752,13.9009718828 41.7509710559,13.9012496629 41.7509710559,13.9012496629 41.7506932752)),((13.8690271667 41.7679156823,13.8690271667 41.7676379016,13.8698605071 41.7676379016,13.8698605071 41.7673601208,13.8704160674 41.7673601208,13.8704160674 41.76708234,13.8709716277 41.76708234,13.8709716277 41.7668045593,13.8718049681 41.7668045593,13.8718049681 41.7665267785,13.8723605284 41.7665267785,13.8723605284 41.7662489978,13.8731938688 41.7662489978,13.8731938688 41.765971217,13.8737494291 41.765971217,13.8737494291 41.7656934362,13.8740272092 41.7656934362,13.8740272092 41.7651378747,13.8748605497 41.7651378747,13.8748605497 41.764860094,13.8756938901 41.764860094,13.8756938901 41.7645823132,13.8762494503 41.7645823132,13.8762494503 41.7643045324,13.8765272305 41.7643045324,13.8765272305 41.7640267517,13.8784716915 41.7640267517,13.8784716915 41.7643045324,13.879582812 41.7643045324,13.879582812 41.7640267517,13.8806939326 41.7640267517,13.8806939326 41.7637489709,13.8818050531 41.7637489709,13.8818050531 41.7634711902,13.8826383936 41.7634711902,13.8826383936 41.7631934094,13.8837495141 41.7631934094,13.8837495141 41.7629156286,13.8848606347 41.7629156286,13.8848606347 41.7626378479,13.8859717552 41.7626378479,13.8859717552 41.7623600671,13.8862495354 41.7623600671,13.8862495354 41.7620822864,13.8826383936 41.7620822864,13.8826383936 41.7623600671,13.8818050531 41.7623600671,13.8818050531 41.7626378479,13.8806939326 41.7626378479,13.8806939326 41.7629156286,13.879582812 41.7629156286,13.879582812 41.7631934094,13.8779161312 41.7631934094,13.8779161312 41.7629156286,13.8759716702 41.7629156286,13.8759716702 41.7631934094,13.8754161099 41.7631934094,13.8754161099 41.7634711902,13.8748605497 41.7634711902,13.8748605497 41.7637489709,13.8737494291 41.7637489709,13.8737494291 41.7640267517,13.8729160887 41.7640267517,13.8729160887 41.7643045324,13.8726383085 41.7643045324,13.8726383085 41.764860094,13.8723605284 41.764860094,13.8723605284 41.7651378747,13.8720827483 41.7651378747,13.8720827483 41.7654156555,13.8718049681 41.7654156555,13.8718049681 41.7656934362,13.871527188 41.7656934362,13.871527188 41.765971217,13.8712494078 41.765971217,13.8712494078 41.7662489978,13.8709716277 41.7662489978,13.8709716277 41.7665267785,13.8706938476 41.7665267785,13.8706938476 41.7668045593,13.869582727 41.7668045593,13.869582727 41.76708234,13.8684716064 41.76708234,13.8684716064 41.7673601208,13.8681938263 41.7673601208,13.8681938263 41.7676379016,13.867638266 41.7676379016,13.867638266 41.7681934631,13.8684716064 41.7681934631,13.8684716064 41.7679156823,13.8690271667 41.7679156823)),((13.867638266 41.7684712438,13.867638266 41.7681934631,13.8673604859 41.7681934631,13.8673604859 41.7684712438,13.867638266 41.7684712438)))"
453,"pnalm_scarab_000453","Colobopterus erraticus (Linnaeus, 1758) (= Aphodius erraticus (Linnaeus, 1758)","Linnaeus, 1758","species","NULL","NULL","NULL","Scarabaeoidea","Coleoptera","NULL","NULL","Colobopterus","erraticus","NULL","Italy","IT","NULL","NULL","NULL","Val Fondillo","Val Fondillo",1600,"1600.0","NULL","NULL","NULL",,,"NULL","NULL","NULL","NULL","NULL","NULL","22828","1962","7","1","Giovanni Papini","NULL","NULL","PreservedSpecimen","NULL","CGP-PNALM","NULL","NULL","NULL","NULL","NULL","NULL","NULL","field_survey","NULL","CC BY 4.0","needs_review","NULL","NULL","NULL",4,"PNALM","Scarabaeoidea","",,13.881805053143,41.7520821789709,2180,"MULTIPOLYGON(((13.8826383936 41.7337486488,13.8823606134 41.7337486488,13.8823606134 41.7340264295,13.8826383936 41.7340264295,13.8826383936 41.7337486488)),((13.8820828333 41.7340264295,13.8820828333 41.7343042103,13.8823606134 41.7343042103,13.8823606134 41.7340264295,13.8820828333 41.7340264295)),((13.881527273 41.7345819911,13.881527273 41.7348597718,13.8812494929 41.7348597718,13.8812494929 41.7351375526,13.8809717127 41.7351375526,13.8809717127 41.7354153333,13.8806939326 41.7354153333,13.8806939326 41.7356931141,13.8804161524 41.7356931141,13.8804161524 41.7359708949,13.8820828333 41.7359708949,13.8820828333 41.7362486756,13.8840272943 41.7362486756,13.8840272943 41.7365264564,13.8848606347 41.7365264564,13.8848606347 41.7368042371,13.885416195 41.7368042371,13.885416195 41.7370820179,13.8859717552 41.7370820179,13.8859717552 41.7373597987,13.8879162162 41.7373597987,13.8879162162 41.7381931409,13.8873606559 41.7381931409,13.8873606559 41.7384709217,13.8870828758 41.7384709217,13.8870828758 41.7387487025,13.8868050957 41.7387487025,13.8868050957 41.7390264832,13.8865273155 41.7390264832,13.8865273155 41.7395820447,13.8862495354 41.7395820447,13.8862495354 41.7398598255,13.8859717552 41.7398598255,13.8859717552 41.7406931678,13.8856939751 41.7406931678,13.8856939751 41.7412487293,13.8851384148 41.7412487293,13.8851384148 41.7415265101,13.8848606347 41.7415265101,13.8848606347 41.7418042908,13.8845828545 41.7418042908,13.8845828545 41.7423598523,13.8848606347 41.7423598523,13.8848606347 41.7429154139,13.885416195 41.7429154139,13.885416195 41.7431931946,13.8868050957 41.7431931946,13.8868050957 41.7429154139,13.8870828758 41.7429154139,13.8870828758 41.7426376331,13.8898606772 41.7426376331,13.8898606772 41.7429154139,13.8890273368 41.7429154139,13.8890273368 41.7431931946,13.8884717765 41.7431931946,13.8884717765 41.7434709754,13.8881939964 41.7434709754,13.8881939964 41.7437487562,13.8876384361 41.7437487562,13.8876384361 41.7443043177,13.8873606559 41.7443043177,13.8873606559 41.7445820984,13.8870828758 41.7445820984,13.8870828758 41.7459710022,13.8873606559 41.7459710022,13.8873606559 41.746248783,13.8879162162 41.746248783,13.8879162162 41.7465265638,13.8884717765 41.7465265638,13.8884717765 41.7468043445,13.8890273368 41.7468043445,13.8890273368 41.7470821253,13.8893051169 41.7470821253,13.8893051169 41.7476376868,13.8909717978 41.7476376868,13.8909717978 41.7481932483,13.8912495779 41.7481932483,13.8912495779 41.7484710291,13.891527358 41.7484710291,13.891527358 41.7487488098,13.8929162587 41.7487488098,13.8929162587 41.7490265906,13.8937495991 41.7490265906,13.8937495991 41.7493043714,13.8943051594 41.7493043714,13.8943051594 41.7495821521,13.8956940601 41.7495821521,13.8956940601 41.7498599329,13.8962496204 41.7498599329,13.8962496204 41.7501377136,13.89541628 41.7501377136,13.89541628 41.7504154944,13.8948607197 41.7504154944,13.8948607197 41.7506932752,13.8945829396 41.7506932752,13.8945829396 41.7509710559,13.8937495991 41.7509710559,13.8937495991 41.7506932752,13.893471819 41.7506932752,13.893471819 41.7509710559,13.8909717978 41.7509710559,13.8909717978 41.7512488367,13.8904162375 41.7512488367,13.8904162375 41.7515266174,13.8901384573 41.7515266174,13.8901384573 41.7518043982,13.8884717765 41.7518043982,13.8884717765 41.752082179,13.8881939964 41.752082179,13.8881939964 41.7523599597,13.8876384361 41.7523599597,13.8876384361 41.7526377405,13.8856939751 41.7526377405,13.8856939751 41.7523599597,13.8851384148 41.7523599597,13.8851384148 41.752082179,13.8845828545 41.752082179,13.8845828545 41.7518043982,13.8840272943 41.7518043982,13.8840272943 41.7515266174,13.8837495141 41.7515266174,13.8837495141 41.7512488367,13.8829161737 41.7512488367,13.8829161737 41.7515266174,13.8823606134 41.7515266174,13.8823606134 41.7518043982,13.8820828333 41.7518043982,13.8820828333 41.752082179,13.8818050531 41.752082179,13.8818050531 41.7523599597,13.8820828333 41.7523599597,13.8820828333 41.7529155213,13.8823606134 41.7529155213,13.8823606134 41.753193302,13.8826383936 41.753193302,13.8826383936 41.7534710828,13.8829161737 41.7534710828,13.8829161737 41.7537488635,13.8831939538 41.7537488635,13.8831939538 41.7543044251,13.8837495141 41.7543044251,13.8837495141 41.7545822058,13.8840272943 41.7545822058,13.8840272943 41.7548599866,13.8843050744 41.7548599866,13.8843050744 41.7551377673,13.8848606347 41.7551377673,13.8848606347 41.7554155481,13.8851384148 41.7554155481,13.8851384148 41.7556933289,13.8856939751 41.7556933289,13.8856939751 41.7559711096,13.8862495354 41.7559711096,13.8862495354 41.7562488904,13.8873606559 41.7562488904,13.8873606559 41.7565266711,13.8893051169 41.7565266711,13.8893051169 41.7573600134,13.8890273368 41.7573600134,13.8890273368 41.7584711365,13.8893051169 41.7584711365,13.8893051169 41.7587489172,13.8895828971 41.7587489172,13.8895828971 41.759026698,13.8898606772 41.759026698,13.8898606772 41.7593044787,13.8901384573 41.7593044787,13.8901384573 41.7598600403,13.8904162375 41.7598600403,13.8904162375 41.7606933826,13.8901384573 41.7606933826,13.8901384573 41.7609711633,13.8898606772 41.7609711633,13.8898606772 41.7612489441,13.8895828971 41.7612489441,13.8895828971 41.7615267248,13.8901384573 41.7615267248,13.8901384573 41.7612489441,13.8912495779 41.7612489441,13.8912495779 41.7609711633,13.8923606985 41.7609711633,13.8923606985 41.7606933826,13.8929162587 41.7606933826,13.8929162587 41.7598600403,13.8931940389 41.7598600403,13.8931940389 41.759026698,13.893471819 41.759026698,13.893471819 41.7581933557,13.8937495991 41.7581933557,13.8937495991 41.7576377942,13.8931940389 41.7576377942,13.8931940389 41.7579155749,13.8929162587 41.7579155749,13.8929162587 41.7581933557,13.8926384786 41.7581933557,13.8926384786 41.7584711365,13.8923606985 41.7584711365,13.8923606985 41.7593044787,13.8918051382 41.7593044787,13.8918051382 41.759026698,13.8912495779 41.759026698,13.8912495779 41.7587489172,13.8909717978 41.7587489172,13.8909717978 41.7584711365,13.8904162375 41.7584711365,13.8904162375 41.7576377942,13.8906940176 41.7576377942,13.8906940176 41.7562488904,13.8909717978 41.7562488904,13.8909717978 41.7559711096,13.8906940176 41.7559711096,13.8906940176 41.7556933289,13.8890273368 41.7556933289,13.8890273368 41.7554155481,13.8879162162 41.7554155481,13.8879162162 41.7551377673,13.8873606559 41.7551377673,13.8873606559 41.7548599866,13.8870828758 41.7548599866,13.8870828758 41.7545822058,13.8868050957 41.7545822058,13.8868050957 41.7543044251,13.8865273155 41.7543044251,13.8865273155 41.7537488635,13.8884717765 41.7537488635,13.8884717765 41.7534710828,13.8890273368 41.7534710828,13.8890273368 41.753193302,13.8906940176 41.753193302,13.8906940176 41.7529155213,13.8909717978 41.7529155213,13.8909717978 41.7523599597,13.8912495779 41.7523599597,13.8912495779 41.752082179,13.8940273793 41.752082179,13.8940273793 41.7523599597,13.8948607197 41.7523599597,13.8948607197 41.752082179,13.8962496204 41.752082179,13.8962496204 41.7518043982,13.8965274005 41.7518043982,13.8965274005 41.7515266174,13.8968051807 41.7515266174,13.8968051807 41.7512488367,13.8970829608 41.7512488367,13.8970829608 41.7509710559,13.8976385211 41.7509710559,13.8976385211 41.7506932752,13.8981940814 41.7506932752,13.8981940814 41.7509710559,13.8993052019 41.7509710559,13.8993052019 41.7504154944,13.8995829821 41.7504154944,13.8995829821 41.7495821521,13.8993052019 41.7495821521,13.8993052019 41.7490265906,13.8990274218 41.7490265906,13.8990274218 41.7481932483,13.8987496417 41.7481932483,13.8987496417 41.747359906,13.8984718615 41.747359906,13.8984718615 41.7476376868,13.8981940814 41.7476376868,13.8981940814 41.7479154676,13.897360741 41.7479154676,13.897360741 41.7481932483,13.8965274005 41.7481932483,13.8965274005 41.7484710291,13.8945829396 41.7484710291,13.8945829396 41.7481932483,13.8943051594 41.7481932483,13.8943051594 41.7479154676,13.8940273793 41.7479154676,13.8940273793 41.7476376868,13.8937495991 41.7476376868,13.8937495991 41.747359906,13.893471819 41.747359906,13.893471819 41.7476376868,13.8931940389 41.7476376868,13.8931940389 41.747359906,13.8923606985 41.747359906,13.8923606985 41.7470821253,13.8920829183 41.7470821253,13.8920829183 41.7468043445,13.8918051382 41.7468043445,13.8918051382 41.7465265638,13.8909717978 41.7465265638,13.8909717978 41.746248783,13.8898606772 41.746248783,13.8898606772 41.7459710022,13.8893051169 41.7459710022,13.8893051169 41.74513766,13.8898606772 41.74513766,13.8898606772 41.7448598792,13.8904162375 41.7448598792,13.8904162375 41.7445820984,13.8909717978 41.7445820984,13.8909717978 41.7443043177,13.891527358 41.7443043177,13.891527358 41.7440265369,13.8918051382 41.7440265369,13.8918051382 41.7437487562,13.8920829183 41.7437487562,13.8920829183 41.7434709754,13.8923606985 41.7434709754,13.8923606985 41.7431931946,13.8926384786 41.7431931946,13.8926384786 41.7426376331,13.8923606985 41.7426376331,13.8923606985 41.7420820716,13.8920829183 41.7420820716,13.8920829183 41.7418042908,13.8923606985 41.7418042908,13.8923606985 41.7412487293,13.8920829183 41.7412487293,13.8920829183 41.7401376063,13.8912495779 41.7401376063,13.8912495779 41.740415387,13.8906940176 41.740415387,13.8906940176 41.7406931678,13.8887495566 41.7406931678,13.8887495566 41.740415387,13.8884717765 41.740415387,13.8884717765 41.7401376063,13.8881939964 41.7401376063,13.8881939964 41.7398598255,13.8884717765 41.7398598255,13.8884717765 41.7395820447,13.8895828971 41.7395820447,13.8895828971 41.739304264,13.8898606772 41.739304264,13.8898606772 41.7387487025,13.8901384573 41.7387487025,13.8901384573 41.7384709217,13.8904162375 41.7384709217,13.8904162375 41.7379153602,13.8906940176 41.7379153602,13.8906940176 41.7376375794,13.8904162375 41.7376375794,13.8904162375 41.7359708949,13.8890273368 41.7359708949,13.8890273368 41.7356931141,13.8879162162 41.7356931141,13.8879162162 41.7354153333,13.8873606559 41.7354153333,13.8873606559 41.7351375526,13.8856939751 41.7351375526,13.8856939751 41.7348597718,13.883471734 41.7348597718,13.883471734 41.7345819911,13.8820828333 41.7345819911,13.8820828333 41.7343042103,13.8818050531 41.7343042103,13.8818050531 41.7345819911,13.881527273 41.7345819911)),((13.9012496629 41.7506932752,13.9009718828 41.7506932752,13.9009718828 41.7509710559,13.9012496629 41.7509710559,13.9012496629 41.7506932752)),((13.8690271667 41.7679156823,13.8690271667 41.7676379016,13.8698605071 41.7676379016,13.8698605071 41.7673601208,13.8704160674 41.7673601208,13.8704160674 41.76708234,13.8709716277 41.76708234,13.8709716277 41.7668045593,13.8718049681 41.7668045593,13.8718049681 41.7665267785,13.8723605284 41.7665267785,13.8723605284 41.7662489978,13.8731938688 41.7662489978,13.8731938688 41.765971217,13.8737494291 41.765971217,13.8737494291 41.7656934362,13.8740272092 41.7656934362,13.8740272092 41.7651378747,13.8748605497 41.7651378747,13.8748605497 41.764860094,13.8756938901 41.764860094,13.8756938901 41.7645823132,13.8762494503 41.7645823132,13.8762494503 41.7643045324,13.8765272305 41.7643045324,13.8765272305 41.7640267517,13.8784716915 41.7640267517,13.8784716915 41.7643045324,13.879582812 41.7643045324,13.879582812 41.7640267517,13.8806939326 41.7640267517,13.8806939326 41.7637489709,13.8818050531 41.7637489709,13.8818050531 41.7634711902,13.8826383936 41.7634711902,13.8826383936 41.7631934094,13.8837495141 41.7631934094,13.8837495141 41.7629156286,13.8848606347 41.7629156286,13.8848606347 41.7626378479,13.8859717552 41.7626378479,13.8859717552 41.7623600671,13.8862495354 41.7623600671,13.8862495354 41.7620822864,13.8826383936 41.7620822864,13.8826383936 41.7623600671,13.8818050531 41.7623600671,13.8818050531 41.7626378479,13.8806939326 41.7626378479,13.8806939326 41.7629156286,13.879582812 41.7629156286,13.879582812 41.7631934094,13.8779161312 41.7631934094,13.8779161312 41.7629156286,13.8759716702 41.7629156286,13.8759716702 41.7631934094,13.8754161099 41.7631934094,13.8754161099 41.7634711902,13.8748605497 41.7634711902,13.8748605497 41.7637489709,13.8737494291 41.7637489709,13.8737494291 41.7640267517,13.8729160887 41.7640267517,13.8729160887 41.7643045324,13.8726383085 41.7643045324,13.8726383085 41.764860094,13.8723605284 41.764860094,13.8723605284 41.7651378747,13.8720827483 41.7651378747,13.8720827483 41.7654156555,13.8718049681 41.7654156555,13.8718049681 41.7656934362,13.871527188 41.7656934362,13.871527188 41.765971217,13.8712494078 41.765971217,13.8712494078 41.7662489978,13.8709716277 41.7662489978,13.8709716277 41.7665267785,13.8706938476 41.7665267785,13.8706938476 41.7668045593,13.869582727 41.7668045593,13.869582727 41.76708234,13.8684716064 41.76708234,13.8684716064 41.7673601208,13.8681938263 41.7673601208,13.8681938263 41.7676379016,13.867638266 41.7676379016,13.867638266 41.7681934631,13.8684716064 41.7681934631,13.8684716064 41.7679156823,13.8690271667 41.7679156823)),((13.867638266 41.7684712438,13.867638266 41.7681934631,13.8673604859 41.7681934631,13.8673604859 41.7684712438,13.867638266 41.7684712438)))"
454,"pnalm_scarab_000454","Colobopterus erraticus (Linnaeus, 1758) (= Aphodius erraticus (Linnaeus, 1758)","Linnaeus, 1758","species","NULL","NULL","NULL","Scarabaeoidea","Coleoptera","NULL","NULL","Colobopterus","erraticus","NULL","Italy","IT","NULL","NULL","NULL","Val Fondillo","Val Fondillo",1600,"1600.0","NULL","NULL","NULL",,,"NULL","NULL","NULL","NULL","NULL","NULL","22859","1962","8","1","Giovanni Papini","NULL","NULL","PreservedSpecimen","NULL","CGP-PNALM","NULL","NULL","NULL","NULL","NULL","NULL","NULL","field_survey","NULL","CC BY 4.0","needs_review","NULL","NULL","NULL",4,"PNALM","Scarabaeoidea","",,13.881805053143,41.7520821789709,2180,"MULTIPOLYGON(((13.8826383936 41.7337486488,13.8823606134 41.7337486488,13.8823606134 41.7340264295,13.8826383936 41.7340264295,13.8826383936 41.7337486488)),((13.8820828333 41.7340264295,13.8820828333 41.7343042103,13.8823606134 41.7343042103,13.8823606134 41.7340264295,13.8820828333 41.7340264295)),((13.881527273 41.7345819911,13.881527273 41.7348597718,13.8812494929 41.7348597718,13.8812494929 41.7351375526,13.8809717127 41.7351375526,13.8809717127 41.7354153333,13.8806939326 41.7354153333,13.8806939326 41.7356931141,13.8804161524 41.7356931141,13.8804161524 41.7359708949,13.8820828333 41.7359708949,13.8820828333 41.7362486756,13.8840272943 41.7362486756,13.8840272943 41.7365264564,13.8848606347 41.7365264564,13.8848606347 41.7368042371,13.885416195 41.7368042371,13.885416195 41.7370820179,13.8859717552 41.7370820179,13.8859717552 41.7373597987,13.8879162162 41.7373597987,13.8879162162 41.7381931409,13.8873606559 41.7381931409,13.8873606559 41.7384709217,13.8870828758 41.7384709217,13.8870828758 41.7387487025,13.8868050957 41.7387487025,13.8868050957 41.7390264832,13.8865273155 41.7390264832,13.8865273155 41.7395820447,13.8862495354 41.7395820447,13.8862495354 41.7398598255,13.8859717552 41.7398598255,13.8859717552 41.7406931678,13.8856939751 41.7406931678,13.8856939751 41.7412487293,13.8851384148 41.7412487293,13.8851384148 41.7415265101,13.8848606347 41.7415265101,13.8848606347 41.7418042908,13.8845828545 41.7418042908,13.8845828545 41.7423598523,13.8848606347 41.7423598523,13.8848606347 41.7429154139,13.885416195 41.7429154139,13.885416195 41.7431931946,13.8868050957 41.7431931946,13.8868050957 41.7429154139,13.8870828758 41.7429154139,13.8870828758 41.7426376331,13.8898606772 41.7426376331,13.8898606772 41.7429154139,13.8890273368 41.7429154139,13.8890273368 41.7431931946,13.8884717765 41.7431931946,13.8884717765 41.7434709754,13.8881939964 41.7434709754,13.8881939964 41.7437487562,13.8876384361 41.7437487562,13.8876384361 41.7443043177,13.8873606559 41.7443043177,13.8873606559 41.7445820984,13.8870828758 41.7445820984,13.8870828758 41.7459710022,13.8873606559 41.7459710022,13.8873606559 41.746248783,13.8879162162 41.746248783,13.8879162162 41.7465265638,13.8884717765 41.7465265638,13.8884717765 41.7468043445,13.8890273368 41.7468043445,13.8890273368 41.7470821253,13.8893051169 41.7470821253,13.8893051169 41.7476376868,13.8909717978 41.7476376868,13.8909717978 41.7481932483,13.8912495779 41.7481932483,13.8912495779 41.7484710291,13.891527358 41.7484710291,13.891527358 41.7487488098,13.8929162587 41.7487488098,13.8929162587 41.7490265906,13.8937495991 41.7490265906,13.8937495991 41.7493043714,13.8943051594 41.7493043714,13.8943051594 41.7495821521,13.8956940601 41.7495821521,13.8956940601 41.7498599329,13.8962496204 41.7498599329,13.8962496204 41.7501377136,13.89541628 41.7501377136,13.89541628 41.7504154944,13.8948607197 41.7504154944,13.8948607197 41.7506932752,13.8945829396 41.7506932752,13.8945829396 41.7509710559,13.8937495991 41.7509710559,13.8937495991 41.7506932752,13.893471819 41.7506932752,13.893471819 41.7509710559,13.8909717978 41.7509710559,13.8909717978 41.7512488367,13.8904162375 41.7512488367,13.8904162375 41.7515266174,13.8901384573 41.7515266174,13.8901384573 41.7518043982,13.8884717765 41.7518043982,13.8884717765 41.752082179,13.8881939964 41.752082179,13.8881939964 41.7523599597,13.8876384361 41.7523599597,13.8876384361 41.7526377405,13.8856939751 41.7526377405,13.8856939751 41.7523599597,13.8851384148 41.7523599597,13.8851384148 41.752082179,13.8845828545 41.752082179,13.8845828545 41.7518043982,13.8840272943 41.7518043982,13.8840272943 41.7515266174,13.8837495141 41.7515266174,13.8837495141 41.7512488367,13.8829161737 41.7512488367,13.8829161737 41.7515266174,13.8823606134 41.7515266174,13.8823606134 41.7518043982,13.8820828333 41.7518043982,13.8820828333 41.752082179,13.8818050531 41.752082179,13.8818050531 41.7523599597,13.8820828333 41.7523599597,13.8820828333 41.7529155213,13.8823606134 41.7529155213,13.8823606134 41.753193302,13.8826383936 41.753193302,13.8826383936 41.7534710828,13.8829161737 41.7534710828,13.8829161737 41.7537488635,13.8831939538 41.7537488635,13.8831939538 41.7543044251,13.8837495141 41.7543044251,13.8837495141 41.7545822058,13.8840272943 41.7545822058,13.8840272943 41.7548599866,13.8843050744 41.7548599866,13.8843050744 41.7551377673,13.8848606347 41.7551377673,13.8848606347 41.7554155481,13.8851384148 41.7554155481,13.8851384148 41.7556933289,13.8856939751 41.7556933289,13.8856939751 41.7559711096,13.8862495354 41.7559711096,13.8862495354 41.7562488904,13.8873606559 41.7562488904,13.8873606559 41.7565266711,13.8893051169 41.7565266711,13.8893051169 41.7573600134,13.8890273368 41.7573600134,13.8890273368 41.7584711365,13.8893051169 41.7584711365,13.8893051169 41.7587489172,13.8895828971 41.7587489172,13.8895828971 41.759026698,13.8898606772 41.759026698,13.8898606772 41.7593044787,13.8901384573 41.7593044787,13.8901384573 41.7598600403,13.8904162375 41.7598600403,13.8904162375 41.7606933826,13.8901384573 41.7606933826,13.8901384573 41.7609711633,13.8898606772 41.7609711633,13.8898606772 41.7612489441,13.8895828971 41.7612489441,13.8895828971 41.7615267248,13.8901384573 41.7615267248,13.8901384573 41.7612489441,13.8912495779 41.7612489441,13.8912495779 41.7609711633,13.8923606985 41.7609711633,13.8923606985 41.7606933826,13.8929162587 41.7606933826,13.8929162587 41.7598600403,13.8931940389 41.7598600403,13.8931940389 41.759026698,13.893471819 41.759026698,13.893471819 41.7581933557,13.8937495991 41.7581933557,13.8937495991 41.7576377942,13.8931940389 41.7576377942,13.8931940389 41.7579155749,13.8929162587 41.7579155749,13.8929162587 41.7581933557,13.8926384786 41.7581933557,13.8926384786 41.7584711365,13.8923606985 41.7584711365,13.8923606985 41.7593044787,13.8918051382 41.7593044787,13.8918051382 41.759026698,13.8912495779 41.759026698,13.8912495779 41.7587489172,13.8909717978 41.7587489172,13.8909717978 41.7584711365,13.8904162375 41.7584711365,13.8904162375 41.7576377942,13.8906940176 41.7576377942,13.8906940176 41.7562488904,13.8909717978 41.7562488904,13.8909717978 41.7559711096,13.8906940176 41.7559711096,13.8906940176 41.7556933289,13.8890273368 41.7556933289,13.8890273368 41.7554155481,13.8879162162 41.7554155481,13.8879162162 41.7551377673,13.8873606559 41.7551377673,13.8873606559 41.7548599866,13.8870828758 41.7548599866,13.8870828758 41.7545822058,13.8868050957 41.7545822058,13.8868050957 41.7543044251,13.8865273155 41.7543044251,13.8865273155 41.7537488635,13.8884717765 41.7537488635,13.8884717765 41.7534710828,13.8890273368 41.7534710828,13.8890273368 41.753193302,13.8906940176 41.753193302,13.8906940176 41.7529155213,13.8909717978 41.7529155213,13.8909717978 41.7523599597,13.8912495779 41.7523599597,13.8912495779 41.752082179,13.8940273793 41.752082179,13.8940273793 41.7523599597,13.8948607197 41.7523599597,13.8948607197 41.752082179,13.8962496204 41.752082179,13.8962496204 41.7518043982,13.8965274005 41.7518043982,13.8965274005 41.7515266174,13.8968051807 41.7515266174,13.8968051807 41.7512488367,13.8970829608 41.7512488367,13.8970829608 41.7509710559,13.8976385211 41.7509710559,13.8976385211 41.7506932752,13.8981940814 41.7506932752,13.8981940814 41.7509710559,13.8993052019 41.7509710559,13.8993052019 41.7504154944,13.8995829821 41.7504154944,13.8995829821 41.7495821521,13.8993052019 41.7495821521,13.8993052019 41.7490265906,13.8990274218 41.7490265906,13.8990274218 41.7481932483,13.8987496417 41.7481932483,13.8987496417 41.747359906,13.8984718615 41.747359906,13.8984718615 41.7476376868,13.8981940814 41.7476376868,13.8981940814 41.7479154676,13.897360741 41.7479154676,13.897360741 41.7481932483,13.8965274005 41.7481932483,13.8965274005 41.7484710291,13.8945829396 41.7484710291,13.8945829396 41.7481932483,13.8943051594 41.7481932483,13.8943051594 41.7479154676,13.8940273793 41.7479154676,13.8940273793 41.7476376868,13.8937495991 41.7476376868,13.8937495991 41.747359906,13.893471819 41.747359906,13.893471819 41.7476376868,13.8931940389 41.7476376868,13.8931940389 41.747359906,13.8923606985 41.747359906,13.8923606985 41.7470821253,13.8920829183 41.7470821253,13.8920829183 41.7468043445,13.8918051382 41.7468043445,13.8918051382 41.7465265638,13.8909717978 41.7465265638,13.8909717978 41.746248783,13.8898606772 41.746248783,13.8898606772 41.7459710022,13.8893051169 41.7459710022,13.8893051169 41.74513766,13.8898606772 41.74513766,13.8898606772 41.7448598792,13.8904162375 41.7448598792,13.8904162375 41.7445820984,13.8909717978 41.7445820984,13.8909717978 41.7443043177,13.891527358 41.7443043177,13.891527358 41.7440265369,13.8918051382 41.7440265369,13.8918051382 41.7437487562,13.8920829183 41.7437487562,13.8920829183 41.7434709754,13.8923606985 41.7434709754,13.8923606985 41.7431931946,13.8926384786 41.7431931946,13.8926384786 41.7426376331,13.8923606985 41.7426376331,13.8923606985 41.7420820716,13.8920829183 41.7420820716,13.8920829183 41.7418042908,13.8923606985 41.7418042908,13.8923606985 41.7412487293,13.8920829183 41.7412487293,13.8920829183 41.7401376063,13.8912495779 41.7401376063,13.8912495779 41.740415387,13.8906940176 41.740415387,13.8906940176 41.7406931678,13.8887495566 41.7406931678,13.8887495566 41.740415387,13.8884717765 41.740415387,13.8884717765 41.7401376063,13.8881939964 41.7401376063,13.8881939964 41.7398598255,13.8884717765 41.7398598255,13.8884717765 41.7395820447,13.8895828971 41.7395820447,13.8895828971 41.739304264,13.8898606772 41.739304264,13.8898606772 41.7387487025,13.8901384573 41.7387487025,13.8901384573 41.7384709217,13.8904162375 41.7384709217,13.8904162375 41.7379153602,13.8906940176 41.7379153602,13.8906940176 41.7376375794,13.8904162375 41.7376375794,13.8904162375 41.7359708949,13.8890273368 41.7359708949,13.8890273368 41.7356931141,13.8879162162 41.7356931141,13.8879162162 41.7354153333,13.8873606559 41.7354153333,13.8873606559 41.7351375526,13.8856939751 41.7351375526,13.8856939751 41.7348597718,13.883471734 41.7348597718,13.883471734 41.7345819911,13.8820828333 41.7345819911,13.8820828333 41.7343042103,13.8818050531 41.7343042103,13.8818050531 41.7345819911,13.881527273 41.7345819911)),((13.9012496629 41.7506932752,13.9009718828 41.7506932752,13.9009718828 41.7509710559,13.9012496629 41.7509710559,13.9012496629 41.7506932752)),((13.8690271667 41.7679156823,13.8690271667 41.7676379016,13.8698605071 41.7676379016,13.8698605071 41.7673601208,13.8704160674 41.7673601208,13.8704160674 41.76708234,13.8709716277 41.76708234,13.8709716277 41.7668045593,13.8718049681 41.7668045593,13.8718049681 41.7665267785,13.8723605284 41.7665267785,13.8723605284 41.7662489978,13.8731938688 41.7662489978,13.8731938688 41.765971217,13.8737494291 41.765971217,13.8737494291 41.7656934362,13.8740272092 41.7656934362,13.8740272092 41.7651378747,13.8748605497 41.7651378747,13.8748605497 41.764860094,13.8756938901 41.764860094,13.8756938901 41.7645823132,13.8762494503 41.7645823132,13.8762494503 41.7643045324,13.8765272305 41.7643045324,13.8765272305 41.7640267517,13.8784716915 41.7640267517,13.8784716915 41.7643045324,13.879582812 41.7643045324,13.879582812 41.7640267517,13.8806939326 41.7640267517,13.8806939326 41.7637489709,13.8818050531 41.7637489709,13.8818050531 41.7634711902,13.8826383936 41.7634711902,13.8826383936 41.7631934094,13.8837495141 41.7631934094,13.8837495141 41.7629156286,13.8848606347 41.7629156286,13.8848606347 41.7626378479,13.8859717552 41.7626378479,13.8859717552 41.7623600671,13.8862495354 41.7623600671,13.8862495354 41.7620822864,13.8826383936 41.7620822864,13.8826383936 41.7623600671,13.8818050531 41.7623600671,13.8818050531 41.7626378479,13.8806939326 41.7626378479,13.8806939326 41.7629156286,13.879582812 41.7629156286,13.879582812 41.7631934094,13.8779161312 41.7631934094,13.8779161312 41.7629156286,13.8759716702 41.7629156286,13.8759716702 41.7631934094,13.8754161099 41.7631934094,13.8754161099 41.7634711902,13.8748605497 41.7634711902,13.8748605497 41.7637489709,13.8737494291 41.7637489709,13.8737494291 41.7640267517,13.8729160887 41.7640267517,13.8729160887 41.7643045324,13.8726383085 41.7643045324,13.8726383085 41.764860094,13.8723605284 41.764860094,13.8723605284 41.7651378747,13.8720827483 41.7651378747,13.8720827483 41.7654156555,13.8718049681 41.7654156555,13.8718049681 41.7656934362,13.871527188 41.7656934362,13.871527188 41.765971217,13.8712494078 41.765971217,13.8712494078 41.7662489978,13.8709716277 41.7662489978,13.8709716277 41.7665267785,13.8706938476 41.7665267785,13.8706938476 41.7668045593,13.869582727 41.7668045593,13.869582727 41.76708234,13.8684716064 41.76708234,13.8684716064 41.7673601208,13.8681938263 41.7673601208,13.8681938263 41.7676379016,13.867638266 41.7676379016,13.867638266 41.7681934631,13.8684716064 41.7681934631,13.8684716064 41.7679156823,13.8690271667 41.7679156823)),((13.867638266 41.7684712438,13.867638266 41.7681934631,13.8673604859 41.7681934631,13.8673604859 41.7684712438,13.867638266 41.7684712438)))"
458,"pnalm_scarab_000458","Colobopterus erraticus (Linnaeus, 1758) (= Aphodius erraticus (Linnaeus, 1758)","Linnaeus, 1758","species","NULL","NULL","NULL","Scarabaeoidea","Coleoptera","NULL","NULL","Colobopterus","erraticus","NULL","Italy","IT","NULL","NULL","NULL","Val Fondillo","Val Fondillo",1600,"1600.0","NULL","NULL","NULL",,,"NULL","NULL","NULL","NULL","NULL","NULL","23528","1964","5","31","Giovanni Papini","NULL","NULL","PreservedSpecimen","NULL","CGP-PNALM","NULL","NULL","NULL","NULL","NULL","NULL","NULL","field_survey","NULL","CC BY 4.0","needs_review","NULL","NULL","NULL",4,"PNALM","Scarabaeoidea","",,13.881805053143,41.7520821789709,2180,"MULTIPOLYGON(((13.8826383936 41.7337486488,13.8823606134 41.7337486488,13.8823606134 41.7340264295,13.8826383936 41.7340264295,13.8826383936 41.7337486488)),((13.8820828333 41.7340264295,13.8820828333 41.7343042103,13.8823606134 41.7343042103,13.8823606134 41.7340264295,13.8820828333 41.7340264295)),((13.881527273 41.7345819911,13.881527273 41.7348597718,13.8812494929 41.7348597718,13.8812494929 41.7351375526,13.8809717127 41.7351375526,13.8809717127 41.7354153333,13.8806939326 41.7354153333,13.8806939326 41.7356931141,13.8804161524 41.7356931141,13.8804161524 41.7359708949,13.8820828333 41.7359708949,13.8820828333 41.7362486756,13.8840272943 41.7362486756,13.8840272943 41.7365264564,13.8848606347 41.7365264564,13.8848606347 41.7368042371,13.885416195 41.7368042371,13.885416195 41.7370820179,13.8859717552 41.7370820179,13.8859717552 41.7373597987,13.8879162162 41.7373597987,13.8879162162 41.7381931409,13.8873606559 41.7381931409,13.8873606559 41.7384709217,13.8870828758 41.7384709217,13.8870828758 41.7387487025,13.8868050957 41.7387487025,13.8868050957 41.7390264832,13.8865273155 41.7390264832,13.8865273155 41.7395820447,13.8862495354 41.7395820447,13.8862495354 41.7398598255,13.8859717552 41.7398598255,13.8859717552 41.7406931678,13.8856939751 41.7406931678,13.8856939751 41.7412487293,13.8851384148 41.7412487293,13.8851384148 41.7415265101,13.8848606347 41.7415265101,13.8848606347 41.7418042908,13.8845828545 41.7418042908,13.8845828545 41.7423598523,13.8848606347 41.7423598523,13.8848606347 41.7429154139,13.885416195 41.7429154139,13.885416195 41.7431931946,13.8868050957 41.7431931946,13.8868050957 41.7429154139,13.8870828758 41.7429154139,13.8870828758 41.7426376331,13.8898606772 41.7426376331,13.8898606772 41.7429154139,13.8890273368 41.7429154139,13.8890273368 41.7431931946,13.8884717765 41.7431931946,13.8884717765 41.7434709754,13.8881939964 41.7434709754,13.8881939964 41.7437487562,13.8876384361 41.7437487562,13.8876384361 41.7443043177,13.8873606559 41.7443043177,13.8873606559 41.7445820984,13.8870828758 41.7445820984,13.8870828758 41.7459710022,13.8873606559 41.7459710022,13.8873606559 41.746248783,13.8879162162 41.746248783,13.8879162162 41.7465265638,13.8884717765 41.7465265638,13.8884717765 41.7468043445,13.8890273368 41.7468043445,13.8890273368 41.7470821253,13.8893051169 41.7470821253,13.8893051169 41.7476376868,13.8909717978 41.7476376868,13.8909717978 41.7481932483,13.8912495779 41.7481932483,13.8912495779 41.7484710291,13.891527358 41.7484710291,13.891527358 41.7487488098,13.8929162587 41.7487488098,13.8929162587 41.7490265906,13.8937495991 41.7490265906,13.8937495991 41.7493043714,13.8943051594 41.7493043714,13.8943051594 41.7495821521,13.8956940601 41.7495821521,13.8956940601 41.7498599329,13.8962496204 41.7498599329,13.8962496204 41.7501377136,13.89541628 41.7501377136,13.89541628 41.7504154944,13.8948607197 41.7504154944,13.8948607197 41.7506932752,13.8945829396 41.7506932752,13.8945829396 41.7509710559,13.8937495991 41.7509710559,13.8937495991 41.7506932752,13.893471819 41.7506932752,13.893471819 41.7509710559,13.8909717978 41.7509710559,13.8909717978 41.7512488367,13.8904162375 41.7512488367,13.8904162375 41.7515266174,13.8901384573 41.7515266174,13.8901384573 41.7518043982,13.8884717765 41.7518043982,13.8884717765 41.752082179,13.8881939964 41.752082179,13.8881939964 41.7523599597,13.8876384361 41.7523599597,13.8876384361 41.7526377405,13.8856939751 41.7526377405,13.8856939751 41.7523599597,13.8851384148 41.7523599597,13.8851384148 41.752082179,13.8845828545 41.752082179,13.8845828545 41.7518043982,13.8840272943 41.7518043982,13.8840272943 41.7515266174,13.8837495141 41.7515266174,13.8837495141 41.7512488367,13.8829161737 41.7512488367,13.8829161737 41.7515266174,13.8823606134 41.7515266174,13.8823606134 41.7518043982,13.8820828333 41.7518043982,13.8820828333 41.752082179,13.8818050531 41.752082179,13.8818050531 41.7523599597,13.8820828333 41.7523599597,13.8820828333 41.7529155213,13.8823606134 41.7529155213,13.8823606134 41.753193302,13.8826383936 41.753193302,13.8826383936 41.7534710828,13.8829161737 41.7534710828,13.8829161737 41.7537488635,13.8831939538 41.7537488635,13.8831939538 41.7543044251,13.8837495141 41.7543044251,13.8837495141 41.7545822058,13.8840272943 41.7545822058,13.8840272943 41.7548599866,13.8843050744 41.7548599866,13.8843050744 41.7551377673,13.8848606347 41.7551377673,13.8848606347 41.7554155481,13.8851384148 41.7554155481,13.8851384148 41.7556933289,13.8856939751 41.7556933289,13.8856939751 41.7559711096,13.8862495354 41.7559711096,13.8862495354 41.7562488904,13.8873606559 41.7562488904,13.8873606559 41.7565266711,13.8893051169 41.7565266711,13.8893051169 41.7573600134,13.8890273368 41.7573600134,13.8890273368 41.7584711365,13.8893051169 41.7584711365,13.8893051169 41.7587489172,13.8895828971 41.7587489172,13.8895828971 41.759026698,13.8898606772 41.759026698,13.8898606772 41.7593044787,13.8901384573 41.7593044787,13.8901384573 41.7598600403,13.8904162375 41.7598600403,13.8904162375 41.7606933826,13.8901384573 41.7606933826,13.8901384573 41.7609711633,13.8898606772 41.7609711633,13.8898606772 41.7612489441,13.8895828971 41.7612489441,13.8895828971 41.7615267248,13.8901384573 41.7615267248,13.8901384573 41.7612489441,13.8912495779 41.7612489441,13.8912495779 41.7609711633,13.8923606985 41.7609711633,13.8923606985 41.7606933826,13.8929162587 41.7606933826,13.8929162587 41.7598600403,13.8931940389 41.7598600403,13.8931940389 41.759026698,13.893471819 41.759026698,13.893471819 41.7581933557,13.8937495991 41.7581933557,13.8937495991 41.7576377942,13.8931940389 41.7576377942,13.8931940389 41.7579155749,13.8929162587 41.7579155749,13.8929162587 41.7581933557,13.8926384786 41.7581933557,13.8926384786 41.7584711365,13.8923606985 41.7584711365,13.8923606985 41.7593044787,13.8918051382 41.7593044787,13.8918051382 41.759026698,13.8912495779 41.759026698,13.8912495779 41.7587489172,13.8909717978 41.7587489172,13.8909717978 41.7584711365,13.8904162375 41.7584711365,13.8904162375 41.7576377942,13.8906940176 41.7576377942,13.8906940176 41.7562488904,13.8909717978 41.7562488904,13.8909717978 41.7559711096,13.8906940176 41.7559711096,13.8906940176 41.7556933289,13.8890273368 41.7556933289,13.8890273368 41.7554155481,13.8879162162 41.7554155481,13.8879162162 41.7551377673,13.8873606559 41.7551377673,13.8873606559 41.7548599866,13.8870828758 41.7548599866,13.8870828758 41.7545822058,13.8868050957 41.7545822058,13.8868050957 41.7543044251,13.8865273155 41.7543044251,13.8865273155 41.7537488635,13.8884717765 41.7537488635,13.8884717765 41.7534710828,13.8890273368 41.7534710828,13.8890273368 41.753193302,13.8906940176 41.753193302,13.8906940176 41.7529155213,13.8909717978 41.7529155213,13.8909717978 41.7523599597,13.8912495779 41.7523599597,13.8912495779 41.752082179,13.8940273793 41.752082179,13.8940273793 41.7523599597,13.8948607197 41.7523599597,13.8948607197 41.752082179,13.8962496204 41.752082179,13.8962496204 41.7518043982,13.8965274005 41.7518043982,13.8965274005 41.7515266174,13.8968051807 41.7515266174,13.8968051807 41.7512488367,13.8970829608 41.7512488367,13.8970829608 41.7509710559,13.8976385211 41.7509710559,13.8976385211 41.7506932752,13.8981940814 41.7506932752,13.8981940814 41.7509710559,13.8993052019 41.7509710559,13.8993052019 41.7504154944,13.8995829821 41.7504154944,13.8995829821 41.7495821521,13.8993052019 41.7495821521,13.8993052019 41.7490265906,13.8990274218 41.7490265906,13.8990274218 41.7481932483,13.8987496417 41.7481932483,13.8987496417 41.747359906,13.8984718615 41.747359906,13.8984718615 41.7476376868,13.8981940814 41.7476376868,13.8981940814 41.7479154676,13.897360741 41.7479154676,13.897360741 41.7481932483,13.8965274005 41.7481932483,13.8965274005 41.7484710291,13.8945829396 41.7484710291,13.8945829396 41.7481932483,13.8943051594 41.7481932483,13.8943051594 41.7479154676,13.8940273793 41.7479154676,13.8940273793 41.7476376868,13.8937495991 41.7476376868,13.8937495991 41.747359906,13.893471819 41.747359906,13.893471819 41.7476376868,13.8931940389 41.7476376868,13.8931940389 41.747359906,13.8923606985 41.747359906,13.8923606985 41.7470821253,13.8920829183 41.7470821253,13.8920829183 41.7468043445,13.8918051382 41.7468043445,13.8918051382 41.7465265638,13.8909717978 41.7465265638,13.8909717978 41.746248783,13.8898606772 41.746248783,13.8898606772 41.7459710022,13.8893051169 41.7459710022,13.8893051169 41.74513766,13.8898606772 41.74513766,13.8898606772 41.7448598792,13.8904162375 41.7448598792,13.8904162375 41.7445820984,13.8909717978 41.7445820984,13.8909717978 41.7443043177,13.891527358 41.7443043177,13.891527358 41.7440265369,13.8918051382 41.7440265369,13.8918051382 41.7437487562,13.8920829183 41.7437487562,13.8920829183 41.7434709754,13.8923606985 41.7434709754,13.8923606985 41.7431931946,13.8926384786 41.7431931946,13.8926384786 41.7426376331,13.8923606985 41.7426376331,13.8923606985 41.7420820716,13.8920829183 41.7420820716,13.8920829183 41.7418042908,13.8923606985 41.7418042908,13.8923606985 41.7412487293,13.8920829183 41.7412487293,13.8920829183 41.7401376063,13.8912495779 41.7401376063,13.8912495779 41.740415387,13.8906940176 41.740415387,13.8906940176 41.7406931678,13.8887495566 41.7406931678,13.8887495566 41.740415387,13.8884717765 41.740415387,13.8884717765 41.7401376063,13.8881939964 41.7401376063,13.8881939964 41.7398598255,13.8884717765 41.7398598255,13.8884717765 41.7395820447,13.8895828971 41.7395820447,13.8895828971 41.739304264,13.8898606772 41.739304264,13.8898606772 41.7387487025,13.8901384573 41.7387487025,13.8901384573 41.7384709217,13.8904162375 41.7384709217,13.8904162375 41.7379153602,13.8906940176 41.7379153602,13.8906940176 41.7376375794,13.8904162375 41.7376375794,13.8904162375 41.7359708949,13.8890273368 41.7359708949,13.8890273368 41.7356931141,13.8879162162 41.7356931141,13.8879162162 41.7354153333,13.8873606559 41.7354153333,13.8873606559 41.7351375526,13.8856939751 41.7351375526,13.8856939751 41.7348597718,13.883471734 41.7348597718,13.883471734 41.7345819911,13.8820828333 41.7345819911,13.8820828333 41.7343042103,13.8818050531 41.7343042103,13.8818050531 41.7345819911,13.881527273 41.7345819911)),((13.9012496629 41.7506932752,13.9009718828 41.7506932752,13.9009718828 41.7509710559,13.9012496629 41.7509710559,13.9012496629 41.7506932752)),((13.8690271667 41.7679156823,13.8690271667 41.7676379016,13.8698605071 41.7676379016,13.8698605071 41.7673601208,13.8704160674 41.7673601208,13.8704160674 41.76708234,13.8709716277 41.76708234,13.8709716277 41.7668045593,13.8718049681 41.7668045593,13.8718049681 41.7665267785,13.8723605284 41.7665267785,13.8723605284 41.7662489978,13.8731938688 41.7662489978,13.8731938688 41.765971217,13.8737494291 41.765971217,13.8737494291 41.7656934362,13.8740272092 41.7656934362,13.8740272092 41.7651378747,13.8748605497 41.7651378747,13.8748605497 41.764860094,13.8756938901 41.764860094,13.8756938901 41.7645823132,13.8762494503 41.7645823132,13.8762494503 41.7643045324,13.8765272305 41.7643045324,13.8765272305 41.7640267517,13.8784716915 41.7640267517,13.8784716915 41.7643045324,13.879582812 41.7643045324,13.879582812 41.7640267517,13.8806939326 41.7640267517,13.8806939326 41.7637489709,13.8818050531 41.7637489709,13.8818050531 41.7634711902,13.8826383936 41.7634711902,13.8826383936 41.7631934094,13.8837495141 41.7631934094,13.8837495141 41.7629156286,13.8848606347 41.7629156286,13.8848606347 41.7626378479,13.8859717552 41.7626378479,13.8859717552 41.7623600671,13.8862495354 41.7623600671,13.8862495354 41.7620822864,13.8826383936 41.7620822864,13.8826383936 41.7623600671,13.8818050531 41.7623600671,13.8818050531 41.7626378479,13.8806939326 41.7626378479,13.8806939326 41.7629156286,13.879582812 41.7629156286,13.879582812 41.7631934094,13.8779161312 41.7631934094,13.8779161312 41.7629156286,13.8759716702 41.7629156286,13.8759716702 41.7631934094,13.8754161099 41.7631934094,13.8754161099 41.7634711902,13.8748605497 41.7634711902,13.8748605497 41.7637489709,13.8737494291 41.7637489709,13.8737494291 41.7640267517,13.8729160887 41.7640267517,13.8729160887 41.7643045324,13.8726383085 41.7643045324,13.8726383085 41.764860094,13.8723605284 41.764860094,13.8723605284 41.7651378747,13.8720827483 41.7651378747,13.8720827483 41.7654156555,13.8718049681 41.7654156555,13.8718049681 41.7656934362,13.871527188 41.7656934362,13.871527188 41.765971217,13.8712494078 41.765971217,13.8712494078 41.7662489978,13.8709716277 41.7662489978,13.8709716277 41.7665267785,13.8706938476 41.7665267785,13.8706938476 41.7668045593,13.869582727 41.7668045593,13.869582727 41.76708234,13.8684716064 41.76708234,13.8684716064 41.7673601208,13.8681938263 41.7673601208,13.8681938263 41.7676379016,13.867638266 41.7676379016,13.867638266 41.7681934631,13.8684716064 41.7681934631,13.8684716064 41.7679156823,13.8690271667 41.7679156823)),((13.867638266 41.7684712438,13.867638266 41.7681934631,13.8673604859 41.7681934631,13.8673604859 41.7684712438,13.867638266 41.7684712438)))"
462,"pnalm_scarab_000462","Colobopterus erraticus (Linnaeus, 1758) (= Aphodius erraticus (Linnaeus, 1758)","Linnaeus, 1758","species","NULL","NULL","NULL","Scarabaeoidea","Coleoptera","NULL","NULL","Colobopterus","erraticus","NULL","Italy","IT","NULL","NULL","NULL","Val Fondillo","Val Fondillo",1600,"1600.0","NULL","NULL","NULL",,,"NULL","NULL","NULL","NULL","NULL","NULL","25018","1968","6","29","Giovanni Papini","NULL","NULL","PreservedSpecimen","NULL","CGP-PNALM","NULL","NULL","NULL","NULL","NULL","NULL","NULL","field_survey","NULL","CC BY 4.0","needs_review","NULL","NULL","NULL",4,"PNALM","Scarabaeoidea","",,13.881805053143,41.7520821789709,2180,"MULTIPOLYGON(((13.8826383936 41.7337486488,13.8823606134 41.7337486488,13.8823606134 41.7340264295,13.8826383936 41.7340264295,13.8826383936 41.7337486488)),((13.8820828333 41.7340264295,13.8820828333 41.7343042103,13.8823606134 41.7343042103,13.8823606134 41.7340264295,13.8820828333 41.7340264295)),((13.881527273 41.7345819911,13.881527273 41.7348597718,13.8812494929 41.7348597718,13.8812494929 41.7351375526,13.8809717127 41.7351375526,13.8809717127 41.7354153333,13.8806939326 41.7354153333,13.8806939326 41.7356931141,13.8804161524 41.7356931141,13.8804161524 41.7359708949,13.8820828333 41.7359708949,13.8820828333 41.7362486756,13.8840272943 41.7362486756,13.8840272943 41.7365264564,13.8848606347 41.7365264564,13.8848606347 41.7368042371,13.885416195 41.7368042371,13.885416195 41.7370820179,13.8859717552 41.7370820179,13.8859717552 41.7373597987,13.8879162162 41.7373597987,13.8879162162 41.7381931409,13.8873606559 41.7381931409,13.8873606559 41.7384709217,13.8870828758 41.7384709217,13.8870828758 41.7387487025,13.8868050957 41.7387487025,13.8868050957 41.7390264832,13.8865273155 41.7390264832,13.8865273155 41.7395820447,13.8862495354 41.7395820447,13.8862495354 41.7398598255,13.8859717552 41.7398598255,13.8859717552 41.7406931678,13.8856939751 41.7406931678,13.8856939751 41.7412487293,13.8851384148 41.7412487293,13.8851384148 41.7415265101,13.8848606347 41.7415265101,13.8848606347 41.7418042908,13.8845828545 41.7418042908,13.8845828545 41.7423598523,13.8848606347 41.7423598523,13.8848606347 41.7429154139,13.885416195 41.7429154139,13.885416195 41.7431931946,13.8868050957 41.7431931946,13.8868050957 41.7429154139,13.8870828758 41.7429154139,13.8870828758 41.7426376331,13.8898606772 41.7426376331,13.8898606772 41.7429154139,13.8890273368 41.7429154139,13.8890273368 41.7431931946,13.8884717765 41.7431931946,13.8884717765 41.7434709754,13.8881939964 41.7434709754,13.8881939964 41.7437487562,13.8876384361 41.7437487562,13.8876384361 41.7443043177,13.8873606559 41.7443043177,13.8873606559 41.7445820984,13.8870828758 41.7445820984,13.8870828758 41.7459710022,13.8873606559 41.7459710022,13.8873606559 41.746248783,13.8879162162 41.746248783,13.8879162162 41.7465265638,13.8884717765 41.7465265638,13.8884717765 41.7468043445,13.8890273368 41.7468043445,13.8890273368 41.7470821253,13.8893051169 41.7470821253,13.8893051169 41.7476376868,13.8909717978 41.7476376868,13.8909717978 41.7481932483,13.8912495779 41.7481932483,13.8912495779 41.7484710291,13.891527358 41.7484710291,13.891527358 41.7487488098,13.8929162587 41.7487488098,13.8929162587 41.7490265906,13.8937495991 41.7490265906,13.8937495991 41.7493043714,13.8943051594 41.7493043714,13.8943051594 41.7495821521,13.8956940601 41.7495821521,13.8956940601 41.7498599329,13.8962496204 41.7498599329,13.8962496204 41.7501377136,13.89541628 41.7501377136,13.89541628 41.7504154944,13.8948607197 41.7504154944,13.8948607197 41.7506932752,13.8945829396 41.7506932752,13.8945829396 41.7509710559,13.8937495991 41.7509710559,13.8937495991 41.7506932752,13.893471819 41.7506932752,13.893471819 41.7509710559,13.8909717978 41.7509710559,13.8909717978 41.7512488367,13.8904162375 41.7512488367,13.8904162375 41.7515266174,13.8901384573 41.7515266174,13.8901384573 41.7518043982,13.8884717765 41.7518043982,13.8884717765 41.752082179,13.8881939964 41.752082179,13.8881939964 41.7523599597,13.8876384361 41.7523599597,13.8876384361 41.7526377405,13.8856939751 41.7526377405,13.8856939751 41.7523599597,13.8851384148 41.7523599597,13.8851384148 41.752082179,13.8845828545 41.752082179,13.8845828545 41.7518043982,13.8840272943 41.7518043982,13.8840272943 41.7515266174,13.8837495141 41.7515266174,13.8837495141 41.7512488367,13.8829161737 41.7512488367,13.8829161737 41.7515266174,13.8823606134 41.7515266174,13.8823606134 41.7518043982,13.8820828333 41.7518043982,13.8820828333 41.752082179,13.8818050531 41.752082179,13.8818050531 41.7523599597,13.8820828333 41.7523599597,13.8820828333 41.7529155213,13.8823606134 41.7529155213,13.8823606134 41.753193302,13.8826383936 41.753193302,13.8826383936 41.7534710828,13.8829161737 41.7534710828,13.8829161737 41.7537488635,13.8831939538 41.7537488635,13.8831939538 41.7543044251,13.8837495141 41.7543044251,13.8837495141 41.7545822058,13.8840272943 41.7545822058,13.8840272943 41.7548599866,13.8843050744 41.7548599866,13.8843050744 41.7551377673,13.8848606347 41.7551377673,13.8848606347 41.7554155481,13.8851384148 41.7554155481,13.8851384148 41.7556933289,13.8856939751 41.7556933289,13.8856939751 41.7559711096,13.8862495354 41.7559711096,13.8862495354 41.7562488904,13.8873606559 41.7562488904,13.8873606559 41.7565266711,13.8893051169 41.7565266711,13.8893051169 41.7573600134,13.8890273368 41.7573600134,13.8890273368 41.7584711365,13.8893051169 41.7584711365,13.8893051169 41.7587489172,13.8895828971 41.7587489172,13.8895828971 41.759026698,13.8898606772 41.759026698,13.8898606772 41.7593044787,13.8901384573 41.7593044787,13.8901384573 41.7598600403,13.8904162375 41.7598600403,13.8904162375 41.7606933826,13.8901384573 41.7606933826,13.8901384573 41.7609711633,13.8898606772 41.7609711633,13.8898606772 41.7612489441,13.8895828971 41.7612489441,13.8895828971 41.7615267248,13.8901384573 41.7615267248,13.8901384573 41.7612489441,13.8912495779 41.7612489441,13.8912495779 41.7609711633,13.8923606985 41.7609711633,13.8923606985 41.7606933826,13.8929162587 41.7606933826,13.8929162587 41.7598600403,13.8931940389 41.7598600403,13.8931940389 41.759026698,13.893471819 41.759026698,13.893471819 41.7581933557,13.8937495991 41.7581933557,13.8937495991 41.7576377942,13.8931940389 41.7576377942,13.8931940389 41.7579155749,13.8929162587 41.7579155749,13.8929162587 41.7581933557,13.8926384786 41.7581933557,13.8926384786 41.7584711365,13.8923606985 41.7584711365,13.8923606985 41.7593044787,13.8918051382 41.7593044787,13.8918051382 41.759026698,13.8912495779 41.759026698,13.8912495779 41.7587489172,13.8909717978 41.7587489172,13.8909717978 41.7584711365,13.8904162375 41.7584711365,13.8904162375 41.7576377942,13.8906940176 41.7576377942,13.8906940176 41.7562488904,13.8909717978 41.7562488904,13.8909717978 41.7559711096,13.8906940176 41.7559711096,13.8906940176 41.7556933289,13.8890273368 41.7556933289,13.8890273368 41.7554155481,13.8879162162 41.7554155481,13.8879162162 41.7551377673,13.8873606559 41.7551377673,13.8873606559 41.7548599866,13.8870828758 41.7548599866,13.8870828758 41.7545822058,13.8868050957 41.7545822058,13.8868050957 41.7543044251,13.8865273155 41.7543044251,13.8865273155 41.7537488635,13.8884717765 41.7537488635,13.8884717765 41.7534710828,13.8890273368 41.7534710828,13.8890273368 41.753193302,13.8906940176 41.753193302,13.8906940176 41.7529155213,13.8909717978 41.7529155213,13.8909717978 41.7523599597,13.8912495779 41.7523599597,13.8912495779 41.752082179,13.8940273793 41.752082179,13.8940273793 41.7523599597,13.8948607197 41.7523599597,13.8948607197 41.752082179,13.8962496204 41.752082179,13.8962496204 41.7518043982,13.8965274005 41.7518043982,13.8965274005 41.7515266174,13.8968051807 41.7515266174,13.8968051807 41.7512488367,13.8970829608 41.7512488367,13.8970829608 41.7509710559,13.8976385211 41.7509710559,13.8976385211 41.7506932752,13.8981940814 41.7506932752,13.8981940814 41.7509710559,13.8993052019 41.7509710559,13.8993052019 41.7504154944,13.8995829821 41.7504154944,13.8995829821 41.7495821521,13.8993052019 41.7495821521,13.8993052019 41.7490265906,13.8990274218 41.7490265906,13.8990274218 41.7481932483,13.8987496417 41.7481932483,13.8987496417 41.747359906,13.8984718615 41.747359906,13.8984718615 41.7476376868,13.8981940814 41.7476376868,13.8981940814 41.7479154676,13.897360741 41.7479154676,13.897360741 41.7481932483,13.8965274005 41.7481932483,13.8965274005 41.7484710291,13.8945829396 41.7484710291,13.8945829396 41.7481932483,13.8943051594 41.7481932483,13.8943051594 41.7479154676,13.8940273793 41.7479154676,13.8940273793 41.7476376868,13.8937495991 41.7476376868,13.8937495991 41.747359906,13.893471819 41.747359906,13.893471819 41.7476376868,13.8931940389 41.7476376868,13.8931940389 41.747359906,13.8923606985 41.747359906,13.8923606985 41.7470821253,13.8920829183 41.7470821253,13.8920829183 41.7468043445,13.8918051382 41.7468043445,13.8918051382 41.7465265638,13.8909717978 41.7465265638,13.8909717978 41.746248783,13.8898606772 41.746248783,13.8898606772 41.7459710022,13.8893051169 41.7459710022,13.8893051169 41.74513766,13.8898606772 41.74513766,13.8898606772 41.7448598792,13.8904162375 41.7448598792,13.8904162375 41.7445820984,13.8909717978 41.7445820984,13.8909717978 41.7443043177,13.891527358 41.7443043177,13.891527358 41.7440265369,13.8918051382 41.7440265369,13.8918051382 41.7437487562,13.8920829183 41.7437487562,13.8920829183 41.7434709754,13.8923606985 41.7434709754,13.8923606985 41.7431931946,13.8926384786 41.7431931946,13.8926384786 41.7426376331,13.8923606985 41.7426376331,13.8923606985 41.7420820716,13.8920829183 41.7420820716,13.8920829183 41.7418042908,13.8923606985 41.7418042908,13.8923606985 41.7412487293,13.8920829183 41.7412487293,13.8920829183 41.7401376063,13.8912495779 41.7401376063,13.8912495779 41.740415387,13.8906940176 41.740415387,13.8906940176 41.7406931678,13.8887495566 41.7406931678,13.8887495566 41.740415387,13.8884717765 41.740415387,13.8884717765 41.7401376063,13.8881939964 41.7401376063,13.8881939964 41.7398598255,13.8884717765 41.7398598255,13.8884717765 41.7395820447,13.8895828971 41.7395820447,13.8895828971 41.739304264,13.8898606772 41.739304264,13.8898606772 41.7387487025,13.8901384573 41.7387487025,13.8901384573 41.7384709217,13.8904162375 41.7384709217,13.8904162375 41.7379153602,13.8906940176 41.7379153602,13.8906940176 41.7376375794,13.8904162375 41.7376375794,13.8904162375 41.7359708949,13.8890273368 41.7359708949,13.8890273368 41.7356931141,13.8879162162 41.7356931141,13.8879162162 41.7354153333,13.8873606559 41.7354153333,13.8873606559 41.7351375526,13.8856939751 41.7351375526,13.8856939751 41.7348597718,13.883471734 41.7348597718,13.883471734 41.7345819911,13.8820828333 41.7345819911,13.8820828333 41.7343042103,13.8818050531 41.7343042103,13.8818050531 41.7345819911,13.881527273 41.7345819911)),((13.9012496629 41.7506932752,13.9009718828 41.7506932752,13.9009718828 41.7509710559,13.9012496629 41.7509710559,13.9012496629 41.7506932752)),((13.8690271667 41.7679156823,13.8690271667 41.7676379016,13.8698605071 41.7676379016,13.8698605071 41.7673601208,13.8704160674 41.7673601208,13.8704160674 41.76708234,13.8709716277 41.76708234,13.8709716277 41.7668045593,13.8718049681 41.7668045593,13.8718049681 41.7665267785,13.8723605284 41.7665267785,13.8723605284 41.7662489978,13.8731938688 41.7662489978,13.8731938688 41.765971217,13.8737494291 41.765971217,13.8737494291 41.7656934362,13.8740272092 41.7656934362,13.8740272092 41.7651378747,13.8748605497 41.7651378747,13.8748605497 41.764860094,13.8756938901 41.764860094,13.8756938901 41.7645823132,13.8762494503 41.7645823132,13.8762494503 41.7643045324,13.8765272305 41.7643045324,13.8765272305 41.7640267517,13.8784716915 41.7640267517,13.8784716915 41.7643045324,13.879582812 41.7643045324,13.879582812 41.7640267517,13.8806939326 41.7640267517,13.8806939326 41.7637489709,13.8818050531 41.7637489709,13.8818050531 41.7634711902,13.8826383936 41.7634711902,13.8826383936 41.7631934094,13.8837495141 41.7631934094,13.8837495141 41.7629156286,13.8848606347 41.7629156286,13.8848606347 41.7626378479,13.8859717552 41.7626378479,13.8859717552 41.7623600671,13.8862495354 41.7623600671,13.8862495354 41.7620822864,13.8826383936 41.7620822864,13.8826383936 41.7623600671,13.8818050531 41.7623600671,13.8818050531 41.7626378479,13.8806939326 41.7626378479,13.8806939326 41.7629156286,13.879582812 41.7629156286,13.879582812 41.7631934094,13.8779161312 41.7631934094,13.8779161312 41.7629156286,13.8759716702 41.7629156286,13.8759716702 41.7631934094,13.8754161099 41.7631934094,13.8754161099 41.7634711902,13.8748605497 41.7634711902,13.8748605497 41.7637489709,13.8737494291 41.7637489709,13.8737494291 41.7640267517,13.8729160887 41.7640267517,13.8729160887 41.7643045324,13.8726383085 41.7643045324,13.8726383085 41.764860094,13.8723605284 41.764860094,13.8723605284 41.7651378747,13.8720827483 41.7651378747,13.8720827483 41.7654156555,13.8718049681 41.7654156555,13.8718049681 41.7656934362,13.871527188 41.7656934362,13.871527188 41.765971217,13.8712494078 41.765971217,13.8712494078 41.7662489978,13.8709716277 41.7662489978,13.8709716277 41.7665267785,13.8706938476 41.7665267785,13.8706938476 41.7668045593,13.869582727 41.7668045593,13.869582727 41.76708234,13.8684716064 41.76708234,13.8684716064 41.7673601208,13.8681938263 41.7673601208,13.8681938263 41.7676379016,13.867638266 41.7676379016,13.867638266 41.7681934631,13.8684716064 41.7681934631,13.8684716064 41.7679156823,13.8690271667 41.7679156823)),((13.867638266 41.7684712438,13.867638266 41.7681934631,13.8673604859 41.7681934631,13.8673604859 41.7684712438,13.867638266 41.7684712438)))"
470,"pnalm_scarab_000470","Colobopterus erraticus (Linnaeus, 1758) (= Aphodius erraticus (Linnaeus, 1758)","Linnaeus, 1758","species","NULL","NULL","NULL","Scarabaeoidea","Coleoptera","NULL","NULL","Colobopterus","erraticus","NULL","Italy","IT","NULL","NULL","NULL","Val Fondillo","Val Fondillo",1600,"1600.0","NULL","NULL","NULL",,,"NULL","NULL","NULL","NULL","NULL","NULL","1996","1996","NULL","NULL","NULL","NULL","NULL","HumanObservation","NULL","NULL","NULL","NULL","NULL","NULL","NULL","(Carpaneto et al. 2005)","NULL","literature","NULL","NULL","needs_review","NULL","NULL","NULL",4,"PNALM","Scarabaeoidea","",,13.881805053143,41.7520821789709,2180,"MULTIPOLYGON(((13.8826383936 41.7337486488,13.8823606134 41.7337486488,13.8823606134 41.7340264295,13.8826383936 41.7340264295,13.8826383936 41.7337486488)),((13.8820828333 41.7340264295,13.8820828333 41.7343042103,13.8823606134 41.7343042103,13.8823606134 41.7340264295,13.8820828333 41.7340264295)),((13.881527273 41.7345819911,13.881527273 41.7348597718,13.8812494929 41.7348597718,13.8812494929 41.7351375526,13.8809717127 41.7351375526,13.8809717127 41.7354153333,13.8806939326 41.7354153333,13.8806939326 41.7356931141,13.8804161524 41.7356931141,13.8804161524 41.7359708949,13.8820828333 41.7359708949,13.8820828333 41.7362486756,13.8840272943 41.7362486756,13.8840272943 41.7365264564,13.8848606347 41.7365264564,13.8848606347 41.7368042371,13.885416195 41.7368042371,13.885416195 41.7370820179,13.8859717552 41.7370820179,13.8859717552 41.7373597987,13.8879162162 41.7373597987,13.8879162162 41.7381931409,13.8873606559 41.7381931409,13.8873606559 41.7384709217,13.8870828758 41.7384709217,13.8870828758 41.7387487025,13.8868050957 41.7387487025,13.8868050957 41.7390264832,13.8865273155 41.7390264832,13.8865273155 41.7395820447,13.8862495354 41.7395820447,13.8862495354 41.7398598255,13.8859717552 41.7398598255,13.8859717552 41.7406931678,13.8856939751 41.7406931678,13.8856939751 41.7412487293,13.8851384148 41.7412487293,13.8851384148 41.7415265101,13.8848606347 41.7415265101,13.8848606347 41.7418042908,13.8845828545 41.7418042908,13.8845828545 41.7423598523,13.8848606347 41.7423598523,13.8848606347 41.7429154139,13.885416195 41.7429154139,13.885416195 41.7431931946,13.8868050957 41.7431931946,13.8868050957 41.7429154139,13.8870828758 41.7429154139,13.8870828758 41.7426376331,13.8898606772 41.7426376331,13.8898606772 41.7429154139,13.8890273368 41.7429154139,13.8890273368 41.7431931946,13.8884717765 41.7431931946,13.8884717765 41.7434709754,13.8881939964 41.7434709754,13.8881939964 41.7437487562,13.8876384361 41.7437487562,13.8876384361 41.7443043177,13.8873606559 41.7443043177,13.8873606559 41.7445820984,13.8870828758 41.7445820984,13.8870828758 41.7459710022,13.8873606559 41.7459710022,13.8873606559 41.746248783,13.8879162162 41.746248783,13.8879162162 41.7465265638,13.8884717765 41.7465265638,13.8884717765 41.7468043445,13.8890273368 41.7468043445,13.8890273368 41.7470821253,13.8893051169 41.7470821253,13.8893051169 41.7476376868,13.8909717978 41.7476376868,13.8909717978 41.7481932483,13.8912495779 41.7481932483,13.8912495779 41.7484710291,13.891527358 41.7484710291,13.891527358 41.7487488098,13.8929162587 41.7487488098,13.8929162587 41.7490265906,13.8937495991 41.7490265906,13.8937495991 41.7493043714,13.8943051594 41.7493043714,13.8943051594 41.7495821521,13.8956940601 41.7495821521,13.8956940601 41.7498599329,13.8962496204 41.7498599329,13.8962496204 41.7501377136,13.89541628 41.7501377136,13.89541628 41.7504154944,13.8948607197 41.7504154944,13.8948607197 41.7506932752,13.8945829396 41.7506932752,13.8945829396 41.7509710559,13.8937495991 41.7509710559,13.8937495991 41.7506932752,13.893471819 41.7506932752,13.893471819 41.7509710559,13.8909717978 41.7509710559,13.8909717978 41.7512488367,13.8904162375 41.7512488367,13.8904162375 41.7515266174,13.8901384573 41.7515266174,13.8901384573 41.7518043982,13.8884717765 41.7518043982,13.8884717765 41.752082179,13.8881939964 41.752082179,13.8881939964 41.7523599597,13.8876384361 41.7523599597,13.8876384361 41.7526377405,13.8856939751 41.7526377405,13.8856939751 41.7523599597,13.8851384148 41.7523599597,13.8851384148 41.752082179,13.8845828545 41.752082179,13.8845828545 41.7518043982,13.8840272943 41.7518043982,13.8840272943 41.7515266174,13.8837495141 41.7515266174,13.8837495141 41.7512488367,13.8829161737 41.7512488367,13.8829161737 41.7515266174,13.8823606134 41.7515266174,13.8823606134 41.7518043982,13.8820828333 41.7518043982,13.8820828333 41.752082179,13.8818050531 41.752082179,13.8818050531 41.7523599597,13.8820828333 41.7523599597,13.8820828333 41.7529155213,13.8823606134 41.7529155213,13.8823606134 41.753193302,13.8826383936 41.753193302,13.8826383936 41.7534710828,13.8829161737 41.7534710828,13.8829161737 41.7537488635,13.8831939538 41.7537488635,13.8831939538 41.7543044251,13.8837495141 41.7543044251,13.8837495141 41.7545822058,13.8840272943 41.7545822058,13.8840272943 41.7548599866,13.8843050744 41.7548599866,13.8843050744 41.7551377673,13.8848606347 41.7551377673,13.8848606347 41.7554155481,13.8851384148 41.7554155481,13.8851384148 41.7556933289,13.8856939751 41.7556933289,13.8856939751 41.7559711096,13.8862495354 41.7559711096,13.8862495354 41.7562488904,13.8873606559 41.7562488904,13.8873606559 41.7565266711,13.8893051169 41.7565266711,13.8893051169 41.7573600134,13.8890273368 41.7573600134,13.8890273368 41.7584711365,13.8893051169 41.7584711365,13.8893051169 41.7587489172,13.8895828971 41.7587489172,13.8895828971 41.759026698,13.8898606772 41.759026698,13.8898606772 41.7593044787,13.8901384573 41.7593044787,13.8901384573 41.7598600403,13.8904162375 41.7598600403,13.8904162375 41.7606933826,13.8901384573 41.7606933826,13.8901384573 41.7609711633,13.8898606772 41.7609711633,13.8898606772 41.7612489441,13.8895828971 41.7612489441,13.8895828971 41.7615267248,13.8901384573 41.7615267248,13.8901384573 41.7612489441,13.8912495779 41.7612489441,13.8912495779 41.7609711633,13.8923606985 41.7609711633,13.8923606985 41.7606933826,13.8929162587 41.7606933826,13.8929162587 41.7598600403,13.8931940389 41.7598600403,13.8931940389 41.759026698,13.893471819 41.759026698,13.893471819 41.7581933557,13.8937495991 41.7581933557,13.8937495991 41.7576377942,13.8931940389 41.7576377942,13.8931940389 41.7579155749,13.8929162587 41.7579155749,13.8929162587 41.7581933557,13.8926384786 41.7581933557,13.8926384786 41.7584711365,13.8923606985 41.7584711365,13.8923606985 41.7593044787,13.8918051382 41.7593044787,13.8918051382 41.759026698,13.8912495779 41.759026698,13.8912495779 41.7587489172,13.8909717978 41.7587489172,13.8909717978 41.7584711365,13.8904162375 41.7584711365,13.8904162375 41.7576377942,13.8906940176 41.7576377942,13.8906940176 41.7562488904,13.8909717978 41.7562488904,13.8909717978 41.7559711096,13.8906940176 41.7559711096,13.8906940176 41.7556933289,13.8890273368 41.7556933289,13.8890273368 41.7554155481,13.8879162162 41.7554155481,13.8879162162 41.7551377673,13.8873606559 41.7551377673,13.8873606559 41.7548599866,13.8870828758 41.7548599866,13.8870828758 41.7545822058,13.8868050957 41.7545822058,13.8868050957 41.7543044251,13.8865273155 41.7543044251,13.8865273155 41.7537488635,13.8884717765 41.7537488635,13.8884717765 41.7534710828,13.8890273368 41.7534710828,13.8890273368 41.753193302,13.8906940176 41.753193302,13.8906940176 41.7529155213,13.8909717978 41.7529155213,13.8909717978 41.7523599597,13.8912495779 41.7523599597,13.8912495779 41.752082179,13.8940273793 41.752082179,13.8940273793 41.7523599597,13.8948607197 41.7523599597,13.8948607197 41.752082179,13.8962496204 41.752082179,13.8962496204 41.7518043982,13.8965274005 41.7518043982,13.8965274005 41.7515266174,13.8968051807 41.7515266174,13.8968051807 41.7512488367,13.8970829608 41.7512488367,13.8970829608 41.7509710559,13.8976385211 41.7509710559,13.8976385211 41.7506932752,13.8981940814 41.7506932752,13.8981940814 41.7509710559,13.8993052019 41.7509710559,13.8993052019 41.7504154944,13.8995829821 41.7504154944,13.8995829821 41.7495821521,13.8993052019 41.7495821521,13.8993052019 41.7490265906,13.8990274218 41.7490265906,13.8990274218 41.7481932483,13.8987496417 41.7481932483,13.8987496417 41.747359906,13.8984718615 41.747359906,13.8984718615 41.7476376868,13.8981940814 41.7476376868,13.8981940814 41.7479154676,13.897360741 41.7479154676,13.897360741 41.7481932483,13.8965274005 41.7481932483,13.8965274005 41.7484710291,13.8945829396 41.7484710291,13.8945829396 41.7481932483,13.8943051594 41.7481932483,13.8943051594 41.7479154676,13.8940273793 41.7479154676,13.8940273793 41.7476376868,13.8937495991 41.7476376868,13.8937495991 41.747359906,13.893471819 41.747359906,13.893471819 41.7476376868,13.8931940389 41.7476376868,13.8931940389 41.747359906,13.8923606985 41.747359906,13.8923606985 41.7470821253,13.8920829183 41.7470821253,13.8920829183 41.7468043445,13.8918051382 41.7468043445,13.8918051382 41.7465265638,13.8909717978 41.7465265638,13.8909717978 41.746248783,13.8898606772 41.746248783,13.8898606772 41.7459710022,13.8893051169 41.7459710022,13.8893051169 41.74513766,13.8898606772 41.74513766,13.8898606772 41.7448598792,13.8904162375 41.7448598792,13.8904162375 41.7445820984,13.8909717978 41.7445820984,13.8909717978 41.7443043177,13.891527358 41.7443043177,13.891527358 41.7440265369,13.8918051382 41.7440265369,13.8918051382 41.7437487562,13.8920829183 41.7437487562,13.8920829183 41.7434709754,13.8923606985 41.7434709754,13.8923606985 41.7431931946,13.8926384786 41.7431931946,13.8926384786 41.7426376331,13.8923606985 41.7426376331,13.8923606985 41.7420820716,13.8920829183 41.7420820716,13.8920829183 41.7418042908,13.8923606985 41.7418042908,13.8923606985 41.7412487293,13.8920829183 41.7412487293,13.8920829183 41.7401376063,13.8912495779 41.7401376063,13.8912495779 41.740415387,13.8906940176 41.740415387,13.8906940176 41.7406931678,13.8887495566 41.7406931678,13.8887495566 41.740415387,13.8884717765 41.740415387,13.8884717765 41.7401376063,13.8881939964 41.7401376063,13.8881939964 41.7398598255,13.8884717765 41.7398598255,13.8884717765 41.7395820447,13.8895828971 41.7395820447,13.8895828971 41.739304264,13.8898606772 41.739304264,13.8898606772 41.7387487025,13.8901384573 41.7387487025,13.8901384573 41.7384709217,13.8904162375 41.7384709217,13.8904162375 41.7379153602,13.8906940176 41.7379153602,13.8906940176 41.7376375794,13.8904162375 41.7376375794,13.8904162375 41.7359708949,13.8890273368 41.7359708949,13.8890273368 41.7356931141,13.8879162162 41.7356931141,13.8879162162 41.7354153333,13.8873606559 41.7354153333,13.8873606559 41.7351375526,13.8856939751 41.7351375526,13.8856939751 41.7348597718,13.883471734 41.7348597718,13.883471734 41.7345819911,13.8820828333 41.7345819911,13.8820828333 41.7343042103,13.8818050531 41.7343042103,13.8818050531 41.7345819911,13.881527273 41.7345819911)),((13.9012496629 41.7506932752,13.9009718828 41.7506932752,13.9009718828 41.7509710559,13.9012496629 41.7509710559,13.9012496629 41.7506932752)),((13.8690271667 41.7679156823,13.8690271667 41.7676379016,13.8698605071 41.7676379016,13.8698605071 41.7673601208,13.8704160674 41.7673601208,13.8704160674 41.76708234,13.8709716277 41.76708234,13.8709716277 41.7668045593,13.8718049681 41.7668045593,13.8718049681 41.7665267785,13.8723605284 41.7665267785,13.8723605284 41.7662489978,13.8731938688 41.7662489978,13.8731938688 41.765971217,13.8737494291 41.765971217,13.8737494291 41.7656934362,13.8740272092 41.7656934362,13.8740272092 41.7651378747,13.8748605497 41.7651378747,13.8748605497 41.764860094,13.8756938901 41.764860094,13.8756938901 41.7645823132,13.8762494503 41.7645823132,13.8762494503 41.7643045324,13.8765272305 41.7643045324,13.8765272305 41.7640267517,13.8784716915 41.7640267517,13.8784716915 41.7643045324,13.879582812 41.7643045324,13.879582812 41.7640267517,13.8806939326 41.7640267517,13.8806939326 41.7637489709,13.8818050531 41.7637489709,13.8818050531 41.7634711902,13.8826383936 41.7634711902,13.8826383936 41.7631934094,13.8837495141 41.7631934094,13.8837495141 41.7629156286,13.8848606347 41.7629156286,13.8848606347 41.7626378479,13.8859717552 41.7626378479,13.8859717552 41.7623600671,13.8862495354 41.7623600671,13.8862495354 41.7620822864,13.8826383936 41.7620822864,13.8826383936 41.7623600671,13.8818050531 41.7623600671,13.8818050531 41.7626378479,13.8806939326 41.7626378479,13.8806939326 41.7629156286,13.879582812 41.7629156286,13.879582812 41.7631934094,13.8779161312 41.7631934094,13.8779161312 41.7629156286,13.8759716702 41.7629156286,13.8759716702 41.7631934094,13.8754161099 41.7631934094,13.8754161099 41.7634711902,13.8748605497 41.7634711902,13.8748605497 41.7637489709,13.8737494291 41.7637489709,13.8737494291 41.7640267517,13.8729160887 41.7640267517,13.8729160887 41.7643045324,13.8726383085 41.7643045324,13.8726383085 41.764860094,13.8723605284 41.764860094,13.8723605284 41.7651378747,13.8720827483 41.7651378747,13.8720827483 41.7654156555,13.8718049681 41.7654156555,13.8718049681 41.7656934362,13.871527188 41.7656934362,13.871527188 41.765971217,13.8712494078 41.765971217,13.8712494078 41.7662489978,13.8709716277 41.7662489978,13.8709716277 41.7665267785,13.8706938476 41.7665267785,13.8706938476 41.7668045593,13.869582727 41.7668045593,13.869582727 41.76708234,13.8684716064 41.76708234,13.8684716064 41.7673601208,13.8681938263 41.7673601208,13.8681938263 41.7676379016,13.867638266 41.7676379016,13.867638266 41.7681934631,13.8684716064 41.7681934631,13.8684716064 41.7679156823,13.8690271667 41.7679156823)),((13.867638266 41.7684712438,13.867638266 41.7681934631,13.8673604859 41.7681934631,13.8673604859 41.7684712438,13.867638266 41.7684712438)))"
485,"pnalm_scarab_000485","Coprimorphus scrutator (Herbst, 1789) (= Aphodius (Colobopterus) scrutator (Herbst, 1789)","Herbst, 1789","species","NULL","NULL","NULL","Scarabaeoidea","Coleoptera","NULL","NULL","Coprimorphus","scrutator","NULL","Italy","IT","NULL","NULL","NULL","Val Fondillo","Val Fondillo",1300,"1300.0","NULL","NULL","NULL",,,"NULL","NULL","NULL","NULL","NULL","NULL","22859","1962","8","1","Alberto Parenti","NULL","NULL","PreservedSpecimen","NULL","CGP-PNALM","NULL","NULL","NULL","NULL","NULL","NULL","NULL","field_survey","NULL","CC BY 4.0","needs_review","NULL","NULL","NULL",2,"PNALM","Scarabaeoidea","",,13.8644471883828,41.7568055826668,2020,"MULTIPOLYGON(((13.8704160674 41.7540266443,13.8704160674 41.7537488635,13.8706938476 41.7537488635,13.8706938476 41.7534710828,13.8698605071 41.7534710828,13.8698605071 41.7540266443,13.8704160674 41.7540266443)),((13.8620826632 41.772915736,13.8620826632 41.7726379553,13.8623604434 41.7726379553,13.8623604434 41.7720823937,13.8626382235 41.7720823937,13.8626382235 41.771804613,13.8623604434 41.771804613,13.8623604434 41.7712490515,13.8618048831 41.7712490515,13.8618048831 41.7709712707,13.8615271029 41.7709712707,13.8615271029 41.7698601477,13.8618048831 41.7698601477,13.8618048831 41.7695823669,13.8620826632 41.7695823669,13.8620826632 41.7693045861,13.8626382235 41.7693045861,13.8626382235 41.7690268054,13.8629160036 41.7690268054,13.8629160036 41.7684712438,13.8631937838 41.7684712438,13.8631937838 41.7681934631,13.8634715639 41.7681934631,13.8634715639 41.76708234,13.8631937838 41.76708234,13.8631937838 41.7668045593,13.8629160036 41.7668045593,13.8629160036 41.7665267785,13.8631937838 41.7665267785,13.8631937838 41.7662489978,13.8637493441 41.7662489978,13.8637493441 41.765971217,13.8643049043 41.765971217,13.8643049043 41.7656934362,13.8648604646 41.7656934362,13.8648604646 41.7654156555,13.8651382448 41.7654156555,13.8651382448 41.7651378747,13.8654160249 41.7651378747,13.8654160249 41.764860094,13.865693805 41.764860094,13.865693805 41.7643045324,13.8670827057 41.7643045324,13.8670827057 41.7640267517,13.8681938263 41.7640267517,13.8681938263 41.7637489709,13.8687493866 41.7637489709,13.8687493866 41.7634711902,13.8690271667 41.7634711902,13.8690271667 41.7629156286,13.8693049469 41.7629156286,13.8693049469 41.7626378479,13.869582727 41.7626378479,13.869582727 41.7623600671,13.8701382873 41.7623600671,13.8701382873 41.7620822864,13.8709716277 41.7620822864,13.8709716277 41.7612489441,13.8706938476 41.7612489441,13.8706938476 41.7604156018,13.8704160674 41.7604156018,13.8704160674 41.760137821,13.8701382873 41.760137821,13.8701382873 41.7595822595,13.871527188 41.7595822595,13.871527188 41.7593044787,13.8718049681 41.7593044787,13.8718049681 41.759026698,13.8720827483 41.759026698,13.8720827483 41.7587489172,13.8740272092 41.7587489172,13.8740272092 41.759026698,13.8743049894 41.759026698,13.8743049894 41.7593044787,13.8748605497 41.7593044787,13.8748605497 41.7595822595,13.8751383298 41.7595822595,13.8751383298 41.7593044787,13.8756938901 41.7593044787,13.8756938901 41.759026698,13.8779161312 41.759026698,13.8779161312 41.7593044787,13.8793050319 41.7593044787,13.8793050319 41.759026698,13.8831939538 41.759026698,13.8831939538 41.7587489172,13.8840272943 41.7587489172,13.8840272943 41.7584711365,13.883471734 41.7584711365,13.883471734 41.7579155749,13.8826383936 41.7579155749,13.8826383936 41.7576377942,13.8818050531 41.7576377942,13.8818050531 41.7573600134,13.881527273 41.7573600134,13.881527273 41.7570822327,13.8812494929 41.7570822327,13.8812494929 41.7568044519,13.8809717127 41.7568044519,13.8809717127 41.7565266711,13.8801383723 41.7565266711,13.8801383723 41.7562488904,13.8798605922 41.7562488904,13.8798605922 41.7559711096,13.8790272517 41.7559711096,13.8790272517 41.7556933289,13.8779161312 41.7556933289,13.8779161312 41.7554155481,13.8768050106 41.7554155481,13.8768050106 41.7551377673,13.8759716702 41.7551377673,13.8759716702 41.7548599866,13.8754161099 41.7548599866,13.8754161099 41.7545822058,13.8748605497 41.7545822058,13.8748605497 41.7540266443,13.8779161312 41.7540266443,13.8779161312 41.7537488635,13.8781939113 41.7537488635,13.8781939113 41.7529155213,13.8779161312 41.7529155213,13.8779161312 41.7526377405,13.877638351 41.7526377405,13.877638351 41.7523599597,13.8773605709 41.7523599597,13.8773605709 41.752082179,13.8770827908 41.752082179,13.8770827908 41.7518043982,13.8765272305 41.7518043982,13.8765272305 41.7515266174,13.8762494503 41.7515266174,13.8762494503 41.7509710559,13.8768050106 41.7509710559,13.8768050106 41.7506932752,13.8773605709 41.7506932752,13.8773605709 41.7504154944,13.877638351 41.7504154944,13.877638351 41.7495821521,13.8779161312 41.7495821521,13.8779161312 41.7493043714,13.8809717127 41.7493043714,13.8809717127 41.7490265906,13.8818050531 41.7490265906,13.8818050531 41.7487488098,13.8823606134 41.7487488098,13.8823606134 41.7484710291,13.8843050744 41.7484710291,13.8843050744 41.7487488098,13.8851384148 41.7487488098,13.8851384148 41.7484710291,13.8848606347 41.7484710291,13.8848606347 41.7481932483,13.8843050744 41.7481932483,13.8843050744 41.7479154676,13.8840272943 41.7479154676,13.8840272943 41.7476376868,13.8837495141 41.7476376868,13.8837495141 41.747359906,13.8829161737 41.747359906,13.8829161737 41.7470821253,13.8823606134 41.7470821253,13.8823606134 41.747359906,13.8812494929 41.747359906,13.8812494929 41.7470821253,13.8809717127 41.7470821253,13.8809717127 41.7468043445,13.8806939326 41.7468043445,13.8806939326 41.7465265638,13.8809717127 41.7465265638,13.8809717127 41.7459710022,13.881527273 41.7459710022,13.881527273 41.7456932215,13.8820828333 41.7456932215,13.8820828333 41.74513766,13.8809717127 41.74513766,13.8809717127 41.7448598792,13.8804161524 41.7448598792,13.8804161524 41.7440265369,13.8801383723 41.7440265369,13.8801383723 41.7429154139,13.8798605922 41.7429154139,13.8798605922 41.7437487562,13.879582812 41.7437487562,13.879582812 41.7440265369,13.8793050319 41.7440265369,13.8793050319 41.7443043177,13.8784716915 41.7443043177,13.8784716915 41.7448598792,13.8779161312 41.7448598792,13.8779161312 41.74513766,13.8773605709 41.74513766,13.8773605709 41.7448598792,13.8768050106 41.7448598792,13.8768050106 41.7445820984,13.8762494503 41.7445820984,13.8762494503 41.7443043177,13.8756938901 41.7443043177,13.8756938901 41.7440265369,13.8754161099 41.7440265369,13.8754161099 41.7437487562,13.8751383298 41.7437487562,13.8751383298 41.7434709754,13.8748605497 41.7434709754,13.8748605497 41.7431931946,13.8745827695 41.7431931946,13.8745827695 41.7440265369,13.8743049894 41.7440265369,13.8743049894 41.7445820984,13.8740272092 41.7445820984,13.8740272092 41.7448598792,13.8737494291 41.7448598792,13.8737494291 41.7456932215,13.873471649 41.7456932215,13.873471649 41.7459710022,13.8731938688 41.7459710022,13.8731938688 41.746248783,13.8723605284 41.746248783,13.8723605284 41.7465265638,13.8718049681 41.7465265638,13.8718049681 41.7468043445,13.8709716277 41.7468043445,13.8709716277 41.7470821253,13.8706938476 41.7470821253,13.8706938476 41.747359906,13.8704160674 41.747359906,13.8704160674 41.7476376868,13.869582727 41.7476376868,13.869582727 41.7479154676,13.8684716064 41.7479154676,13.8684716064 41.7481932483,13.867638266 41.7481932483,13.867638266 41.7484710291,13.8668049256 41.7484710291,13.8668049256 41.7487488098,13.865693805 41.7487488098,13.865693805 41.7490265906,13.8651382448 41.7490265906,13.8651382448 41.7493043714,13.8637493441 41.7493043714,13.8637493441 41.7495821521,13.8629160036 41.7495821521,13.8629160036 41.7498599329,13.8620826632 41.7498599329,13.8620826632 41.7501377136,13.8615271029 41.7501377136,13.8615271029 41.7504154944,13.8609715427 41.7504154944,13.8609715427 41.7506932752,13.8604159824 41.7506932752,13.8604159824 41.7509710559,13.8598604221 41.7509710559,13.8598604221 41.7512488367,13.8593048618 41.7512488367,13.8593048618 41.7515266174,13.8587493015 41.7515266174,13.8587493015 41.7518043982,13.8581937413 41.7518043982,13.8581937413 41.752082179,13.857638181 41.752082179,13.857638181 41.7523599597,13.8570826207 41.7523599597,13.8570826207 41.7526377405,13.8565270604 41.7526377405,13.8565270604 41.7529155213,13.8562492803 41.7529155213,13.8562492803 41.753193302,13.8559715002 41.753193302,13.8559715002 41.7534710828,13.85569372 41.7534710828,13.85569372 41.7537488635,13.8554159399 41.7537488635,13.8554159399 41.7540266443,13.8551381597 41.7540266443,13.8551381597 41.7548599866,13.8554159399 41.7548599866,13.8554159399 41.7556933289,13.8551381597 41.7556933289,13.8551381597 41.7573600134,13.8554159399 41.7573600134,13.8554159399 41.7576377942,13.8551381597 41.7576377942,13.8551381597 41.7579155749,13.8548603796 41.7579155749,13.8548603796 41.7581933557,13.8545825995 41.7581933557,13.8545825995 41.7587489172,13.8543048193 41.7587489172,13.8543048193 41.7593044787,13.8540270392 41.7593044787,13.8540270392 41.7598600403,13.853749259 41.7598600403,13.853749259 41.760137821,13.8534714789 41.760137821,13.8534714789 41.7606933826,13.8531936988 41.7606933826,13.8531936988 41.7609711633,13.8529159186 41.7609711633,13.8529159186 41.7615267248,13.8526381385 41.7615267248,13.8526381385 41.7618045056,13.8523603583 41.7618045056,13.8523603583 41.7623600671,13.8509714576 41.7623600671,13.8509714576 41.7626378479,13.8501381172 41.7626378479,13.8501381172 41.7631934094,13.8498603371 41.7631934094,13.8498603371 41.7634711902,13.8501381172 41.7634711902,13.8501381172 41.7640267517,13.8504158974 41.7640267517,13.8504158974 41.7645823132,13.8501381172 41.7645823132,13.8501381172 41.764860094,13.8504158974 41.764860094,13.8504158974 41.7654156555,13.8506936775 41.7654156555,13.8506936775 41.7665267785,13.8501381172 41.7665267785,13.8501381172 41.7668045593,13.8495825569 41.7668045593,13.8495825569 41.76708234,13.8493047768 41.76708234,13.8493047768 41.7679156823,13.8490269967 41.7679156823,13.8490269967 41.7684712438,13.8487492165 41.7684712438,13.8487492165 41.7687490246,13.8484714364 41.7687490246,13.8484714364 41.7690268054,13.8481936562 41.7690268054,13.8481936562 41.7693045861,13.8484714364 41.7693045861,13.8484714364 41.7701379284,13.8487492165 41.7701379284,13.8487492165 41.7706934899,13.8490269967 41.7706934899,13.8490269967 41.7704157092,13.8495825569 41.7704157092,13.8495825569 41.7701379284,13.8498603371 41.7701379284,13.8498603371 41.7698601477,13.8501381172 41.7698601477,13.8501381172 41.7695823669,13.8504158974 41.7695823669,13.8504158974 41.7690268054,13.8506936775 41.7690268054,13.8506936775 41.7687490246,13.8509714576 41.7687490246,13.8509714576 41.7681934631,13.8512492378 41.7681934631,13.8512492378 41.7679156823,13.8515270179 41.7679156823,13.8515270179 41.7673601208,13.8518047981 41.7673601208,13.8518047981 41.76708234,13.8520825782 41.76708234,13.8520825782 41.7662489978,13.8523603583 41.7662489978,13.8523603583 41.7656934362,13.8520825782 41.7656934362,13.8520825782 41.7645823132,13.8523603583 41.7645823132,13.8523603583 41.7637489709,13.8531936988 41.7637489709,13.8531936988 41.7634711902,13.853749259 41.7634711902,13.853749259 41.7626378479,13.8540270392 41.7626378479,13.8540270392 41.7623600671,13.8543048193 41.7623600671,13.8543048193 41.7618045056,13.8545825995 41.7618045056,13.8545825995 41.7615267248,13.8548603796 41.7615267248,13.8548603796 41.7612489441,13.8551381597 41.7612489441,13.8551381597 41.7604156018,13.8554159399 41.7604156018,13.8554159399 41.760137821,13.85569372 41.760137821,13.85569372 41.7598600403,13.8559715002 41.7598600403,13.8559715002 41.7593044787,13.8562492803 41.7593044787,13.8562492803 41.7587489172,13.8565270604 41.7587489172,13.8565270604 41.7584711365,13.857638181 41.7584711365,13.857638181 41.7576377942,13.8573604009 41.7576377942,13.8573604009 41.7570822327,13.8568048406 41.7570822327,13.8568048406 41.7568044519,13.8570826207 41.7568044519,13.8570826207 41.7556933289,13.8573604009 41.7556933289,13.8573604009 41.7554155481,13.857638181 41.7554155481,13.857638181 41.7551377673,13.8573604009 41.7551377673,13.8573604009 41.7543044251,13.857638181 41.7543044251,13.857638181 41.7537488635,13.8570826207 41.7537488635,13.8570826207 41.753193302,13.8573604009 41.753193302,13.8573604009 41.7534710828,13.8581937413 41.7534710828,13.8581937413 41.7537488635,13.859582642 41.7537488635,13.859582642 41.753193302,13.8598604221 41.753193302,13.8598604221 41.7529155213,13.8606937625 41.7529155213,13.8606937625 41.753193302,13.8615271029 41.753193302,13.8615271029 41.7529155213,13.8620826632 41.7529155213,13.8620826632 41.7526377405,13.8626382235 41.7526377405,13.8626382235 41.7523599597,13.8629160036 41.7523599597,13.8629160036 41.7526377405,13.8637493441 41.7526377405,13.8637493441 41.7523599597,13.8640271242 41.7523599597,13.8640271242 41.752082179,13.8643049043 41.752082179,13.8643049043 41.7515266174,13.8645826845 41.7515266174,13.8645826845 41.7509710559,13.8648604646 41.7509710559,13.8648604646 41.7498599329,13.8654160249 41.7498599329,13.8654160249 41.7501377136,13.865693805 41.7501377136,13.865693805 41.7504154944,13.8659715852 41.7504154944,13.8659715852 41.7506932752,13.8662493653 41.7506932752,13.8662493653 41.7509710559,13.8668049256 41.7509710559,13.8668049256 41.7512488367,13.8673604859 41.7512488367,13.8673604859 41.7515266174,13.8679160462 41.7515266174,13.8679160462 41.7518043982,13.8687493866 41.7518043982,13.8687493866 41.7512488367,13.8690271667 41.7512488367,13.8690271667 41.7506932752,13.869582727 41.7506932752,13.869582727 41.7504154944,13.8698605071 41.7504154944,13.8698605071 41.7501377136,13.8701382873 41.7501377136,13.8701382873 41.7498599329,13.8704160674 41.7498599329,13.8704160674 41.7495821521,13.8712494078 41.7495821521,13.8712494078 41.7493043714,13.8718049681 41.7493043714,13.8718049681 41.7498599329,13.8723605284 41.7498599329,13.8723605284 41.7495821521,13.8720827483 41.7495821521,13.8720827483 41.7493043714,13.8723605284 41.7493043714,13.8723605284 41.7490265906,13.8726383085 41.7490265906,13.8726383085 41.7487488098,13.8745827695 41.7487488098,13.8745827695 41.7490265906,13.8748605497 41.7490265906,13.8748605497 41.7493043714,13.8756938901 41.7493043714,13.8756938901 41.7490265906,13.8759716702 41.7490265906,13.8759716702 41.7487488098,13.8762494503 41.7487488098,13.8762494503 41.7498599329,13.8754161099 41.7498599329,13.8754161099 41.7501377136,13.8751383298 41.7501377136,13.8751383298 41.7504154944,13.8745827695 41.7504154944,13.8745827695 41.7506932752,13.8740272092 41.7506932752,13.8740272092 41.7509710559,13.8737494291 41.7509710559,13.8737494291 41.7518043982,13.8740272092 41.7518043982,13.8740272092 41.752082179,13.8743049894 41.752082179,13.8743049894 41.7523599597,13.8745827695 41.7523599597,13.8745827695 41.7526377405,13.8740272092 41.7526377405,13.8740272092 41.7529155213,13.8729160887 41.7529155213,13.8729160887 41.753193302,13.8726383085 41.753193302,13.8726383085 41.7537488635,13.8723605284 41.7537488635,13.8723605284 41.7543044251,13.8720827483 41.7543044251,13.8720827483 41.7554155481,13.8723605284 41.7554155481,13.8723605284 41.7556933289,13.8729160887 41.7556933289,13.8729160887 41.7559711096,13.8740272092 41.7559711096,13.8740272092 41.7556933289,13.8745827695 41.7556933289,13.8745827695 41.7559711096,13.8751383298 41.7559711096,13.8751383298 41.7562488904,13.8765272305 41.7562488904,13.8765272305 41.7565266711,13.8773605709 41.7565266711,13.8773605709 41.7568044519,13.8779161312 41.7568044519,13.8779161312 41.7570822327,13.8790272517 41.7570822327,13.8790272517 41.7573600134,13.8793050319 41.7573600134,13.8793050319 41.7576377942,13.8751383298 41.7576377942,13.8751383298 41.7573600134,13.8731938688 41.7573600134,13.8731938688 41.7576377942,13.871527188 41.7576377942,13.871527188 41.7573600134,13.8712494078 41.7573600134,13.8712494078 41.7576377942,13.8706938476 41.7576377942,13.8706938476 41.7579155749,13.8701382873 41.7579155749,13.8701382873 41.7576377942,13.869582727 41.7576377942,13.869582727 41.7573600134,13.8693049469 41.7573600134,13.8693049469 41.7570822327,13.8673604859 41.7570822327,13.8673604859 41.7568044519,13.8668049256 41.7568044519,13.8668049256 41.7565266711,13.8654160249 41.7565266711,13.8654160249 41.7562488904,13.8643049043 41.7562488904,13.8643049043 41.7565266711,13.8637493441 41.7565266711,13.8637493441 41.7568044519,13.8634715639 41.7568044519,13.8634715639 41.7576377942,13.8637493441 41.7576377942,13.8637493441 41.7579155749,13.8640271242 41.7579155749,13.8640271242 41.7581933557,13.8637493441 41.7581933557,13.8637493441 41.7584711365,13.8640271242 41.7584711365,13.8640271242 41.7593044787,13.8651382448 41.7593044787,13.8651382448 41.759026698,13.8659715852 41.759026698,13.8659715852 41.7593044787,13.8662493653 41.7593044787,13.8662493653 41.7598600403,13.8665271455 41.7598600403,13.8665271455 41.760137821,13.8670827057 41.760137821,13.8670827057 41.7604156018,13.867638266 41.7604156018,13.867638266 41.7609711633,13.8673604859 41.7609711633,13.8673604859 41.7612489441,13.8665271455 41.7612489441,13.8665271455 41.7615267248,13.8662493653 41.7615267248,13.8662493653 41.7618045056,13.865693805 41.7618045056,13.865693805 41.7626378479,13.8648604646 41.7626378479,13.8648604646 41.7629156286,13.8640271242 41.7629156286,13.8640271242 41.7631934094,13.8637493441 41.7631934094,13.8637493441 41.7634711902,13.8634715639 41.7634711902,13.8634715639 41.7643045324,13.8623604434 41.7643045324,13.8623604434 41.7645823132,13.8618048831 41.7645823132,13.8618048831 41.764860094,13.8612493228 41.764860094,13.8612493228 41.7651378747,13.8609715427 41.7651378747,13.8609715427 41.7654156555,13.8606937625 41.7654156555,13.8606937625 41.7665267785,13.8604159824 41.7665267785,13.8604159824 41.7668045593,13.8598604221 41.7668045593,13.8598604221 41.7673601208,13.8604159824 41.7673601208,13.8604159824 41.7676379016,13.8612493228 41.7676379016,13.8612493228 41.7679156823,13.8609715427 41.7679156823,13.8609715427 41.7681934631,13.8604159824 41.7681934631,13.8604159824 41.7684712438,13.8598604221 41.7684712438,13.8598604221 41.7687490246,13.8593048618 41.7687490246,13.8593048618 41.7695823669,13.859582642 41.7695823669,13.859582642 41.7704157092,13.8598604221 41.7704157092,13.8598604221 41.771804613,13.8604159824 41.771804613,13.8604159824 41.7720823937,13.8606937625 41.7720823937,13.8606937625 41.7723601745,13.8609715427 41.7723601745,13.8609715427 41.7726379553,13.8612493228 41.7726379553,13.8612493228 41.772915736,13.8620826632 41.772915736),(13.8759716702 41.7481932483,13.8762494503 41.7481932483,13.8762494503 41.7484710291,13.8759716702 41.7484710291,13.8759716702 41.7481932483)))"
501,"pnalm_scarab_000501","Esymus merdarius (Fabricius, 1775) (= Aphodius (Esymus) merdarius (Fabricius, 1775))","NULL","species","NULL","NULL","NULL","Scarabaeoidea","Coleoptera","NULL","NULL","Esymus","merdarius","NULL","Italy","IT","NULL","NULL","NULL","Val Fondillo","Val Fondillo",1600,"1600.0","NULL","NULL","NULL",,,"NULL","NULL","NULL","NULL","NULL","NULL","1996","1996","NULL","NULL","NULL","NULL","NULL","HumanObservation","NULL","NULL","NULL","NULL","NULL","NULL","NULL","(Carpaneto et al. 2005)","NULL","literature","NULL","NULL","needs_review","NULL","NULL","NULL",4,"PNALM","Scarabaeoidea","",,13.881805053143,41.7520821789709,2180,"MULTIPOLYGON(((13.8826383936 41.7337486488,13.8823606134 41.7337486488,13.8823606134 41.7340264295,13.8826383936 41.7340264295,13.8826383936 41.7337486488)),((13.8820828333 41.7340264295,13.8820828333 41.7343042103,13.8823606134 41.7343042103,13.8823606134 41.7340264295,13.8820828333 41.7340264295)),((13.881527273 41.7345819911,13.881527273 41.7348597718,13.8812494929 41.7348597718,13.8812494929 41.7351375526,13.8809717127 41.7351375526,13.8809717127 41.7354153333,13.8806939326 41.7354153333,13.8806939326 41.7356931141,13.8804161524 41.7356931141,13.8804161524 41.7359708949,13.8820828333 41.7359708949,13.8820828333 41.7362486756,13.8840272943 41.7362486756,13.8840272943 41.7365264564,13.8848606347 41.7365264564,13.8848606347 41.7368042371,13.885416195 41.7368042371,13.885416195 41.7370820179,13.8859717552 41.7370820179,13.8859717552 41.7373597987,13.8879162162 41.7373597987,13.8879162162 41.7381931409,13.8873606559 41.7381931409,13.8873606559 41.7384709217,13.8870828758 41.7384709217,13.8870828758 41.7387487025,13.8868050957 41.7387487025,13.8868050957 41.7390264832,13.8865273155 41.7390264832,13.8865273155 41.7395820447,13.8862495354 41.7395820447,13.8862495354 41.7398598255,13.8859717552 41.7398598255,13.8859717552 41.7406931678,13.8856939751 41.7406931678,13.8856939751 41.7412487293,13.8851384148 41.7412487293,13.8851384148 41.7415265101,13.8848606347 41.7415265101,13.8848606347 41.7418042908,13.8845828545 41.7418042908,13.8845828545 41.7423598523,13.8848606347 41.7423598523,13.8848606347 41.7429154139,13.885416195 41.7429154139,13.885416195 41.7431931946,13.8868050957 41.7431931946,13.8868050957 41.7429154139,13.8870828758 41.7429154139,13.8870828758 41.7426376331,13.8898606772 41.7426376331,13.8898606772 41.7429154139,13.8890273368 41.7429154139,13.8890273368 41.7431931946,13.8884717765 41.7431931946,13.8884717765 41.7434709754,13.8881939964 41.7434709754,13.8881939964 41.7437487562,13.8876384361 41.7437487562,13.8876384361 41.7443043177,13.8873606559 41.7443043177,13.8873606559 41.7445820984,13.8870828758 41.7445820984,13.8870828758 41.7459710022,13.8873606559 41.7459710022,13.8873606559 41.746248783,13.8879162162 41.746248783,13.8879162162 41.7465265638,13.8884717765 41.7465265638,13.8884717765 41.7468043445,13.8890273368 41.7468043445,13.8890273368 41.7470821253,13.8893051169 41.7470821253,13.8893051169 41.7476376868,13.8909717978 41.7476376868,13.8909717978 41.7481932483,13.8912495779 41.7481932483,13.8912495779 41.7484710291,13.891527358 41.7484710291,13.891527358 41.7487488098,13.8929162587 41.7487488098,13.8929162587 41.7490265906,13.8937495991 41.7490265906,13.8937495991 41.7493043714,13.8943051594 41.7493043714,13.8943051594 41.7495821521,13.8956940601 41.7495821521,13.8956940601 41.7498599329,13.8962496204 41.7498599329,13.8962496204 41.7501377136,13.89541628 41.7501377136,13.89541628 41.7504154944,13.8948607197 41.7504154944,13.8948607197 41.7506932752,13.8945829396 41.7506932752,13.8945829396 41.7509710559,13.8937495991 41.7509710559,13.8937495991 41.7506932752,13.893471819 41.7506932752,13.893471819 41.7509710559,13.8909717978 41.7509710559,13.8909717978 41.7512488367,13.8904162375 41.7512488367,13.8904162375 41.7515266174,13.8901384573 41.7515266174,13.8901384573 41.7518043982,13.8884717765 41.7518043982,13.8884717765 41.752082179,13.8881939964 41.752082179,13.8881939964 41.7523599597,13.8876384361 41.7523599597,13.8876384361 41.7526377405,13.8856939751 41.7526377405,13.8856939751 41.7523599597,13.8851384148 41.7523599597,13.8851384148 41.752082179,13.8845828545 41.752082179,13.8845828545 41.7518043982,13.8840272943 41.7518043982,13.8840272943 41.7515266174,13.8837495141 41.7515266174,13.8837495141 41.7512488367,13.8829161737 41.7512488367,13.8829161737 41.7515266174,13.8823606134 41.7515266174,13.8823606134 41.7518043982,13.8820828333 41.7518043982,13.8820828333 41.752082179,13.8818050531 41.752082179,13.8818050531 41.7523599597,13.8820828333 41.7523599597,13.8820828333 41.7529155213,13.8823606134 41.7529155213,13.8823606134 41.753193302,13.8826383936 41.753193302,13.8826383936 41.7534710828,13.8829161737 41.7534710828,13.8829161737 41.7537488635,13.8831939538 41.7537488635,13.8831939538 41.7543044251,13.8837495141 41.7543044251,13.8837495141 41.7545822058,13.8840272943 41.7545822058,13.8840272943 41.7548599866,13.8843050744 41.7548599866,13.8843050744 41.7551377673,13.8848606347 41.7551377673,13.8848606347 41.7554155481,13.8851384148 41.7554155481,13.8851384148 41.7556933289,13.8856939751 41.7556933289,13.8856939751 41.7559711096,13.8862495354 41.7559711096,13.8862495354 41.7562488904,13.8873606559 41.7562488904,13.8873606559 41.7565266711,13.8893051169 41.7565266711,13.8893051169 41.7573600134,13.8890273368 41.7573600134,13.8890273368 41.7584711365,13.8893051169 41.7584711365,13.8893051169 41.7587489172,13.8895828971 41.7587489172,13.8895828971 41.759026698,13.8898606772 41.759026698,13.8898606772 41.7593044787,13.8901384573 41.7593044787,13.8901384573 41.7598600403,13.8904162375 41.7598600403,13.8904162375 41.7606933826,13.8901384573 41.7606933826,13.8901384573 41.7609711633,13.8898606772 41.7609711633,13.8898606772 41.7612489441,13.8895828971 41.7612489441,13.8895828971 41.7615267248,13.8901384573 41.7615267248,13.8901384573 41.7612489441,13.8912495779 41.7612489441,13.8912495779 41.7609711633,13.8923606985 41.7609711633,13.8923606985 41.7606933826,13.8929162587 41.7606933826,13.8929162587 41.7598600403,13.8931940389 41.7598600403,13.8931940389 41.759026698,13.893471819 41.759026698,13.893471819 41.7581933557,13.8937495991 41.7581933557,13.8937495991 41.7576377942,13.8931940389 41.7576377942,13.8931940389 41.7579155749,13.8929162587 41.7579155749,13.8929162587 41.7581933557,13.8926384786 41.7581933557,13.8926384786 41.7584711365,13.8923606985 41.7584711365,13.8923606985 41.7593044787,13.8918051382 41.7593044787,13.8918051382 41.759026698,13.8912495779 41.759026698,13.8912495779 41.7587489172,13.8909717978 41.7587489172,13.8909717978 41.7584711365,13.8904162375 41.7584711365,13.8904162375 41.7576377942,13.8906940176 41.7576377942,13.8906940176 41.7562488904,13.8909717978 41.7562488904,13.8909717978 41.7559711096,13.8906940176 41.7559711096,13.8906940176 41.7556933289,13.8890273368 41.7556933289,13.8890273368 41.7554155481,13.8879162162 41.7554155481,13.8879162162 41.7551377673,13.8873606559 41.7551377673,13.8873606559 41.7548599866,13.8870828758 41.7548599866,13.8870828758 41.7545822058,13.8868050957 41.7545822058,13.8868050957 41.7543044251,13.8865273155 41.7543044251,13.8865273155 41.7537488635,13.8884717765 41.7537488635,13.8884717765 41.7534710828,13.8890273368 41.7534710828,13.8890273368 41.753193302,13.8906940176 41.753193302,13.8906940176 41.7529155213,13.8909717978 41.7529155213,13.8909717978 41.7523599597,13.8912495779 41.7523599597,13.8912495779 41.752082179,13.8940273793 41.752082179,13.8940273793 41.7523599597,13.8948607197 41.7523599597,13.8948607197 41.752082179,13.8962496204 41.752082179,13.8962496204 41.7518043982,13.8965274005 41.7518043982,13.8965274005 41.7515266174,13.8968051807 41.7515266174,13.8968051807 41.7512488367,13.8970829608 41.7512488367,13.8970829608 41.7509710559,13.8976385211 41.7509710559,13.8976385211 41.7506932752,13.8981940814 41.7506932752,13.8981940814 41.7509710559,13.8993052019 41.7509710559,13.8993052019 41.7504154944,13.8995829821 41.7504154944,13.8995829821 41.7495821521,13.8993052019 41.7495821521,13.8993052019 41.7490265906,13.8990274218 41.7490265906,13.8990274218 41.7481932483,13.8987496417 41.7481932483,13.8987496417 41.747359906,13.8984718615 41.747359906,13.8984718615 41.7476376868,13.8981940814 41.7476376868,13.8981940814 41.7479154676,13.897360741 41.7479154676,13.897360741 41.7481932483,13.8965274005 41.7481932483,13.8965274005 41.7484710291,13.8945829396 41.7484710291,13.8945829396 41.7481932483,13.8943051594 41.7481932483,13.8943051594 41.7479154676,13.8940273793 41.7479154676,13.8940273793 41.7476376868,13.8937495991 41.7476376868,13.8937495991 41.747359906,13.893471819 41.747359906,13.893471819 41.7476376868,13.8931940389 41.7476376868,13.8931940389 41.747359906,13.8923606985 41.747359906,13.8923606985 41.7470821253,13.8920829183 41.7470821253,13.8920829183 41.7468043445,13.8918051382 41.7468043445,13.8918051382 41.7465265638,13.8909717978 41.7465265638,13.8909717978 41.746248783,13.8898606772 41.746248783,13.8898606772 41.7459710022,13.8893051169 41.7459710022,13.8893051169 41.74513766,13.8898606772 41.74513766,13.8898606772 41.7448598792,13.8904162375 41.7448598792,13.8904162375 41.7445820984,13.8909717978 41.7445820984,13.8909717978 41.7443043177,13.891527358 41.7443043177,13.891527358 41.7440265369,13.8918051382 41.7440265369,13.8918051382 41.7437487562,13.8920829183 41.7437487562,13.8920829183 41.7434709754,13.8923606985 41.7434709754,13.8923606985 41.7431931946,13.8926384786 41.7431931946,13.8926384786 41.7426376331,13.8923606985 41.7426376331,13.8923606985 41.7420820716,13.8920829183 41.7420820716,13.8920829183 41.7418042908,13.8923606985 41.7418042908,13.8923606985 41.7412487293,13.8920829183 41.7412487293,13.8920829183 41.7401376063,13.8912495779 41.7401376063,13.8912495779 41.740415387,13.8906940176 41.740415387,13.8906940176 41.7406931678,13.8887495566 41.7406931678,13.8887495566 41.740415387,13.8884717765 41.740415387,13.8884717765 41.7401376063,13.8881939964 41.7401376063,13.8881939964 41.7398598255,13.8884717765 41.7398598255,13.8884717765 41.7395820447,13.8895828971 41.7395820447,13.8895828971 41.739304264,13.8898606772 41.739304264,13.8898606772 41.7387487025,13.8901384573 41.7387487025,13.8901384573 41.7384709217,13.8904162375 41.7384709217,13.8904162375 41.7379153602,13.8906940176 41.7379153602,13.8906940176 41.7376375794,13.8904162375 41.7376375794,13.8904162375 41.7359708949,13.8890273368 41.7359708949,13.8890273368 41.7356931141,13.8879162162 41.7356931141,13.8879162162 41.7354153333,13.8873606559 41.7354153333,13.8873606559 41.7351375526,13.8856939751 41.7351375526,13.8856939751 41.7348597718,13.883471734 41.7348597718,13.883471734 41.7345819911,13.8820828333 41.7345819911,13.8820828333 41.7343042103,13.8818050531 41.7343042103,13.8818050531 41.7345819911,13.881527273 41.7345819911)),((13.9012496629 41.7506932752,13.9009718828 41.7506932752,13.9009718828 41.7509710559,13.9012496629 41.7509710559,13.9012496629 41.7506932752)),((13.8690271667 41.7679156823,13.8690271667 41.7676379016,13.8698605071 41.7676379016,13.8698605071 41.7673601208,13.8704160674 41.7673601208,13.8704160674 41.76708234,13.8709716277 41.76708234,13.8709716277 41.7668045593,13.8718049681 41.7668045593,13.8718049681 41.7665267785,13.8723605284 41.7665267785,13.8723605284 41.7662489978,13.8731938688 41.7662489978,13.8731938688 41.765971217,13.8737494291 41.765971217,13.8737494291 41.7656934362,13.8740272092 41.7656934362,13.8740272092 41.7651378747,13.8748605497 41.7651378747,13.8748605497 41.764860094,13.8756938901 41.764860094,13.8756938901 41.7645823132,13.8762494503 41.7645823132,13.8762494503 41.7643045324,13.8765272305 41.7643045324,13.8765272305 41.7640267517,13.8784716915 41.7640267517,13.8784716915 41.7643045324,13.879582812 41.7643045324,13.879582812 41.7640267517,13.8806939326 41.7640267517,13.8806939326 41.7637489709,13.8818050531 41.7637489709,13.8818050531 41.7634711902,13.8826383936 41.7634711902,13.8826383936 41.7631934094,13.8837495141 41.7631934094,13.8837495141 41.7629156286,13.8848606347 41.7629156286,13.8848606347 41.7626378479,13.8859717552 41.7626378479,13.8859717552 41.7623600671,13.8862495354 41.7623600671,13.8862495354 41.7620822864,13.8826383936 41.7620822864,13.8826383936 41.7623600671,13.8818050531 41.7623600671,13.8818050531 41.7626378479,13.8806939326 41.7626378479,13.8806939326 41.7629156286,13.879582812 41.7629156286,13.879582812 41.7631934094,13.8779161312 41.7631934094,13.8779161312 41.7629156286,13.8759716702 41.7629156286,13.8759716702 41.7631934094,13.8754161099 41.7631934094,13.8754161099 41.7634711902,13.8748605497 41.7634711902,13.8748605497 41.7637489709,13.8737494291 41.7637489709,13.8737494291 41.7640267517,13.8729160887 41.7640267517,13.8729160887 41.7643045324,13.8726383085 41.7643045324,13.8726383085 41.764860094,13.8723605284 41.764860094,13.8723605284 41.7651378747,13.8720827483 41.7651378747,13.8720827483 41.7654156555,13.8718049681 41.7654156555,13.8718049681 41.7656934362,13.871527188 41.7656934362,13.871527188 41.765971217,13.8712494078 41.765971217,13.8712494078 41.7662489978,13.8709716277 41.7662489978,13.8709716277 41.7665267785,13.8706938476 41.7665267785,13.8706938476 41.7668045593,13.869582727 41.7668045593,13.869582727 41.76708234,13.8684716064 41.76708234,13.8684716064 41.7673601208,13.8681938263 41.7673601208,13.8681938263 41.7676379016,13.867638266 41.7676379016,13.867638266 41.7681934631,13.8684716064 41.7681934631,13.8684716064 41.7679156823,13.8690271667 41.7679156823)),((13.867638266 41.7684712438,13.867638266 41.7681934631,13.8673604859 41.7681934631,13.8673604859 41.7684712438,13.867638266 41.7684712438)))"
513,"pnalm_scarab_000513","Esymus pusillus pusillus (Herbst, 1789) (=  Aphodius (Esymus) pusillus pusillus (Herbst, 1789)","Herbst, 1789","subspecies","NULL","NULL","NULL","Scarabaeoidea","Coleoptera","NULL","NULL","Esymus","pusillus","pusillus","Italy","IT","NULL","NULL","NULL","Val Fondillo","Val Fondillo",,"NULL","NULL","NULL","NULL",,,"NULL","NULL","NULL","NULL","NULL","NULL","23529","1964","6","1","Giovanni Papini","NULL","NULL","PreservedSpecimen","NULL","CGP-PNALM","NULL","NULL","NULL","NULL","NULL","NULL","NULL","field_survey","NULL","CC BY 4.0","needs_review","NULL","NULL","NULL",1,"PNALM","Scarabaeoidea","",,13.8704742473229,41.7555553357692,3046,"MULTIPOLYGON(((13.857310829 41.7797921313,13.8517961231 41.7791618792,13.8493276357 41.7727017952,13.8479620895 41.7678698624,13.8500629298 41.7630379297,13.8519536861 41.7569454927,13.8566805769 41.752743812,13.8625629298 41.7498026355,13.8705461231 41.7474917112,13.8765335181 41.7406639801,13.8781091483 41.7382480137,13.882310829 41.733941291,13.8871427618 41.7317354086,13.8891385601 41.7319454927,13.8924999046 41.7356219633,13.8985923416 41.7441303666,13.9034242744 41.7444454927,13.9031091483 41.7484370893,13.8959662912 41.7575757448,13.8937604088 41.7577858288,13.8928150307 41.7607270053,13.8749578878 41.765348854,13.8640335181 41.7698656607,13.8604095685 41.7752228036,13.85736335 41.7796870893,13.857310829 41.7797921313)))"
518,"pnalm_scarab_000518","Esymus pusillus pusillus (Herbst, 1789) (=  Aphodius (Esymus) pusillus pusillus (Herbst, 1789)","Herbst, 1789","subspecies","NULL","NULL","NULL","Scarabaeoidea","Coleoptera","NULL","NULL","Esymus","pusillus","pusillus","Italy","IT","NULL","NULL","NULL","Val Fondillo","Val Fondillo",1600,"1600.0","NULL","NULL","NULL",,,"NULL","NULL","NULL","NULL","NULL","NULL","1996","1996","NULL","NULL","NULL","NULL","NULL","HumanObservation","NULL","NULL","NULL","NULL","NULL","NULL","NULL","(Carpaneto et al. 2005)","NULL","literature","NULL","NULL","needs_review","NULL","NULL","NULL",4,"PNALM","Scarabaeoidea","",,13.881805053143,41.7520821789709,2180,"MULTIPOLYGON(((13.8826383936 41.7337486488,13.8823606134 41.7337486488,13.8823606134 41.7340264295,13.8826383936 41.7340264295,13.8826383936 41.7337486488)),((13.8820828333 41.7340264295,13.8820828333 41.7343042103,13.8823606134 41.7343042103,13.8823606134 41.7340264295,13.8820828333 41.7340264295)),((13.881527273 41.7345819911,13.881527273 41.7348597718,13.8812494929 41.7348597718,13.8812494929 41.7351375526,13.8809717127 41.7351375526,13.8809717127 41.7354153333,13.8806939326 41.7354153333,13.8806939326 41.7356931141,13.8804161524 41.7356931141,13.8804161524 41.7359708949,13.8820828333 41.7359708949,13.8820828333 41.7362486756,13.8840272943 41.7362486756,13.8840272943 41.7365264564,13.8848606347 41.7365264564,13.8848606347 41.7368042371,13.885416195 41.7368042371,13.885416195 41.7370820179,13.8859717552 41.7370820179,13.8859717552 41.7373597987,13.8879162162 41.7373597987,13.8879162162 41.7381931409,13.8873606559 41.7381931409,13.8873606559 41.7384709217,13.8870828758 41.7384709217,13.8870828758 41.7387487025,13.8868050957 41.7387487025,13.8868050957 41.7390264832,13.8865273155 41.7390264832,13.8865273155 41.7395820447,13.8862495354 41.7395820447,13.8862495354 41.7398598255,13.8859717552 41.7398598255,13.8859717552 41.7406931678,13.8856939751 41.7406931678,13.8856939751 41.7412487293,13.8851384148 41.7412487293,13.8851384148 41.7415265101,13.8848606347 41.7415265101,13.8848606347 41.7418042908,13.8845828545 41.7418042908,13.8845828545 41.7423598523,13.8848606347 41.7423598523,13.8848606347 41.7429154139,13.885416195 41.7429154139,13.885416195 41.7431931946,13.8868050957 41.7431931946,13.8868050957 41.7429154139,13.8870828758 41.7429154139,13.8870828758 41.7426376331,13.8898606772 41.7426376331,13.8898606772 41.7429154139,13.8890273368 41.7429154139,13.8890273368 41.7431931946,13.8884717765 41.7431931946,13.8884717765 41.7434709754,13.8881939964 41.7434709754,13.8881939964 41.7437487562,13.8876384361 41.7437487562,13.8876384361 41.7443043177,13.8873606559 41.7443043177,13.8873606559 41.7445820984,13.8870828758 41.7445820984,13.8870828758 41.7459710022,13.8873606559 41.7459710022,13.8873606559 41.746248783,13.8879162162 41.746248783,13.8879162162 41.7465265638,13.8884717765 41.7465265638,13.8884717765 41.7468043445,13.8890273368 41.7468043445,13.8890273368 41.7470821253,13.8893051169 41.7470821253,13.8893051169 41.7476376868,13.8909717978 41.7476376868,13.8909717978 41.7481932483,13.8912495779 41.7481932483,13.8912495779 41.7484710291,13.891527358 41.7484710291,13.891527358 41.7487488098,13.8929162587 41.7487488098,13.8929162587 41.7490265906,13.8937495991 41.7490265906,13.8937495991 41.7493043714,13.8943051594 41.7493043714,13.8943051594 41.7495821521,13.8956940601 41.7495821521,13.8956940601 41.7498599329,13.8962496204 41.7498599329,13.8962496204 41.7501377136,13.89541628 41.7501377136,13.89541628 41.7504154944,13.8948607197 41.7504154944,13.8948607197 41.7506932752,13.8945829396 41.7506932752,13.8945829396 41.7509710559,13.8937495991 41.7509710559,13.8937495991 41.7506932752,13.893471819 41.7506932752,13.893471819 41.7509710559,13.8909717978 41.7509710559,13.8909717978 41.7512488367,13.8904162375 41.7512488367,13.8904162375 41.7515266174,13.8901384573 41.7515266174,13.8901384573 41.7518043982,13.8884717765 41.7518043982,13.8884717765 41.752082179,13.8881939964 41.752082179,13.8881939964 41.7523599597,13.8876384361 41.7523599597,13.8876384361 41.7526377405,13.8856939751 41.7526377405,13.8856939751 41.7523599597,13.8851384148 41.7523599597,13.8851384148 41.752082179,13.8845828545 41.752082179,13.8845828545 41.7518043982,13.8840272943 41.7518043982,13.8840272943 41.7515266174,13.8837495141 41.7515266174,13.8837495141 41.7512488367,13.8829161737 41.7512488367,13.8829161737 41.7515266174,13.8823606134 41.7515266174,13.8823606134 41.7518043982,13.8820828333 41.7518043982,13.8820828333 41.752082179,13.8818050531 41.752082179,13.8818050531 41.7523599597,13.8820828333 41.7523599597,13.8820828333 41.7529155213,13.8823606134 41.7529155213,13.8823606134 41.753193302,13.8826383936 41.753193302,13.8826383936 41.7534710828,13.8829161737 41.7534710828,13.8829161737 41.7537488635,13.8831939538 41.7537488635,13.8831939538 41.7543044251,13.8837495141 41.7543044251,13.8837495141 41.7545822058,13.8840272943 41.7545822058,13.8840272943 41.7548599866,13.8843050744 41.7548599866,13.8843050744 41.7551377673,13.8848606347 41.7551377673,13.8848606347 41.7554155481,13.8851384148 41.7554155481,13.8851384148 41.7556933289,13.8856939751 41.7556933289,13.8856939751 41.7559711096,13.8862495354 41.7559711096,13.8862495354 41.7562488904,13.8873606559 41.7562488904,13.8873606559 41.7565266711,13.8893051169 41.7565266711,13.8893051169 41.7573600134,13.8890273368 41.7573600134,13.8890273368 41.7584711365,13.8893051169 41.7584711365,13.8893051169 41.7587489172,13.8895828971 41.7587489172,13.8895828971 41.759026698,13.8898606772 41.759026698,13.8898606772 41.7593044787,13.8901384573 41.7593044787,13.8901384573 41.7598600403,13.8904162375 41.7598600403,13.8904162375 41.7606933826,13.8901384573 41.7606933826,13.8901384573 41.7609711633,13.8898606772 41.7609711633,13.8898606772 41.7612489441,13.8895828971 41.7612489441,13.8895828971 41.7615267248,13.8901384573 41.7615267248,13.8901384573 41.7612489441,13.8912495779 41.7612489441,13.8912495779 41.7609711633,13.8923606985 41.7609711633,13.8923606985 41.7606933826,13.8929162587 41.7606933826,13.8929162587 41.7598600403,13.8931940389 41.7598600403,13.8931940389 41.759026698,13.893471819 41.759026698,13.893471819 41.7581933557,13.8937495991 41.7581933557,13.8937495991 41.7576377942,13.8931940389 41.7576377942,13.8931940389 41.7579155749,13.8929162587 41.7579155749,13.8929162587 41.7581933557,13.8926384786 41.7581933557,13.8926384786 41.7584711365,13.8923606985 41.7584711365,13.8923606985 41.7593044787,13.8918051382 41.7593044787,13.8918051382 41.759026698,13.8912495779 41.759026698,13.8912495779 41.7587489172,13.8909717978 41.7587489172,13.8909717978 41.7584711365,13.8904162375 41.7584711365,13.8904162375 41.7576377942,13.8906940176 41.7576377942,13.8906940176 41.7562488904,13.8909717978 41.7562488904,13.8909717978 41.7559711096,13.8906940176 41.7559711096,13.8906940176 41.7556933289,13.8890273368 41.7556933289,13.8890273368 41.7554155481,13.8879162162 41.7554155481,13.8879162162 41.7551377673,13.8873606559 41.7551377673,13.8873606559 41.7548599866,13.8870828758 41.7548599866,13.8870828758 41.7545822058,13.8868050957 41.7545822058,13.8868050957 41.7543044251,13.8865273155 41.7543044251,13.8865273155 41.7537488635,13.8884717765 41.7537488635,13.8884717765 41.7534710828,13.8890273368 41.7534710828,13.8890273368 41.753193302,13.8906940176 41.753193302,13.8906940176 41.7529155213,13.8909717978 41.7529155213,13.8909717978 41.7523599597,13.8912495779 41.7523599597,13.8912495779 41.752082179,13.8940273793 41.752082179,13.8940273793 41.7523599597,13.8948607197 41.7523599597,13.8948607197 41.752082179,13.8962496204 41.752082179,13.8962496204 41.7518043982,13.8965274005 41.7518043982,13.8965274005 41.7515266174,13.8968051807 41.7515266174,13.8968051807 41.7512488367,13.8970829608 41.7512488367,13.8970829608 41.7509710559,13.8976385211 41.7509710559,13.8976385211 41.7506932752,13.8981940814 41.7506932752,13.8981940814 41.7509710559,13.8993052019 41.7509710559,13.8993052019 41.7504154944,13.8995829821 41.7504154944,13.8995829821 41.7495821521,13.8993052019 41.7495821521,13.8993052019 41.7490265906,13.8990274218 41.7490265906,13.8990274218 41.7481932483,13.8987496417 41.7481932483,13.8987496417 41.747359906,13.8984718615 41.747359906,13.8984718615 41.7476376868,13.8981940814 41.7476376868,13.8981940814 41.7479154676,13.897360741 41.7479154676,13.897360741 41.7481932483,13.8965274005 41.7481932483,13.8965274005 41.7484710291,13.8945829396 41.7484710291,13.8945829396 41.7481932483,13.8943051594 41.7481932483,13.8943051594 41.7479154676,13.8940273793 41.7479154676,13.8940273793 41.7476376868,13.8937495991 41.7476376868,13.8937495991 41.747359906,13.893471819 41.747359906,13.893471819 41.7476376868,13.8931940389 41.7476376868,13.8931940389 41.747359906,13.8923606985 41.747359906,13.8923606985 41.7470821253,13.8920829183 41.7470821253,13.8920829183 41.7468043445,13.8918051382 41.7468043445,13.8918051382 41.7465265638,13.8909717978 41.7465265638,13.8909717978 41.746248783,13.8898606772 41.746248783,13.8898606772 41.7459710022,13.8893051169 41.7459710022,13.8893051169 41.74513766,13.8898606772 41.74513766,13.8898606772 41.7448598792,13.8904162375 41.7448598792,13.8904162375 41.7445820984,13.8909717978 41.7445820984,13.8909717978 41.7443043177,13.891527358 41.7443043177,13.891527358 41.7440265369,13.8918051382 41.7440265369,13.8918051382 41.7437487562,13.8920829183 41.7437487562,13.8920829183 41.7434709754,13.8923606985 41.7434709754,13.8923606985 41.7431931946,13.8926384786 41.7431931946,13.8926384786 41.7426376331,13.8923606985 41.7426376331,13.8923606985 41.7420820716,13.8920829183 41.7420820716,13.8920829183 41.7418042908,13.8923606985 41.7418042908,13.8923606985 41.7412487293,13.8920829183 41.7412487293,13.8920829183 41.7401376063,13.8912495779 41.7401376063,13.8912495779 41.740415387,13.8906940176 41.740415387,13.8906940176 41.7406931678,13.8887495566 41.7406931678,13.8887495566 41.740415387,13.8884717765 41.740415387,13.8884717765 41.7401376063,13.8881939964 41.7401376063,13.8881939964 41.7398598255,13.8884717765 41.7398598255,13.8884717765 41.7395820447,13.8895828971 41.7395820447,13.8895828971 41.739304264,13.8898606772 41.739304264,13.8898606772 41.7387487025,13.8901384573 41.7387487025,13.8901384573 41.7384709217,13.8904162375 41.7384709217,13.8904162375 41.7379153602,13.8906940176 41.7379153602,13.8906940176 41.7376375794,13.8904162375 41.7376375794,13.8904162375 41.7359708949,13.8890273368 41.7359708949,13.8890273368 41.7356931141,13.8879162162 41.7356931141,13.8879162162 41.7354153333,13.8873606559 41.7354153333,13.8873606559 41.7351375526,13.8856939751 41.7351375526,13.8856939751 41.7348597718,13.883471734 41.7348597718,13.883471734 41.7345819911,13.8820828333 41.7345819911,13.8820828333 41.7343042103,13.8818050531 41.7343042103,13.8818050531 41.7345819911,13.881527273 41.7345819911)),((13.9012496629 41.7506932752,13.9009718828 41.7506932752,13.9009718828 41.7509710559,13.9012496629 41.7509710559,13.9012496629 41.7506932752)),((13.8690271667 41.7679156823,13.8690271667 41.7676379016,13.8698605071 41.7676379016,13.8698605071 41.7673601208,13.8704160674 41.7673601208,13.8704160674 41.76708234,13.8709716277 41.76708234,13.8709716277 41.7668045593,13.8718049681 41.7668045593,13.8718049681 41.7665267785,13.8723605284 41.7665267785,13.8723605284 41.7662489978,13.8731938688 41.7662489978,13.8731938688 41.765971217,13.8737494291 41.765971217,13.8737494291 41.7656934362,13.8740272092 41.7656934362,13.8740272092 41.7651378747,13.8748605497 41.7651378747,13.8748605497 41.764860094,13.8756938901 41.764860094,13.8756938901 41.7645823132,13.8762494503 41.7645823132,13.8762494503 41.7643045324,13.8765272305 41.7643045324,13.8765272305 41.7640267517,13.8784716915 41.7640267517,13.8784716915 41.7643045324,13.879582812 41.7643045324,13.879582812 41.7640267517,13.8806939326 41.7640267517,13.8806939326 41.7637489709,13.8818050531 41.7637489709,13.8818050531 41.7634711902,13.8826383936 41.7634711902,13.8826383936 41.7631934094,13.8837495141 41.7631934094,13.8837495141 41.7629156286,13.8848606347 41.7629156286,13.8848606347 41.7626378479,13.8859717552 41.7626378479,13.8859717552 41.7623600671,13.8862495354 41.7623600671,13.8862495354 41.7620822864,13.8826383936 41.7620822864,13.8826383936 41.7623600671,13.8818050531 41.7623600671,13.8818050531 41.7626378479,13.8806939326 41.7626378479,13.8806939326 41.7629156286,13.879582812 41.7629156286,13.879582812 41.7631934094,13.8779161312 41.7631934094,13.8779161312 41.7629156286,13.8759716702 41.7629156286,13.8759716702 41.7631934094,13.8754161099 41.7631934094,13.8754161099 41.7634711902,13.8748605497 41.7634711902,13.8748605497 41.7637489709,13.8737494291 41.7637489709,13.8737494291 41.7640267517,13.8729160887 41.7640267517,13.8729160887 41.7643045324,13.8726383085 41.7643045324,13.8726383085 41.764860094,13.8723605284 41.764860094,13.8723605284 41.7651378747,13.8720827483 41.7651378747,13.8720827483 41.7654156555,13.8718049681 41.7654156555,13.8718049681 41.7656934362,13.871527188 41.7656934362,13.871527188 41.765971217,13.8712494078 41.765971217,13.8712494078 41.7662489978,13.8709716277 41.7662489978,13.8709716277 41.7665267785,13.8706938476 41.7665267785,13.8706938476 41.7668045593,13.869582727 41.7668045593,13.869582727 41.76708234,13.8684716064 41.76708234,13.8684716064 41.7673601208,13.8681938263 41.7673601208,13.8681938263 41.7676379016,13.867638266 41.7676379016,13.867638266 41.7681934631,13.8684716064 41.7681934631,13.8684716064 41.7679156823,13.8690271667 41.7679156823)),((13.867638266 41.7684712438,13.867638266 41.7681934631,13.8673604859 41.7681934631,13.8673604859 41.7684712438,13.867638266 41.7684712438)))"
519,"pnalm_scarab_000519","Esymus pusillus pusillus (Herbst, 1789) (=  Aphodius (Esymus) pusillus pusillus (Herbst, 1789)","Herbst, 1789","subspecies","NULL","NULL","NULL","Scarabaeoidea","Coleoptera","NULL","NULL","Esymus","pusillus","pusillus","Italy","IT","NULL","NULL","NULL","Val Fondillo","Val Fondillo",1600,"1600.0","NULL","NULL","NULL",,,"NULL","NULL","NULL","NULL","NULL","NULL","1996","1996","NULL","NULL","NULL","NULL","NULL","HumanObservation","NULL","NULL","NULL","NULL","NULL","NULL","NULL","(Carpaneto et al. 2005)","NULL","literature","NULL","NULL","needs_review","NULL","NULL","NULL",4,"PNALM","Scarabaeoidea","",,13.881805053143,41.7520821789709,2180,"MULTIPOLYGON(((13.8826383936 41.7337486488,13.8823606134 41.7337486488,13.8823606134 41.7340264295,13.8826383936 41.7340264295,13.8826383936 41.7337486488)),((13.8820828333 41.7340264295,13.8820828333 41.7343042103,13.8823606134 41.7343042103,13.8823606134 41.7340264295,13.8820828333 41.7340264295)),((13.881527273 41.7345819911,13.881527273 41.7348597718,13.8812494929 41.7348597718,13.8812494929 41.7351375526,13.8809717127 41.7351375526,13.8809717127 41.7354153333,13.8806939326 41.7354153333,13.8806939326 41.7356931141,13.8804161524 41.7356931141,13.8804161524 41.7359708949,13.8820828333 41.7359708949,13.8820828333 41.7362486756,13.8840272943 41.7362486756,13.8840272943 41.7365264564,13.8848606347 41.7365264564,13.8848606347 41.7368042371,13.885416195 41.7368042371,13.885416195 41.7370820179,13.8859717552 41.7370820179,13.8859717552 41.7373597987,13.8879162162 41.7373597987,13.8879162162 41.7381931409,13.8873606559 41.7381931409,13.8873606559 41.7384709217,13.8870828758 41.7384709217,13.8870828758 41.7387487025,13.8868050957 41.7387487025,13.8868050957 41.7390264832,13.8865273155 41.7390264832,13.8865273155 41.7395820447,13.8862495354 41.7395820447,13.8862495354 41.7398598255,13.8859717552 41.7398598255,13.8859717552 41.7406931678,13.8856939751 41.7406931678,13.8856939751 41.7412487293,13.8851384148 41.7412487293,13.8851384148 41.7415265101,13.8848606347 41.7415265101,13.8848606347 41.7418042908,13.8845828545 41.7418042908,13.8845828545 41.7423598523,13.8848606347 41.7423598523,13.8848606347 41.7429154139,13.885416195 41.7429154139,13.885416195 41.7431931946,13.8868050957 41.7431931946,13.8868050957 41.7429154139,13.8870828758 41.7429154139,13.8870828758 41.7426376331,13.8898606772 41.7426376331,13.8898606772 41.7429154139,13.8890273368 41.7429154139,13.8890273368 41.7431931946,13.8884717765 41.7431931946,13.8884717765 41.7434709754,13.8881939964 41.7434709754,13.8881939964 41.7437487562,13.8876384361 41.7437487562,13.8876384361 41.7443043177,13.8873606559 41.7443043177,13.8873606559 41.7445820984,13.8870828758 41.7445820984,13.8870828758 41.7459710022,13.8873606559 41.7459710022,13.8873606559 41.746248783,13.8879162162 41.746248783,13.8879162162 41.7465265638,13.8884717765 41.7465265638,13.8884717765 41.7468043445,13.8890273368 41.7468043445,13.8890273368 41.7470821253,13.8893051169 41.7470821253,13.8893051169 41.7476376868,13.8909717978 41.7476376868,13.8909717978 41.7481932483,13.8912495779 41.7481932483,13.8912495779 41.7484710291,13.891527358 41.7484710291,13.891527358 41.7487488098,13.8929162587 41.7487488098,13.8929162587 41.7490265906,13.8937495991 41.7490265906,13.8937495991 41.7493043714,13.8943051594 41.7493043714,13.8943051594 41.7495821521,13.8956940601 41.7495821521,13.8956940601 41.7498599329,13.8962496204 41.7498599329,13.8962496204 41.7501377136,13.89541628 41.7501377136,13.89541628 41.7504154944,13.8948607197 41.7504154944,13.8948607197 41.7506932752,13.8945829396 41.7506932752,13.8945829396 41.7509710559,13.8937495991 41.7509710559,13.8937495991 41.7506932752,13.893471819 41.7506932752,13.893471819 41.7509710559,13.8909717978 41.7509710559,13.8909717978 41.7512488367,13.8904162375 41.7512488367,13.8904162375 41.7515266174,13.8901384573 41.7515266174,13.8901384573 41.7518043982,13.8884717765 41.7518043982,13.8884717765 41.752082179,13.8881939964 41.752082179,13.8881939964 41.7523599597,13.8876384361 41.7523599597,13.8876384361 41.7526377405,13.8856939751 41.7526377405,13.8856939751 41.7523599597,13.8851384148 41.7523599597,13.8851384148 41.752082179,13.8845828545 41.752082179,13.8845828545 41.7518043982,13.8840272943 41.7518043982,13.8840272943 41.7515266174,13.8837495141 41.7515266174,13.8837495141 41.7512488367,13.8829161737 41.7512488367,13.8829161737 41.7515266174,13.8823606134 41.7515266174,13.8823606134 41.7518043982,13.8820828333 41.7518043982,13.8820828333 41.752082179,13.8818050531 41.752082179,13.8818050531 41.7523599597,13.8820828333 41.7523599597,13.8820828333 41.7529155213,13.8823606134 41.7529155213,13.8823606134 41.753193302,13.8826383936 41.753193302,13.8826383936 41.7534710828,13.8829161737 41.7534710828,13.8829161737 41.7537488635,13.8831939538 41.7537488635,13.8831939538 41.7543044251,13.8837495141 41.7543044251,13.8837495141 41.7545822058,13.8840272943 41.7545822058,13.8840272943 41.7548599866,13.8843050744 41.7548599866,13.8843050744 41.7551377673,13.8848606347 41.7551377673,13.8848606347 41.7554155481,13.8851384148 41.7554155481,13.8851384148 41.7556933289,13.8856939751 41.7556933289,13.8856939751 41.7559711096,13.8862495354 41.7559711096,13.8862495354 41.7562488904,13.8873606559 41.7562488904,13.8873606559 41.7565266711,13.8893051169 41.7565266711,13.8893051169 41.7573600134,13.8890273368 41.7573600134,13.8890273368 41.7584711365,13.8893051169 41.7584711365,13.8893051169 41.7587489172,13.8895828971 41.7587489172,13.8895828971 41.759026698,13.8898606772 41.759026698,13.8898606772 41.7593044787,13.8901384573 41.7593044787,13.8901384573 41.7598600403,13.8904162375 41.7598600403,13.8904162375 41.7606933826,13.8901384573 41.7606933826,13.8901384573 41.7609711633,13.8898606772 41.7609711633,13.8898606772 41.7612489441,13.8895828971 41.7612489441,13.8895828971 41.7615267248,13.8901384573 41.7615267248,13.8901384573 41.7612489441,13.8912495779 41.7612489441,13.8912495779 41.7609711633,13.8923606985 41.7609711633,13.8923606985 41.7606933826,13.8929162587 41.7606933826,13.8929162587 41.7598600403,13.8931940389 41.7598600403,13.8931940389 41.759026698,13.893471819 41.759026698,13.893471819 41.7581933557,13.8937495991 41.7581933557,13.8937495991 41.7576377942,13.8931940389 41.7576377942,13.8931940389 41.7579155749,13.8929162587 41.7579155749,13.8929162587 41.7581933557,13.8926384786 41.7581933557,13.8926384786 41.7584711365,13.8923606985 41.7584711365,13.8923606985 41.7593044787,13.8918051382 41.7593044787,13.8918051382 41.759026698,13.8912495779 41.759026698,13.8912495779 41.7587489172,13.8909717978 41.7587489172,13.8909717978 41.7584711365,13.8904162375 41.7584711365,13.8904162375 41.7576377942,13.8906940176 41.7576377942,13.8906940176 41.7562488904,13.8909717978 41.7562488904,13.8909717978 41.7559711096,13.8906940176 41.7559711096,13.8906940176 41.7556933289,13.8890273368 41.7556933289,13.8890273368 41.7554155481,13.8879162162 41.7554155481,13.8879162162 41.7551377673,13.8873606559 41.7551377673,13.8873606559 41.7548599866,13.8870828758 41.7548599866,13.8870828758 41.7545822058,13.8868050957 41.7545822058,13.8868050957 41.7543044251,13.8865273155 41.7543044251,13.8865273155 41.7537488635,13.8884717765 41.7537488635,13.8884717765 41.7534710828,13.8890273368 41.7534710828,13.8890273368 41.753193302,13.8906940176 41.753193302,13.8906940176 41.7529155213,13.8909717978 41.7529155213,13.8909717978 41.7523599597,13.8912495779 41.7523599597,13.8912495779 41.752082179,13.8940273793 41.752082179,13.8940273793 41.7523599597,13.8948607197 41.7523599597,13.8948607197 41.752082179,13.8962496204 41.752082179,13.8962496204 41.7518043982,13.8965274005 41.7518043982,13.8965274005 41.7515266174,13.8968051807 41.7515266174,13.8968051807 41.7512488367,13.8970829608 41.7512488367,13.8970829608 41.7509710559,13.8976385211 41.7509710559,13.8976385211 41.7506932752,13.8981940814 41.7506932752,13.8981940814 41.7509710559,13.8993052019 41.7509710559,13.8993052019 41.7504154944,13.8995829821 41.7504154944,13.8995829821 41.7495821521,13.8993052019 41.7495821521,13.8993052019 41.7490265906,13.8990274218 41.7490265906,13.8990274218 41.7481932483,13.8987496417 41.7481932483,13.8987496417 41.747359906,13.8984718615 41.747359906,13.8984718615 41.7476376868,13.8981940814 41.7476376868,13.8981940814 41.7479154676,13.897360741 41.7479154676,13.897360741 41.7481932483,13.8965274005 41.7481932483,13.8965274005 41.7484710291,13.8945829396 41.7484710291,13.8945829396 41.7481932483,13.8943051594 41.7481932483,13.8943051594 41.7479154676,13.8940273793 41.7479154676,13.8940273793 41.7476376868,13.8937495991 41.7476376868,13.8937495991 41.747359906,13.893471819 41.747359906,13.893471819 41.7476376868,13.8931940389 41.7476376868,13.8931940389 41.747359906,13.8923606985 41.747359906,13.8923606985 41.7470821253,13.8920829183 41.7470821253,13.8920829183 41.7468043445,13.8918051382 41.7468043445,13.8918051382 41.7465265638,13.8909717978 41.7465265638,13.8909717978 41.746248783,13.8898606772 41.746248783,13.8898606772 41.7459710022,13.8893051169 41.7459710022,13.8893051169 41.74513766,13.8898606772 41.74513766,13.8898606772 41.7448598792,13.8904162375 41.7448598792,13.8904162375 41.7445820984,13.8909717978 41.7445820984,13.8909717978 41.7443043177,13.891527358 41.7443043177,13.891527358 41.7440265369,13.8918051382 41.7440265369,13.8918051382 41.7437487562,13.8920829183 41.7437487562,13.8920829183 41.7434709754,13.8923606985 41.7434709754,13.8923606985 41.7431931946,13.8926384786 41.7431931946,13.8926384786 41.7426376331,13.8923606985 41.7426376331,13.8923606985 41.7420820716,13.8920829183 41.7420820716,13.8920829183 41.7418042908,13.8923606985 41.7418042908,13.8923606985 41.7412487293,13.8920829183 41.7412487293,13.8920829183 41.7401376063,13.8912495779 41.7401376063,13.8912495779 41.740415387,13.8906940176 41.740415387,13.8906940176 41.7406931678,13.8887495566 41.7406931678,13.8887495566 41.740415387,13.8884717765 41.740415387,13.8884717765 41.7401376063,13.8881939964 41.7401376063,13.8881939964 41.7398598255,13.8884717765 41.7398598255,13.8884717765 41.7395820447,13.8895828971 41.7395820447,13.8895828971 41.739304264,13.8898606772 41.739304264,13.8898606772 41.7387487025,13.8901384573 41.7387487025,13.8901384573 41.7384709217,13.8904162375 41.7384709217,13.8904162375 41.7379153602,13.8906940176 41.7379153602,13.8906940176 41.7376375794,13.8904162375 41.7376375794,13.8904162375 41.7359708949,13.8890273368 41.7359708949,13.8890273368 41.7356931141,13.8879162162 41.7356931141,13.8879162162 41.7354153333,13.8873606559 41.7354153333,13.8873606559 41.7351375526,13.8856939751 41.7351375526,13.8856939751 41.7348597718,13.883471734 41.7348597718,13.883471734 41.7345819911,13.8820828333 41.7345819911,13.8820828333 41.7343042103,13.8818050531 41.7343042103,13.8818050531 41.7345819911,13.881527273 41.7345819911)),((13.9012496629 41.7506932752,13.9009718828 41.7506932752,13.9009718828 41.7509710559,13.9012496629 41.7509710559,13.9012496629 41.7506932752)),((13.8690271667 41.7679156823,13.8690271667 41.7676379016,13.8698605071 41.7676379016,13.8698605071 41.7673601208,13.8704160674 41.7673601208,13.8704160674 41.76708234,13.8709716277 41.76708234,13.8709716277 41.7668045593,13.8718049681 41.7668045593,13.8718049681 41.7665267785,13.8723605284 41.7665267785,13.8723605284 41.7662489978,13.8731938688 41.7662489978,13.8731938688 41.765971217,13.8737494291 41.765971217,13.8737494291 41.7656934362,13.8740272092 41.7656934362,13.8740272092 41.7651378747,13.8748605497 41.7651378747,13.8748605497 41.764860094,13.8756938901 41.764860094,13.8756938901 41.7645823132,13.8762494503 41.7645823132,13.8762494503 41.7643045324,13.8765272305 41.7643045324,13.8765272305 41.7640267517,13.8784716915 41.7640267517,13.8784716915 41.7643045324,13.879582812 41.7643045324,13.879582812 41.7640267517,13.8806939326 41.7640267517,13.8806939326 41.7637489709,13.8818050531 41.7637489709,13.8818050531 41.7634711902,13.8826383936 41.7634711902,13.8826383936 41.7631934094,13.8837495141 41.7631934094,13.8837495141 41.7629156286,13.8848606347 41.7629156286,13.8848606347 41.7626378479,13.8859717552 41.7626378479,13.8859717552 41.7623600671,13.8862495354 41.7623600671,13.8862495354 41.7620822864,13.8826383936 41.7620822864,13.8826383936 41.7623600671,13.8818050531 41.7623600671,13.8818050531 41.7626378479,13.8806939326 41.7626378479,13.8806939326 41.7629156286,13.879582812 41.7629156286,13.879582812 41.7631934094,13.8779161312 41.7631934094,13.8779161312 41.7629156286,13.8759716702 41.7629156286,13.8759716702 41.7631934094,13.8754161099 41.7631934094,13.8754161099 41.7634711902,13.8748605497 41.7634711902,13.8748605497 41.7637489709,13.8737494291 41.7637489709,13.8737494291 41.7640267517,13.8729160887 41.7640267517,13.8729160887 41.7643045324,13.8726383085 41.7643045324,13.8726383085 41.764860094,13.8723605284 41.764860094,13.8723605284 41.7651378747,13.8720827483 41.7651378747,13.8720827483 41.7654156555,13.8718049681 41.7654156555,13.8718049681 41.7656934362,13.871527188 41.7656934362,13.871527188 41.765971217,13.8712494078 41.765971217,13.8712494078 41.7662489978,13.8709716277 41.7662489978,13.8709716277 41.7665267785,13.8706938476 41.7665267785,13.8706938476 41.7668045593,13.869582727 41.7668045593,13.869582727 41.76708234,13.8684716064 41.76708234,13.8684716064 41.7673601208,13.8681938263 41.7673601208,13.8681938263 41.7676379016,13.867638266 41.7676379016,13.867638266 41.7681934631,13.8684716064 41.7681934631,13.8684716064 41.7679156823,13.8690271667 41.7679156823)),((13.867638266 41.7684712438,13.867638266 41.7681934631,13.8673604859 41.7681934631,13.8673604859 41.7684712438,13.867638266 41.7684712438)))"
522,"pnalm_scarab_000522","Euheptaulacus carinatus brutius (Luigioni, 1920)","Luigioni, 1920","subspecies","NULL","NULL","NULL","Scarabaeoidea","Coleoptera","NULL","NULL","Euheptaulacus","carinatus","brutius","Italy","IT","NULL","NULL","NULL","Val Fondillo","Val Fondillo",,"NULL","NULL","NULL","NULL",,,"NULL","NULL","NULL","NULL","NULL","NULL","10043","1927","6","30","Paolo Luigioni","NULL","NULL","PreservedSpecimen","NULL","CPL-MCZR","NULL","NULL","NULL","NULL","NULL","(Luigioni 1931)","NULL","field_survey","NULL","CC BY 4.0","needs_review","NULL","NULL","NULL",1,"PNALM","Scarabaeoidea","",,13.8704742473229,41.7555553357692,3046,"MULTIPOLYGON(((13.857310829 41.7797921313,13.8517961231 41.7791618792,13.8493276357 41.7727017952,13.8479620895 41.7678698624,13.8500629298 41.7630379297,13.8519536861 41.7569454927,13.8566805769 41.752743812,13.8625629298 41.7498026355,13.8705461231 41.7474917112,13.8765335181 41.7406639801,13.8781091483 41.7382480137,13.882310829 41.733941291,13.8871427618 41.7317354086,13.8891385601 41.7319454927,13.8924999046 41.7356219633,13.8985923416 41.7441303666,13.9034242744 41.7444454927,13.9031091483 41.7484370893,13.8959662912 41.7575757448,13.8937604088 41.7577858288,13.8928150307 41.7607270053,13.8749578878 41.765348854,13.8640335181 41.7698656607,13.8604095685 41.7752228036,13.85736335 41.7796870893,13.857310829 41.7797921313)))"
535,"pnalm_scarab_000535","Euheptaulacus carinatus brutius (Luigioni, 1920)","Luigioni, 1920","subspecies","NULL","NULL","NULL","Scarabaeoidea","Coleoptera","NULL","NULL","Euheptaulacus","carinatus","brutius","Italy","IT","NULL","NULL","NULL","Val Fondillo","Val Fondillo",,"NULL","NULL","NULL","NULL",,,"NULL","NULL","NULL","NULL","NULL","NULL","22828","1962","7","1","Giovanni Papini","NULL","NULL","PreservedSpecimen","NULL","CGP-PNALM","NULL","NULL","NULL","NULL","NULL","NULL","NULL","field_survey","NULL","CC BY 4.0","needs_review","NULL","NULL","NULL",1,"PNALM","Scarabaeoidea","",,13.8704742473229,41.7555553357692,3046,"MULTIPOLYGON(((13.857310829 41.7797921313,13.8517961231 41.7791618792,13.8493276357 41.7727017952,13.8479620895 41.7678698624,13.8500629298 41.7630379297,13.8519536861 41.7569454927,13.8566805769 41.752743812,13.8625629298 41.7498026355,13.8705461231 41.7474917112,13.8765335181 41.7406639801,13.8781091483 41.7382480137,13.882310829 41.733941291,13.8871427618 41.7317354086,13.8891385601 41.7319454927,13.8924999046 41.7356219633,13.8985923416 41.7441303666,13.9034242744 41.7444454927,13.9031091483 41.7484370893,13.8959662912 41.7575757448,13.8937604088 41.7577858288,13.8928150307 41.7607270053,13.8749578878 41.765348854,13.8640335181 41.7698656607,13.8604095685 41.7752228036,13.85736335 41.7796870893,13.857310829 41.7797921313)))"
539,"pnalm_scarab_000539","Euheptaulacus carinatus brutius (Luigioni, 1920)","Luigioni, 1920","subspecies","NULL","NULL","NULL","Scarabaeoidea","Coleoptera","NULL","NULL","Euheptaulacus","carinatus","brutius","Italy","IT","NULL","NULL","NULL","Val Fondillo","Val Fondillo",,"NULL","NULL","NULL","NULL",,,"NULL","NULL","NULL","NULL","NULL","NULL","25018","1968","6","29","Giovanni Papini","NULL","NULL","PreservedSpecimen","NULL","CGP-PNALM","NULL","NULL","NULL","NULL","NULL","NULL","NULL","field_survey","NULL","CC BY 4.0","needs_review","NULL","NULL","NULL",1,"PNALM","Scarabaeoidea","",,13.8704742473229,41.7555553357692,3046,"MULTIPOLYGON(((13.857310829 41.7797921313,13.8517961231 41.7791618792,13.8493276357 41.7727017952,13.8479620895 41.7678698624,13.8500629298 41.7630379297,13.8519536861 41.7569454927,13.8566805769 41.752743812,13.8625629298 41.7498026355,13.8705461231 41.7474917112,13.8765335181 41.7406639801,13.8781091483 41.7382480137,13.882310829 41.733941291,13.8871427618 41.7317354086,13.8891385601 41.7319454927,13.8924999046 41.7356219633,13.8985923416 41.7441303666,13.9034242744 41.7444454927,13.9031091483 41.7484370893,13.8959662912 41.7575757448,13.8937604088 41.7577858288,13.8928150307 41.7607270053,13.8749578878 41.765348854,13.8640335181 41.7698656607,13.8604095685 41.7752228036,13.85736335 41.7796870893,13.857310829 41.7797921313)))"
590,"pnalm_scarab_000590","Melinopterus sphacelatus (Panzer, 1798) (= A. (Melinopterus) sphacelatus (Panzer, 1798))","NULL","species","NULL","NULL","NULL","Scarabaeoidea","Coleoptera","NULL","NULL","Melinopterus","sphacelatus","NULL","Italy","IT","NULL","NULL","NULL","Val Fondillo","Val Fondillo",,"NULL","NULL","NULL","NULL",,,"NULL","NULL","NULL","NULL","NULL","NULL","23528","1964","5","31","Giovanni Papini","NULL","NULL","PreservedSpecimen","NULL","CGP-PNALM","NULL","NULL","NULL","NULL","NULL","NULL","NULL","field_survey","NULL","CC BY 4.0","needs_review","NULL","NULL","NULL",1,"PNALM","Scarabaeoidea","",,13.8704742473229,41.7555553357692,3046,"MULTIPOLYGON(((13.857310829 41.7797921313,13.8517961231 41.7791618792,13.8493276357 41.7727017952,13.8479620895 41.7678698624,13.8500629298 41.7630379297,13.8519536861 41.7569454927,13.8566805769 41.752743812,13.8625629298 41.7498026355,13.8705461231 41.7474917112,13.8765335181 41.7406639801,13.8781091483 41.7382480137,13.882310829 41.733941291,13.8871427618 41.7317354086,13.8891385601 41.7319454927,13.8924999046 41.7356219633,13.8985923416 41.7441303666,13.9034242744 41.7444454927,13.9031091483 41.7484370893,13.8959662912 41.7575757448,13.8937604088 41.7577858288,13.8928150307 41.7607270053,13.8749578878 41.765348854,13.8640335181 41.7698656607,13.8604095685 41.7752228036,13.85736335 41.7796870893,13.857310829 41.7797921313)))"
605,"pnalm_scarab_000605","Neagolius schlumbergeri samniticus (J. Daniel, 1902)","J. Daniel, 1902","subspecies","NULL","NULL","NULL","Scarabaeoidea","Coleoptera","NULL","NULL","Neagolius","schlumbergeri","samniticus","Italy","IT","NULL","NULL","NULL","Val Fondillo","Val Fondillo",1000,"1000.0","NULL","NULL","NULL",,,"NULL","NULL","NULL","NULL","NULL","NULL","37782","2003","6","10","Luigi Melloni","NULL","NULL","PreservedSpecimen","NULL","CGP-PNALM","NULL","NULL","NULL","NULL","NULL","NULL","NULL","field_survey","NULL","CC BY 4.0","needs_review","NULL","NULL","NULL",5,"PNALM","Scarabaeoidea","",,13.8566668527318,41.7676380271054,1357,"MULTIPOLYGON(((13.8543048193 41.7795824743,13.8543048193 41.7793046935,13.8518047981 41.7793046935,13.8518047981 41.778749132,13.8515270179 41.778749132,13.8515270179 41.7781935705,13.8512492378 41.7781935705,13.8512492378 41.7773602282,13.8509714576 41.7773602282,13.8509714576 41.7765268859,13.8506936775 41.7765268859,13.8506936775 41.7759713244,13.8504158974 41.7759713244,13.8504158974 41.7751379821,13.8501381172 41.7751379821,13.8501381172 41.7745824206,13.8498603371 41.7745824206,13.8498603371 41.7737490783,13.8495825569 41.7737490783,13.8495825569 41.772915736,13.8493047768 41.772915736,13.8493047768 41.7726379553,13.8498603371 41.7726379553,13.8498603371 41.7720823937,13.8495825569 41.7720823937,13.8495825569 41.771804613,13.8498603371 41.771804613,13.8498603371 41.7715268322,13.8504158974 41.7715268322,13.8504158974 41.7712490515,13.8506936775 41.7712490515,13.8506936775 41.7709712707,13.8512492378 41.7709712707,13.8512492378 41.7706934899,13.8515270179 41.7706934899,13.8515270179 41.7704157092,13.8520825782 41.7704157092,13.8520825782 41.7701379284,13.8523603583 41.7701379284,13.8523603583 41.7695823669,13.8529159186 41.7695823669,13.8529159186 41.7681934631,13.8531936988 41.7681934631,13.8531936988 41.76708234,13.8534714789 41.76708234,13.8534714789 41.7668045593,13.853749259 41.7668045593,13.853749259 41.7662489978,13.8540270392 41.7662489978,13.8540270392 41.7656934362,13.8543048193 41.7656934362,13.8543048193 41.7651378747,13.8545825995 41.7651378747,13.8545825995 41.764860094,13.8548603796 41.764860094,13.8548603796 41.7645823132,13.8551381597 41.7645823132,13.8551381597 41.7640267517,13.8554159399 41.7640267517,13.8554159399 41.7637489709,13.85569372 41.7637489709,13.85569372 41.7634711902,13.8559715002 41.7634711902,13.8559715002 41.7631934094,13.85569372 41.7631934094,13.85569372 41.7629156286,13.8559715002 41.7629156286,13.8559715002 41.7626378479,13.8562492803 41.7626378479,13.8562492803 41.7623600671,13.8565270604 41.7623600671,13.8565270604 41.7618045056,13.8570826207 41.7618045056,13.8570826207 41.7615267248,13.8573604009 41.7615267248,13.8573604009 41.7609711633,13.857638181 41.7609711633,13.857638181 41.7606933826,13.8579159611 41.7606933826,13.8579159611 41.7604156018,13.8584715214 41.7604156018,13.8584715214 41.760137821,13.8587493015 41.760137821,13.8587493015 41.7598600403,13.8590270817 41.7598600403,13.8590270817 41.7595822595,13.8593048618 41.7595822595,13.8593048618 41.759026698,13.859582642 41.759026698,13.859582642 41.7579155749,13.8601382022 41.7579155749,13.8601382022 41.7576377942,13.8604159824 41.7576377942,13.8604159824 41.7562488904,13.8609715427 41.7562488904,13.8609715427 41.7559711096,13.8615271029 41.7559711096,13.8615271029 41.7565266711,13.8612493228 41.7565266711,13.8612493228 41.7576377942,13.8615271029 41.7576377942,13.8615271029 41.7581933557,13.8618048831 41.7581933557,13.8618048831 41.7584711365,13.8615271029 41.7584711365,13.8615271029 41.7593044787,13.8618048831 41.7593044787,13.8618048831 41.7595822595,13.8620826632 41.7595822595,13.8620826632 41.760137821,13.8623604434 41.760137821,13.8623604434 41.7604156018,13.8620826632 41.7604156018,13.8620826632 41.7612489441,13.8609715427 41.7612489441,13.8609715427 41.7615267248,13.8606937625 41.7615267248,13.8606937625 41.7618045056,13.8601382022 41.7618045056,13.8601382022 41.7623600671,13.8598604221 41.7623600671,13.8598604221 41.7629156286,13.8601382022 41.7629156286,13.8601382022 41.7631934094,13.8604159824 41.7631934094,13.8604159824 41.7634711902,13.8598604221 41.7634711902,13.8598604221 41.7637489709,13.8593048618 41.7637489709,13.8593048618 41.7640267517,13.8590270817 41.7640267517,13.8590270817 41.7643045324,13.8587493015 41.7643045324,13.8587493015 41.7645823132,13.8584715214 41.7645823132,13.8584715214 41.7656934362,13.857638181 41.7656934362,13.857638181 41.765971217,13.8573604009 41.765971217,13.8573604009 41.7662489978,13.8570826207 41.7662489978,13.8570826207 41.7668045593,13.8568048406 41.7668045593,13.8568048406 41.76708234,13.8570826207 41.76708234,13.8570826207 41.7679156823,13.8568048406 41.7679156823,13.8568048406 41.7687490246,13.8570826207 41.7687490246,13.8570826207 41.7690268054,13.8573604009 41.7690268054,13.8573604009 41.7693045861,13.8570826207 41.7693045861,13.8570826207 41.7698601477,13.8573604009 41.7698601477,13.8573604009 41.7701379284,13.857638181 41.7701379284,13.857638181 41.7706934899,13.8579159611 41.7706934899,13.8579159611 41.7712490515,13.8581937413 41.7712490515,13.8581937413 41.7723601745,13.8584715214 41.7723601745,13.8584715214 41.772915736,13.8587493015 41.772915736,13.8587493015 41.7731935168,13.8593048618 41.7731935168,13.8593048618 41.7734712975,13.8598604221 41.7734712975,13.8598604221 41.7737490783,13.8601382022 41.7737490783,13.8601382022 41.7740268591,13.8604159824 41.7740268591,13.8604159824 41.7743046398,13.8606937625 41.7743046398,13.8606937625 41.7751379821,13.8604159824 41.7751379821,13.8604159824 41.7754157629,13.8601382022 41.7754157629,13.8601382022 41.7756935436,13.8598604221 41.7756935436,13.8598604221 41.7762491051,13.859582642 41.7762491051,13.859582642 41.7765268859,13.8593048618 41.7765268859,13.8593048618 41.7770824474,13.8590270817 41.7770824474,13.8590270817 41.7773602282,13.8587493015 41.7773602282,13.8587493015 41.7779157897,13.8584715214 41.7779157897,13.8584715214 41.7781935705,13.8581937413 41.7781935705,13.8581937413 41.778749132,13.8579159611 41.778749132,13.8579159611 41.7790269128,13.857638181 41.7790269128,13.857638181 41.7795824743,13.8543048193 41.7795824743)))"
610,"pnalm_scarab_000610","Nialus varians (Duftschmid, 1805) (= Aphodius (Nialus) varians Duftschmid, 1805)","NULL","species","NULL","NULL","NULL","Scarabaeoidea","Coleoptera","NULL","NULL","Nialus","varians","NULL","Italy","IT","NULL","NULL","NULL","Val Fondillo","Val Fondillo",,"NULL","NULL","NULL","NULL",,,"NULL","NULL","NULL","NULL","NULL","NULL","23529","1964","6","1","Giovanni Papini","NULL","NULL","PreservedSpecimen","NULL","CGP-PNALM","NULL","NULL","NULL","NULL","NULL","NULL","NULL","field_survey","NULL","CC BY 4.0","needs_review","NULL","NULL","NULL",1,"PNALM","Scarabaeoidea","",,13.8704742473229,41.7555553357692,3046,"MULTIPOLYGON(((13.857310829 41.7797921313,13.8517961231 41.7791618792,13.8493276357 41.7727017952,13.8479620895 41.7678698624,13.8500629298 41.7630379297,13.8519536861 41.7569454927,13.8566805769 41.752743812,13.8625629298 41.7498026355,13.8705461231 41.7474917112,13.8765335181 41.7406639801,13.8781091483 41.7382480137,13.882310829 41.733941291,13.8871427618 41.7317354086,13.8891385601 41.7319454927,13.8924999046 41.7356219633,13.8985923416 41.7441303666,13.9034242744 41.7444454927,13.9031091483 41.7484370893,13.8959662912 41.7575757448,13.8937604088 41.7577858288,13.8928150307 41.7607270053,13.8749578878 41.765348854,13.8640335181 41.7698656607,13.8604095685 41.7752228036,13.85736335 41.7796870893,13.857310829 41.7797921313)))"
641,"pnalm_scarab_000641","Otophorus haemorrhoidalis (Linnaeus, 1758) (= Aphodius haemorrhoidalis (Linnaeus, 1758)","Linnaeus, 1758","species","NULL","NULL","NULL","Scarabaeoidea","Coleoptera","NULL","NULL","Otophorus","haemorrhoidalis","NULL","Italy","IT","NULL","NULL","NULL","Val Fondillo","Val Fondillo",1000,"1000.0","NULL","NULL","NULL",,,"NULL","NULL","NULL","NULL","NULL","NULL","22828","1962","7","1","Giovanni Papini","NULL","NULL","PreservedSpecimen","NULL","CGP_PNALM","NULL","NULL","NULL","NULL","NULL","NULL","NULL","field_survey","NULL","CC BY 4.0","needs_review","NULL","NULL","NULL",5,"PNALM","Scarabaeoidea","",,13.8566668527318,41.7676380271054,1357,"MULTIPOLYGON(((13.8543048193 41.7795824743,13.8543048193 41.7793046935,13.8518047981 41.7793046935,13.8518047981 41.778749132,13.8515270179 41.778749132,13.8515270179 41.7781935705,13.8512492378 41.7781935705,13.8512492378 41.7773602282,13.8509714576 41.7773602282,13.8509714576 41.7765268859,13.8506936775 41.7765268859,13.8506936775 41.7759713244,13.8504158974 41.7759713244,13.8504158974 41.7751379821,13.8501381172 41.7751379821,13.8501381172 41.7745824206,13.8498603371 41.7745824206,13.8498603371 41.7737490783,13.8495825569 41.7737490783,13.8495825569 41.772915736,13.8493047768 41.772915736,13.8493047768 41.7726379553,13.8498603371 41.7726379553,13.8498603371 41.7720823937,13.8495825569 41.7720823937,13.8495825569 41.771804613,13.8498603371 41.771804613,13.8498603371 41.7715268322,13.8504158974 41.7715268322,13.8504158974 41.7712490515,13.8506936775 41.7712490515,13.8506936775 41.7709712707,13.8512492378 41.7709712707,13.8512492378 41.7706934899,13.8515270179 41.7706934899,13.8515270179 41.7704157092,13.8520825782 41.7704157092,13.8520825782 41.7701379284,13.8523603583 41.7701379284,13.8523603583 41.7695823669,13.8529159186 41.7695823669,13.8529159186 41.7681934631,13.8531936988 41.7681934631,13.8531936988 41.76708234,13.8534714789 41.76708234,13.8534714789 41.7668045593,13.853749259 41.7668045593,13.853749259 41.7662489978,13.8540270392 41.7662489978,13.8540270392 41.7656934362,13.8543048193 41.7656934362,13.8543048193 41.7651378747,13.8545825995 41.7651378747,13.8545825995 41.764860094,13.8548603796 41.764860094,13.8548603796 41.7645823132,13.8551381597 41.7645823132,13.8551381597 41.7640267517,13.8554159399 41.7640267517,13.8554159399 41.7637489709,13.85569372 41.7637489709,13.85569372 41.7634711902,13.8559715002 41.7634711902,13.8559715002 41.7631934094,13.85569372 41.7631934094,13.85569372 41.7629156286,13.8559715002 41.7629156286,13.8559715002 41.7626378479,13.8562492803 41.7626378479,13.8562492803 41.7623600671,13.8565270604 41.7623600671,13.8565270604 41.7618045056,13.8570826207 41.7618045056,13.8570826207 41.7615267248,13.8573604009 41.7615267248,13.8573604009 41.7609711633,13.857638181 41.7609711633,13.857638181 41.7606933826,13.8579159611 41.7606933826,13.8579159611 41.7604156018,13.8584715214 41.7604156018,13.8584715214 41.760137821,13.8587493015 41.760137821,13.8587493015 41.7598600403,13.8590270817 41.7598600403,13.8590270817 41.7595822595,13.8593048618 41.7595822595,13.8593048618 41.759026698,13.859582642 41.759026698,13.859582642 41.7579155749,13.8601382022 41.7579155749,13.8601382022 41.7576377942,13.8604159824 41.7576377942,13.8604159824 41.7562488904,13.8609715427 41.7562488904,13.8609715427 41.7559711096,13.8615271029 41.7559711096,13.8615271029 41.7565266711,13.8612493228 41.7565266711,13.8612493228 41.7576377942,13.8615271029 41.7576377942,13.8615271029 41.7581933557,13.8618048831 41.7581933557,13.8618048831 41.7584711365,13.8615271029 41.7584711365,13.8615271029 41.7593044787,13.8618048831 41.7593044787,13.8618048831 41.7595822595,13.8620826632 41.7595822595,13.8620826632 41.760137821,13.8623604434 41.760137821,13.8623604434 41.7604156018,13.8620826632 41.7604156018,13.8620826632 41.7612489441,13.8609715427 41.7612489441,13.8609715427 41.7615267248,13.8606937625 41.7615267248,13.8606937625 41.7618045056,13.8601382022 41.7618045056,13.8601382022 41.7623600671,13.8598604221 41.7623600671,13.8598604221 41.7629156286,13.8601382022 41.7629156286,13.8601382022 41.7631934094,13.8604159824 41.7631934094,13.8604159824 41.7634711902,13.8598604221 41.7634711902,13.8598604221 41.7637489709,13.8593048618 41.7637489709,13.8593048618 41.7640267517,13.8590270817 41.7640267517,13.8590270817 41.7643045324,13.8587493015 41.7643045324,13.8587493015 41.7645823132,13.8584715214 41.7645823132,13.8584715214 41.7656934362,13.857638181 41.7656934362,13.857638181 41.765971217,13.8573604009 41.765971217,13.8573604009 41.7662489978,13.8570826207 41.7662489978,13.8570826207 41.7668045593,13.8568048406 41.7668045593,13.8568048406 41.76708234,13.8570826207 41.76708234,13.8570826207 41.7679156823,13.8568048406 41.7679156823,13.8568048406 41.7687490246,13.8570826207 41.7687490246,13.8570826207 41.7690268054,13.8573604009 41.7690268054,13.8573604009 41.7693045861,13.8570826207 41.7693045861,13.8570826207 41.7698601477,13.8573604009 41.7698601477,13.8573604009 41.7701379284,13.857638181 41.7701379284,13.857638181 41.7706934899,13.8579159611 41.7706934899,13.8579159611 41.7712490515,13.8581937413 41.7712490515,13.8581937413 41.7723601745,13.8584715214 41.7723601745,13.8584715214 41.772915736,13.8587493015 41.772915736,13.8587493015 41.7731935168,13.8593048618 41.7731935168,13.8593048618 41.7734712975,13.8598604221 41.7734712975,13.8598604221 41.7737490783,13.8601382022 41.7737490783,13.8601382022 41.7740268591,13.8604159824 41.7740268591,13.8604159824 41.7743046398,13.8606937625 41.7743046398,13.8606937625 41.7751379821,13.8604159824 41.7751379821,13.8604159824 41.7754157629,13.8601382022 41.7754157629,13.8601382022 41.7756935436,13.8598604221 41.7756935436,13.8598604221 41.7762491051,13.859582642 41.7762491051,13.859582642 41.7765268859,13.8593048618 41.7765268859,13.8593048618 41.7770824474,13.8590270817 41.7770824474,13.8590270817 41.7773602282,13.8587493015 41.7773602282,13.8587493015 41.7779157897,13.8584715214 41.7779157897,13.8584715214 41.7781935705,13.8581937413 41.7781935705,13.8581937413 41.778749132,13.8579159611 41.778749132,13.8579159611 41.7790269128,13.857638181 41.7790269128,13.857638181 41.7795824743,13.8543048193 41.7795824743)))"
642,"pnalm_scarab_000642","Otophorus haemorrhoidalis (Linnaeus, 1758) (= Aphodius haemorrhoidalis (Linnaeus, 1758)","Linnaeus, 1758","species","NULL","NULL","NULL","Scarabaeoidea","Coleoptera","NULL","NULL","Otophorus","haemorrhoidalis","NULL","Italy","IT","NULL","NULL","NULL","Val Fondillo","Val Fondillo",1000,"1000.0","NULL","NULL","NULL",,,"NULL","NULL","NULL","NULL","NULL","NULL","22859","1962","8","1","Giovanni Papini","NULL","NULL","PreservedSpecimen","NULL","CGP_PNALM","NULL","NULL","NULL","NULL","NULL","NULL","NULL","field_survey","NULL","CC BY 4.0","needs_review","NULL","NULL","NULL",5,"PNALM","Scarabaeoidea","",,13.8566668527318,41.7676380271054,1357,"MULTIPOLYGON(((13.8543048193 41.7795824743,13.8543048193 41.7793046935,13.8518047981 41.7793046935,13.8518047981 41.778749132,13.8515270179 41.778749132,13.8515270179 41.7781935705,13.8512492378 41.7781935705,13.8512492378 41.7773602282,13.8509714576 41.7773602282,13.8509714576 41.7765268859,13.8506936775 41.7765268859,13.8506936775 41.7759713244,13.8504158974 41.7759713244,13.8504158974 41.7751379821,13.8501381172 41.7751379821,13.8501381172 41.7745824206,13.8498603371 41.7745824206,13.8498603371 41.7737490783,13.8495825569 41.7737490783,13.8495825569 41.772915736,13.8493047768 41.772915736,13.8493047768 41.7726379553,13.8498603371 41.7726379553,13.8498603371 41.7720823937,13.8495825569 41.7720823937,13.8495825569 41.771804613,13.8498603371 41.771804613,13.8498603371 41.7715268322,13.8504158974 41.7715268322,13.8504158974 41.7712490515,13.8506936775 41.7712490515,13.8506936775 41.7709712707,13.8512492378 41.7709712707,13.8512492378 41.7706934899,13.8515270179 41.7706934899,13.8515270179 41.7704157092,13.8520825782 41.7704157092,13.8520825782 41.7701379284,13.8523603583 41.7701379284,13.8523603583 41.7695823669,13.8529159186 41.7695823669,13.8529159186 41.7681934631,13.8531936988 41.7681934631,13.8531936988 41.76708234,13.8534714789 41.76708234,13.8534714789 41.7668045593,13.853749259 41.7668045593,13.853749259 41.7662489978,13.8540270392 41.7662489978,13.8540270392 41.7656934362,13.8543048193 41.7656934362,13.8543048193 41.7651378747,13.8545825995 41.7651378747,13.8545825995 41.764860094,13.8548603796 41.764860094,13.8548603796 41.7645823132,13.8551381597 41.7645823132,13.8551381597 41.7640267517,13.8554159399 41.7640267517,13.8554159399 41.7637489709,13.85569372 41.7637489709,13.85569372 41.7634711902,13.8559715002 41.7634711902,13.8559715002 41.7631934094,13.85569372 41.7631934094,13.85569372 41.7629156286,13.8559715002 41.7629156286,13.8559715002 41.7626378479,13.8562492803 41.7626378479,13.8562492803 41.7623600671,13.8565270604 41.7623600671,13.8565270604 41.7618045056,13.8570826207 41.7618045056,13.8570826207 41.7615267248,13.8573604009 41.7615267248,13.8573604009 41.7609711633,13.857638181 41.7609711633,13.857638181 41.7606933826,13.8579159611 41.7606933826,13.8579159611 41.7604156018,13.8584715214 41.7604156018,13.8584715214 41.760137821,13.8587493015 41.760137821,13.8587493015 41.7598600403,13.8590270817 41.7598600403,13.8590270817 41.7595822595,13.8593048618 41.7595822595,13.8593048618 41.759026698,13.859582642 41.759026698,13.859582642 41.7579155749,13.8601382022 41.7579155749,13.8601382022 41.7576377942,13.8604159824 41.7576377942,13.8604159824 41.7562488904,13.8609715427 41.7562488904,13.8609715427 41.7559711096,13.8615271029 41.7559711096,13.8615271029 41.7565266711,13.8612493228 41.7565266711,13.8612493228 41.7576377942,13.8615271029 41.7576377942,13.8615271029 41.7581933557,13.8618048831 41.7581933557,13.8618048831 41.7584711365,13.8615271029 41.7584711365,13.8615271029 41.7593044787,13.8618048831 41.7593044787,13.8618048831 41.7595822595,13.8620826632 41.7595822595,13.8620826632 41.760137821,13.8623604434 41.760137821,13.8623604434 41.7604156018,13.8620826632 41.7604156018,13.8620826632 41.7612489441,13.8609715427 41.7612489441,13.8609715427 41.7615267248,13.8606937625 41.7615267248,13.8606937625 41.7618045056,13.8601382022 41.7618045056,13.8601382022 41.7623600671,13.8598604221 41.7623600671,13.8598604221 41.7629156286,13.8601382022 41.7629156286,13.8601382022 41.7631934094,13.8604159824 41.7631934094,13.8604159824 41.7634711902,13.8598604221 41.7634711902,13.8598604221 41.7637489709,13.8593048618 41.7637489709,13.8593048618 41.7640267517,13.8590270817 41.7640267517,13.8590270817 41.7643045324,13.8587493015 41.7643045324,13.8587493015 41.7645823132,13.8584715214 41.7645823132,13.8584715214 41.7656934362,13.857638181 41.7656934362,13.857638181 41.765971217,13.8573604009 41.765971217,13.8573604009 41.7662489978,13.8570826207 41.7662489978,13.8570826207 41.7668045593,13.8568048406 41.7668045593,13.8568048406 41.76708234,13.8570826207 41.76708234,13.8570826207 41.7679156823,13.8568048406 41.7679156823,13.8568048406 41.7687490246,13.8570826207 41.7687490246,13.8570826207 41.7690268054,13.8573604009 41.7690268054,13.8573604009 41.7693045861,13.8570826207 41.7693045861,13.8570826207 41.7698601477,13.8573604009 41.7698601477,13.8573604009 41.7701379284,13.857638181 41.7701379284,13.857638181 41.7706934899,13.8579159611 41.7706934899,13.8579159611 41.7712490515,13.8581937413 41.7712490515,13.8581937413 41.7723601745,13.8584715214 41.7723601745,13.8584715214 41.772915736,13.8587493015 41.772915736,13.8587493015 41.7731935168,13.8593048618 41.7731935168,13.8593048618 41.7734712975,13.8598604221 41.7734712975,13.8598604221 41.7737490783,13.8601382022 41.7737490783,13.8601382022 41.7740268591,13.8604159824 41.7740268591,13.8604159824 41.7743046398,13.8606937625 41.7743046398,13.8606937625 41.7751379821,13.8604159824 41.7751379821,13.8604159824 41.7754157629,13.8601382022 41.7754157629,13.8601382022 41.7756935436,13.8598604221 41.7756935436,13.8598604221 41.7762491051,13.859582642 41.7762491051,13.859582642 41.7765268859,13.8593048618 41.7765268859,13.8593048618 41.7770824474,13.8590270817 41.7770824474,13.8590270817 41.7773602282,13.8587493015 41.7773602282,13.8587493015 41.7779157897,13.8584715214 41.7779157897,13.8584715214 41.7781935705,13.8581937413 41.7781935705,13.8581937413 41.778749132,13.8579159611 41.778749132,13.8579159611 41.7790269128,13.857638181 41.7790269128,13.857638181 41.7795824743,13.8543048193 41.7795824743)))"
643,"pnalm_scarab_000643","Otophorus haemorrhoidalis (Linnaeus, 1758) (= Aphodius haemorrhoidalis (Linnaeus, 1758)","Linnaeus, 1758","species","NULL","NULL","NULL","Scarabaeoidea","Coleoptera","NULL","NULL","Otophorus","haemorrhoidalis","NULL","Italy","IT","NULL","NULL","NULL","Val Fondillo","Val Fondillo",1000,"1000.0","NULL","NULL","NULL",,,"NULL","NULL","NULL","NULL","NULL","NULL","23528","1964","5","31","Giovanni Papini","NULL","NULL","PreservedSpecimen","NULL","CGP_PNALM","NULL","NULL","NULL","NULL","NULL","NULL","NULL","field_survey","NULL","CC BY 4.0","needs_review","NULL","NULL","NULL",5,"PNALM","Scarabaeoidea","",,13.8566668527318,41.7676380271054,1357,"MULTIPOLYGON(((13.8543048193 41.7795824743,13.8543048193 41.7793046935,13.8518047981 41.7793046935,13.8518047981 41.778749132,13.8515270179 41.778749132,13.8515270179 41.7781935705,13.8512492378 41.7781935705,13.8512492378 41.7773602282,13.8509714576 41.7773602282,13.8509714576 41.7765268859,13.8506936775 41.7765268859,13.8506936775 41.7759713244,13.8504158974 41.7759713244,13.8504158974 41.7751379821,13.8501381172 41.7751379821,13.8501381172 41.7745824206,13.8498603371 41.7745824206,13.8498603371 41.7737490783,13.8495825569 41.7737490783,13.8495825569 41.772915736,13.8493047768 41.772915736,13.8493047768 41.7726379553,13.8498603371 41.7726379553,13.8498603371 41.7720823937,13.8495825569 41.7720823937,13.8495825569 41.771804613,13.8498603371 41.771804613,13.8498603371 41.7715268322,13.8504158974 41.7715268322,13.8504158974 41.7712490515,13.8506936775 41.7712490515,13.8506936775 41.7709712707,13.8512492378 41.7709712707,13.8512492378 41.7706934899,13.8515270179 41.7706934899,13.8515270179 41.7704157092,13.8520825782 41.7704157092,13.8520825782 41.7701379284,13.8523603583 41.7701379284,13.8523603583 41.7695823669,13.8529159186 41.7695823669,13.8529159186 41.7681934631,13.8531936988 41.7681934631,13.8531936988 41.76708234,13.8534714789 41.76708234,13.8534714789 41.7668045593,13.853749259 41.7668045593,13.853749259 41.7662489978,13.8540270392 41.7662489978,13.8540270392 41.7656934362,13.8543048193 41.7656934362,13.8543048193 41.7651378747,13.8545825995 41.7651378747,13.8545825995 41.764860094,13.8548603796 41.764860094,13.8548603796 41.7645823132,13.8551381597 41.7645823132,13.8551381597 41.7640267517,13.8554159399 41.7640267517,13.8554159399 41.7637489709,13.85569372 41.7637489709,13.85569372 41.7634711902,13.8559715002 41.7634711902,13.8559715002 41.7631934094,13.85569372 41.7631934094,13.85569372 41.7629156286,13.8559715002 41.7629156286,13.8559715002 41.7626378479,13.8562492803 41.7626378479,13.8562492803 41.7623600671,13.8565270604 41.7623600671,13.8565270604 41.7618045056,13.8570826207 41.7618045056,13.8570826207 41.7615267248,13.8573604009 41.7615267248,13.8573604009 41.7609711633,13.857638181 41.7609711633,13.857638181 41.7606933826,13.8579159611 41.7606933826,13.8579159611 41.7604156018,13.8584715214 41.7604156018,13.8584715214 41.760137821,13.8587493015 41.760137821,13.8587493015 41.7598600403,13.8590270817 41.7598600403,13.8590270817 41.7595822595,13.8593048618 41.7595822595,13.8593048618 41.759026698,13.859582642 41.759026698,13.859582642 41.7579155749,13.8601382022 41.7579155749,13.8601382022 41.7576377942,13.8604159824 41.7576377942,13.8604159824 41.7562488904,13.8609715427 41.7562488904,13.8609715427 41.7559711096,13.8615271029 41.7559711096,13.8615271029 41.7565266711,13.8612493228 41.7565266711,13.8612493228 41.7576377942,13.8615271029 41.7576377942,13.8615271029 41.7581933557,13.8618048831 41.7581933557,13.8618048831 41.7584711365,13.8615271029 41.7584711365,13.8615271029 41.7593044787,13.8618048831 41.7593044787,13.8618048831 41.7595822595,13.8620826632 41.7595822595,13.8620826632 41.760137821,13.8623604434 41.760137821,13.8623604434 41.7604156018,13.8620826632 41.7604156018,13.8620826632 41.7612489441,13.8609715427 41.7612489441,13.8609715427 41.7615267248,13.8606937625 41.7615267248,13.8606937625 41.7618045056,13.8601382022 41.7618045056,13.8601382022 41.7623600671,13.8598604221 41.7623600671,13.8598604221 41.7629156286,13.8601382022 41.7629156286,13.8601382022 41.7631934094,13.8604159824 41.7631934094,13.8604159824 41.7634711902,13.8598604221 41.7634711902,13.8598604221 41.7637489709,13.8593048618 41.7637489709,13.8593048618 41.7640267517,13.8590270817 41.7640267517,13.8590270817 41.7643045324,13.8587493015 41.7643045324,13.8587493015 41.7645823132,13.8584715214 41.7645823132,13.8584715214 41.7656934362,13.857638181 41.7656934362,13.857638181 41.765971217,13.8573604009 41.765971217,13.8573604009 41.7662489978,13.8570826207 41.7662489978,13.8570826207 41.7668045593,13.8568048406 41.7668045593,13.8568048406 41.76708234,13.8570826207 41.76708234,13.8570826207 41.7679156823,13.8568048406 41.7679156823,13.8568048406 41.7687490246,13.8570826207 41.7687490246,13.8570826207 41.7690268054,13.8573604009 41.7690268054,13.8573604009 41.7693045861,13.8570826207 41.7693045861,13.8570826207 41.7698601477,13.8573604009 41.7698601477,13.8573604009 41.7701379284,13.857638181 41.7701379284,13.857638181 41.7706934899,13.8579159611 41.7706934899,13.8579159611 41.7712490515,13.8581937413 41.7712490515,13.8581937413 41.7723601745,13.8584715214 41.7723601745,13.8584715214 41.772915736,13.8587493015 41.772915736,13.8587493015 41.7731935168,13.8593048618 41.7731935168,13.8593048618 41.7734712975,13.8598604221 41.7734712975,13.8598604221 41.7737490783,13.8601382022 41.7737490783,13.8601382022 41.7740268591,13.8604159824 41.7740268591,13.8604159824 41.7743046398,13.8606937625 41.7743046398,13.8606937625 41.7751379821,13.8604159824 41.7751379821,13.8604159824 41.7754157629,13.8601382022 41.7754157629,13.8601382022 41.7756935436,13.8598604221 41.7756935436,13.8598604221 41.7762491051,13.859582642 41.7762491051,13.859582642 41.7765268859,13.8593048618 41.7765268859,13.8593048618 41.7770824474,13.8590270817 41.7770824474,13.8590270817 41.7773602282,13.8587493015 41.7773602282,13.8587493015 41.7779157897,13.8584715214 41.7779157897,13.8584715214 41.7781935705,13.8581937413 41.7781935705,13.8581937413 41.778749132,13.8579159611 41.778749132,13.8579159611 41.7790269128,13.857638181 41.7790269128,13.857638181 41.7795824743,13.8543048193 41.7795824743)))"
647,"pnalm_scarab_000647","Otophorus haemorrhoidalis (Linnaeus, 1758) (= Aphodius haemorrhoidalis (Linnaeus, 1758)","Linnaeus, 1758","species","NULL","NULL","NULL","Scarabaeoidea","Coleoptera","NULL","NULL","Otophorus","haemorrhoidalis","NULL","Italy","IT","NULL","NULL","NULL","Val Fondillo","Val Fondillo",1000,"1000.0","NULL","NULL","NULL",,,"NULL","NULL","NULL","NULL","NULL","NULL","37782","2003","6","10","Luigi Melloni","NULL","NULL","PreservedSpecimen","NULL","CGP_PNALM","NULL","NULL","NULL","NULL","NULL","NULL","NULL","field_survey","NULL","CC BY 4.0","needs_review","NULL","NULL","NULL",5,"PNALM","Scarabaeoidea","",,13.8566668527318,41.7676380271054,1357,"MULTIPOLYGON(((13.8543048193 41.7795824743,13.8543048193 41.7793046935,13.8518047981 41.7793046935,13.8518047981 41.778749132,13.8515270179 41.778749132,13.8515270179 41.7781935705,13.8512492378 41.7781935705,13.8512492378 41.7773602282,13.8509714576 41.7773602282,13.8509714576 41.7765268859,13.8506936775 41.7765268859,13.8506936775 41.7759713244,13.8504158974 41.7759713244,13.8504158974 41.7751379821,13.8501381172 41.7751379821,13.8501381172 41.7745824206,13.8498603371 41.7745824206,13.8498603371 41.7737490783,13.8495825569 41.7737490783,13.8495825569 41.772915736,13.8493047768 41.772915736,13.8493047768 41.7726379553,13.8498603371 41.7726379553,13.8498603371 41.7720823937,13.8495825569 41.7720823937,13.8495825569 41.771804613,13.8498603371 41.771804613,13.8498603371 41.7715268322,13.8504158974 41.7715268322,13.8504158974 41.7712490515,13.8506936775 41.7712490515,13.8506936775 41.7709712707,13.8512492378 41.7709712707,13.8512492378 41.7706934899,13.8515270179 41.7706934899,13.8515270179 41.7704157092,13.8520825782 41.7704157092,13.8520825782 41.7701379284,13.8523603583 41.7701379284,13.8523603583 41.7695823669,13.8529159186 41.7695823669,13.8529159186 41.7681934631,13.8531936988 41.7681934631,13.8531936988 41.76708234,13.8534714789 41.76708234,13.8534714789 41.7668045593,13.853749259 41.7668045593,13.853749259 41.7662489978,13.8540270392 41.7662489978,13.8540270392 41.7656934362,13.8543048193 41.7656934362,13.8543048193 41.7651378747,13.8545825995 41.7651378747,13.8545825995 41.764860094,13.8548603796 41.764860094,13.8548603796 41.7645823132,13.8551381597 41.7645823132,13.8551381597 41.7640267517,13.8554159399 41.7640267517,13.8554159399 41.7637489709,13.85569372 41.7637489709,13.85569372 41.7634711902,13.8559715002 41.7634711902,13.8559715002 41.7631934094,13.85569372 41.7631934094,13.85569372 41.7629156286,13.8559715002 41.7629156286,13.8559715002 41.7626378479,13.8562492803 41.7626378479,13.8562492803 41.7623600671,13.8565270604 41.7623600671,13.8565270604 41.7618045056,13.8570826207 41.7618045056,13.8570826207 41.7615267248,13.8573604009 41.7615267248,13.8573604009 41.7609711633,13.857638181 41.7609711633,13.857638181 41.7606933826,13.8579159611 41.7606933826,13.8579159611 41.7604156018,13.8584715214 41.7604156018,13.8584715214 41.760137821,13.8587493015 41.760137821,13.8587493015 41.7598600403,13.8590270817 41.7598600403,13.8590270817 41.7595822595,13.8593048618 41.7595822595,13.8593048618 41.759026698,13.859582642 41.759026698,13.859582642 41.7579155749,13.8601382022 41.7579155749,13.8601382022 41.7576377942,13.8604159824 41.7576377942,13.8604159824 41.7562488904,13.8609715427 41.7562488904,13.8609715427 41.7559711096,13.8615271029 41.7559711096,13.8615271029 41.7565266711,13.8612493228 41.7565266711,13.8612493228 41.7576377942,13.8615271029 41.7576377942,13.8615271029 41.7581933557,13.8618048831 41.7581933557,13.8618048831 41.7584711365,13.8615271029 41.7584711365,13.8615271029 41.7593044787,13.8618048831 41.7593044787,13.8618048831 41.7595822595,13.8620826632 41.7595822595,13.8620826632 41.760137821,13.8623604434 41.760137821,13.8623604434 41.7604156018,13.8620826632 41.7604156018,13.8620826632 41.7612489441,13.8609715427 41.7612489441,13.8609715427 41.7615267248,13.8606937625 41.7615267248,13.8606937625 41.7618045056,13.8601382022 41.7618045056,13.8601382022 41.7623600671,13.8598604221 41.7623600671,13.8598604221 41.7629156286,13.8601382022 41.7629156286,13.8601382022 41.7631934094,13.8604159824 41.7631934094,13.8604159824 41.7634711902,13.8598604221 41.7634711902,13.8598604221 41.7637489709,13.8593048618 41.7637489709,13.8593048618 41.7640267517,13.8590270817 41.7640267517,13.8590270817 41.7643045324,13.8587493015 41.7643045324,13.8587493015 41.7645823132,13.8584715214 41.7645823132,13.8584715214 41.7656934362,13.857638181 41.7656934362,13.857638181 41.765971217,13.8573604009 41.765971217,13.8573604009 41.7662489978,13.8570826207 41.7662489978,13.8570826207 41.7668045593,13.8568048406 41.7668045593,13.8568048406 41.76708234,13.8570826207 41.76708234,13.8570826207 41.7679156823,13.8568048406 41.7679156823,13.8568048406 41.7687490246,13.8570826207 41.7687490246,13.8570826207 41.7690268054,13.8573604009 41.7690268054,13.8573604009 41.7693045861,13.8570826207 41.7693045861,13.8570826207 41.7698601477,13.8573604009 41.7698601477,13.8573604009 41.7701379284,13.857638181 41.7701379284,13.857638181 41.7706934899,13.8579159611 41.7706934899,13.8579159611 41.7712490515,13.8581937413 41.7712490515,13.8581937413 41.7723601745,13.8584715214 41.7723601745,13.8584715214 41.772915736,13.8587493015 41.772915736,13.8587493015 41.7731935168,13.8593048618 41.7731935168,13.8593048618 41.7734712975,13.8598604221 41.7734712975,13.8598604221 41.7737490783,13.8601382022 41.7737490783,13.8601382022 41.7740268591,13.8604159824 41.7740268591,13.8604159824 41.7743046398,13.8606937625 41.7743046398,13.8606937625 41.7751379821,13.8604159824 41.7751379821,13.8604159824 41.7754157629,13.8601382022 41.7754157629,13.8601382022 41.7756935436,13.8598604221 41.7756935436,13.8598604221 41.7762491051,13.859582642 41.7762491051,13.859582642 41.7765268859,13.8593048618 41.7765268859,13.8593048618 41.7770824474,13.8590270817 41.7770824474,13.8590270817 41.7773602282,13.8587493015 41.7773602282,13.8587493015 41.7779157897,13.8584715214 41.7779157897,13.8584715214 41.7781935705,13.8581937413 41.7781935705,13.8581937413 41.778749132,13.8579159611 41.778749132,13.8579159611 41.7790269128,13.857638181 41.7790269128,13.857638181 41.7795824743,13.8543048193 41.7795824743)))"
676,"pnalm_scarab_000676","Teuchestes fossor (Linnaeus, 1758) (= Aphodius (Teuchestes) fossor (Linnaeus, 1758)","Linnaeus, 1758","species","NULL","NULL","NULL","Scarabaeoidea","Coleoptera","NULL","NULL","Teuchestes","fossor","NULL","Italy","IT","NULL","NULL","NULL","Val Fondillo","Val Fondillo",1500,"1500.0","NULL","NULL","NULL",,,"NULL","NULL","NULL","NULL","NULL","NULL","25018","1968","6","29","Giovanni Papini","NULL","NULL","PreservedSpecimen","NULL","CGP-PNALM","NULL","NULL","NULL","NULL","NULL","NULL","NULL","field_survey","NULL","CC BY 4.0","needs_review","NULL","NULL","NULL",3,"PNALM","Scarabaeoidea","",,13.8795828120255,41.7520821789709,2608,"MULTIPOLYGON(((13.8773605709 41.7395820447,13.877638351 41.7395820447,13.877638351 41.739304264,13.8773605709 41.739304264,13.8773605709 41.7395820447)),((13.8781939113 41.7395820447,13.8790272517 41.7395820447,13.8790272517 41.7387487025,13.8793050319 41.7387487025,13.8793050319 41.7384709217,13.8798605922 41.7384709217,13.8798605922 41.7381931409,13.8801383723 41.7381931409,13.8801383723 41.7379153602,13.8818050531 41.7379153602,13.8818050531 41.7384709217,13.8820828333 41.7384709217,13.8820828333 41.7387487025,13.8823606134 41.7387487025,13.8823606134 41.7390264832,13.8831939538 41.7390264832,13.8831939538 41.7395820447,13.883471734 41.7395820447,13.883471734 41.7398598255,13.8837495141 41.7398598255,13.8837495141 41.7401376063,13.883471734 41.7401376063,13.883471734 41.740415387,13.8831939538 41.740415387,13.8831939538 41.7406931678,13.8829161737 41.7406931678,13.8829161737 41.7409709485,13.8826383936 41.7409709485,13.8826383936 41.7418042908,13.8829161737 41.7418042908,13.8829161737 41.7420820716,13.8831939538 41.7420820716,13.8831939538 41.7423598523,13.883471734 41.7423598523,13.883471734 41.7429154139,13.8837495141 41.7429154139,13.8837495141 41.7437487562,13.8840272943 41.7437487562,13.8840272943 41.7440265369,13.8845828545 41.7440265369,13.8845828545 41.7443043177,13.885416195 41.7443043177,13.885416195 41.7445820984,13.8856939751 41.7445820984,13.8856939751 41.74513766,13.885416195 41.74513766,13.885416195 41.7454154407,13.8848606347 41.7454154407,13.8848606347 41.7456932215,13.8845828545 41.7456932215,13.8845828545 41.7459710022,13.8843050744 41.7459710022,13.8843050744 41.746248783,13.8840272943 41.746248783,13.8840272943 41.7465265638,13.8845828545 41.7465265638,13.8845828545 41.7468043445,13.8848606347 41.7468043445,13.8848606347 41.7470821253,13.885416195 41.7470821253,13.885416195 41.747359906,13.8868050957 41.747359906,13.8868050957 41.7476376868,13.8873606559 41.7476376868,13.8873606559 41.7481932483,13.8876384361 41.7481932483,13.8876384361 41.7487488098,13.8879162162 41.7487488098,13.8879162162 41.7490265906,13.8881939964 41.7490265906,13.8881939964 41.7487488098,13.8895828971 41.7487488098,13.8895828971 41.7490265906,13.8901384573 41.7490265906,13.8901384573 41.7493043714,13.8909717978 41.7493043714,13.8909717978 41.7498599329,13.8898606772 41.7498599329,13.8898606772 41.7501377136,13.8895828971 41.7501377136,13.8895828971 41.7504154944,13.8881939964 41.7504154944,13.8881939964 41.7506932752,13.8870828758 41.7506932752,13.8870828758 41.7509710559,13.8868050957 41.7509710559,13.8868050957 41.7512488367,13.8865273155 41.7512488367,13.8865273155 41.7509710559,13.8859717552 41.7509710559,13.8859717552 41.7506932752,13.8856939751 41.7506932752,13.8856939751 41.7504154944,13.8851384148 41.7504154944,13.8851384148 41.7501377136,13.8845828545 41.7501377136,13.8845828545 41.7498599329,13.883471734 41.7498599329,13.883471734 41.7495821521,13.8823606134 41.7495821521,13.8823606134 41.7498599329,13.8820828333 41.7498599329,13.8820828333 41.7501377136,13.8818050531 41.7501377136,13.8818050531 41.7504154944,13.8798605922 41.7504154944,13.8798605922 41.7506932752,13.879582812 41.7506932752,13.879582812 41.7512488367,13.8798605922 41.7512488367,13.8798605922 41.7518043982,13.879582812 41.7518043982,13.879582812 41.752082179,13.8798605922 41.752082179,13.8798605922 41.7526377405,13.8801383723 41.7526377405,13.8801383723 41.7529155213,13.8804161524 41.7529155213,13.8804161524 41.7534710828,13.8806939326 41.7534710828,13.8806939326 41.7543044251,13.8804161524 41.7543044251,13.8804161524 41.7545822058,13.8801383723 41.7545822058,13.8801383723 41.7548599866,13.8804161524 41.7548599866,13.8804161524 41.7551377673,13.8809717127 41.7551377673,13.8809717127 41.7554155481,13.8812494929 41.7554155481,13.8812494929 41.7556933289,13.8823606134 41.7556933289,13.8823606134 41.7562488904,13.8829161737 41.7562488904,13.8829161737 41.7565266711,13.8843050744 41.7565266711,13.8843050744 41.7568044519,13.8845828545 41.7568044519,13.8845828545 41.7570822327,13.8848606347 41.7570822327,13.8848606347 41.7573600134,13.8856939751 41.7573600134,13.8856939751 41.7576377942,13.8873606559 41.7576377942,13.8873606559 41.7584711365,13.8876384361 41.7584711365,13.8876384361 41.7587489172,13.8879162162 41.7587489172,13.8879162162 41.7593044787,13.8881939964 41.7593044787,13.8881939964 41.7595822595,13.8884717765 41.7595822595,13.8884717765 41.760137821,13.8848606347 41.760137821,13.8848606347 41.7604156018,13.8845828545 41.7604156018,13.8845828545 41.7606933826,13.8812494929 41.7606933826,13.8812494929 41.7609711633,13.8801383723 41.7609711633,13.8801383723 41.7612489441,13.879582812 41.7612489441,13.879582812 41.7615267248,13.8773605709 41.7615267248,13.8773605709 41.7612489441,13.8770827908 41.7612489441,13.8770827908 41.7609711633,13.8768050106 41.7609711633,13.8768050106 41.7612489441,13.8759716702 41.7612489441,13.8759716702 41.7615267248,13.8754161099 41.7615267248,13.8754161099 41.7618045056,13.8737494291 41.7618045056,13.8737494291 41.7623600671,13.8731938688 41.7623600671,13.8731938688 41.7626378479,13.8726383085 41.7626378479,13.8726383085 41.7629156286,13.8723605284 41.7629156286,13.8723605284 41.7631934094,13.871527188 41.7631934094,13.871527188 41.7634711902,13.8709716277 41.7634711902,13.8709716277 41.7640267517,13.8706938476 41.7640267517,13.8706938476 41.7643045324,13.8704160674 41.7643045324,13.8704160674 41.7645823132,13.8698605071 41.7645823132,13.8698605071 41.764860094,13.869582727 41.764860094,13.869582727 41.7651378747,13.8693049469 41.7651378747,13.8693049469 41.7654156555,13.8690271667 41.7654156555,13.8690271667 41.7656934362,13.867638266 41.7656934362,13.867638266 41.765971217,13.8673604859 41.765971217,13.8673604859 41.7662489978,13.8670827057 41.7662489978,13.8670827057 41.7665267785,13.8668049256 41.7665267785,13.8668049256 41.7668045593,13.8659715852 41.7668045593,13.8659715852 41.76708234,13.865693805 41.76708234,13.865693805 41.7684712438,13.8651382448 41.7684712438,13.8651382448 41.7687490246,13.8648604646 41.7687490246,13.8648604646 41.7690268054,13.8643049043 41.7690268054,13.8643049043 41.7695823669,13.8651382448 41.7695823669,13.8651382448 41.7693045861,13.865693805 41.7693045861,13.865693805 41.7690268054,13.8665271455 41.7690268054,13.8665271455 41.7687490246,13.8670827057 41.7687490246,13.8670827057 41.7684712438,13.8673604859 41.7684712438,13.8673604859 41.7681934631,13.867638266 41.7681934631,13.867638266 41.7676379016,13.8681938263 41.7676379016,13.8681938263 41.7673601208,13.8684716064 41.7673601208,13.8684716064 41.76708234,13.869582727 41.76708234,13.869582727 41.7668045593,13.8706938476 41.7668045593,13.8706938476 41.7665267785,13.8709716277 41.7665267785,13.8709716277 41.7662489978,13.8712494078 41.7662489978,13.8712494078 41.765971217,13.871527188 41.765971217,13.871527188 41.7656934362,13.8718049681 41.7656934362,13.8718049681 41.7654156555,13.8720827483 41.7654156555,13.8720827483 41.7651378747,13.8723605284 41.7651378747,13.8723605284 41.764860094,13.8726383085 41.764860094,13.8726383085 41.7643045324,13.8729160887 41.7643045324,13.8729160887 41.7640267517,13.8737494291 41.7640267517,13.8737494291 41.7637489709,13.8748605497 41.7637489709,13.8748605497 41.7634711902,13.8754161099 41.7634711902,13.8754161099 41.7631934094,13.8759716702 41.7631934094,13.8759716702 41.7629156286,13.8779161312 41.7629156286,13.8779161312 41.7631934094,13.879582812 41.7631934094,13.879582812 41.7629156286,13.8806939326 41.7629156286,13.8806939326 41.7626378479,13.8818050531 41.7626378479,13.8818050531 41.7623600671,13.8826383936 41.7623600671,13.8826383936 41.7620822864,13.8862495354 41.7620822864,13.8862495354 41.7623600671,13.8870828758 41.7623600671,13.8870828758 41.7620822864,13.8881939964 41.7620822864,13.8881939964 41.7618045056,13.8893051169 41.7618045056,13.8893051169 41.7615267248,13.8895828971 41.7615267248,13.8895828971 41.7612489441,13.8898606772 41.7612489441,13.8898606772 41.7609711633,13.8901384573 41.7609711633,13.8901384573 41.7606933826,13.8904162375 41.7606933826,13.8904162375 41.7598600403,13.8901384573 41.7598600403,13.8901384573 41.7593044787,13.8898606772 41.7593044787,13.8898606772 41.759026698,13.8895828971 41.759026698,13.8895828971 41.7587489172,13.8893051169 41.7587489172,13.8893051169 41.7584711365,13.8890273368 41.7584711365,13.8890273368 41.7573600134,13.8893051169 41.7573600134,13.8893051169 41.7565266711,13.8873606559 41.7565266711,13.8873606559 41.7562488904,13.8862495354 41.7562488904,13.8862495354 41.7559711096,13.8856939751 41.7559711096,13.8856939751 41.7556933289,13.8851384148 41.7556933289,13.8851384148 41.7554155481,13.8848606347 41.7554155481,13.8848606347 41.7551377673,13.8843050744 41.7551377673,13.8843050744 41.7548599866,13.8840272943 41.7548599866,13.8840272943 41.7545822058,13.8837495141 41.7545822058,13.8837495141 41.7543044251,13.8831939538 41.7543044251,13.8831939538 41.7537488635,13.8829161737 41.7537488635,13.8829161737 41.7534710828,13.8826383936 41.7534710828,13.8826383936 41.753193302,13.8823606134 41.753193302,13.8823606134 41.7529155213,13.8820828333 41.7529155213,13.8820828333 41.7523599597,13.8818050531 41.7523599597,13.8818050531 41.752082179,13.8820828333 41.752082179,13.8820828333 41.7518043982,13.8823606134 41.7518043982,13.8823606134 41.7515266174,13.8829161737 41.7515266174,13.8829161737 41.7512488367,13.8837495141 41.7512488367,13.8837495141 41.7515266174,13.8840272943 41.7515266174,13.8840272943 41.7518043982,13.8845828545 41.7518043982,13.8845828545 41.752082179,13.8851384148 41.752082179,13.8851384148 41.7523599597,13.8856939751 41.7523599597,13.8856939751 41.7526377405,13.8876384361 41.7526377405,13.8876384361 41.7523599597,13.8881939964 41.7523599597,13.8881939964 41.752082179,13.8884717765 41.752082179,13.8884717765 41.7518043982,13.8901384573 41.7518043982,13.8901384573 41.7515266174,13.8904162375 41.7515266174,13.8904162375 41.7512488367,13.8909717978 41.7512488367,13.8909717978 41.7509710559,13.893471819 41.7509710559,13.893471819 41.7506932752,13.8937495991 41.7506932752,13.8937495991 41.7509710559,13.8945829396 41.7509710559,13.8945829396 41.7506932752,13.8948607197 41.7506932752,13.8948607197 41.7504154944,13.89541628 41.7504154944,13.89541628 41.7501377136,13.8962496204 41.7501377136,13.8962496204 41.7498599329,13.8956940601 41.7498599329,13.8956940601 41.7495821521,13.8943051594 41.7495821521,13.8943051594 41.7493043714,13.8937495991 41.7493043714,13.8937495991 41.7490265906,13.8929162587 41.7490265906,13.8929162587 41.7487488098,13.891527358 41.7487488098,13.891527358 41.7484710291,13.8912495779 41.7484710291,13.8912495779 41.7481932483,13.8909717978 41.7481932483,13.8909717978 41.7476376868,13.8893051169 41.7476376868,13.8893051169 41.7470821253,13.8890273368 41.7470821253,13.8890273368 41.7468043445,13.8884717765 41.7468043445,13.8884717765 41.7465265638,13.8879162162 41.7465265638,13.8879162162 41.746248783,13.8873606559 41.746248783,13.8873606559 41.7459710022,13.8870828758 41.7459710022,13.8870828758 41.7445820984,13.8873606559 41.7445820984,13.8873606559 41.7443043177,13.8876384361 41.7443043177,13.8876384361 41.7437487562,13.8881939964 41.7437487562,13.8881939964 41.7434709754,13.8884717765 41.7434709754,13.8884717765 41.7431931946,13.8890273368 41.7431931946,13.8890273368 41.7429154139,13.8898606772 41.7429154139,13.8898606772 41.7426376331,13.8870828758 41.7426376331,13.8870828758 41.7429154139,13.8868050957 41.7429154139,13.8868050957 41.7431931946,13.885416195 41.7431931946,13.885416195 41.7429154139,13.8848606347 41.7429154139,13.8848606347 41.7423598523,13.8845828545 41.7423598523,13.8845828545 41.7418042908,13.8848606347 41.7418042908,13.8848606347 41.7415265101,13.8851384148 41.7415265101,13.8851384148 41.7412487293,13.8856939751 41.7412487293,13.8856939751 41.7406931678,13.8859717552 41.7406931678,13.8859717552 41.7398598255,13.8862495354 41.7398598255,13.8862495354 41.7395820447,13.8865273155 41.7395820447,13.8865273155 41.7390264832,13.8868050957 41.7390264832,13.8868050957 41.7387487025,13.8870828758 41.7387487025,13.8870828758 41.7384709217,13.8873606559 41.7384709217,13.8873606559 41.7381931409,13.8879162162 41.7381931409,13.8879162162 41.7373597987,13.8859717552 41.7373597987,13.8859717552 41.7370820179,13.885416195 41.7370820179,13.885416195 41.7368042371,13.8848606347 41.7368042371,13.8848606347 41.7365264564,13.8840272943 41.7365264564,13.8840272943 41.7362486756,13.8820828333 41.7362486756,13.8820828333 41.7359708949,13.8801383723 41.7359708949,13.8801383723 41.7362486756,13.8798605922 41.7362486756,13.8798605922 41.7365264564,13.879582812 41.7365264564,13.879582812 41.7368042371,13.8793050319 41.7368042371,13.8793050319 41.7370820179,13.8790272517 41.7370820179,13.8790272517 41.7373597987,13.8787494716 41.7373597987,13.8787494716 41.7376375794,13.8784716915 41.7376375794,13.8784716915 41.7379153602,13.8781939113 41.7379153602,13.8781939113 41.7381931409,13.8779161312 41.7381931409,13.8779161312 41.7387487025,13.877638351 41.7387487025,13.877638351 41.739304264,13.8781939113 41.739304264,13.8781939113 41.7395820447)),((13.8512492378 41.7609711633,13.8515270179 41.7609711633,13.8515270179 41.7604156018,13.8518047981 41.7604156018,13.8518047981 41.760137821,13.8520825782 41.760137821,13.8520825782 41.7595822595,13.8523603583 41.7595822595,13.8523603583 41.759026698,13.8526381385 41.759026698,13.8526381385 41.7581933557,13.8529159186 41.7581933557,13.8529159186 41.7579155749,13.8531936988 41.7579155749,13.8531936988 41.7576377942,13.8534714789 41.7576377942,13.8534714789 41.7562488904,13.853749259 41.7562488904,13.853749259 41.7554155481,13.8534714789 41.7554155481,13.8534714789 41.7556933289,13.8531936988 41.7556933289,13.8531936988 41.7559711096,13.8529159186 41.7559711096,13.8529159186 41.7562488904,13.8526381385 41.7562488904,13.8526381385 41.7565266711,13.8523603583 41.7565266711,13.8523603583 41.7568044519,13.8520825782 41.7568044519,13.8520825782 41.7570822327,13.8518047981 41.7570822327,13.8518047981 41.7579155749,13.8515270179 41.7579155749,13.8515270179 41.7587489172,13.8512492378 41.7587489172,13.8512492378 41.7595822595,13.8509714576 41.7595822595,13.8509714576 41.7606933826,13.8506936775 41.7606933826,13.8506936775 41.7612489441,13.8512492378 41.7612489441,13.8512492378 41.7609711633)),((13.8643049043 41.7695823669,13.8640271242 41.7695823669,13.8640271242 41.7698601477,13.8643049043 41.7698601477,13.8643049043 41.7695823669)))"
698,"pnalm_scarab_000698","Volinus sticticus (Panzer, 1798) (= Aphodius equestris Panzer, 1798)","= Aphodius equestris Panzer, 1798","species","NULL","NULL","NULL","Scarabaeoidea","Coleoptera","NULL","NULL","Volinus","sticticus","NULL","Italy","IT","NULL","NULL","NULL","Val Fondillo","Val Fondillo",1600,"1600.0","NULL","NULL","NULL",,,"NULL","NULL","NULL","NULL","NULL","NULL","1996","1996","NULL","NULL","NULL","NULL","NULL","HumanObservation","NULL","NULL","NULL","NULL","NULL","NULL","NULL","(Carpaneto et al. 2005)","NULL","literature","NULL","NULL","needs_review","NULL","NULL","NULL",4,"PNALM","Scarabaeoidea","",,13.881805053143,41.7520821789709,2180,"MULTIPOLYGON(((13.8826383936 41.7337486488,13.8823606134 41.7337486488,13.8823606134 41.7340264295,13.8826383936 41.7340264295,13.8826383936 41.7337486488)),((13.8820828333 41.7340264295,13.8820828333 41.7343042103,13.8823606134 41.7343042103,13.8823606134 41.7340264295,13.8820828333 41.7340264295)),((13.881527273 41.7345819911,13.881527273 41.7348597718,13.8812494929 41.7348597718,13.8812494929 41.7351375526,13.8809717127 41.7351375526,13.8809717127 41.7354153333,13.8806939326 41.7354153333,13.8806939326 41.7356931141,13.8804161524 41.7356931141,13.8804161524 41.7359708949,13.8820828333 41.7359708949,13.8820828333 41.7362486756,13.8840272943 41.7362486756,13.8840272943 41.7365264564,13.8848606347 41.7365264564,13.8848606347 41.7368042371,13.885416195 41.7368042371,13.885416195 41.7370820179,13.8859717552 41.7370820179,13.8859717552 41.7373597987,13.8879162162 41.7373597987,13.8879162162 41.7381931409,13.8873606559 41.7381931409,13.8873606559 41.7384709217,13.8870828758 41.7384709217,13.8870828758 41.7387487025,13.8868050957 41.7387487025,13.8868050957 41.7390264832,13.8865273155 41.7390264832,13.8865273155 41.7395820447,13.8862495354 41.7395820447,13.8862495354 41.7398598255,13.8859717552 41.7398598255,13.8859717552 41.7406931678,13.8856939751 41.7406931678,13.8856939751 41.7412487293,13.8851384148 41.7412487293,13.8851384148 41.7415265101,13.8848606347 41.7415265101,13.8848606347 41.7418042908,13.8845828545 41.7418042908,13.8845828545 41.7423598523,13.8848606347 41.7423598523,13.8848606347 41.7429154139,13.885416195 41.7429154139,13.885416195 41.7431931946,13.8868050957 41.7431931946,13.8868050957 41.7429154139,13.8870828758 41.7429154139,13.8870828758 41.7426376331,13.8898606772 41.7426376331,13.8898606772 41.7429154139,13.8890273368 41.7429154139,13.8890273368 41.7431931946,13.8884717765 41.7431931946,13.8884717765 41.7434709754,13.8881939964 41.7434709754,13.8881939964 41.7437487562,13.8876384361 41.7437487562,13.8876384361 41.7443043177,13.8873606559 41.7443043177,13.8873606559 41.7445820984,13.8870828758 41.7445820984,13.8870828758 41.7459710022,13.8873606559 41.7459710022,13.8873606559 41.746248783,13.8879162162 41.746248783,13.8879162162 41.7465265638,13.8884717765 41.7465265638,13.8884717765 41.7468043445,13.8890273368 41.7468043445,13.8890273368 41.7470821253,13.8893051169 41.7470821253,13.8893051169 41.7476376868,13.8909717978 41.7476376868,13.8909717978 41.7481932483,13.8912495779 41.7481932483,13.8912495779 41.7484710291,13.891527358 41.7484710291,13.891527358 41.7487488098,13.8929162587 41.7487488098,13.8929162587 41.7490265906,13.8937495991 41.7490265906,13.8937495991 41.7493043714,13.8943051594 41.7493043714,13.8943051594 41.7495821521,13.8956940601 41.7495821521,13.8956940601 41.7498599329,13.8962496204 41.7498599329,13.8962496204 41.7501377136,13.89541628 41.7501377136,13.89541628 41.7504154944,13.8948607197 41.7504154944,13.8948607197 41.7506932752,13.8945829396 41.7506932752,13.8945829396 41.7509710559,13.8937495991 41.7509710559,13.8937495991 41.7506932752,13.893471819 41.7506932752,13.893471819 41.7509710559,13.8909717978 41.7509710559,13.8909717978 41.7512488367,13.8904162375 41.7512488367,13.8904162375 41.7515266174,13.8901384573 41.7515266174,13.8901384573 41.7518043982,13.8884717765 41.7518043982,13.8884717765 41.752082179,13.8881939964 41.752082179,13.8881939964 41.7523599597,13.8876384361 41.7523599597,13.8876384361 41.7526377405,13.8856939751 41.7526377405,13.8856939751 41.7523599597,13.8851384148 41.7523599597,13.8851384148 41.752082179,13.8845828545 41.752082179,13.8845828545 41.7518043982,13.8840272943 41.7518043982,13.8840272943 41.7515266174,13.8837495141 41.7515266174,13.8837495141 41.7512488367,13.8829161737 41.7512488367,13.8829161737 41.7515266174,13.8823606134 41.7515266174,13.8823606134 41.7518043982,13.8820828333 41.7518043982,13.8820828333 41.752082179,13.8818050531 41.752082179,13.8818050531 41.7523599597,13.8820828333 41.7523599597,13.8820828333 41.7529155213,13.8823606134 41.7529155213,13.8823606134 41.753193302,13.8826383936 41.753193302,13.8826383936 41.7534710828,13.8829161737 41.7534710828,13.8829161737 41.7537488635,13.8831939538 41.7537488635,13.8831939538 41.7543044251,13.8837495141 41.7543044251,13.8837495141 41.7545822058,13.8840272943 41.7545822058,13.8840272943 41.7548599866,13.8843050744 41.7548599866,13.8843050744 41.7551377673,13.8848606347 41.7551377673,13.8848606347 41.7554155481,13.8851384148 41.7554155481,13.8851384148 41.7556933289,13.8856939751 41.7556933289,13.8856939751 41.7559711096,13.8862495354 41.7559711096,13.8862495354 41.7562488904,13.8873606559 41.7562488904,13.8873606559 41.7565266711,13.8893051169 41.7565266711,13.8893051169 41.7573600134,13.8890273368 41.7573600134,13.8890273368 41.7584711365,13.8893051169 41.7584711365,13.8893051169 41.7587489172,13.8895828971 41.7587489172,13.8895828971 41.759026698,13.8898606772 41.759026698,13.8898606772 41.7593044787,13.8901384573 41.7593044787,13.8901384573 41.7598600403,13.8904162375 41.7598600403,13.8904162375 41.7606933826,13.8901384573 41.7606933826,13.8901384573 41.7609711633,13.8898606772 41.7609711633,13.8898606772 41.7612489441,13.8895828971 41.7612489441,13.8895828971 41.7615267248,13.8901384573 41.7615267248,13.8901384573 41.7612489441,13.8912495779 41.7612489441,13.8912495779 41.7609711633,13.8923606985 41.7609711633,13.8923606985 41.7606933826,13.8929162587 41.7606933826,13.8929162587 41.7598600403,13.8931940389 41.7598600403,13.8931940389 41.759026698,13.893471819 41.759026698,13.893471819 41.7581933557,13.8937495991 41.7581933557,13.8937495991 41.7576377942,13.8931940389 41.7576377942,13.8931940389 41.7579155749,13.8929162587 41.7579155749,13.8929162587 41.7581933557,13.8926384786 41.7581933557,13.8926384786 41.7584711365,13.8923606985 41.7584711365,13.8923606985 41.7593044787,13.8918051382 41.7593044787,13.8918051382 41.759026698,13.8912495779 41.759026698,13.8912495779 41.7587489172,13.8909717978 41.7587489172,13.8909717978 41.7584711365,13.8904162375 41.7584711365,13.8904162375 41.7576377942,13.8906940176 41.7576377942,13.8906940176 41.7562488904,13.8909717978 41.7562488904,13.8909717978 41.7559711096,13.8906940176 41.7559711096,13.8906940176 41.7556933289,13.8890273368 41.7556933289,13.8890273368 41.7554155481,13.8879162162 41.7554155481,13.8879162162 41.7551377673,13.8873606559 41.7551377673,13.8873606559 41.7548599866,13.8870828758 41.7548599866,13.8870828758 41.7545822058,13.8868050957 41.7545822058,13.8868050957 41.7543044251,13.8865273155 41.7543044251,13.8865273155 41.7537488635,13.8884717765 41.7537488635,13.8884717765 41.7534710828,13.8890273368 41.7534710828,13.8890273368 41.753193302,13.8906940176 41.753193302,13.8906940176 41.7529155213,13.8909717978 41.7529155213,13.8909717978 41.7523599597,13.8912495779 41.7523599597,13.8912495779 41.752082179,13.8940273793 41.752082179,13.8940273793 41.7523599597,13.8948607197 41.7523599597,13.8948607197 41.752082179,13.8962496204 41.752082179,13.8962496204 41.7518043982,13.8965274005 41.7518043982,13.8965274005 41.7515266174,13.8968051807 41.7515266174,13.8968051807 41.7512488367,13.8970829608 41.7512488367,13.8970829608 41.7509710559,13.8976385211 41.7509710559,13.8976385211 41.7506932752,13.8981940814 41.7506932752,13.8981940814 41.7509710559,13.8993052019 41.7509710559,13.8993052019 41.7504154944,13.8995829821 41.7504154944,13.8995829821 41.7495821521,13.8993052019 41.7495821521,13.8993052019 41.7490265906,13.8990274218 41.7490265906,13.8990274218 41.7481932483,13.8987496417 41.7481932483,13.8987496417 41.747359906,13.8984718615 41.747359906,13.8984718615 41.7476376868,13.8981940814 41.7476376868,13.8981940814 41.7479154676,13.897360741 41.7479154676,13.897360741 41.7481932483,13.8965274005 41.7481932483,13.8965274005 41.7484710291,13.8945829396 41.7484710291,13.8945829396 41.7481932483,13.8943051594 41.7481932483,13.8943051594 41.7479154676,13.8940273793 41.7479154676,13.8940273793 41.7476376868,13.8937495991 41.7476376868,13.8937495991 41.747359906,13.893471819 41.747359906,13.893471819 41.7476376868,13.8931940389 41.7476376868,13.8931940389 41.747359906,13.8923606985 41.747359906,13.8923606985 41.7470821253,13.8920829183 41.7470821253,13.8920829183 41.7468043445,13.8918051382 41.7468043445,13.8918051382 41.7465265638,13.8909717978 41.7465265638,13.8909717978 41.746248783,13.8898606772 41.746248783,13.8898606772 41.7459710022,13.8893051169 41.7459710022,13.8893051169 41.74513766,13.8898606772 41.74513766,13.8898606772 41.7448598792,13.8904162375 41.7448598792,13.8904162375 41.7445820984,13.8909717978 41.7445820984,13.8909717978 41.7443043177,13.891527358 41.7443043177,13.891527358 41.7440265369,13.8918051382 41.7440265369,13.8918051382 41.7437487562,13.8920829183 41.7437487562,13.8920829183 41.7434709754,13.8923606985 41.7434709754,13.8923606985 41.7431931946,13.8926384786 41.7431931946,13.8926384786 41.7426376331,13.8923606985 41.7426376331,13.8923606985 41.7420820716,13.8920829183 41.7420820716,13.8920829183 41.7418042908,13.8923606985 41.7418042908,13.8923606985 41.7412487293,13.8920829183 41.7412487293,13.8920829183 41.7401376063,13.8912495779 41.7401376063,13.8912495779 41.740415387,13.8906940176 41.740415387,13.8906940176 41.7406931678,13.8887495566 41.7406931678,13.8887495566 41.740415387,13.8884717765 41.740415387,13.8884717765 41.7401376063,13.8881939964 41.7401376063,13.8881939964 41.7398598255,13.8884717765 41.7398598255,13.8884717765 41.7395820447,13.8895828971 41.7395820447,13.8895828971 41.739304264,13.8898606772 41.739304264,13.8898606772 41.7387487025,13.8901384573 41.7387487025,13.8901384573 41.7384709217,13.8904162375 41.7384709217,13.8904162375 41.7379153602,13.8906940176 41.7379153602,13.8906940176 41.7376375794,13.8904162375 41.7376375794,13.8904162375 41.7359708949,13.8890273368 41.7359708949,13.8890273368 41.7356931141,13.8879162162 41.7356931141,13.8879162162 41.7354153333,13.8873606559 41.7354153333,13.8873606559 41.7351375526,13.8856939751 41.7351375526,13.8856939751 41.7348597718,13.883471734 41.7348597718,13.883471734 41.7345819911,13.8820828333 41.7345819911,13.8820828333 41.7343042103,13.8818050531 41.7343042103,13.8818050531 41.7345819911,13.881527273 41.7345819911)),((13.9012496629 41.7506932752,13.9009718828 41.7506932752,13.9009718828 41.7509710559,13.9012496629 41.7509710559,13.9012496629 41.7506932752)),((13.8690271667 41.7679156823,13.8690271667 41.7676379016,13.8698605071 41.7676379016,13.8698605071 41.7673601208,13.8704160674 41.7673601208,13.8704160674 41.76708234,13.8709716277 41.76708234,13.8709716277 41.7668045593,13.8718049681 41.7668045593,13.8718049681 41.7665267785,13.8723605284 41.7665267785,13.8723605284 41.7662489978,13.8731938688 41.7662489978,13.8731938688 41.765971217,13.8737494291 41.765971217,13.8737494291 41.7656934362,13.8740272092 41.7656934362,13.8740272092 41.7651378747,13.8748605497 41.7651378747,13.8748605497 41.764860094,13.8756938901 41.764860094,13.8756938901 41.7645823132,13.8762494503 41.7645823132,13.8762494503 41.7643045324,13.8765272305 41.7643045324,13.8765272305 41.7640267517,13.8784716915 41.7640267517,13.8784716915 41.7643045324,13.879582812 41.7643045324,13.879582812 41.7640267517,13.8806939326 41.7640267517,13.8806939326 41.7637489709,13.8818050531 41.7637489709,13.8818050531 41.7634711902,13.8826383936 41.7634711902,13.8826383936 41.7631934094,13.8837495141 41.7631934094,13.8837495141 41.7629156286,13.8848606347 41.7629156286,13.8848606347 41.7626378479,13.8859717552 41.7626378479,13.8859717552 41.7623600671,13.8862495354 41.7623600671,13.8862495354 41.7620822864,13.8826383936 41.7620822864,13.8826383936 41.7623600671,13.8818050531 41.7623600671,13.8818050531 41.7626378479,13.8806939326 41.7626378479,13.8806939326 41.7629156286,13.879582812 41.7629156286,13.879582812 41.7631934094,13.8779161312 41.7631934094,13.8779161312 41.7629156286,13.8759716702 41.7629156286,13.8759716702 41.7631934094,13.8754161099 41.7631934094,13.8754161099 41.7634711902,13.8748605497 41.7634711902,13.8748605497 41.7637489709,13.8737494291 41.7637489709,13.8737494291 41.7640267517,13.8729160887 41.7640267517,13.8729160887 41.7643045324,13.8726383085 41.7643045324,13.8726383085 41.764860094,13.8723605284 41.764860094,13.8723605284 41.7651378747,13.8720827483 41.7651378747,13.8720827483 41.7654156555,13.8718049681 41.7654156555,13.8718049681 41.7656934362,13.871527188 41.7656934362,13.871527188 41.765971217,13.8712494078 41.765971217,13.8712494078 41.7662489978,13.8709716277 41.7662489978,13.8709716277 41.7665267785,13.8706938476 41.7665267785,13.8706938476 41.7668045593,13.869582727 41.7668045593,13.869582727 41.76708234,13.8684716064 41.76708234,13.8684716064 41.7673601208,13.8681938263 41.7673601208,13.8681938263 41.7676379016,13.867638266 41.7676379016,13.867638266 41.7681934631,13.8684716064 41.7681934631,13.8684716064 41.7679156823,13.8690271667 41.7679156823)),((13.867638266 41.7684712438,13.867638266 41.7681934631,13.8673604859 41.7681934631,13.8673604859 41.7684712438,13.867638266 41.7684712438)))"
699,"pnalm_scarab_000699","Volinus sticticus (Panzer, 1798) (= Aphodius equestris Panzer, 1798)","= Aphodius equestris Panzer, 1798","species","NULL","NULL","NULL","Scarabaeoidea","Coleoptera","NULL","NULL","Volinus","sticticus","NULL","Italy","IT","NULL","NULL","NULL","Val Fondillo","Val Fondillo",1600,"1600.0","NULL","NULL","NULL",,,"NULL","NULL","NULL","NULL","NULL","NULL","35947","1998","6","1","Luigi Melloni","NULL","NULL","PreservedSpecimen","NULL","CGP-PNALM","NULL","NULL","NULL","NULL","NULL","NULL","NULL","field_survey","NULL","CC BY 4.0","needs_review","NULL","NULL","NULL",4,"PNALM","Scarabaeoidea","",,13.881805053143,41.7520821789709,2180,"MULTIPOLYGON(((13.8826383936 41.7337486488,13.8823606134 41.7337486488,13.8823606134 41.7340264295,13.8826383936 41.7340264295,13.8826383936 41.7337486488)),((13.8820828333 41.7340264295,13.8820828333 41.7343042103,13.8823606134 41.7343042103,13.8823606134 41.7340264295,13.8820828333 41.7340264295)),((13.881527273 41.7345819911,13.881527273 41.7348597718,13.8812494929 41.7348597718,13.8812494929 41.7351375526,13.8809717127 41.7351375526,13.8809717127 41.7354153333,13.8806939326 41.7354153333,13.8806939326 41.7356931141,13.8804161524 41.7356931141,13.8804161524 41.7359708949,13.8820828333 41.7359708949,13.8820828333 41.7362486756,13.8840272943 41.7362486756,13.8840272943 41.7365264564,13.8848606347 41.7365264564,13.8848606347 41.7368042371,13.885416195 41.7368042371,13.885416195 41.7370820179,13.8859717552 41.7370820179,13.8859717552 41.7373597987,13.8879162162 41.7373597987,13.8879162162 41.7381931409,13.8873606559 41.7381931409,13.8873606559 41.7384709217,13.8870828758 41.7384709217,13.8870828758 41.7387487025,13.8868050957 41.7387487025,13.8868050957 41.7390264832,13.8865273155 41.7390264832,13.8865273155 41.7395820447,13.8862495354 41.7395820447,13.8862495354 41.7398598255,13.8859717552 41.7398598255,13.8859717552 41.7406931678,13.8856939751 41.7406931678,13.8856939751 41.7412487293,13.8851384148 41.7412487293,13.8851384148 41.7415265101,13.8848606347 41.7415265101,13.8848606347 41.7418042908,13.8845828545 41.7418042908,13.8845828545 41.7423598523,13.8848606347 41.7423598523,13.8848606347 41.7429154139,13.885416195 41.7429154139,13.885416195 41.7431931946,13.8868050957 41.7431931946,13.8868050957 41.7429154139,13.8870828758 41.7429154139,13.8870828758 41.7426376331,13.8898606772 41.7426376331,13.8898606772 41.7429154139,13.8890273368 41.7429154139,13.8890273368 41.7431931946,13.8884717765 41.7431931946,13.8884717765 41.7434709754,13.8881939964 41.7434709754,13.8881939964 41.7437487562,13.8876384361 41.7437487562,13.8876384361 41.7443043177,13.8873606559 41.7443043177,13.8873606559 41.7445820984,13.8870828758 41.7445820984,13.8870828758 41.7459710022,13.8873606559 41.7459710022,13.8873606559 41.746248783,13.8879162162 41.746248783,13.8879162162 41.7465265638,13.8884717765 41.7465265638,13.8884717765 41.7468043445,13.8890273368 41.7468043445,13.8890273368 41.7470821253,13.8893051169 41.7470821253,13.8893051169 41.7476376868,13.8909717978 41.7476376868,13.8909717978 41.7481932483,13.8912495779 41.7481932483,13.8912495779 41.7484710291,13.891527358 41.7484710291,13.891527358 41.7487488098,13.8929162587 41.7487488098,13.8929162587 41.7490265906,13.8937495991 41.7490265906,13.8937495991 41.7493043714,13.8943051594 41.7493043714,13.8943051594 41.7495821521,13.8956940601 41.7495821521,13.8956940601 41.7498599329,13.8962496204 41.7498599329,13.8962496204 41.7501377136,13.89541628 41.7501377136,13.89541628 41.7504154944,13.8948607197 41.7504154944,13.8948607197 41.7506932752,13.8945829396 41.7506932752,13.8945829396 41.7509710559,13.8937495991 41.7509710559,13.8937495991 41.7506932752,13.893471819 41.7506932752,13.893471819 41.7509710559,13.8909717978 41.7509710559,13.8909717978 41.7512488367,13.8904162375 41.7512488367,13.8904162375 41.7515266174,13.8901384573 41.7515266174,13.8901384573 41.7518043982,13.8884717765 41.7518043982,13.8884717765 41.752082179,13.8881939964 41.752082179,13.8881939964 41.7523599597,13.8876384361 41.7523599597,13.8876384361 41.7526377405,13.8856939751 41.7526377405,13.8856939751 41.7523599597,13.8851384148 41.7523599597,13.8851384148 41.752082179,13.8845828545 41.752082179,13.8845828545 41.7518043982,13.8840272943 41.7518043982,13.8840272943 41.7515266174,13.8837495141 41.7515266174,13.8837495141 41.7512488367,13.8829161737 41.7512488367,13.8829161737 41.7515266174,13.8823606134 41.7515266174,13.8823606134 41.7518043982,13.8820828333 41.7518043982,13.8820828333 41.752082179,13.8818050531 41.752082179,13.8818050531 41.7523599597,13.8820828333 41.7523599597,13.8820828333 41.7529155213,13.8823606134 41.7529155213,13.8823606134 41.753193302,13.8826383936 41.753193302,13.8826383936 41.7534710828,13.8829161737 41.7534710828,13.8829161737 41.7537488635,13.8831939538 41.7537488635,13.8831939538 41.7543044251,13.8837495141 41.7543044251,13.8837495141 41.7545822058,13.8840272943 41.7545822058,13.8840272943 41.7548599866,13.8843050744 41.7548599866,13.8843050744 41.7551377673,13.8848606347 41.7551377673,13.8848606347 41.7554155481,13.8851384148 41.7554155481,13.8851384148 41.7556933289,13.8856939751 41.7556933289,13.8856939751 41.7559711096,13.8862495354 41.7559711096,13.8862495354 41.7562488904,13.8873606559 41.7562488904,13.8873606559 41.7565266711,13.8893051169 41.7565266711,13.8893051169 41.7573600134,13.8890273368 41.7573600134,13.8890273368 41.7584711365,13.8893051169 41.7584711365,13.8893051169 41.7587489172,13.8895828971 41.7587489172,13.8895828971 41.759026698,13.8898606772 41.759026698,13.8898606772 41.7593044787,13.8901384573 41.7593044787,13.8901384573 41.7598600403,13.8904162375 41.7598600403,13.8904162375 41.7606933826,13.8901384573 41.7606933826,13.8901384573 41.7609711633,13.8898606772 41.7609711633,13.8898606772 41.7612489441,13.8895828971 41.7612489441,13.8895828971 41.7615267248,13.8901384573 41.7615267248,13.8901384573 41.7612489441,13.8912495779 41.7612489441,13.8912495779 41.7609711633,13.8923606985 41.7609711633,13.8923606985 41.7606933826,13.8929162587 41.7606933826,13.8929162587 41.7598600403,13.8931940389 41.7598600403,13.8931940389 41.759026698,13.893471819 41.759026698,13.893471819 41.7581933557,13.8937495991 41.7581933557,13.8937495991 41.7576377942,13.8931940389 41.7576377942,13.8931940389 41.7579155749,13.8929162587 41.7579155749,13.8929162587 41.7581933557,13.8926384786 41.7581933557,13.8926384786 41.7584711365,13.8923606985 41.7584711365,13.8923606985 41.7593044787,13.8918051382 41.7593044787,13.8918051382 41.759026698,13.8912495779 41.759026698,13.8912495779 41.7587489172,13.8909717978 41.7587489172,13.8909717978 41.7584711365,13.8904162375 41.7584711365,13.8904162375 41.7576377942,13.8906940176 41.7576377942,13.8906940176 41.7562488904,13.8909717978 41.7562488904,13.8909717978 41.7559711096,13.8906940176 41.7559711096,13.8906940176 41.7556933289,13.8890273368 41.7556933289,13.8890273368 41.7554155481,13.8879162162 41.7554155481,13.8879162162 41.7551377673,13.8873606559 41.7551377673,13.8873606559 41.7548599866,13.8870828758 41.7548599866,13.8870828758 41.7545822058,13.8868050957 41.7545822058,13.8868050957 41.7543044251,13.8865273155 41.7543044251,13.8865273155 41.7537488635,13.8884717765 41.7537488635,13.8884717765 41.7534710828,13.8890273368 41.7534710828,13.8890273368 41.753193302,13.8906940176 41.753193302,13.8906940176 41.7529155213,13.8909717978 41.7529155213,13.8909717978 41.7523599597,13.8912495779 41.7523599597,13.8912495779 41.752082179,13.8940273793 41.752082179,13.8940273793 41.7523599597,13.8948607197 41.7523599597,13.8948607197 41.752082179,13.8962496204 41.752082179,13.8962496204 41.7518043982,13.8965274005 41.7518043982,13.8965274005 41.7515266174,13.8968051807 41.7515266174,13.8968051807 41.7512488367,13.8970829608 41.7512488367,13.8970829608 41.7509710559,13.8976385211 41.7509710559,13.8976385211 41.7506932752,13.8981940814 41.7506932752,13.8981940814 41.7509710559,13.8993052019 41.7509710559,13.8993052019 41.7504154944,13.8995829821 41.7504154944,13.8995829821 41.7495821521,13.8993052019 41.7495821521,13.8993052019 41.7490265906,13.8990274218 41.7490265906,13.8990274218 41.7481932483,13.8987496417 41.7481932483,13.8987496417 41.747359906,13.8984718615 41.747359906,13.8984718615 41.7476376868,13.8981940814 41.7476376868,13.8981940814 41.7479154676,13.897360741 41.7479154676,13.897360741 41.7481932483,13.8965274005 41.7481932483,13.8965274005 41.7484710291,13.8945829396 41.7484710291,13.8945829396 41.7481932483,13.8943051594 41.7481932483,13.8943051594 41.7479154676,13.8940273793 41.7479154676,13.8940273793 41.7476376868,13.8937495991 41.7476376868,13.8937495991 41.747359906,13.893471819 41.747359906,13.893471819 41.7476376868,13.8931940389 41.7476376868,13.8931940389 41.747359906,13.8923606985 41.747359906,13.8923606985 41.7470821253,13.8920829183 41.7470821253,13.8920829183 41.7468043445,13.8918051382 41.7468043445,13.8918051382 41.7465265638,13.8909717978 41.7465265638,13.8909717978 41.746248783,13.8898606772 41.746248783,13.8898606772 41.7459710022,13.8893051169 41.7459710022,13.8893051169 41.74513766,13.8898606772 41.74513766,13.8898606772 41.7448598792,13.8904162375 41.7448598792,13.8904162375 41.7445820984,13.8909717978 41.7445820984,13.8909717978 41.7443043177,13.891527358 41.7443043177,13.891527358 41.7440265369,13.8918051382 41.7440265369,13.8918051382 41.7437487562,13.8920829183 41.7437487562,13.8920829183 41.7434709754,13.8923606985 41.7434709754,13.8923606985 41.7431931946,13.8926384786 41.7431931946,13.8926384786 41.7426376331,13.8923606985 41.7426376331,13.8923606985 41.7420820716,13.8920829183 41.7420820716,13.8920829183 41.7418042908,13.8923606985 41.7418042908,13.8923606985 41.7412487293,13.8920829183 41.7412487293,13.8920829183 41.7401376063,13.8912495779 41.7401376063,13.8912495779 41.740415387,13.8906940176 41.740415387,13.8906940176 41.7406931678,13.8887495566 41.7406931678,13.8887495566 41.740415387,13.8884717765 41.740415387,13.8884717765 41.7401376063,13.8881939964 41.7401376063,13.8881939964 41.7398598255,13.8884717765 41.7398598255,13.8884717765 41.7395820447,13.8895828971 41.7395820447,13.8895828971 41.739304264,13.8898606772 41.739304264,13.8898606772 41.7387487025,13.8901384573 41.7387487025,13.8901384573 41.7384709217,13.8904162375 41.7384709217,13.8904162375 41.7379153602,13.8906940176 41.7379153602,13.8906940176 41.7376375794,13.8904162375 41.7376375794,13.8904162375 41.7359708949,13.8890273368 41.7359708949,13.8890273368 41.7356931141,13.8879162162 41.7356931141,13.8879162162 41.7354153333,13.8873606559 41.7354153333,13.8873606559 41.7351375526,13.8856939751 41.7351375526,13.8856939751 41.7348597718,13.883471734 41.7348597718,13.883471734 41.7345819911,13.8820828333 41.7345819911,13.8820828333 41.7343042103,13.8818050531 41.7343042103,13.8818050531 41.7345819911,13.881527273 41.7345819911)),((13.9012496629 41.7506932752,13.9009718828 41.7506932752,13.9009718828 41.7509710559,13.9012496629 41.7509710559,13.9012496629 41.7506932752)),((13.8690271667 41.7679156823,13.8690271667 41.7676379016,13.8698605071 41.7676379016,13.8698605071 41.7673601208,13.8704160674 41.7673601208,13.8704160674 41.76708234,13.8709716277 41.76708234,13.8709716277 41.7668045593,13.8718049681 41.7668045593,13.8718049681 41.7665267785,13.8723605284 41.7665267785,13.8723605284 41.7662489978,13.8731938688 41.7662489978,13.8731938688 41.765971217,13.8737494291 41.765971217,13.8737494291 41.7656934362,13.8740272092 41.7656934362,13.8740272092 41.7651378747,13.8748605497 41.7651378747,13.8748605497 41.764860094,13.8756938901 41.764860094,13.8756938901 41.7645823132,13.8762494503 41.7645823132,13.8762494503 41.7643045324,13.8765272305 41.7643045324,13.8765272305 41.7640267517,13.8784716915 41.7640267517,13.8784716915 41.7643045324,13.879582812 41.7643045324,13.879582812 41.7640267517,13.8806939326 41.7640267517,13.8806939326 41.7637489709,13.8818050531 41.7637489709,13.8818050531 41.7634711902,13.8826383936 41.7634711902,13.8826383936 41.7631934094,13.8837495141 41.7631934094,13.8837495141 41.7629156286,13.8848606347 41.7629156286,13.8848606347 41.7626378479,13.8859717552 41.7626378479,13.8859717552 41.7623600671,13.8862495354 41.7623600671,13.8862495354 41.7620822864,13.8826383936 41.7620822864,13.8826383936 41.7623600671,13.8818050531 41.7623600671,13.8818050531 41.7626378479,13.8806939326 41.7626378479,13.8806939326 41.7629156286,13.879582812 41.7629156286,13.879582812 41.7631934094,13.8779161312 41.7631934094,13.8779161312 41.7629156286,13.8759716702 41.7629156286,13.8759716702 41.7631934094,13.8754161099 41.7631934094,13.8754161099 41.7634711902,13.8748605497 41.7634711902,13.8748605497 41.7637489709,13.8737494291 41.7637489709,13.8737494291 41.7640267517,13.8729160887 41.7640267517,13.8729160887 41.7643045324,13.8726383085 41.7643045324,13.8726383085 41.764860094,13.8723605284 41.764860094,13.8723605284 41.7651378747,13.8720827483 41.7651378747,13.8720827483 41.7654156555,13.8718049681 41.7654156555,13.8718049681 41.7656934362,13.871527188 41.7656934362,13.871527188 41.765971217,13.8712494078 41.765971217,13.8712494078 41.7662489978,13.8709716277 41.7662489978,13.8709716277 41.7665267785,13.8706938476 41.7665267785,13.8706938476 41.7668045593,13.869582727 41.7668045593,13.869582727 41.76708234,13.8684716064 41.76708234,13.8684716064 41.7673601208,13.8681938263 41.7673601208,13.8681938263 41.7676379016,13.867638266 41.7676379016,13.867638266 41.7681934631,13.8684716064 41.7681934631,13.8684716064 41.7679156823,13.8690271667 41.7679156823)),((13.867638266 41.7684712438,13.867638266 41.7681934631,13.8673604859 41.7681934631,13.8673604859 41.7684712438,13.867638266 41.7684712438)))"
718,"pnalm_scarab_000718","Copris hispanus cavolinii (Petagna, 1792)","Petagna, 1792","subspecies","NULL","NULL","NULL","Scarabaeoidea","Coleoptera","NULL","NULL","Copris","hispanus","cavolinii","Italy","IT","NULL","NULL","NULL","Val Fondillo","Val Fondillo",1600,"1600.0","NULL","NULL","NULL",,,"NULL","NULL","NULL","NULL","NULL","NULL","1972-07","1972","7","NULL","Franco Tassi","NULL","NULL","PreservedSpecimen","NULL","CGP-PNALM","NULL","NULL","NULL","NULL","NULL","NULL","NULL","field_survey","NULL","CC BY 4.0","needs_review","NULL","NULL","NULL",4,"PNALM","Scarabaeoidea","",,13.881805053143,41.7520821789709,2180,"MULTIPOLYGON(((13.8826383936 41.7337486488,13.8823606134 41.7337486488,13.8823606134 41.7340264295,13.8826383936 41.7340264295,13.8826383936 41.7337486488)),((13.8820828333 41.7340264295,13.8820828333 41.7343042103,13.8823606134 41.7343042103,13.8823606134 41.7340264295,13.8820828333 41.7340264295)),((13.881527273 41.7345819911,13.881527273 41.7348597718,13.8812494929 41.7348597718,13.8812494929 41.7351375526,13.8809717127 41.7351375526,13.8809717127 41.7354153333,13.8806939326 41.7354153333,13.8806939326 41.7356931141,13.8804161524 41.7356931141,13.8804161524 41.7359708949,13.8820828333 41.7359708949,13.8820828333 41.7362486756,13.8840272943 41.7362486756,13.8840272943 41.7365264564,13.8848606347 41.7365264564,13.8848606347 41.7368042371,13.885416195 41.7368042371,13.885416195 41.7370820179,13.8859717552 41.7370820179,13.8859717552 41.7373597987,13.8879162162 41.7373597987,13.8879162162 41.7381931409,13.8873606559 41.7381931409,13.8873606559 41.7384709217,13.8870828758 41.7384709217,13.8870828758 41.7387487025,13.8868050957 41.7387487025,13.8868050957 41.7390264832,13.8865273155 41.7390264832,13.8865273155 41.7395820447,13.8862495354 41.7395820447,13.8862495354 41.7398598255,13.8859717552 41.7398598255,13.8859717552 41.7406931678,13.8856939751 41.7406931678,13.8856939751 41.7412487293,13.8851384148 41.7412487293,13.8851384148 41.7415265101,13.8848606347 41.7415265101,13.8848606347 41.7418042908,13.8845828545 41.7418042908,13.8845828545 41.7423598523,13.8848606347 41.7423598523,13.8848606347 41.7429154139,13.885416195 41.7429154139,13.885416195 41.7431931946,13.8868050957 41.7431931946,13.8868050957 41.7429154139,13.8870828758 41.7429154139,13.8870828758 41.7426376331,13.8898606772 41.7426376331,13.8898606772 41.7429154139,13.8890273368 41.7429154139,13.8890273368 41.7431931946,13.8884717765 41.7431931946,13.8884717765 41.7434709754,13.8881939964 41.7434709754,13.8881939964 41.7437487562,13.8876384361 41.7437487562,13.8876384361 41.7443043177,13.8873606559 41.7443043177,13.8873606559 41.7445820984,13.8870828758 41.7445820984,13.8870828758 41.7459710022,13.8873606559 41.7459710022,13.8873606559 41.746248783,13.8879162162 41.746248783,13.8879162162 41.7465265638,13.8884717765 41.7465265638,13.8884717765 41.7468043445,13.8890273368 41.7468043445,13.8890273368 41.7470821253,13.8893051169 41.7470821253,13.8893051169 41.7476376868,13.8909717978 41.7476376868,13.8909717978 41.7481932483,13.8912495779 41.7481932483,13.8912495779 41.7484710291,13.891527358 41.7484710291,13.891527358 41.7487488098,13.8929162587 41.7487488098,13.8929162587 41.7490265906,13.8937495991 41.7490265906,13.8937495991 41.7493043714,13.8943051594 41.7493043714,13.8943051594 41.7495821521,13.8956940601 41.7495821521,13.8956940601 41.7498599329,13.8962496204 41.7498599329,13.8962496204 41.7501377136,13.89541628 41.7501377136,13.89541628 41.7504154944,13.8948607197 41.7504154944,13.8948607197 41.7506932752,13.8945829396 41.7506932752,13.8945829396 41.7509710559,13.8937495991 41.7509710559,13.8937495991 41.7506932752,13.893471819 41.7506932752,13.893471819 41.7509710559,13.8909717978 41.7509710559,13.8909717978 41.7512488367,13.8904162375 41.7512488367,13.8904162375 41.7515266174,13.8901384573 41.7515266174,13.8901384573 41.7518043982,13.8884717765 41.7518043982,13.8884717765 41.752082179,13.8881939964 41.752082179,13.8881939964 41.7523599597,13.8876384361 41.7523599597,13.8876384361 41.7526377405,13.8856939751 41.7526377405,13.8856939751 41.7523599597,13.8851384148 41.7523599597,13.8851384148 41.752082179,13.8845828545 41.752082179,13.8845828545 41.7518043982,13.8840272943 41.7518043982,13.8840272943 41.7515266174,13.8837495141 41.7515266174,13.8837495141 41.7512488367,13.8829161737 41.7512488367,13.8829161737 41.7515266174,13.8823606134 41.7515266174,13.8823606134 41.7518043982,13.8820828333 41.7518043982,13.8820828333 41.752082179,13.8818050531 41.752082179,13.8818050531 41.7523599597,13.8820828333 41.7523599597,13.8820828333 41.7529155213,13.8823606134 41.7529155213,13.8823606134 41.753193302,13.8826383936 41.753193302,13.8826383936 41.7534710828,13.8829161737 41.7534710828,13.8829161737 41.7537488635,13.8831939538 41.7537488635,13.8831939538 41.7543044251,13.8837495141 41.7543044251,13.8837495141 41.7545822058,13.8840272943 41.7545822058,13.8840272943 41.7548599866,13.8843050744 41.7548599866,13.8843050744 41.7551377673,13.8848606347 41.7551377673,13.8848606347 41.7554155481,13.8851384148 41.7554155481,13.8851384148 41.7556933289,13.8856939751 41.7556933289,13.8856939751 41.7559711096,13.8862495354 41.7559711096,13.8862495354 41.7562488904,13.8873606559 41.7562488904,13.8873606559 41.7565266711,13.8893051169 41.7565266711,13.8893051169 41.7573600134,13.8890273368 41.7573600134,13.8890273368 41.7584711365,13.8893051169 41.7584711365,13.8893051169 41.7587489172,13.8895828971 41.7587489172,13.8895828971 41.759026698,13.8898606772 41.759026698,13.8898606772 41.7593044787,13.8901384573 41.7593044787,13.8901384573 41.7598600403,13.8904162375 41.7598600403,13.8904162375 41.7606933826,13.8901384573 41.7606933826,13.8901384573 41.7609711633,13.8898606772 41.7609711633,13.8898606772 41.7612489441,13.8895828971 41.7612489441,13.8895828971 41.7615267248,13.8901384573 41.7615267248,13.8901384573 41.7612489441,13.8912495779 41.7612489441,13.8912495779 41.7609711633,13.8923606985 41.7609711633,13.8923606985 41.7606933826,13.8929162587 41.7606933826,13.8929162587 41.7598600403,13.8931940389 41.7598600403,13.8931940389 41.759026698,13.893471819 41.759026698,13.893471819 41.7581933557,13.8937495991 41.7581933557,13.8937495991 41.7576377942,13.8931940389 41.7576377942,13.8931940389 41.7579155749,13.8929162587 41.7579155749,13.8929162587 41.7581933557,13.8926384786 41.7581933557,13.8926384786 41.7584711365,13.8923606985 41.7584711365,13.8923606985 41.7593044787,13.8918051382 41.7593044787,13.8918051382 41.759026698,13.8912495779 41.759026698,13.8912495779 41.7587489172,13.8909717978 41.7587489172,13.8909717978 41.7584711365,13.8904162375 41.7584711365,13.8904162375 41.7576377942,13.8906940176 41.7576377942,13.8906940176 41.7562488904,13.8909717978 41.7562488904,13.8909717978 41.7559711096,13.8906940176 41.7559711096,13.8906940176 41.7556933289,13.8890273368 41.7556933289,13.8890273368 41.7554155481,13.8879162162 41.7554155481,13.8879162162 41.7551377673,13.8873606559 41.7551377673,13.8873606559 41.7548599866,13.8870828758 41.7548599866,13.8870828758 41.7545822058,13.8868050957 41.7545822058,13.8868050957 41.7543044251,13.8865273155 41.7543044251,13.8865273155 41.7537488635,13.8884717765 41.7537488635,13.8884717765 41.7534710828,13.8890273368 41.7534710828,13.8890273368 41.753193302,13.8906940176 41.753193302,13.8906940176 41.7529155213,13.8909717978 41.7529155213,13.8909717978 41.7523599597,13.8912495779 41.7523599597,13.8912495779 41.752082179,13.8940273793 41.752082179,13.8940273793 41.7523599597,13.8948607197 41.7523599597,13.8948607197 41.752082179,13.8962496204 41.752082179,13.8962496204 41.7518043982,13.8965274005 41.7518043982,13.8965274005 41.7515266174,13.8968051807 41.7515266174,13.8968051807 41.7512488367,13.8970829608 41.7512488367,13.8970829608 41.7509710559,13.8976385211 41.7509710559,13.8976385211 41.7506932752,13.8981940814 41.7506932752,13.8981940814 41.7509710559,13.8993052019 41.7509710559,13.8993052019 41.7504154944,13.8995829821 41.7504154944,13.8995829821 41.7495821521,13.8993052019 41.7495821521,13.8993052019 41.7490265906,13.8990274218 41.7490265906,13.8990274218 41.7481932483,13.8987496417 41.7481932483,13.8987496417 41.747359906,13.8984718615 41.747359906,13.8984718615 41.7476376868,13.8981940814 41.7476376868,13.8981940814 41.7479154676,13.897360741 41.7479154676,13.897360741 41.7481932483,13.8965274005 41.7481932483,13.8965274005 41.7484710291,13.8945829396 41.7484710291,13.8945829396 41.7481932483,13.8943051594 41.7481932483,13.8943051594 41.7479154676,13.8940273793 41.7479154676,13.8940273793 41.7476376868,13.8937495991 41.7476376868,13.8937495991 41.747359906,13.893471819 41.747359906,13.893471819 41.7476376868,13.8931940389 41.7476376868,13.8931940389 41.747359906,13.8923606985 41.747359906,13.8923606985 41.7470821253,13.8920829183 41.7470821253,13.8920829183 41.7468043445,13.8918051382 41.7468043445,13.8918051382 41.7465265638,13.8909717978 41.7465265638,13.8909717978 41.746248783,13.8898606772 41.746248783,13.8898606772 41.7459710022,13.8893051169 41.7459710022,13.8893051169 41.74513766,13.8898606772 41.74513766,13.8898606772 41.7448598792,13.8904162375 41.7448598792,13.8904162375 41.7445820984,13.8909717978 41.7445820984,13.8909717978 41.7443043177,13.891527358 41.7443043177,13.891527358 41.7440265369,13.8918051382 41.7440265369,13.8918051382 41.7437487562,13.8920829183 41.7437487562,13.8920829183 41.7434709754,13.8923606985 41.7434709754,13.8923606985 41.7431931946,13.8926384786 41.7431931946,13.8926384786 41.7426376331,13.8923606985 41.7426376331,13.8923606985 41.7420820716,13.8920829183 41.7420820716,13.8920829183 41.7418042908,13.8923606985 41.7418042908,13.8923606985 41.7412487293,13.8920829183 41.7412487293,13.8920829183 41.7401376063,13.8912495779 41.7401376063,13.8912495779 41.740415387,13.8906940176 41.740415387,13.8906940176 41.7406931678,13.8887495566 41.7406931678,13.8887495566 41.740415387,13.8884717765 41.740415387,13.8884717765 41.7401376063,13.8881939964 41.7401376063,13.8881939964 41.7398598255,13.8884717765 41.7398598255,13.8884717765 41.7395820447,13.8895828971 41.7395820447,13.8895828971 41.739304264,13.8898606772 41.739304264,13.8898606772 41.7387487025,13.8901384573 41.7387487025,13.8901384573 41.7384709217,13.8904162375 41.7384709217,13.8904162375 41.7379153602,13.8906940176 41.7379153602,13.8906940176 41.7376375794,13.8904162375 41.7376375794,13.8904162375 41.7359708949,13.8890273368 41.7359708949,13.8890273368 41.7356931141,13.8879162162 41.7356931141,13.8879162162 41.7354153333,13.8873606559 41.7354153333,13.8873606559 41.7351375526,13.8856939751 41.7351375526,13.8856939751 41.7348597718,13.883471734 41.7348597718,13.883471734 41.7345819911,13.8820828333 41.7345819911,13.8820828333 41.7343042103,13.8818050531 41.7343042103,13.8818050531 41.7345819911,13.881527273 41.7345819911)),((13.9012496629 41.7506932752,13.9009718828 41.7506932752,13.9009718828 41.7509710559,13.9012496629 41.7509710559,13.9012496629 41.7506932752)),((13.8690271667 41.7679156823,13.8690271667 41.7676379016,13.8698605071 41.7676379016,13.8698605071 41.7673601208,13.8704160674 41.7673601208,13.8704160674 41.76708234,13.8709716277 41.76708234,13.8709716277 41.7668045593,13.8718049681 41.7668045593,13.8718049681 41.7665267785,13.8723605284 41.7665267785,13.8723605284 41.7662489978,13.8731938688 41.7662489978,13.8731938688 41.765971217,13.8737494291 41.765971217,13.8737494291 41.7656934362,13.8740272092 41.7656934362,13.8740272092 41.7651378747,13.8748605497 41.7651378747,13.8748605497 41.764860094,13.8756938901 41.764860094,13.8756938901 41.7645823132,13.8762494503 41.7645823132,13.8762494503 41.7643045324,13.8765272305 41.7643045324,13.8765272305 41.7640267517,13.8784716915 41.7640267517,13.8784716915 41.7643045324,13.879582812 41.7643045324,13.879582812 41.7640267517,13.8806939326 41.7640267517,13.8806939326 41.7637489709,13.8818050531 41.7637489709,13.8818050531 41.7634711902,13.8826383936 41.7634711902,13.8826383936 41.7631934094,13.8837495141 41.7631934094,13.8837495141 41.7629156286,13.8848606347 41.7629156286,13.8848606347 41.7626378479,13.8859717552 41.7626378479,13.8859717552 41.7623600671,13.8862495354 41.7623600671,13.8862495354 41.7620822864,13.8826383936 41.7620822864,13.8826383936 41.7623600671,13.8818050531 41.7623600671,13.8818050531 41.7626378479,13.8806939326 41.7626378479,13.8806939326 41.7629156286,13.879582812 41.7629156286,13.879582812 41.7631934094,13.8779161312 41.7631934094,13.8779161312 41.7629156286,13.8759716702 41.7629156286,13.8759716702 41.7631934094,13.8754161099 41.7631934094,13.8754161099 41.7634711902,13.8748605497 41.7634711902,13.8748605497 41.7637489709,13.8737494291 41.7637489709,13.8737494291 41.7640267517,13.8729160887 41.7640267517,13.8729160887 41.7643045324,13.8726383085 41.7643045324,13.8726383085 41.764860094,13.8723605284 41.764860094,13.8723605284 41.7651378747,13.8720827483 41.7651378747,13.8720827483 41.7654156555,13.8718049681 41.7654156555,13.8718049681 41.7656934362,13.871527188 41.7656934362,13.871527188 41.765971217,13.8712494078 41.765971217,13.8712494078 41.7662489978,13.8709716277 41.7662489978,13.8709716277 41.7665267785,13.8706938476 41.7665267785,13.8706938476 41.7668045593,13.869582727 41.7668045593,13.869582727 41.76708234,13.8684716064 41.76708234,13.8684716064 41.7673601208,13.8681938263 41.7673601208,13.8681938263 41.7676379016,13.867638266 41.7676379016,13.867638266 41.7681934631,13.8684716064 41.7681934631,13.8684716064 41.7679156823,13.8690271667 41.7679156823)),((13.867638266 41.7684712438,13.867638266 41.7681934631,13.8673604859 41.7681934631,13.8673604859 41.7684712438,13.867638266 41.7684712438)))"
724,"pnalm_scarab_000724","Copris lunaris  (Linnaeus, 1758)","Linnaeus, 1758","species","NULL","NULL","NULL","Scarabaeoidea","Coleoptera","NULL","NULL","Copris","lunaris","NULL","Italy","IT","NULL","NULL","NULL","Val Fondillo","Val Fondillo",1600,"1600.0","NULL","NULL","NULL",,,"NULL","NULL","NULL","NULL","NULL","NULL","22546","1961","9","22","Giovanni Papini","NULL","NULL","PreservedSpecimen","NULL","CGP-PNALM","NULL","NULL","NULL","NULL","NULL","NULL","NULL","field_survey","NULL","CC BY 4.0","needs_review","NULL","NULL","NULL",4,"PNALM","Scarabaeoidea","",,13.881805053143,41.7520821789709,2180,"MULTIPOLYGON(((13.8826383936 41.7337486488,13.8823606134 41.7337486488,13.8823606134 41.7340264295,13.8826383936 41.7340264295,13.8826383936 41.7337486488)),((13.8820828333 41.7340264295,13.8820828333 41.7343042103,13.8823606134 41.7343042103,13.8823606134 41.7340264295,13.8820828333 41.7340264295)),((13.881527273 41.7345819911,13.881527273 41.7348597718,13.8812494929 41.7348597718,13.8812494929 41.7351375526,13.8809717127 41.7351375526,13.8809717127 41.7354153333,13.8806939326 41.7354153333,13.8806939326 41.7356931141,13.8804161524 41.7356931141,13.8804161524 41.7359708949,13.8820828333 41.7359708949,13.8820828333 41.7362486756,13.8840272943 41.7362486756,13.8840272943 41.7365264564,13.8848606347 41.7365264564,13.8848606347 41.7368042371,13.885416195 41.7368042371,13.885416195 41.7370820179,13.8859717552 41.7370820179,13.8859717552 41.7373597987,13.8879162162 41.7373597987,13.8879162162 41.7381931409,13.8873606559 41.7381931409,13.8873606559 41.7384709217,13.8870828758 41.7384709217,13.8870828758 41.7387487025,13.8868050957 41.7387487025,13.8868050957 41.7390264832,13.8865273155 41.7390264832,13.8865273155 41.7395820447,13.8862495354 41.7395820447,13.8862495354 41.7398598255,13.8859717552 41.7398598255,13.8859717552 41.7406931678,13.8856939751 41.7406931678,13.8856939751 41.7412487293,13.8851384148 41.7412487293,13.8851384148 41.7415265101,13.8848606347 41.7415265101,13.8848606347 41.7418042908,13.8845828545 41.7418042908,13.8845828545 41.7423598523,13.8848606347 41.7423598523,13.8848606347 41.7429154139,13.885416195 41.7429154139,13.885416195 41.7431931946,13.8868050957 41.7431931946,13.8868050957 41.7429154139,13.8870828758 41.7429154139,13.8870828758 41.7426376331,13.8898606772 41.7426376331,13.8898606772 41.7429154139,13.8890273368 41.7429154139,13.8890273368 41.7431931946,13.8884717765 41.7431931946,13.8884717765 41.7434709754,13.8881939964 41.7434709754,13.8881939964 41.7437487562,13.8876384361 41.7437487562,13.8876384361 41.7443043177,13.8873606559 41.7443043177,13.8873606559 41.7445820984,13.8870828758 41.7445820984,13.8870828758 41.7459710022,13.8873606559 41.7459710022,13.8873606559 41.746248783,13.8879162162 41.746248783,13.8879162162 41.7465265638,13.8884717765 41.7465265638,13.8884717765 41.7468043445,13.8890273368 41.7468043445,13.8890273368 41.7470821253,13.8893051169 41.7470821253,13.8893051169 41.7476376868,13.8909717978 41.7476376868,13.8909717978 41.7481932483,13.8912495779 41.7481932483,13.8912495779 41.7484710291,13.891527358 41.7484710291,13.891527358 41.7487488098,13.8929162587 41.7487488098,13.8929162587 41.7490265906,13.8937495991 41.7490265906,13.8937495991 41.7493043714,13.8943051594 41.7493043714,13.8943051594 41.7495821521,13.8956940601 41.7495821521,13.8956940601 41.7498599329,13.8962496204 41.7498599329,13.8962496204 41.7501377136,13.89541628 41.7501377136,13.89541628 41.7504154944,13.8948607197 41.7504154944,13.8948607197 41.7506932752,13.8945829396 41.7506932752,13.8945829396 41.7509710559,13.8937495991 41.7509710559,13.8937495991 41.7506932752,13.893471819 41.7506932752,13.893471819 41.7509710559,13.8909717978 41.7509710559,13.8909717978 41.7512488367,13.8904162375 41.7512488367,13.8904162375 41.7515266174,13.8901384573 41.7515266174,13.8901384573 41.7518043982,13.8884717765 41.7518043982,13.8884717765 41.752082179,13.8881939964 41.752082179,13.8881939964 41.7523599597,13.8876384361 41.7523599597,13.8876384361 41.7526377405,13.8856939751 41.7526377405,13.8856939751 41.7523599597,13.8851384148 41.7523599597,13.8851384148 41.752082179,13.8845828545 41.752082179,13.8845828545 41.7518043982,13.8840272943 41.7518043982,13.8840272943 41.7515266174,13.8837495141 41.7515266174,13.8837495141 41.7512488367,13.8829161737 41.7512488367,13.8829161737 41.7515266174,13.8823606134 41.7515266174,13.8823606134 41.7518043982,13.8820828333 41.7518043982,13.8820828333 41.752082179,13.8818050531 41.752082179,13.8818050531 41.7523599597,13.8820828333 41.7523599597,13.8820828333 41.7529155213,13.8823606134 41.7529155213,13.8823606134 41.753193302,13.8826383936 41.753193302,13.8826383936 41.7534710828,13.8829161737 41.7534710828,13.8829161737 41.7537488635,13.8831939538 41.7537488635,13.8831939538 41.7543044251,13.8837495141 41.7543044251,13.8837495141 41.7545822058,13.8840272943 41.7545822058,13.8840272943 41.7548599866,13.8843050744 41.7548599866,13.8843050744 41.7551377673,13.8848606347 41.7551377673,13.8848606347 41.7554155481,13.8851384148 41.7554155481,13.8851384148 41.7556933289,13.8856939751 41.7556933289,13.8856939751 41.7559711096,13.8862495354 41.7559711096,13.8862495354 41.7562488904,13.8873606559 41.7562488904,13.8873606559 41.7565266711,13.8893051169 41.7565266711,13.8893051169 41.7573600134,13.8890273368 41.7573600134,13.8890273368 41.7584711365,13.8893051169 41.7584711365,13.8893051169 41.7587489172,13.8895828971 41.7587489172,13.8895828971 41.759026698,13.8898606772 41.759026698,13.8898606772 41.7593044787,13.8901384573 41.7593044787,13.8901384573 41.7598600403,13.8904162375 41.7598600403,13.8904162375 41.7606933826,13.8901384573 41.7606933826,13.8901384573 41.7609711633,13.8898606772 41.7609711633,13.8898606772 41.7612489441,13.8895828971 41.7612489441,13.8895828971 41.7615267248,13.8901384573 41.7615267248,13.8901384573 41.7612489441,13.8912495779 41.7612489441,13.8912495779 41.7609711633,13.8923606985 41.7609711633,13.8923606985 41.7606933826,13.8929162587 41.7606933826,13.8929162587 41.7598600403,13.8931940389 41.7598600403,13.8931940389 41.759026698,13.893471819 41.759026698,13.893471819 41.7581933557,13.8937495991 41.7581933557,13.8937495991 41.7576377942,13.8931940389 41.7576377942,13.8931940389 41.7579155749,13.8929162587 41.7579155749,13.8929162587 41.7581933557,13.8926384786 41.7581933557,13.8926384786 41.7584711365,13.8923606985 41.7584711365,13.8923606985 41.7593044787,13.8918051382 41.7593044787,13.8918051382 41.759026698,13.8912495779 41.759026698,13.8912495779 41.7587489172,13.8909717978 41.7587489172,13.8909717978 41.7584711365,13.8904162375 41.7584711365,13.8904162375 41.7576377942,13.8906940176 41.7576377942,13.8906940176 41.7562488904,13.8909717978 41.7562488904,13.8909717978 41.7559711096,13.8906940176 41.7559711096,13.8906940176 41.7556933289,13.8890273368 41.7556933289,13.8890273368 41.7554155481,13.8879162162 41.7554155481,13.8879162162 41.7551377673,13.8873606559 41.7551377673,13.8873606559 41.7548599866,13.8870828758 41.7548599866,13.8870828758 41.7545822058,13.8868050957 41.7545822058,13.8868050957 41.7543044251,13.8865273155 41.7543044251,13.8865273155 41.7537488635,13.8884717765 41.7537488635,13.8884717765 41.7534710828,13.8890273368 41.7534710828,13.8890273368 41.753193302,13.8906940176 41.753193302,13.8906940176 41.7529155213,13.8909717978 41.7529155213,13.8909717978 41.7523599597,13.8912495779 41.7523599597,13.8912495779 41.752082179,13.8940273793 41.752082179,13.8940273793 41.7523599597,13.8948607197 41.7523599597,13.8948607197 41.752082179,13.8962496204 41.752082179,13.8962496204 41.7518043982,13.8965274005 41.7518043982,13.8965274005 41.7515266174,13.8968051807 41.7515266174,13.8968051807 41.7512488367,13.8970829608 41.7512488367,13.8970829608 41.7509710559,13.8976385211 41.7509710559,13.8976385211 41.7506932752,13.8981940814 41.7506932752,13.8981940814 41.7509710559,13.8993052019 41.7509710559,13.8993052019 41.7504154944,13.8995829821 41.7504154944,13.8995829821 41.7495821521,13.8993052019 41.7495821521,13.8993052019 41.7490265906,13.8990274218 41.7490265906,13.8990274218 41.7481932483,13.8987496417 41.7481932483,13.8987496417 41.747359906,13.8984718615 41.747359906,13.8984718615 41.7476376868,13.8981940814 41.7476376868,13.8981940814 41.7479154676,13.897360741 41.7479154676,13.897360741 41.7481932483,13.8965274005 41.7481932483,13.8965274005 41.7484710291,13.8945829396 41.7484710291,13.8945829396 41.7481932483,13.8943051594 41.7481932483,13.8943051594 41.7479154676,13.8940273793 41.7479154676,13.8940273793 41.7476376868,13.8937495991 41.7476376868,13.8937495991 41.747359906,13.893471819 41.747359906,13.893471819 41.7476376868,13.8931940389 41.7476376868,13.8931940389 41.747359906,13.8923606985 41.747359906,13.8923606985 41.7470821253,13.8920829183 41.7470821253,13.8920829183 41.7468043445,13.8918051382 41.7468043445,13.8918051382 41.7465265638,13.8909717978 41.7465265638,13.8909717978 41.746248783,13.8898606772 41.746248783,13.8898606772 41.7459710022,13.8893051169 41.7459710022,13.8893051169 41.74513766,13.8898606772 41.74513766,13.8898606772 41.7448598792,13.8904162375 41.7448598792,13.8904162375 41.7445820984,13.8909717978 41.7445820984,13.8909717978 41.7443043177,13.891527358 41.7443043177,13.891527358 41.7440265369,13.8918051382 41.7440265369,13.8918051382 41.7437487562,13.8920829183 41.7437487562,13.8920829183 41.7434709754,13.8923606985 41.7434709754,13.8923606985 41.7431931946,13.8926384786 41.7431931946,13.8926384786 41.7426376331,13.8923606985 41.7426376331,13.8923606985 41.7420820716,13.8920829183 41.7420820716,13.8920829183 41.7418042908,13.8923606985 41.7418042908,13.8923606985 41.7412487293,13.8920829183 41.7412487293,13.8920829183 41.7401376063,13.8912495779 41.7401376063,13.8912495779 41.740415387,13.8906940176 41.740415387,13.8906940176 41.7406931678,13.8887495566 41.7406931678,13.8887495566 41.740415387,13.8884717765 41.740415387,13.8884717765 41.7401376063,13.8881939964 41.7401376063,13.8881939964 41.7398598255,13.8884717765 41.7398598255,13.8884717765 41.7395820447,13.8895828971 41.7395820447,13.8895828971 41.739304264,13.8898606772 41.739304264,13.8898606772 41.7387487025,13.8901384573 41.7387487025,13.8901384573 41.7384709217,13.8904162375 41.7384709217,13.8904162375 41.7379153602,13.8906940176 41.7379153602,13.8906940176 41.7376375794,13.8904162375 41.7376375794,13.8904162375 41.7359708949,13.8890273368 41.7359708949,13.8890273368 41.7356931141,13.8879162162 41.7356931141,13.8879162162 41.7354153333,13.8873606559 41.7354153333,13.8873606559 41.7351375526,13.8856939751 41.7351375526,13.8856939751 41.7348597718,13.883471734 41.7348597718,13.883471734 41.7345819911,13.8820828333 41.7345819911,13.8820828333 41.7343042103,13.8818050531 41.7343042103,13.8818050531 41.7345819911,13.881527273 41.7345819911)),((13.9012496629 41.7506932752,13.9009718828 41.7506932752,13.9009718828 41.7509710559,13.9012496629 41.7509710559,13.9012496629 41.7506932752)),((13.8690271667 41.7679156823,13.8690271667 41.7676379016,13.8698605071 41.7676379016,13.8698605071 41.7673601208,13.8704160674 41.7673601208,13.8704160674 41.76708234,13.8709716277 41.76708234,13.8709716277 41.7668045593,13.8718049681 41.7668045593,13.8718049681 41.7665267785,13.8723605284 41.7665267785,13.8723605284 41.7662489978,13.8731938688 41.7662489978,13.8731938688 41.765971217,13.8737494291 41.765971217,13.8737494291 41.7656934362,13.8740272092 41.7656934362,13.8740272092 41.7651378747,13.8748605497 41.7651378747,13.8748605497 41.764860094,13.8756938901 41.764860094,13.8756938901 41.7645823132,13.8762494503 41.7645823132,13.8762494503 41.7643045324,13.8765272305 41.7643045324,13.8765272305 41.7640267517,13.8784716915 41.7640267517,13.8784716915 41.7643045324,13.879582812 41.7643045324,13.879582812 41.7640267517,13.8806939326 41.7640267517,13.8806939326 41.7637489709,13.8818050531 41.7637489709,13.8818050531 41.7634711902,13.8826383936 41.7634711902,13.8826383936 41.7631934094,13.8837495141 41.7631934094,13.8837495141 41.7629156286,13.8848606347 41.7629156286,13.8848606347 41.7626378479,13.8859717552 41.7626378479,13.8859717552 41.7623600671,13.8862495354 41.7623600671,13.8862495354 41.7620822864,13.8826383936 41.7620822864,13.8826383936 41.7623600671,13.8818050531 41.7623600671,13.8818050531 41.7626378479,13.8806939326 41.7626378479,13.8806939326 41.7629156286,13.879582812 41.7629156286,13.879582812 41.7631934094,13.8779161312 41.7631934094,13.8779161312 41.7629156286,13.8759716702 41.7629156286,13.8759716702 41.7631934094,13.8754161099 41.7631934094,13.8754161099 41.7634711902,13.8748605497 41.7634711902,13.8748605497 41.7637489709,13.8737494291 41.7637489709,13.8737494291 41.7640267517,13.8729160887 41.7640267517,13.8729160887 41.7643045324,13.8726383085 41.7643045324,13.8726383085 41.764860094,13.8723605284 41.764860094,13.8723605284 41.7651378747,13.8720827483 41.7651378747,13.8720827483 41.7654156555,13.8718049681 41.7654156555,13.8718049681 41.7656934362,13.871527188 41.7656934362,13.871527188 41.765971217,13.8712494078 41.765971217,13.8712494078 41.7662489978,13.8709716277 41.7662489978,13.8709716277 41.7665267785,13.8706938476 41.7665267785,13.8706938476 41.7668045593,13.869582727 41.7668045593,13.869582727 41.76708234,13.8684716064 41.76708234,13.8684716064 41.7673601208,13.8681938263 41.7673601208,13.8681938263 41.7676379016,13.867638266 41.7676379016,13.867638266 41.7681934631,13.8684716064 41.7681934631,13.8684716064 41.7679156823,13.8690271667 41.7679156823)),((13.867638266 41.7684712438,13.867638266 41.7681934631,13.8673604859 41.7681934631,13.8673604859 41.7684712438,13.867638266 41.7684712438)))"
730,"pnalm_scarab_000730","Copris lunaris  (Linnaeus, 1758)","Linnaeus, 1758","species","NULL","NULL","NULL","Scarabaeoidea","Coleoptera","NULL","NULL","Copris","lunaris","NULL","Italy","IT","NULL","NULL","NULL","Val Fondillo","Val Fondillo",1600,"1600.0","NULL","NULL","NULL",,,"NULL","NULL","NULL","NULL","NULL","NULL","1996","1996","NULL","NULL","NULL","NULL","NULL","HumanObservation","NULL","NULL","NULL","NULL","NULL","NULL","NULL","(Carpaneto et al. 2005)","NULL","literature","NULL","NULL","needs_review","NULL","NULL","NULL",4,"PNALM","Scarabaeoidea","",,13.881805053143,41.7520821789709,2180,"MULTIPOLYGON(((13.8826383936 41.7337486488,13.8823606134 41.7337486488,13.8823606134 41.7340264295,13.8826383936 41.7340264295,13.8826383936 41.7337486488)),((13.8820828333 41.7340264295,13.8820828333 41.7343042103,13.8823606134 41.7343042103,13.8823606134 41.7340264295,13.8820828333 41.7340264295)),((13.881527273 41.7345819911,13.881527273 41.7348597718,13.8812494929 41.7348597718,13.8812494929 41.7351375526,13.8809717127 41.7351375526,13.8809717127 41.7354153333,13.8806939326 41.7354153333,13.8806939326 41.7356931141,13.8804161524 41.7356931141,13.8804161524 41.7359708949,13.8820828333 41.7359708949,13.8820828333 41.7362486756,13.8840272943 41.7362486756,13.8840272943 41.7365264564,13.8848606347 41.7365264564,13.8848606347 41.7368042371,13.885416195 41.7368042371,13.885416195 41.7370820179,13.8859717552 41.7370820179,13.8859717552 41.7373597987,13.8879162162 41.7373597987,13.8879162162 41.7381931409,13.8873606559 41.7381931409,13.8873606559 41.7384709217,13.8870828758 41.7384709217,13.8870828758 41.7387487025,13.8868050957 41.7387487025,13.8868050957 41.7390264832,13.8865273155 41.7390264832,13.8865273155 41.7395820447,13.8862495354 41.7395820447,13.8862495354 41.7398598255,13.8859717552 41.7398598255,13.8859717552 41.7406931678,13.8856939751 41.7406931678,13.8856939751 41.7412487293,13.8851384148 41.7412487293,13.8851384148 41.7415265101,13.8848606347 41.7415265101,13.8848606347 41.7418042908,13.8845828545 41.7418042908,13.8845828545 41.7423598523,13.8848606347 41.7423598523,13.8848606347 41.7429154139,13.885416195 41.7429154139,13.885416195 41.7431931946,13.8868050957 41.7431931946,13.8868050957 41.7429154139,13.8870828758 41.7429154139,13.8870828758 41.7426376331,13.8898606772 41.7426376331,13.8898606772 41.7429154139,13.8890273368 41.7429154139,13.8890273368 41.7431931946,13.8884717765 41.7431931946,13.8884717765 41.7434709754,13.8881939964 41.7434709754,13.8881939964 41.7437487562,13.8876384361 41.7437487562,13.8876384361 41.7443043177,13.8873606559 41.7443043177,13.8873606559 41.7445820984,13.8870828758 41.7445820984,13.8870828758 41.7459710022,13.8873606559 41.7459710022,13.8873606559 41.746248783,13.8879162162 41.746248783,13.8879162162 41.7465265638,13.8884717765 41.7465265638,13.8884717765 41.7468043445,13.8890273368 41.7468043445,13.8890273368 41.7470821253,13.8893051169 41.7470821253,13.8893051169 41.7476376868,13.8909717978 41.7476376868,13.8909717978 41.7481932483,13.8912495779 41.7481932483,13.8912495779 41.7484710291,13.891527358 41.7484710291,13.891527358 41.7487488098,13.8929162587 41.7487488098,13.8929162587 41.7490265906,13.8937495991 41.7490265906,13.8937495991 41.7493043714,13.8943051594 41.7493043714,13.8943051594 41.7495821521,13.8956940601 41.7495821521,13.8956940601 41.7498599329,13.8962496204 41.7498599329,13.8962496204 41.7501377136,13.89541628 41.7501377136,13.89541628 41.7504154944,13.8948607197 41.7504154944,13.8948607197 41.7506932752,13.8945829396 41.7506932752,13.8945829396 41.7509710559,13.8937495991 41.7509710559,13.8937495991 41.7506932752,13.893471819 41.7506932752,13.893471819 41.7509710559,13.8909717978 41.7509710559,13.8909717978 41.7512488367,13.8904162375 41.7512488367,13.8904162375 41.7515266174,13.8901384573 41.7515266174,13.8901384573 41.7518043982,13.8884717765 41.7518043982,13.8884717765 41.752082179,13.8881939964 41.752082179,13.8881939964 41.7523599597,13.8876384361 41.7523599597,13.8876384361 41.7526377405,13.8856939751 41.7526377405,13.8856939751 41.7523599597,13.8851384148 41.7523599597,13.8851384148 41.752082179,13.8845828545 41.752082179,13.8845828545 41.7518043982,13.8840272943 41.7518043982,13.8840272943 41.7515266174,13.8837495141 41.7515266174,13.8837495141 41.7512488367,13.8829161737 41.7512488367,13.8829161737 41.7515266174,13.8823606134 41.7515266174,13.8823606134 41.7518043982,13.8820828333 41.7518043982,13.8820828333 41.752082179,13.8818050531 41.752082179,13.8818050531 41.7523599597,13.8820828333 41.7523599597,13.8820828333 41.7529155213,13.8823606134 41.7529155213,13.8823606134 41.753193302,13.8826383936 41.753193302,13.8826383936 41.7534710828,13.8829161737 41.7534710828,13.8829161737 41.7537488635,13.8831939538 41.7537488635,13.8831939538 41.7543044251,13.8837495141 41.7543044251,13.8837495141 41.7545822058,13.8840272943 41.7545822058,13.8840272943 41.7548599866,13.8843050744 41.7548599866,13.8843050744 41.7551377673,13.8848606347 41.7551377673,13.8848606347 41.7554155481,13.8851384148 41.7554155481,13.8851384148 41.7556933289,13.8856939751 41.7556933289,13.8856939751 41.7559711096,13.8862495354 41.7559711096,13.8862495354 41.7562488904,13.8873606559 41.7562488904,13.8873606559 41.7565266711,13.8893051169 41.7565266711,13.8893051169 41.7573600134,13.8890273368 41.7573600134,13.8890273368 41.7584711365,13.8893051169 41.7584711365,13.8893051169 41.7587489172,13.8895828971 41.7587489172,13.8895828971 41.759026698,13.8898606772 41.759026698,13.8898606772 41.7593044787,13.8901384573 41.7593044787,13.8901384573 41.7598600403,13.8904162375 41.7598600403,13.8904162375 41.7606933826,13.8901384573 41.7606933826,13.8901384573 41.7609711633,13.8898606772 41.7609711633,13.8898606772 41.7612489441,13.8895828971 41.7612489441,13.8895828971 41.7615267248,13.8901384573 41.7615267248,13.8901384573 41.7612489441,13.8912495779 41.7612489441,13.8912495779 41.7609711633,13.8923606985 41.7609711633,13.8923606985 41.7606933826,13.8929162587 41.7606933826,13.8929162587 41.7598600403,13.8931940389 41.7598600403,13.8931940389 41.759026698,13.893471819 41.759026698,13.893471819 41.7581933557,13.8937495991 41.7581933557,13.8937495991 41.7576377942,13.8931940389 41.7576377942,13.8931940389 41.7579155749,13.8929162587 41.7579155749,13.8929162587 41.7581933557,13.8926384786 41.7581933557,13.8926384786 41.7584711365,13.8923606985 41.7584711365,13.8923606985 41.7593044787,13.8918051382 41.7593044787,13.8918051382 41.759026698,13.8912495779 41.759026698,13.8912495779 41.7587489172,13.8909717978 41.7587489172,13.8909717978 41.7584711365,13.8904162375 41.7584711365,13.8904162375 41.7576377942,13.8906940176 41.7576377942,13.8906940176 41.7562488904,13.8909717978 41.7562488904,13.8909717978 41.7559711096,13.8906940176 41.7559711096,13.8906940176 41.7556933289,13.8890273368 41.7556933289,13.8890273368 41.7554155481,13.8879162162 41.7554155481,13.8879162162 41.7551377673,13.8873606559 41.7551377673,13.8873606559 41.7548599866,13.8870828758 41.7548599866,13.8870828758 41.7545822058,13.8868050957 41.7545822058,13.8868050957 41.7543044251,13.8865273155 41.7543044251,13.8865273155 41.7537488635,13.8884717765 41.7537488635,13.8884717765 41.7534710828,13.8890273368 41.7534710828,13.8890273368 41.753193302,13.8906940176 41.753193302,13.8906940176 41.7529155213,13.8909717978 41.7529155213,13.8909717978 41.7523599597,13.8912495779 41.7523599597,13.8912495779 41.752082179,13.8940273793 41.752082179,13.8940273793 41.7523599597,13.8948607197 41.7523599597,13.8948607197 41.752082179,13.8962496204 41.752082179,13.8962496204 41.7518043982,13.8965274005 41.7518043982,13.8965274005 41.7515266174,13.8968051807 41.7515266174,13.8968051807 41.7512488367,13.8970829608 41.7512488367,13.8970829608 41.7509710559,13.8976385211 41.7509710559,13.8976385211 41.7506932752,13.8981940814 41.7506932752,13.8981940814 41.7509710559,13.8993052019 41.7509710559,13.8993052019 41.7504154944,13.8995829821 41.7504154944,13.8995829821 41.7495821521,13.8993052019 41.7495821521,13.8993052019 41.7490265906,13.8990274218 41.7490265906,13.8990274218 41.7481932483,13.8987496417 41.7481932483,13.8987496417 41.747359906,13.8984718615 41.747359906,13.8984718615 41.7476376868,13.8981940814 41.7476376868,13.8981940814 41.7479154676,13.897360741 41.7479154676,13.897360741 41.7481932483,13.8965274005 41.7481932483,13.8965274005 41.7484710291,13.8945829396 41.7484710291,13.8945829396 41.7481932483,13.8943051594 41.7481932483,13.8943051594 41.7479154676,13.8940273793 41.7479154676,13.8940273793 41.7476376868,13.8937495991 41.7476376868,13.8937495991 41.747359906,13.893471819 41.747359906,13.893471819 41.7476376868,13.8931940389 41.7476376868,13.8931940389 41.747359906,13.8923606985 41.747359906,13.8923606985 41.7470821253,13.8920829183 41.7470821253,13.8920829183 41.7468043445,13.8918051382 41.7468043445,13.8918051382 41.7465265638,13.8909717978 41.7465265638,13.8909717978 41.746248783,13.8898606772 41.746248783,13.8898606772 41.7459710022,13.8893051169 41.7459710022,13.8893051169 41.74513766,13.8898606772 41.74513766,13.8898606772 41.7448598792,13.8904162375 41.7448598792,13.8904162375 41.7445820984,13.8909717978 41.7445820984,13.8909717978 41.7443043177,13.891527358 41.7443043177,13.891527358 41.7440265369,13.8918051382 41.7440265369,13.8918051382 41.7437487562,13.8920829183 41.7437487562,13.8920829183 41.7434709754,13.8923606985 41.7434709754,13.8923606985 41.7431931946,13.8926384786 41.7431931946,13.8926384786 41.7426376331,13.8923606985 41.7426376331,13.8923606985 41.7420820716,13.8920829183 41.7420820716,13.8920829183 41.7418042908,13.8923606985 41.7418042908,13.8923606985 41.7412487293,13.8920829183 41.7412487293,13.8920829183 41.7401376063,13.8912495779 41.7401376063,13.8912495779 41.740415387,13.8906940176 41.740415387,13.8906940176 41.7406931678,13.8887495566 41.7406931678,13.8887495566 41.740415387,13.8884717765 41.740415387,13.8884717765 41.7401376063,13.8881939964 41.7401376063,13.8881939964 41.7398598255,13.8884717765 41.7398598255,13.8884717765 41.7395820447,13.8895828971 41.7395820447,13.8895828971 41.739304264,13.8898606772 41.739304264,13.8898606772 41.7387487025,13.8901384573 41.7387487025,13.8901384573 41.7384709217,13.8904162375 41.7384709217,13.8904162375 41.7379153602,13.8906940176 41.7379153602,13.8906940176 41.7376375794,13.8904162375 41.7376375794,13.8904162375 41.7359708949,13.8890273368 41.7359708949,13.8890273368 41.7356931141,13.8879162162 41.7356931141,13.8879162162 41.7354153333,13.8873606559 41.7354153333,13.8873606559 41.7351375526,13.8856939751 41.7351375526,13.8856939751 41.7348597718,13.883471734 41.7348597718,13.883471734 41.7345819911,13.8820828333 41.7345819911,13.8820828333 41.7343042103,13.8818050531 41.7343042103,13.8818050531 41.7345819911,13.881527273 41.7345819911)),((13.9012496629 41.7506932752,13.9009718828 41.7506932752,13.9009718828 41.7509710559,13.9012496629 41.7509710559,13.9012496629 41.7506932752)),((13.8690271667 41.7679156823,13.8690271667 41.7676379016,13.8698605071 41.7676379016,13.8698605071 41.7673601208,13.8704160674 41.7673601208,13.8704160674 41.76708234,13.8709716277 41.76708234,13.8709716277 41.7668045593,13.8718049681 41.7668045593,13.8718049681 41.7665267785,13.8723605284 41.7665267785,13.8723605284 41.7662489978,13.8731938688 41.7662489978,13.8731938688 41.765971217,13.8737494291 41.765971217,13.8737494291 41.7656934362,13.8740272092 41.7656934362,13.8740272092 41.7651378747,13.8748605497 41.7651378747,13.8748605497 41.764860094,13.8756938901 41.764860094,13.8756938901 41.7645823132,13.8762494503 41.7645823132,13.8762494503 41.7643045324,13.8765272305 41.7643045324,13.8765272305 41.7640267517,13.8784716915 41.7640267517,13.8784716915 41.7643045324,13.879582812 41.7643045324,13.879582812 41.7640267517,13.8806939326 41.7640267517,13.8806939326 41.7637489709,13.8818050531 41.7637489709,13.8818050531 41.7634711902,13.8826383936 41.7634711902,13.8826383936 41.7631934094,13.8837495141 41.7631934094,13.8837495141 41.7629156286,13.8848606347 41.7629156286,13.8848606347 41.7626378479,13.8859717552 41.7626378479,13.8859717552 41.7623600671,13.8862495354 41.7623600671,13.8862495354 41.7620822864,13.8826383936 41.7620822864,13.8826383936 41.7623600671,13.8818050531 41.7623600671,13.8818050531 41.7626378479,13.8806939326 41.7626378479,13.8806939326 41.7629156286,13.879582812 41.7629156286,13.879582812 41.7631934094,13.8779161312 41.7631934094,13.8779161312 41.7629156286,13.8759716702 41.7629156286,13.8759716702 41.7631934094,13.8754161099 41.7631934094,13.8754161099 41.7634711902,13.8748605497 41.7634711902,13.8748605497 41.7637489709,13.8737494291 41.7637489709,13.8737494291 41.7640267517,13.8729160887 41.7640267517,13.8729160887 41.7643045324,13.8726383085 41.7643045324,13.8726383085 41.764860094,13.8723605284 41.764860094,13.8723605284 41.7651378747,13.8720827483 41.7651378747,13.8720827483 41.7654156555,13.8718049681 41.7654156555,13.8718049681 41.7656934362,13.871527188 41.7656934362,13.871527188 41.765971217,13.8712494078 41.765971217,13.8712494078 41.7662489978,13.8709716277 41.7662489978,13.8709716277 41.7665267785,13.8706938476 41.7665267785,13.8706938476 41.7668045593,13.869582727 41.7668045593,13.869582727 41.76708234,13.8684716064 41.76708234,13.8684716064 41.7673601208,13.8681938263 41.7673601208,13.8681938263 41.7676379016,13.867638266 41.7676379016,13.867638266 41.7681934631,13.8684716064 41.7681934631,13.8684716064 41.7679156823,13.8690271667 41.7679156823)),((13.867638266 41.7684712438,13.867638266 41.7681934631,13.8673604859 41.7681934631,13.8673604859 41.7684712438,13.867638266 41.7684712438)))"
740,"pnalm_scarab_000740","Bubas bison  (Linnaeus, 1767)","Linnaeus, 1767","species","NULL","NULL","NULL","Scarabaeoidea","Coleoptera","NULL","NULL","Bubas","bison","NULL","Italy","IT","NULL","NULL","NULL","Val Fondillo","Val Fondillo",1300,"1300.0","NULL","NULL","NULL",,,"NULL","NULL","NULL","NULL","NULL","NULL","22859","1962","8","1","Alberto Parenti","NULL","NULL","PreservedSpecimen","NULL","CGP-PNALM","NULL","NULL","NULL","NULL","NULL","NULL","NULL","field_survey","NULL","CC BY 4.0","needs_review","NULL","NULL","NULL",2,"PNALM","Scarabaeoidea","",,13.8644471883828,41.7568055826668,2020,"MULTIPOLYGON(((13.8704160674 41.7540266443,13.8704160674 41.7537488635,13.8706938476 41.7537488635,13.8706938476 41.7534710828,13.8698605071 41.7534710828,13.8698605071 41.7540266443,13.8704160674 41.7540266443)),((13.8620826632 41.772915736,13.8620826632 41.7726379553,13.8623604434 41.7726379553,13.8623604434 41.7720823937,13.8626382235 41.7720823937,13.8626382235 41.771804613,13.8623604434 41.771804613,13.8623604434 41.7712490515,13.8618048831 41.7712490515,13.8618048831 41.7709712707,13.8615271029 41.7709712707,13.8615271029 41.7698601477,13.8618048831 41.7698601477,13.8618048831 41.7695823669,13.8620826632 41.7695823669,13.8620826632 41.7693045861,13.8626382235 41.7693045861,13.8626382235 41.7690268054,13.8629160036 41.7690268054,13.8629160036 41.7684712438,13.8631937838 41.7684712438,13.8631937838 41.7681934631,13.8634715639 41.7681934631,13.8634715639 41.76708234,13.8631937838 41.76708234,13.8631937838 41.7668045593,13.8629160036 41.7668045593,13.8629160036 41.7665267785,13.8631937838 41.7665267785,13.8631937838 41.7662489978,13.8637493441 41.7662489978,13.8637493441 41.765971217,13.8643049043 41.765971217,13.8643049043 41.7656934362,13.8648604646 41.7656934362,13.8648604646 41.7654156555,13.8651382448 41.7654156555,13.8651382448 41.7651378747,13.8654160249 41.7651378747,13.8654160249 41.764860094,13.865693805 41.764860094,13.865693805 41.7643045324,13.8670827057 41.7643045324,13.8670827057 41.7640267517,13.8681938263 41.7640267517,13.8681938263 41.7637489709,13.8687493866 41.7637489709,13.8687493866 41.7634711902,13.8690271667 41.7634711902,13.8690271667 41.7629156286,13.8693049469 41.7629156286,13.8693049469 41.7626378479,13.869582727 41.7626378479,13.869582727 41.7623600671,13.8701382873 41.7623600671,13.8701382873 41.7620822864,13.8709716277 41.7620822864,13.8709716277 41.7612489441,13.8706938476 41.7612489441,13.8706938476 41.7604156018,13.8704160674 41.7604156018,13.8704160674 41.760137821,13.8701382873 41.760137821,13.8701382873 41.7595822595,13.871527188 41.7595822595,13.871527188 41.7593044787,13.8718049681 41.7593044787,13.8718049681 41.759026698,13.8720827483 41.759026698,13.8720827483 41.7587489172,13.8740272092 41.7587489172,13.8740272092 41.759026698,13.8743049894 41.759026698,13.8743049894 41.7593044787,13.8748605497 41.7593044787,13.8748605497 41.7595822595,13.8751383298 41.7595822595,13.8751383298 41.7593044787,13.8756938901 41.7593044787,13.8756938901 41.759026698,13.8779161312 41.759026698,13.8779161312 41.7593044787,13.8793050319 41.7593044787,13.8793050319 41.759026698,13.8831939538 41.759026698,13.8831939538 41.7587489172,13.8840272943 41.7587489172,13.8840272943 41.7584711365,13.883471734 41.7584711365,13.883471734 41.7579155749,13.8826383936 41.7579155749,13.8826383936 41.7576377942,13.8818050531 41.7576377942,13.8818050531 41.7573600134,13.881527273 41.7573600134,13.881527273 41.7570822327,13.8812494929 41.7570822327,13.8812494929 41.7568044519,13.8809717127 41.7568044519,13.8809717127 41.7565266711,13.8801383723 41.7565266711,13.8801383723 41.7562488904,13.8798605922 41.7562488904,13.8798605922 41.7559711096,13.8790272517 41.7559711096,13.8790272517 41.7556933289,13.8779161312 41.7556933289,13.8779161312 41.7554155481,13.8768050106 41.7554155481,13.8768050106 41.7551377673,13.8759716702 41.7551377673,13.8759716702 41.7548599866,13.8754161099 41.7548599866,13.8754161099 41.7545822058,13.8748605497 41.7545822058,13.8748605497 41.7540266443,13.8779161312 41.7540266443,13.8779161312 41.7537488635,13.8781939113 41.7537488635,13.8781939113 41.7529155213,13.8779161312 41.7529155213,13.8779161312 41.7526377405,13.877638351 41.7526377405,13.877638351 41.7523599597,13.8773605709 41.7523599597,13.8773605709 41.752082179,13.8770827908 41.752082179,13.8770827908 41.7518043982,13.8765272305 41.7518043982,13.8765272305 41.7515266174,13.8762494503 41.7515266174,13.8762494503 41.7509710559,13.8768050106 41.7509710559,13.8768050106 41.7506932752,13.8773605709 41.7506932752,13.8773605709 41.7504154944,13.877638351 41.7504154944,13.877638351 41.7495821521,13.8779161312 41.7495821521,13.8779161312 41.7493043714,13.8809717127 41.7493043714,13.8809717127 41.7490265906,13.8818050531 41.7490265906,13.8818050531 41.7487488098,13.8823606134 41.7487488098,13.8823606134 41.7484710291,13.8843050744 41.7484710291,13.8843050744 41.7487488098,13.8851384148 41.7487488098,13.8851384148 41.7484710291,13.8848606347 41.7484710291,13.8848606347 41.7481932483,13.8843050744 41.7481932483,13.8843050744 41.7479154676,13.8840272943 41.7479154676,13.8840272943 41.7476376868,13.8837495141 41.7476376868,13.8837495141 41.747359906,13.8829161737 41.747359906,13.8829161737 41.7470821253,13.8823606134 41.7470821253,13.8823606134 41.747359906,13.8812494929 41.747359906,13.8812494929 41.7470821253,13.8809717127 41.7470821253,13.8809717127 41.7468043445,13.8806939326 41.7468043445,13.8806939326 41.7465265638,13.8809717127 41.7465265638,13.8809717127 41.7459710022,13.881527273 41.7459710022,13.881527273 41.7456932215,13.8820828333 41.7456932215,13.8820828333 41.74513766,13.8809717127 41.74513766,13.8809717127 41.7448598792,13.8804161524 41.7448598792,13.8804161524 41.7440265369,13.8801383723 41.7440265369,13.8801383723 41.7429154139,13.8798605922 41.7429154139,13.8798605922 41.7437487562,13.879582812 41.7437487562,13.879582812 41.7440265369,13.8793050319 41.7440265369,13.8793050319 41.7443043177,13.8784716915 41.7443043177,13.8784716915 41.7448598792,13.8779161312 41.7448598792,13.8779161312 41.74513766,13.8773605709 41.74513766,13.8773605709 41.7448598792,13.8768050106 41.7448598792,13.8768050106 41.7445820984,13.8762494503 41.7445820984,13.8762494503 41.7443043177,13.8756938901 41.7443043177,13.8756938901 41.7440265369,13.8754161099 41.7440265369,13.8754161099 41.7437487562,13.8751383298 41.7437487562,13.8751383298 41.7434709754,13.8748605497 41.7434709754,13.8748605497 41.7431931946,13.8745827695 41.7431931946,13.8745827695 41.7440265369,13.8743049894 41.7440265369,13.8743049894 41.7445820984,13.8740272092 41.7445820984,13.8740272092 41.7448598792,13.8737494291 41.7448598792,13.8737494291 41.7456932215,13.873471649 41.7456932215,13.873471649 41.7459710022,13.8731938688 41.7459710022,13.8731938688 41.746248783,13.8723605284 41.746248783,13.8723605284 41.7465265638,13.8718049681 41.7465265638,13.8718049681 41.7468043445,13.8709716277 41.7468043445,13.8709716277 41.7470821253,13.8706938476 41.7470821253,13.8706938476 41.747359906,13.8704160674 41.747359906,13.8704160674 41.7476376868,13.869582727 41.7476376868,13.869582727 41.7479154676,13.8684716064 41.7479154676,13.8684716064 41.7481932483,13.867638266 41.7481932483,13.867638266 41.7484710291,13.8668049256 41.7484710291,13.8668049256 41.7487488098,13.865693805 41.7487488098,13.865693805 41.7490265906,13.8651382448 41.7490265906,13.8651382448 41.7493043714,13.8637493441 41.7493043714,13.8637493441 41.7495821521,13.8629160036 41.7495821521,13.8629160036 41.7498599329,13.8620826632 41.7498599329,13.8620826632 41.7501377136,13.8615271029 41.7501377136,13.8615271029 41.7504154944,13.8609715427 41.7504154944,13.8609715427 41.7506932752,13.8604159824 41.7506932752,13.8604159824 41.7509710559,13.8598604221 41.7509710559,13.8598604221 41.7512488367,13.8593048618 41.7512488367,13.8593048618 41.7515266174,13.8587493015 41.7515266174,13.8587493015 41.7518043982,13.8581937413 41.7518043982,13.8581937413 41.752082179,13.857638181 41.752082179,13.857638181 41.7523599597,13.8570826207 41.7523599597,13.8570826207 41.7526377405,13.8565270604 41.7526377405,13.8565270604 41.7529155213,13.8562492803 41.7529155213,13.8562492803 41.753193302,13.8559715002 41.753193302,13.8559715002 41.7534710828,13.85569372 41.7534710828,13.85569372 41.7537488635,13.8554159399 41.7537488635,13.8554159399 41.7540266443,13.8551381597 41.7540266443,13.8551381597 41.7548599866,13.8554159399 41.7548599866,13.8554159399 41.7556933289,13.8551381597 41.7556933289,13.8551381597 41.7573600134,13.8554159399 41.7573600134,13.8554159399 41.7576377942,13.8551381597 41.7576377942,13.8551381597 41.7579155749,13.8548603796 41.7579155749,13.8548603796 41.7581933557,13.8545825995 41.7581933557,13.8545825995 41.7587489172,13.8543048193 41.7587489172,13.8543048193 41.7593044787,13.8540270392 41.7593044787,13.8540270392 41.7598600403,13.853749259 41.7598600403,13.853749259 41.760137821,13.8534714789 41.760137821,13.8534714789 41.7606933826,13.8531936988 41.7606933826,13.8531936988 41.7609711633,13.8529159186 41.7609711633,13.8529159186 41.7615267248,13.8526381385 41.7615267248,13.8526381385 41.7618045056,13.8523603583 41.7618045056,13.8523603583 41.7623600671,13.8509714576 41.7623600671,13.8509714576 41.7626378479,13.8501381172 41.7626378479,13.8501381172 41.7631934094,13.8498603371 41.7631934094,13.8498603371 41.7634711902,13.8501381172 41.7634711902,13.8501381172 41.7640267517,13.8504158974 41.7640267517,13.8504158974 41.7645823132,13.8501381172 41.7645823132,13.8501381172 41.764860094,13.8504158974 41.764860094,13.8504158974 41.7654156555,13.8506936775 41.7654156555,13.8506936775 41.7665267785,13.8501381172 41.7665267785,13.8501381172 41.7668045593,13.8495825569 41.7668045593,13.8495825569 41.76708234,13.8493047768 41.76708234,13.8493047768 41.7679156823,13.8490269967 41.7679156823,13.8490269967 41.7684712438,13.8487492165 41.7684712438,13.8487492165 41.7687490246,13.8484714364 41.7687490246,13.8484714364 41.7690268054,13.8481936562 41.7690268054,13.8481936562 41.7693045861,13.8484714364 41.7693045861,13.8484714364 41.7701379284,13.8487492165 41.7701379284,13.8487492165 41.7706934899,13.8490269967 41.7706934899,13.8490269967 41.7704157092,13.8495825569 41.7704157092,13.8495825569 41.7701379284,13.8498603371 41.7701379284,13.8498603371 41.7698601477,13.8501381172 41.7698601477,13.8501381172 41.7695823669,13.8504158974 41.7695823669,13.8504158974 41.7690268054,13.8506936775 41.7690268054,13.8506936775 41.7687490246,13.8509714576 41.7687490246,13.8509714576 41.7681934631,13.8512492378 41.7681934631,13.8512492378 41.7679156823,13.8515270179 41.7679156823,13.8515270179 41.7673601208,13.8518047981 41.7673601208,13.8518047981 41.76708234,13.8520825782 41.76708234,13.8520825782 41.7662489978,13.8523603583 41.7662489978,13.8523603583 41.7656934362,13.8520825782 41.7656934362,13.8520825782 41.7645823132,13.8523603583 41.7645823132,13.8523603583 41.7637489709,13.8531936988 41.7637489709,13.8531936988 41.7634711902,13.853749259 41.7634711902,13.853749259 41.7626378479,13.8540270392 41.7626378479,13.8540270392 41.7623600671,13.8543048193 41.7623600671,13.8543048193 41.7618045056,13.8545825995 41.7618045056,13.8545825995 41.7615267248,13.8548603796 41.7615267248,13.8548603796 41.7612489441,13.8551381597 41.7612489441,13.8551381597 41.7604156018,13.8554159399 41.7604156018,13.8554159399 41.760137821,13.85569372 41.760137821,13.85569372 41.7598600403,13.8559715002 41.7598600403,13.8559715002 41.7593044787,13.8562492803 41.7593044787,13.8562492803 41.7587489172,13.8565270604 41.7587489172,13.8565270604 41.7584711365,13.857638181 41.7584711365,13.857638181 41.7576377942,13.8573604009 41.7576377942,13.8573604009 41.7570822327,13.8568048406 41.7570822327,13.8568048406 41.7568044519,13.8570826207 41.7568044519,13.8570826207 41.7556933289,13.8573604009 41.7556933289,13.8573604009 41.7554155481,13.857638181 41.7554155481,13.857638181 41.7551377673,13.8573604009 41.7551377673,13.8573604009 41.7543044251,13.857638181 41.7543044251,13.857638181 41.7537488635,13.8570826207 41.7537488635,13.8570826207 41.753193302,13.8573604009 41.753193302,13.8573604009 41.7534710828,13.8581937413 41.7534710828,13.8581937413 41.7537488635,13.859582642 41.7537488635,13.859582642 41.753193302,13.8598604221 41.753193302,13.8598604221 41.7529155213,13.8606937625 41.7529155213,13.8606937625 41.753193302,13.8615271029 41.753193302,13.8615271029 41.7529155213,13.8620826632 41.7529155213,13.8620826632 41.7526377405,13.8626382235 41.7526377405,13.8626382235 41.7523599597,13.8629160036 41.7523599597,13.8629160036 41.7526377405,13.8637493441 41.7526377405,13.8637493441 41.7523599597,13.8640271242 41.7523599597,13.8640271242 41.752082179,13.8643049043 41.752082179,13.8643049043 41.7515266174,13.8645826845 41.7515266174,13.8645826845 41.7509710559,13.8648604646 41.7509710559,13.8648604646 41.7498599329,13.8654160249 41.7498599329,13.8654160249 41.7501377136,13.865693805 41.7501377136,13.865693805 41.7504154944,13.8659715852 41.7504154944,13.8659715852 41.7506932752,13.8662493653 41.7506932752,13.8662493653 41.7509710559,13.8668049256 41.7509710559,13.8668049256 41.7512488367,13.8673604859 41.7512488367,13.8673604859 41.7515266174,13.8679160462 41.7515266174,13.8679160462 41.7518043982,13.8687493866 41.7518043982,13.8687493866 41.7512488367,13.8690271667 41.7512488367,13.8690271667 41.7506932752,13.869582727 41.7506932752,13.869582727 41.7504154944,13.8698605071 41.7504154944,13.8698605071 41.7501377136,13.8701382873 41.7501377136,13.8701382873 41.7498599329,13.8704160674 41.7498599329,13.8704160674 41.7495821521,13.8712494078 41.7495821521,13.8712494078 41.7493043714,13.8718049681 41.7493043714,13.8718049681 41.7498599329,13.8723605284 41.7498599329,13.8723605284 41.7495821521,13.8720827483 41.7495821521,13.8720827483 41.7493043714,13.8723605284 41.7493043714,13.8723605284 41.7490265906,13.8726383085 41.7490265906,13.8726383085 41.7487488098,13.8745827695 41.7487488098,13.8745827695 41.7490265906,13.8748605497 41.7490265906,13.8748605497 41.7493043714,13.8756938901 41.7493043714,13.8756938901 41.7490265906,13.8759716702 41.7490265906,13.8759716702 41.7487488098,13.8762494503 41.7487488098,13.8762494503 41.7498599329,13.8754161099 41.7498599329,13.8754161099 41.7501377136,13.8751383298 41.7501377136,13.8751383298 41.7504154944,13.8745827695 41.7504154944,13.8745827695 41.7506932752,13.8740272092 41.7506932752,13.8740272092 41.7509710559,13.8737494291 41.7509710559,13.8737494291 41.7518043982,13.8740272092 41.7518043982,13.8740272092 41.752082179,13.8743049894 41.752082179,13.8743049894 41.7523599597,13.8745827695 41.7523599597,13.8745827695 41.7526377405,13.8740272092 41.7526377405,13.8740272092 41.7529155213,13.8729160887 41.7529155213,13.8729160887 41.753193302,13.8726383085 41.753193302,13.8726383085 41.7537488635,13.8723605284 41.7537488635,13.8723605284 41.7543044251,13.8720827483 41.7543044251,13.8720827483 41.7554155481,13.8723605284 41.7554155481,13.8723605284 41.7556933289,13.8729160887 41.7556933289,13.8729160887 41.7559711096,13.8740272092 41.7559711096,13.8740272092 41.7556933289,13.8745827695 41.7556933289,13.8745827695 41.7559711096,13.8751383298 41.7559711096,13.8751383298 41.7562488904,13.8765272305 41.7562488904,13.8765272305 41.7565266711,13.8773605709 41.7565266711,13.8773605709 41.7568044519,13.8779161312 41.7568044519,13.8779161312 41.7570822327,13.8790272517 41.7570822327,13.8790272517 41.7573600134,13.8793050319 41.7573600134,13.8793050319 41.7576377942,13.8751383298 41.7576377942,13.8751383298 41.7573600134,13.8731938688 41.7573600134,13.8731938688 41.7576377942,13.871527188 41.7576377942,13.871527188 41.7573600134,13.8712494078 41.7573600134,13.8712494078 41.7576377942,13.8706938476 41.7576377942,13.8706938476 41.7579155749,13.8701382873 41.7579155749,13.8701382873 41.7576377942,13.869582727 41.7576377942,13.869582727 41.7573600134,13.8693049469 41.7573600134,13.8693049469 41.7570822327,13.8673604859 41.7570822327,13.8673604859 41.7568044519,13.8668049256 41.7568044519,13.8668049256 41.7565266711,13.8654160249 41.7565266711,13.8654160249 41.7562488904,13.8643049043 41.7562488904,13.8643049043 41.7565266711,13.8637493441 41.7565266711,13.8637493441 41.7568044519,13.8634715639 41.7568044519,13.8634715639 41.7576377942,13.8637493441 41.7576377942,13.8637493441 41.7579155749,13.8640271242 41.7579155749,13.8640271242 41.7581933557,13.8637493441 41.7581933557,13.8637493441 41.7584711365,13.8640271242 41.7584711365,13.8640271242 41.7593044787,13.8651382448 41.7593044787,13.8651382448 41.759026698,13.8659715852 41.759026698,13.8659715852 41.7593044787,13.8662493653 41.7593044787,13.8662493653 41.7598600403,13.8665271455 41.7598600403,13.8665271455 41.760137821,13.8670827057 41.760137821,13.8670827057 41.7604156018,13.867638266 41.7604156018,13.867638266 41.7609711633,13.8673604859 41.7609711633,13.8673604859 41.7612489441,13.8665271455 41.7612489441,13.8665271455 41.7615267248,13.8662493653 41.7615267248,13.8662493653 41.7618045056,13.865693805 41.7618045056,13.865693805 41.7626378479,13.8648604646 41.7626378479,13.8648604646 41.7629156286,13.8640271242 41.7629156286,13.8640271242 41.7631934094,13.8637493441 41.7631934094,13.8637493441 41.7634711902,13.8634715639 41.7634711902,13.8634715639 41.7643045324,13.8623604434 41.7643045324,13.8623604434 41.7645823132,13.8618048831 41.7645823132,13.8618048831 41.764860094,13.8612493228 41.764860094,13.8612493228 41.7651378747,13.8609715427 41.7651378747,13.8609715427 41.7654156555,13.8606937625 41.7654156555,13.8606937625 41.7665267785,13.8604159824 41.7665267785,13.8604159824 41.7668045593,13.8598604221 41.7668045593,13.8598604221 41.7673601208,13.8604159824 41.7673601208,13.8604159824 41.7676379016,13.8612493228 41.7676379016,13.8612493228 41.7679156823,13.8609715427 41.7679156823,13.8609715427 41.7681934631,13.8604159824 41.7681934631,13.8604159824 41.7684712438,13.8598604221 41.7684712438,13.8598604221 41.7687490246,13.8593048618 41.7687490246,13.8593048618 41.7695823669,13.859582642 41.7695823669,13.859582642 41.7704157092,13.8598604221 41.7704157092,13.8598604221 41.771804613,13.8604159824 41.771804613,13.8604159824 41.7720823937,13.8606937625 41.7720823937,13.8606937625 41.7723601745,13.8609715427 41.7723601745,13.8609715427 41.7726379553,13.8612493228 41.7726379553,13.8612493228 41.772915736,13.8620826632 41.772915736),(13.8759716702 41.7481932483,13.8762494503 41.7481932483,13.8762494503 41.7484710291,13.8759716702 41.7484710291,13.8759716702 41.7481932483)))"
753,"pnalm_scarab_000753","Euoniticellus fulvus  (Goeze, 1777)","Goeze, 1777","species","NULL","NULL","NULL","Scarabaeoidea","Coleoptera","NULL","NULL","Euoniticellus","fulvus","NULL","Italy","IT","NULL","NULL","NULL","Opi, Val Fondillo","Opi, Val Fondillo",1073,"1073.0","NULL","","",,,"50","NULL","NULL","NULL","NULL","NULL","40748","2011","7","24","Giuseppe M. Carpaneto et al.","NULL","NULL","PreservedSpecimen","NULL","CGC-MCZR","NULL","NULL","NULL","NULL","NULL","NULL","NULL","field_survey","NULL","CC BY 4.0","unverified","NULL","NULL","NULL",5,"PNALM","Scarabaeoidea","",,13.8566668527318,41.7676380271054,1357,"MULTIPOLYGON(((13.8543048193 41.7795824743,13.8543048193 41.7793046935,13.8518047981 41.7793046935,13.8518047981 41.778749132,13.8515270179 41.778749132,13.8515270179 41.7781935705,13.8512492378 41.7781935705,13.8512492378 41.7773602282,13.8509714576 41.7773602282,13.8509714576 41.7765268859,13.8506936775 41.7765268859,13.8506936775 41.7759713244,13.8504158974 41.7759713244,13.8504158974 41.7751379821,13.8501381172 41.7751379821,13.8501381172 41.7745824206,13.8498603371 41.7745824206,13.8498603371 41.7737490783,13.8495825569 41.7737490783,13.8495825569 41.772915736,13.8493047768 41.772915736,13.8493047768 41.7726379553,13.8498603371 41.7726379553,13.8498603371 41.7720823937,13.8495825569 41.7720823937,13.8495825569 41.771804613,13.8498603371 41.771804613,13.8498603371 41.7715268322,13.8504158974 41.7715268322,13.8504158974 41.7712490515,13.8506936775 41.7712490515,13.8506936775 41.7709712707,13.8512492378 41.7709712707,13.8512492378 41.7706934899,13.8515270179 41.7706934899,13.8515270179 41.7704157092,13.8520825782 41.7704157092,13.8520825782 41.7701379284,13.8523603583 41.7701379284,13.8523603583 41.7695823669,13.8529159186 41.7695823669,13.8529159186 41.7681934631,13.8531936988 41.7681934631,13.8531936988 41.76708234,13.8534714789 41.76708234,13.8534714789 41.7668045593,13.853749259 41.7668045593,13.853749259 41.7662489978,13.8540270392 41.7662489978,13.8540270392 41.7656934362,13.8543048193 41.7656934362,13.8543048193 41.7651378747,13.8545825995 41.7651378747,13.8545825995 41.764860094,13.8548603796 41.764860094,13.8548603796 41.7645823132,13.8551381597 41.7645823132,13.8551381597 41.7640267517,13.8554159399 41.7640267517,13.8554159399 41.7637489709,13.85569372 41.7637489709,13.85569372 41.7634711902,13.8559715002 41.7634711902,13.8559715002 41.7631934094,13.85569372 41.7631934094,13.85569372 41.7629156286,13.8559715002 41.7629156286,13.8559715002 41.7626378479,13.8562492803 41.7626378479,13.8562492803 41.7623600671,13.8565270604 41.7623600671,13.8565270604 41.7618045056,13.8570826207 41.7618045056,13.8570826207 41.7615267248,13.8573604009 41.7615267248,13.8573604009 41.7609711633,13.857638181 41.7609711633,13.857638181 41.7606933826,13.8579159611 41.7606933826,13.8579159611 41.7604156018,13.8584715214 41.7604156018,13.8584715214 41.760137821,13.8587493015 41.760137821,13.8587493015 41.7598600403,13.8590270817 41.7598600403,13.8590270817 41.7595822595,13.8593048618 41.7595822595,13.8593048618 41.759026698,13.859582642 41.759026698,13.859582642 41.7579155749,13.8601382022 41.7579155749,13.8601382022 41.7576377942,13.8604159824 41.7576377942,13.8604159824 41.7562488904,13.8609715427 41.7562488904,13.8609715427 41.7559711096,13.8615271029 41.7559711096,13.8615271029 41.7565266711,13.8612493228 41.7565266711,13.8612493228 41.7576377942,13.8615271029 41.7576377942,13.8615271029 41.7581933557,13.8618048831 41.7581933557,13.8618048831 41.7584711365,13.8615271029 41.7584711365,13.8615271029 41.7593044787,13.8618048831 41.7593044787,13.8618048831 41.7595822595,13.8620826632 41.7595822595,13.8620826632 41.760137821,13.8623604434 41.760137821,13.8623604434 41.7604156018,13.8620826632 41.7604156018,13.8620826632 41.7612489441,13.8609715427 41.7612489441,13.8609715427 41.7615267248,13.8606937625 41.7615267248,13.8606937625 41.7618045056,13.8601382022 41.7618045056,13.8601382022 41.7623600671,13.8598604221 41.7623600671,13.8598604221 41.7629156286,13.8601382022 41.7629156286,13.8601382022 41.7631934094,13.8604159824 41.7631934094,13.8604159824 41.7634711902,13.8598604221 41.7634711902,13.8598604221 41.7637489709,13.8593048618 41.7637489709,13.8593048618 41.7640267517,13.8590270817 41.7640267517,13.8590270817 41.7643045324,13.8587493015 41.7643045324,13.8587493015 41.7645823132,13.8584715214 41.7645823132,13.8584715214 41.7656934362,13.857638181 41.7656934362,13.857638181 41.765971217,13.8573604009 41.765971217,13.8573604009 41.7662489978,13.8570826207 41.7662489978,13.8570826207 41.7668045593,13.8568048406 41.7668045593,13.8568048406 41.76708234,13.8570826207 41.76708234,13.8570826207 41.7679156823,13.8568048406 41.7679156823,13.8568048406 41.7687490246,13.8570826207 41.7687490246,13.8570826207 41.7690268054,13.8573604009 41.7690268054,13.8573604009 41.7693045861,13.8570826207 41.7693045861,13.8570826207 41.7698601477,13.8573604009 41.7698601477,13.8573604009 41.7701379284,13.857638181 41.7701379284,13.857638181 41.7706934899,13.8579159611 41.7706934899,13.8579159611 41.7712490515,13.8581937413 41.7712490515,13.8581937413 41.7723601745,13.8584715214 41.7723601745,13.8584715214 41.772915736,13.8587493015 41.772915736,13.8587493015 41.7731935168,13.8593048618 41.7731935168,13.8593048618 41.7734712975,13.8598604221 41.7734712975,13.8598604221 41.7737490783,13.8601382022 41.7737490783,13.8601382022 41.7740268591,13.8604159824 41.7740268591,13.8604159824 41.7743046398,13.8606937625 41.7743046398,13.8606937625 41.7751379821,13.8604159824 41.7751379821,13.8604159824 41.7754157629,13.8601382022 41.7754157629,13.8601382022 41.7756935436,13.8598604221 41.7756935436,13.8598604221 41.7762491051,13.859582642 41.7762491051,13.859582642 41.7765268859,13.8593048618 41.7765268859,13.8593048618 41.7770824474,13.8590270817 41.7770824474,13.8590270817 41.7773602282,13.8587493015 41.7773602282,13.8587493015 41.7779157897,13.8584715214 41.7779157897,13.8584715214 41.7781935705,13.8581937413 41.7781935705,13.8581937413 41.778749132,13.8579159611 41.778749132,13.8579159611 41.7790269128,13.857638181 41.7790269128,13.857638181 41.7795824743,13.8543048193 41.7795824743)))"
760,"pnalm_scarab_000760","Euoniticellus fulvus  (Goeze, 1777)","Goeze, 1777","species","NULL","NULL","NULL","Scarabaeoidea","Coleoptera","NULL","NULL","Euoniticellus","fulvus","NULL","Italy","IT","NULL","NULL","NULL","Val Fondillo","Val Fondillo",,"NULL","NULL","NULL","NULL",,,"NULL","NULL","NULL","NULL","NULL","NULL","45487","2024","7","14","Andrea Guadagnini","NULL","NULL","PreservedSpecimen","NULL","CGP-PNALM","NULL","NULL","NULL","NULL","NULL","NULL","NULL","field_survey","NULL","CC BY 4.0","needs_review","NULL","NULL","NULL",1,"PNALM","Scarabaeoidea","",,13.8704742473229,41.7555553357692,3046,"MULTIPOLYGON(((13.857310829 41.7797921313,13.8517961231 41.7791618792,13.8493276357 41.7727017952,13.8479620895 41.7678698624,13.8500629298 41.7630379297,13.8519536861 41.7569454927,13.8566805769 41.752743812,13.8625629298 41.7498026355,13.8705461231 41.7474917112,13.8765335181 41.7406639801,13.8781091483 41.7382480137,13.882310829 41.733941291,13.8871427618 41.7317354086,13.8891385601 41.7319454927,13.8924999046 41.7356219633,13.8985923416 41.7441303666,13.9034242744 41.7444454927,13.9031091483 41.7484370893,13.8959662912 41.7575757448,13.8937604088 41.7577858288,13.8928150307 41.7607270053,13.8749578878 41.765348854,13.8640335181 41.7698656607,13.8604095685 41.7752228036,13.85736335 41.7796870893,13.857310829 41.7797921313)))"
767,"pnalm_scarab_000767","Caccobius schreberi (Linnaeus, 1767)","Linnaeus, 1767","species","NULL","NULL","NULL","Scarabaeoidea","Coleoptera","NULL","NULL","Caccobius","schreberi","NULL","Italy","IT","NULL","NULL","NULL","Val Fondillo","Val Fondillo",,"NULL","NULL","NULL","NULL",,,"NULL","NULL","NULL","NULL","NULL","NULL","25018","1968","6","29","Giovanni Papini","NULL","NULL","PreservedSpecimen","NULL","CGP-PNALM","NULL","NULL","NULL","NULL","NULL","NULL","NULL","field_survey","NULL","CC BY 4.0","needs_review","NULL","NULL","NULL",1,"PNALM","Scarabaeoidea","",,13.8704742473229,41.7555553357692,3046,"MULTIPOLYGON(((13.857310829 41.7797921313,13.8517961231 41.7791618792,13.8493276357 41.7727017952,13.8479620895 41.7678698624,13.8500629298 41.7630379297,13.8519536861 41.7569454927,13.8566805769 41.752743812,13.8625629298 41.7498026355,13.8705461231 41.7474917112,13.8765335181 41.7406639801,13.8781091483 41.7382480137,13.882310829 41.733941291,13.8871427618 41.7317354086,13.8891385601 41.7319454927,13.8924999046 41.7356219633,13.8985923416 41.7441303666,13.9034242744 41.7444454927,13.9031091483 41.7484370893,13.8959662912 41.7575757448,13.8937604088 41.7577858288,13.8928150307 41.7607270053,13.8749578878 41.765348854,13.8640335181 41.7698656607,13.8604095685 41.7752228036,13.85736335 41.7796870893,13.857310829 41.7797921313)))"
769,"pnalm_scarab_000769","Caccobius schreberi (Linnaeus, 1767)","Linnaeus, 1767","species","NULL","NULL","NULL","Scarabaeoidea","Coleoptera","NULL","NULL","Caccobius","schreberi","NULL","Italy","IT","NULL","NULL","NULL","Val Fondillo","Val Fondillo",1600,"1600.0","NULL","NULL","NULL",,,"NULL","NULL","NULL","NULL","NULL","NULL","1996","1996","NULL","NULL","NULL","NULL","NULL","HumanObservation","NULL","NULL","NULL","NULL","NULL","NULL","NULL","(Carpaneto et al. 2005)","NULL","literature","NULL","NULL","needs_review","NULL","NULL","NULL",4,"PNALM","Scarabaeoidea","",,13.881805053143,41.7520821789709,2180,"MULTIPOLYGON(((13.8826383936 41.7337486488,13.8823606134 41.7337486488,13.8823606134 41.7340264295,13.8826383936 41.7340264295,13.8826383936 41.7337486488)),((13.8820828333 41.7340264295,13.8820828333 41.7343042103,13.8823606134 41.7343042103,13.8823606134 41.7340264295,13.8820828333 41.7340264295)),((13.881527273 41.7345819911,13.881527273 41.7348597718,13.8812494929 41.7348597718,13.8812494929 41.7351375526,13.8809717127 41.7351375526,13.8809717127 41.7354153333,13.8806939326 41.7354153333,13.8806939326 41.7356931141,13.8804161524 41.7356931141,13.8804161524 41.7359708949,13.8820828333 41.7359708949,13.8820828333 41.7362486756,13.8840272943 41.7362486756,13.8840272943 41.7365264564,13.8848606347 41.7365264564,13.8848606347 41.7368042371,13.885416195 41.7368042371,13.885416195 41.7370820179,13.8859717552 41.7370820179,13.8859717552 41.7373597987,13.8879162162 41.7373597987,13.8879162162 41.7381931409,13.8873606559 41.7381931409,13.8873606559 41.7384709217,13.8870828758 41.7384709217,13.8870828758 41.7387487025,13.8868050957 41.7387487025,13.8868050957 41.7390264832,13.8865273155 41.7390264832,13.8865273155 41.7395820447,13.8862495354 41.7395820447,13.8862495354 41.7398598255,13.8859717552 41.7398598255,13.8859717552 41.7406931678,13.8856939751 41.7406931678,13.8856939751 41.7412487293,13.8851384148 41.7412487293,13.8851384148 41.7415265101,13.8848606347 41.7415265101,13.8848606347 41.7418042908,13.8845828545 41.7418042908,13.8845828545 41.7423598523,13.8848606347 41.7423598523,13.8848606347 41.7429154139,13.885416195 41.7429154139,13.885416195 41.7431931946,13.8868050957 41.7431931946,13.8868050957 41.7429154139,13.8870828758 41.7429154139,13.8870828758 41.7426376331,13.8898606772 41.7426376331,13.8898606772 41.7429154139,13.8890273368 41.7429154139,13.8890273368 41.7431931946,13.8884717765 41.7431931946,13.8884717765 41.7434709754,13.8881939964 41.7434709754,13.8881939964 41.7437487562,13.8876384361 41.7437487562,13.8876384361 41.7443043177,13.8873606559 41.7443043177,13.8873606559 41.7445820984,13.8870828758 41.7445820984,13.8870828758 41.7459710022,13.8873606559 41.7459710022,13.8873606559 41.746248783,13.8879162162 41.746248783,13.8879162162 41.7465265638,13.8884717765 41.7465265638,13.8884717765 41.7468043445,13.8890273368 41.7468043445,13.8890273368 41.7470821253,13.8893051169 41.7470821253,13.8893051169 41.7476376868,13.8909717978 41.7476376868,13.8909717978 41.7481932483,13.8912495779 41.7481932483,13.8912495779 41.7484710291,13.891527358 41.7484710291,13.891527358 41.7487488098,13.8929162587 41.7487488098,13.8929162587 41.7490265906,13.8937495991 41.7490265906,13.8937495991 41.7493043714,13.8943051594 41.7493043714,13.8943051594 41.7495821521,13.8956940601 41.7495821521,13.8956940601 41.7498599329,13.8962496204 41.7498599329,13.8962496204 41.7501377136,13.89541628 41.7501377136,13.89541628 41.7504154944,13.8948607197 41.7504154944,13.8948607197 41.7506932752,13.8945829396 41.7506932752,13.8945829396 41.7509710559,13.8937495991 41.7509710559,13.8937495991 41.7506932752,13.893471819 41.7506932752,13.893471819 41.7509710559,13.8909717978 41.7509710559,13.8909717978 41.7512488367,13.8904162375 41.7512488367,13.8904162375 41.7515266174,13.8901384573 41.7515266174,13.8901384573 41.7518043982,13.8884717765 41.7518043982,13.8884717765 41.752082179,13.8881939964 41.752082179,13.8881939964 41.7523599597,13.8876384361 41.7523599597,13.8876384361 41.7526377405,13.8856939751 41.7526377405,13.8856939751 41.7523599597,13.8851384148 41.7523599597,13.8851384148 41.752082179,13.8845828545 41.752082179,13.8845828545 41.7518043982,13.8840272943 41.7518043982,13.8840272943 41.7515266174,13.8837495141 41.7515266174,13.8837495141 41.7512488367,13.8829161737 41.7512488367,13.8829161737 41.7515266174,13.8823606134 41.7515266174,13.8823606134 41.7518043982,13.8820828333 41.7518043982,13.8820828333 41.752082179,13.8818050531 41.752082179,13.8818050531 41.7523599597,13.8820828333 41.7523599597,13.8820828333 41.7529155213,13.8823606134 41.7529155213,13.8823606134 41.753193302,13.8826383936 41.753193302,13.8826383936 41.7534710828,13.8829161737 41.7534710828,13.8829161737 41.7537488635,13.8831939538 41.7537488635,13.8831939538 41.7543044251,13.8837495141 41.7543044251,13.8837495141 41.7545822058,13.8840272943 41.7545822058,13.8840272943 41.7548599866,13.8843050744 41.7548599866,13.8843050744 41.7551377673,13.8848606347 41.7551377673,13.8848606347 41.7554155481,13.8851384148 41.7554155481,13.8851384148 41.7556933289,13.8856939751 41.7556933289,13.8856939751 41.7559711096,13.8862495354 41.7559711096,13.8862495354 41.7562488904,13.8873606559 41.7562488904,13.8873606559 41.7565266711,13.8893051169 41.7565266711,13.8893051169 41.7573600134,13.8890273368 41.7573600134,13.8890273368 41.7584711365,13.8893051169 41.7584711365,13.8893051169 41.7587489172,13.8895828971 41.7587489172,13.8895828971 41.759026698,13.8898606772 41.759026698,13.8898606772 41.7593044787,13.8901384573 41.7593044787,13.8901384573 41.7598600403,13.8904162375 41.7598600403,13.8904162375 41.7606933826,13.8901384573 41.7606933826,13.8901384573 41.7609711633,13.8898606772 41.7609711633,13.8898606772 41.7612489441,13.8895828971 41.7612489441,13.8895828971 41.7615267248,13.8901384573 41.7615267248,13.8901384573 41.7612489441,13.8912495779 41.7612489441,13.8912495779 41.7609711633,13.8923606985 41.7609711633,13.8923606985 41.7606933826,13.8929162587 41.7606933826,13.8929162587 41.7598600403,13.8931940389 41.7598600403,13.8931940389 41.759026698,13.893471819 41.759026698,13.893471819 41.7581933557,13.8937495991 41.7581933557,13.8937495991 41.7576377942,13.8931940389 41.7576377942,13.8931940389 41.7579155749,13.8929162587 41.7579155749,13.8929162587 41.7581933557,13.8926384786 41.7581933557,13.8926384786 41.7584711365,13.8923606985 41.7584711365,13.8923606985 41.7593044787,13.8918051382 41.7593044787,13.8918051382 41.759026698,13.8912495779 41.759026698,13.8912495779 41.7587489172,13.8909717978 41.7587489172,13.8909717978 41.7584711365,13.8904162375 41.7584711365,13.8904162375 41.7576377942,13.8906940176 41.7576377942,13.8906940176 41.7562488904,13.8909717978 41.7562488904,13.8909717978 41.7559711096,13.8906940176 41.7559711096,13.8906940176 41.7556933289,13.8890273368 41.7556933289,13.8890273368 41.7554155481,13.8879162162 41.7554155481,13.8879162162 41.7551377673,13.8873606559 41.7551377673,13.8873606559 41.7548599866,13.8870828758 41.7548599866,13.8870828758 41.7545822058,13.8868050957 41.7545822058,13.8868050957 41.7543044251,13.8865273155 41.7543044251,13.8865273155 41.7537488635,13.8884717765 41.7537488635,13.8884717765 41.7534710828,13.8890273368 41.7534710828,13.8890273368 41.753193302,13.8906940176 41.753193302,13.8906940176 41.7529155213,13.8909717978 41.7529155213,13.8909717978 41.7523599597,13.8912495779 41.7523599597,13.8912495779 41.752082179,13.8940273793 41.752082179,13.8940273793 41.7523599597,13.8948607197 41.7523599597,13.8948607197 41.752082179,13.8962496204 41.752082179,13.8962496204 41.7518043982,13.8965274005 41.7518043982,13.8965274005 41.7515266174,13.8968051807 41.7515266174,13.8968051807 41.7512488367,13.8970829608 41.7512488367,13.8970829608 41.7509710559,13.8976385211 41.7509710559,13.8976385211 41.7506932752,13.8981940814 41.7506932752,13.8981940814 41.7509710559,13.8993052019 41.7509710559,13.8993052019 41.7504154944,13.8995829821 41.7504154944,13.8995829821 41.7495821521,13.8993052019 41.7495821521,13.8993052019 41.7490265906,13.8990274218 41.7490265906,13.8990274218 41.7481932483,13.8987496417 41.7481932483,13.8987496417 41.747359906,13.8984718615 41.747359906,13.8984718615 41.7476376868,13.8981940814 41.7476376868,13.8981940814 41.7479154676,13.897360741 41.7479154676,13.897360741 41.7481932483,13.8965274005 41.7481932483,13.8965274005 41.7484710291,13.8945829396 41.7484710291,13.8945829396 41.7481932483,13.8943051594 41.7481932483,13.8943051594 41.7479154676,13.8940273793 41.7479154676,13.8940273793 41.7476376868,13.8937495991 41.7476376868,13.8937495991 41.747359906,13.893471819 41.747359906,13.893471819 41.7476376868,13.8931940389 41.7476376868,13.8931940389 41.747359906,13.8923606985 41.747359906,13.8923606985 41.7470821253,13.8920829183 41.7470821253,13.8920829183 41.7468043445,13.8918051382 41.7468043445,13.8918051382 41.7465265638,13.8909717978 41.7465265638,13.8909717978 41.746248783,13.8898606772 41.746248783,13.8898606772 41.7459710022,13.8893051169 41.7459710022,13.8893051169 41.74513766,13.8898606772 41.74513766,13.8898606772 41.7448598792,13.8904162375 41.7448598792,13.8904162375 41.7445820984,13.8909717978 41.7445820984,13.8909717978 41.7443043177,13.891527358 41.7443043177,13.891527358 41.7440265369,13.8918051382 41.7440265369,13.8918051382 41.7437487562,13.8920829183 41.7437487562,13.8920829183 41.7434709754,13.8923606985 41.7434709754,13.8923606985 41.7431931946,13.8926384786 41.7431931946,13.8926384786 41.7426376331,13.8923606985 41.7426376331,13.8923606985 41.7420820716,13.8920829183 41.7420820716,13.8920829183 41.7418042908,13.8923606985 41.7418042908,13.8923606985 41.7412487293,13.8920829183 41.7412487293,13.8920829183 41.7401376063,13.8912495779 41.7401376063,13.8912495779 41.740415387,13.8906940176 41.740415387,13.8906940176 41.7406931678,13.8887495566 41.7406931678,13.8887495566 41.740415387,13.8884717765 41.740415387,13.8884717765 41.7401376063,13.8881939964 41.7401376063,13.8881939964 41.7398598255,13.8884717765 41.7398598255,13.8884717765 41.7395820447,13.8895828971 41.7395820447,13.8895828971 41.739304264,13.8898606772 41.739304264,13.8898606772 41.7387487025,13.8901384573 41.7387487025,13.8901384573 41.7384709217,13.8904162375 41.7384709217,13.8904162375 41.7379153602,13.8906940176 41.7379153602,13.8906940176 41.7376375794,13.8904162375 41.7376375794,13.8904162375 41.7359708949,13.8890273368 41.7359708949,13.8890273368 41.7356931141,13.8879162162 41.7356931141,13.8879162162 41.7354153333,13.8873606559 41.7354153333,13.8873606559 41.7351375526,13.8856939751 41.7351375526,13.8856939751 41.7348597718,13.883471734 41.7348597718,13.883471734 41.7345819911,13.8820828333 41.7345819911,13.8820828333 41.7343042103,13.8818050531 41.7343042103,13.8818050531 41.7345819911,13.881527273 41.7345819911)),((13.9012496629 41.7506932752,13.9009718828 41.7506932752,13.9009718828 41.7509710559,13.9012496629 41.7509710559,13.9012496629 41.7506932752)),((13.8690271667 41.7679156823,13.8690271667 41.7676379016,13.8698605071 41.7676379016,13.8698605071 41.7673601208,13.8704160674 41.7673601208,13.8704160674 41.76708234,13.8709716277 41.76708234,13.8709716277 41.7668045593,13.8718049681 41.7668045593,13.8718049681 41.7665267785,13.8723605284 41.7665267785,13.8723605284 41.7662489978,13.8731938688 41.7662489978,13.8731938688 41.765971217,13.8737494291 41.765971217,13.8737494291 41.7656934362,13.8740272092 41.7656934362,13.8740272092 41.7651378747,13.8748605497 41.7651378747,13.8748605497 41.764860094,13.8756938901 41.764860094,13.8756938901 41.7645823132,13.8762494503 41.7645823132,13.8762494503 41.7643045324,13.8765272305 41.7643045324,13.8765272305 41.7640267517,13.8784716915 41.7640267517,13.8784716915 41.7643045324,13.879582812 41.7643045324,13.879582812 41.7640267517,13.8806939326 41.7640267517,13.8806939326 41.7637489709,13.8818050531 41.7637489709,13.8818050531 41.7634711902,13.8826383936 41.7634711902,13.8826383936 41.7631934094,13.8837495141 41.7631934094,13.8837495141 41.7629156286,13.8848606347 41.7629156286,13.8848606347 41.7626378479,13.8859717552 41.7626378479,13.8859717552 41.7623600671,13.8862495354 41.7623600671,13.8862495354 41.7620822864,13.8826383936 41.7620822864,13.8826383936 41.7623600671,13.8818050531 41.7623600671,13.8818050531 41.7626378479,13.8806939326 41.7626378479,13.8806939326 41.7629156286,13.879582812 41.7629156286,13.879582812 41.7631934094,13.8779161312 41.7631934094,13.8779161312 41.7629156286,13.8759716702 41.7629156286,13.8759716702 41.7631934094,13.8754161099 41.7631934094,13.8754161099 41.7634711902,13.8748605497 41.7634711902,13.8748605497 41.7637489709,13.8737494291 41.7637489709,13.8737494291 41.7640267517,13.8729160887 41.7640267517,13.8729160887 41.7643045324,13.8726383085 41.7643045324,13.8726383085 41.764860094,13.8723605284 41.764860094,13.8723605284 41.7651378747,13.8720827483 41.7651378747,13.8720827483 41.7654156555,13.8718049681 41.7654156555,13.8718049681 41.7656934362,13.871527188 41.7656934362,13.871527188 41.765971217,13.8712494078 41.765971217,13.8712494078 41.7662489978,13.8709716277 41.7662489978,13.8709716277 41.7665267785,13.8706938476 41.7665267785,13.8706938476 41.7668045593,13.869582727 41.7668045593,13.869582727 41.76708234,13.8684716064 41.76708234,13.8684716064 41.7673601208,13.8681938263 41.7673601208,13.8681938263 41.7676379016,13.867638266 41.7676379016,13.867638266 41.7681934631,13.8684716064 41.7681934631,13.8684716064 41.7679156823,13.8690271667 41.7679156823)),((13.867638266 41.7684712438,13.867638266 41.7681934631,13.8673604859 41.7681934631,13.8673604859 41.7684712438,13.867638266 41.7684712438)))"
785,"pnalm_scarab_000785","Onthophagus (Onthophagus) illyricus  (Scopoli, 1763)","Scopoli, 1763","subspecies","NULL","NULL","NULL","Scarabaeoidea","Coleoptera","NULL","NULL","Onthophagus","(Onthophagus)","illyricus","Italy","IT","NULL","NULL","NULL","Val Fondillo","Val Fondillo",1300,"1300.0","NULL","NULL","NULL",,,"NULL","NULL","NULL","NULL","NULL","NULL","25018","1968","6","29","Giovanni Papini","NULL","NULL","PreservedSpecimen","NULL","CGP-PNALM","NULL","NULL","NULL","NULL","NULL","NULL","NULL","field_survey","NULL","CC BY 4.0","needs_review","NULL","NULL","NULL",2,"PNALM","Scarabaeoidea","",,13.8644471883828,41.7568055826668,2020,"MULTIPOLYGON(((13.8704160674 41.7540266443,13.8704160674 41.7537488635,13.8706938476 41.7537488635,13.8706938476 41.7534710828,13.8698605071 41.7534710828,13.8698605071 41.7540266443,13.8704160674 41.7540266443)),((13.8620826632 41.772915736,13.8620826632 41.7726379553,13.8623604434 41.7726379553,13.8623604434 41.7720823937,13.8626382235 41.7720823937,13.8626382235 41.771804613,13.8623604434 41.771804613,13.8623604434 41.7712490515,13.8618048831 41.7712490515,13.8618048831 41.7709712707,13.8615271029 41.7709712707,13.8615271029 41.7698601477,13.8618048831 41.7698601477,13.8618048831 41.7695823669,13.8620826632 41.7695823669,13.8620826632 41.7693045861,13.8626382235 41.7693045861,13.8626382235 41.7690268054,13.8629160036 41.7690268054,13.8629160036 41.7684712438,13.8631937838 41.7684712438,13.8631937838 41.7681934631,13.8634715639 41.7681934631,13.8634715639 41.76708234,13.8631937838 41.76708234,13.8631937838 41.7668045593,13.8629160036 41.7668045593,13.8629160036 41.7665267785,13.8631937838 41.7665267785,13.8631937838 41.7662489978,13.8637493441 41.7662489978,13.8637493441 41.765971217,13.8643049043 41.765971217,13.8643049043 41.7656934362,13.8648604646 41.7656934362,13.8648604646 41.7654156555,13.8651382448 41.7654156555,13.8651382448 41.7651378747,13.8654160249 41.7651378747,13.8654160249 41.764860094,13.865693805 41.764860094,13.865693805 41.7643045324,13.8670827057 41.7643045324,13.8670827057 41.7640267517,13.8681938263 41.7640267517,13.8681938263 41.7637489709,13.8687493866 41.7637489709,13.8687493866 41.7634711902,13.8690271667 41.7634711902,13.8690271667 41.7629156286,13.8693049469 41.7629156286,13.8693049469 41.7626378479,13.869582727 41.7626378479,13.869582727 41.7623600671,13.8701382873 41.7623600671,13.8701382873 41.7620822864,13.8709716277 41.7620822864,13.8709716277 41.7612489441,13.8706938476 41.7612489441,13.8706938476 41.7604156018,13.8704160674 41.7604156018,13.8704160674 41.760137821,13.8701382873 41.760137821,13.8701382873 41.7595822595,13.871527188 41.7595822595,13.871527188 41.7593044787,13.8718049681 41.7593044787,13.8718049681 41.759026698,13.8720827483 41.759026698,13.8720827483 41.7587489172,13.8740272092 41.7587489172,13.8740272092 41.759026698,13.8743049894 41.759026698,13.8743049894 41.7593044787,13.8748605497 41.7593044787,13.8748605497 41.7595822595,13.8751383298 41.7595822595,13.8751383298 41.7593044787,13.8756938901 41.7593044787,13.8756938901 41.759026698,13.8779161312 41.759026698,13.8779161312 41.7593044787,13.8793050319 41.7593044787,13.8793050319 41.759026698,13.8831939538 41.759026698,13.8831939538 41.7587489172,13.8840272943 41.7587489172,13.8840272943 41.7584711365,13.883471734 41.7584711365,13.883471734 41.7579155749,13.8826383936 41.7579155749,13.8826383936 41.7576377942,13.8818050531 41.7576377942,13.8818050531 41.7573600134,13.881527273 41.7573600134,13.881527273 41.7570822327,13.8812494929 41.7570822327,13.8812494929 41.7568044519,13.8809717127 41.7568044519,13.8809717127 41.7565266711,13.8801383723 41.7565266711,13.8801383723 41.7562488904,13.8798605922 41.7562488904,13.8798605922 41.7559711096,13.8790272517 41.7559711096,13.8790272517 41.7556933289,13.8779161312 41.7556933289,13.8779161312 41.7554155481,13.8768050106 41.7554155481,13.8768050106 41.7551377673,13.8759716702 41.7551377673,13.8759716702 41.7548599866,13.8754161099 41.7548599866,13.8754161099 41.7545822058,13.8748605497 41.7545822058,13.8748605497 41.7540266443,13.8779161312 41.7540266443,13.8779161312 41.7537488635,13.8781939113 41.7537488635,13.8781939113 41.7529155213,13.8779161312 41.7529155213,13.8779161312 41.7526377405,13.877638351 41.7526377405,13.877638351 41.7523599597,13.8773605709 41.7523599597,13.8773605709 41.752082179,13.8770827908 41.752082179,13.8770827908 41.7518043982,13.8765272305 41.7518043982,13.8765272305 41.7515266174,13.8762494503 41.7515266174,13.8762494503 41.7509710559,13.8768050106 41.7509710559,13.8768050106 41.7506932752,13.8773605709 41.7506932752,13.8773605709 41.7504154944,13.877638351 41.7504154944,13.877638351 41.7495821521,13.8779161312 41.7495821521,13.8779161312 41.7493043714,13.8809717127 41.7493043714,13.8809717127 41.7490265906,13.8818050531 41.7490265906,13.8818050531 41.7487488098,13.8823606134 41.7487488098,13.8823606134 41.7484710291,13.8843050744 41.7484710291,13.8843050744 41.7487488098,13.8851384148 41.7487488098,13.8851384148 41.7484710291,13.8848606347 41.7484710291,13.8848606347 41.7481932483,13.8843050744 41.7481932483,13.8843050744 41.7479154676,13.8840272943 41.7479154676,13.8840272943 41.7476376868,13.8837495141 41.7476376868,13.8837495141 41.747359906,13.8829161737 41.747359906,13.8829161737 41.7470821253,13.8823606134 41.7470821253,13.8823606134 41.747359906,13.8812494929 41.747359906,13.8812494929 41.7470821253,13.8809717127 41.7470821253,13.8809717127 41.7468043445,13.8806939326 41.7468043445,13.8806939326 41.7465265638,13.8809717127 41.7465265638,13.8809717127 41.7459710022,13.881527273 41.7459710022,13.881527273 41.7456932215,13.8820828333 41.7456932215,13.8820828333 41.74513766,13.8809717127 41.74513766,13.8809717127 41.7448598792,13.8804161524 41.7448598792,13.8804161524 41.7440265369,13.8801383723 41.7440265369,13.8801383723 41.7429154139,13.8798605922 41.7429154139,13.8798605922 41.7437487562,13.879582812 41.7437487562,13.879582812 41.7440265369,13.8793050319 41.7440265369,13.8793050319 41.7443043177,13.8784716915 41.7443043177,13.8784716915 41.7448598792,13.8779161312 41.7448598792,13.8779161312 41.74513766,13.8773605709 41.74513766,13.8773605709 41.7448598792,13.8768050106 41.7448598792,13.8768050106 41.7445820984,13.8762494503 41.7445820984,13.8762494503 41.7443043177,13.8756938901 41.7443043177,13.8756938901 41.7440265369,13.8754161099 41.7440265369,13.8754161099 41.7437487562,13.8751383298 41.7437487562,13.8751383298 41.7434709754,13.8748605497 41.7434709754,13.8748605497 41.7431931946,13.8745827695 41.7431931946,13.8745827695 41.7440265369,13.8743049894 41.7440265369,13.8743049894 41.7445820984,13.8740272092 41.7445820984,13.8740272092 41.7448598792,13.8737494291 41.7448598792,13.8737494291 41.7456932215,13.873471649 41.7456932215,13.873471649 41.7459710022,13.8731938688 41.7459710022,13.8731938688 41.746248783,13.8723605284 41.746248783,13.8723605284 41.7465265638,13.8718049681 41.7465265638,13.8718049681 41.7468043445,13.8709716277 41.7468043445,13.8709716277 41.7470821253,13.8706938476 41.7470821253,13.8706938476 41.747359906,13.8704160674 41.747359906,13.8704160674 41.7476376868,13.869582727 41.7476376868,13.869582727 41.7479154676,13.8684716064 41.7479154676,13.8684716064 41.7481932483,13.867638266 41.7481932483,13.867638266 41.7484710291,13.8668049256 41.7484710291,13.8668049256 41.7487488098,13.865693805 41.7487488098,13.865693805 41.7490265906,13.8651382448 41.7490265906,13.8651382448 41.7493043714,13.8637493441 41.7493043714,13.8637493441 41.7495821521,13.8629160036 41.7495821521,13.8629160036 41.7498599329,13.8620826632 41.7498599329,13.8620826632 41.7501377136,13.8615271029 41.7501377136,13.8615271029 41.7504154944,13.8609715427 41.7504154944,13.8609715427 41.7506932752,13.8604159824 41.7506932752,13.8604159824 41.7509710559,13.8598604221 41.7509710559,13.8598604221 41.7512488367,13.8593048618 41.7512488367,13.8593048618 41.7515266174,13.8587493015 41.7515266174,13.8587493015 41.7518043982,13.8581937413 41.7518043982,13.8581937413 41.752082179,13.857638181 41.752082179,13.857638181 41.7523599597,13.8570826207 41.7523599597,13.8570826207 41.7526377405,13.8565270604 41.7526377405,13.8565270604 41.7529155213,13.8562492803 41.7529155213,13.8562492803 41.753193302,13.8559715002 41.753193302,13.8559715002 41.7534710828,13.85569372 41.7534710828,13.85569372 41.7537488635,13.8554159399 41.7537488635,13.8554159399 41.7540266443,13.8551381597 41.7540266443,13.8551381597 41.7548599866,13.8554159399 41.7548599866,13.8554159399 41.7556933289,13.8551381597 41.7556933289,13.8551381597 41.7573600134,13.8554159399 41.7573600134,13.8554159399 41.7576377942,13.8551381597 41.7576377942,13.8551381597 41.7579155749,13.8548603796 41.7579155749,13.8548603796 41.7581933557,13.8545825995 41.7581933557,13.8545825995 41.7587489172,13.8543048193 41.7587489172,13.8543048193 41.7593044787,13.8540270392 41.7593044787,13.8540270392 41.7598600403,13.853749259 41.7598600403,13.853749259 41.760137821,13.8534714789 41.760137821,13.8534714789 41.7606933826,13.8531936988 41.7606933826,13.8531936988 41.7609711633,13.8529159186 41.7609711633,13.8529159186 41.7615267248,13.8526381385 41.7615267248,13.8526381385 41.7618045056,13.8523603583 41.7618045056,13.8523603583 41.7623600671,13.8509714576 41.7623600671,13.8509714576 41.7626378479,13.8501381172 41.7626378479,13.8501381172 41.7631934094,13.8498603371 41.7631934094,13.8498603371 41.7634711902,13.8501381172 41.7634711902,13.8501381172 41.7640267517,13.8504158974 41.7640267517,13.8504158974 41.7645823132,13.8501381172 41.7645823132,13.8501381172 41.764860094,13.8504158974 41.764860094,13.8504158974 41.7654156555,13.8506936775 41.7654156555,13.8506936775 41.7665267785,13.8501381172 41.7665267785,13.8501381172 41.7668045593,13.8495825569 41.7668045593,13.8495825569 41.76708234,13.8493047768 41.76708234,13.8493047768 41.7679156823,13.8490269967 41.7679156823,13.8490269967 41.7684712438,13.8487492165 41.7684712438,13.8487492165 41.7687490246,13.8484714364 41.7687490246,13.8484714364 41.7690268054,13.8481936562 41.7690268054,13.8481936562 41.7693045861,13.8484714364 41.7693045861,13.8484714364 41.7701379284,13.8487492165 41.7701379284,13.8487492165 41.7706934899,13.8490269967 41.7706934899,13.8490269967 41.7704157092,13.8495825569 41.7704157092,13.8495825569 41.7701379284,13.8498603371 41.7701379284,13.8498603371 41.7698601477,13.8501381172 41.7698601477,13.8501381172 41.7695823669,13.8504158974 41.7695823669,13.8504158974 41.7690268054,13.8506936775 41.7690268054,13.8506936775 41.7687490246,13.8509714576 41.7687490246,13.8509714576 41.7681934631,13.8512492378 41.7681934631,13.8512492378 41.7679156823,13.8515270179 41.7679156823,13.8515270179 41.7673601208,13.8518047981 41.7673601208,13.8518047981 41.76708234,13.8520825782 41.76708234,13.8520825782 41.7662489978,13.8523603583 41.7662489978,13.8523603583 41.7656934362,13.8520825782 41.7656934362,13.8520825782 41.7645823132,13.8523603583 41.7645823132,13.8523603583 41.7637489709,13.8531936988 41.7637489709,13.8531936988 41.7634711902,13.853749259 41.7634711902,13.853749259 41.7626378479,13.8540270392 41.7626378479,13.8540270392 41.7623600671,13.8543048193 41.7623600671,13.8543048193 41.7618045056,13.8545825995 41.7618045056,13.8545825995 41.7615267248,13.8548603796 41.7615267248,13.8548603796 41.7612489441,13.8551381597 41.7612489441,13.8551381597 41.7604156018,13.8554159399 41.7604156018,13.8554159399 41.760137821,13.85569372 41.760137821,13.85569372 41.7598600403,13.8559715002 41.7598600403,13.8559715002 41.7593044787,13.8562492803 41.7593044787,13.8562492803 41.7587489172,13.8565270604 41.7587489172,13.8565270604 41.7584711365,13.857638181 41.7584711365,13.857638181 41.7576377942,13.8573604009 41.7576377942,13.8573604009 41.7570822327,13.8568048406 41.7570822327,13.8568048406 41.7568044519,13.8570826207 41.7568044519,13.8570826207 41.7556933289,13.8573604009 41.7556933289,13.8573604009 41.7554155481,13.857638181 41.7554155481,13.857638181 41.7551377673,13.8573604009 41.7551377673,13.8573604009 41.7543044251,13.857638181 41.7543044251,13.857638181 41.7537488635,13.8570826207 41.7537488635,13.8570826207 41.753193302,13.8573604009 41.753193302,13.8573604009 41.7534710828,13.8581937413 41.7534710828,13.8581937413 41.7537488635,13.859582642 41.7537488635,13.859582642 41.753193302,13.8598604221 41.753193302,13.8598604221 41.7529155213,13.8606937625 41.7529155213,13.8606937625 41.753193302,13.8615271029 41.753193302,13.8615271029 41.7529155213,13.8620826632 41.7529155213,13.8620826632 41.7526377405,13.8626382235 41.7526377405,13.8626382235 41.7523599597,13.8629160036 41.7523599597,13.8629160036 41.7526377405,13.8637493441 41.7526377405,13.8637493441 41.7523599597,13.8640271242 41.7523599597,13.8640271242 41.752082179,13.8643049043 41.752082179,13.8643049043 41.7515266174,13.8645826845 41.7515266174,13.8645826845 41.7509710559,13.8648604646 41.7509710559,13.8648604646 41.7498599329,13.8654160249 41.7498599329,13.8654160249 41.7501377136,13.865693805 41.7501377136,13.865693805 41.7504154944,13.8659715852 41.7504154944,13.8659715852 41.7506932752,13.8662493653 41.7506932752,13.8662493653 41.7509710559,13.8668049256 41.7509710559,13.8668049256 41.7512488367,13.8673604859 41.7512488367,13.8673604859 41.7515266174,13.8679160462 41.7515266174,13.8679160462 41.7518043982,13.8687493866 41.7518043982,13.8687493866 41.7512488367,13.8690271667 41.7512488367,13.8690271667 41.7506932752,13.869582727 41.7506932752,13.869582727 41.7504154944,13.8698605071 41.7504154944,13.8698605071 41.7501377136,13.8701382873 41.7501377136,13.8701382873 41.7498599329,13.8704160674 41.7498599329,13.8704160674 41.7495821521,13.8712494078 41.7495821521,13.8712494078 41.7493043714,13.8718049681 41.7493043714,13.8718049681 41.7498599329,13.8723605284 41.7498599329,13.8723605284 41.7495821521,13.8720827483 41.7495821521,13.8720827483 41.7493043714,13.8723605284 41.7493043714,13.8723605284 41.7490265906,13.8726383085 41.7490265906,13.8726383085 41.7487488098,13.8745827695 41.7487488098,13.8745827695 41.7490265906,13.8748605497 41.7490265906,13.8748605497 41.7493043714,13.8756938901 41.7493043714,13.8756938901 41.7490265906,13.8759716702 41.7490265906,13.8759716702 41.7487488098,13.8762494503 41.7487488098,13.8762494503 41.7498599329,13.8754161099 41.7498599329,13.8754161099 41.7501377136,13.8751383298 41.7501377136,13.8751383298 41.7504154944,13.8745827695 41.7504154944,13.8745827695 41.7506932752,13.8740272092 41.7506932752,13.8740272092 41.7509710559,13.8737494291 41.7509710559,13.8737494291 41.7518043982,13.8740272092 41.7518043982,13.8740272092 41.752082179,13.8743049894 41.752082179,13.8743049894 41.7523599597,13.8745827695 41.7523599597,13.8745827695 41.7526377405,13.8740272092 41.7526377405,13.8740272092 41.7529155213,13.8729160887 41.7529155213,13.8729160887 41.753193302,13.8726383085 41.753193302,13.8726383085 41.7537488635,13.8723605284 41.7537488635,13.8723605284 41.7543044251,13.8720827483 41.7543044251,13.8720827483 41.7554155481,13.8723605284 41.7554155481,13.8723605284 41.7556933289,13.8729160887 41.7556933289,13.8729160887 41.7559711096,13.8740272092 41.7559711096,13.8740272092 41.7556933289,13.8745827695 41.7556933289,13.8745827695 41.7559711096,13.8751383298 41.7559711096,13.8751383298 41.7562488904,13.8765272305 41.7562488904,13.8765272305 41.7565266711,13.8773605709 41.7565266711,13.8773605709 41.7568044519,13.8779161312 41.7568044519,13.8779161312 41.7570822327,13.8790272517 41.7570822327,13.8790272517 41.7573600134,13.8793050319 41.7573600134,13.8793050319 41.7576377942,13.8751383298 41.7576377942,13.8751383298 41.7573600134,13.8731938688 41.7573600134,13.8731938688 41.7576377942,13.871527188 41.7576377942,13.871527188 41.7573600134,13.8712494078 41.7573600134,13.8712494078 41.7576377942,13.8706938476 41.7576377942,13.8706938476 41.7579155749,13.8701382873 41.7579155749,13.8701382873 41.7576377942,13.869582727 41.7576377942,13.869582727 41.7573600134,13.8693049469 41.7573600134,13.8693049469 41.7570822327,13.8673604859 41.7570822327,13.8673604859 41.7568044519,13.8668049256 41.7568044519,13.8668049256 41.7565266711,13.8654160249 41.7565266711,13.8654160249 41.7562488904,13.8643049043 41.7562488904,13.8643049043 41.7565266711,13.8637493441 41.7565266711,13.8637493441 41.7568044519,13.8634715639 41.7568044519,13.8634715639 41.7576377942,13.8637493441 41.7576377942,13.8637493441 41.7579155749,13.8640271242 41.7579155749,13.8640271242 41.7581933557,13.8637493441 41.7581933557,13.8637493441 41.7584711365,13.8640271242 41.7584711365,13.8640271242 41.7593044787,13.8651382448 41.7593044787,13.8651382448 41.759026698,13.8659715852 41.759026698,13.8659715852 41.7593044787,13.8662493653 41.7593044787,13.8662493653 41.7598600403,13.8665271455 41.7598600403,13.8665271455 41.760137821,13.8670827057 41.760137821,13.8670827057 41.7604156018,13.867638266 41.7604156018,13.867638266 41.7609711633,13.8673604859 41.7609711633,13.8673604859 41.7612489441,13.8665271455 41.7612489441,13.8665271455 41.7615267248,13.8662493653 41.7615267248,13.8662493653 41.7618045056,13.865693805 41.7618045056,13.865693805 41.7626378479,13.8648604646 41.7626378479,13.8648604646 41.7629156286,13.8640271242 41.7629156286,13.8640271242 41.7631934094,13.8637493441 41.7631934094,13.8637493441 41.7634711902,13.8634715639 41.7634711902,13.8634715639 41.7643045324,13.8623604434 41.7643045324,13.8623604434 41.7645823132,13.8618048831 41.7645823132,13.8618048831 41.764860094,13.8612493228 41.764860094,13.8612493228 41.7651378747,13.8609715427 41.7651378747,13.8609715427 41.7654156555,13.8606937625 41.7654156555,13.8606937625 41.7665267785,13.8604159824 41.7665267785,13.8604159824 41.7668045593,13.8598604221 41.7668045593,13.8598604221 41.7673601208,13.8604159824 41.7673601208,13.8604159824 41.7676379016,13.8612493228 41.7676379016,13.8612493228 41.7679156823,13.8609715427 41.7679156823,13.8609715427 41.7681934631,13.8604159824 41.7681934631,13.8604159824 41.7684712438,13.8598604221 41.7684712438,13.8598604221 41.7687490246,13.8593048618 41.7687490246,13.8593048618 41.7695823669,13.859582642 41.7695823669,13.859582642 41.7704157092,13.8598604221 41.7704157092,13.8598604221 41.771804613,13.8604159824 41.771804613,13.8604159824 41.7720823937,13.8606937625 41.7720823937,13.8606937625 41.7723601745,13.8609715427 41.7723601745,13.8609715427 41.7726379553,13.8612493228 41.7726379553,13.8612493228 41.772915736,13.8620826632 41.772915736),(13.8759716702 41.7481932483,13.8762494503 41.7481932483,13.8762494503 41.7484710291,13.8759716702 41.7484710291,13.8759716702 41.7481932483)))"
805,"pnalm_scarab_000805","Onthophagus (Palaeonthophagus) fracticornis  (Preyssler, 1790)","Preyssler, 1790","subspecies","NULL","NULL","NULL","Scarabaeoidea","Coleoptera","NULL","NULL","Onthophagus","(Palaeonthophagus)","fracticornis","Italy","IT","NULL","NULL","NULL","Val Fondillo","Val Fondillo",1600,"1600.0","NULL","NULL","NULL",,,"NULL","NULL","NULL","NULL","NULL","NULL","1960","1960","NULL","NULL","NULL","NULL","NULL","HumanObservation","NULL","NULL","NULL","NULL","NULL","NULL","NULL","(Papini 1962a)","NULL","literature","NULL","NULL","needs_review","NULL","NULL","NULL",4,"PNALM","Scarabaeoidea","",,13.881805053143,41.7520821789709,2180,"MULTIPOLYGON(((13.8826383936 41.7337486488,13.8823606134 41.7337486488,13.8823606134 41.7340264295,13.8826383936 41.7340264295,13.8826383936 41.7337486488)),((13.8820828333 41.7340264295,13.8820828333 41.7343042103,13.8823606134 41.7343042103,13.8823606134 41.7340264295,13.8820828333 41.7340264295)),((13.881527273 41.7345819911,13.881527273 41.7348597718,13.8812494929 41.7348597718,13.8812494929 41.7351375526,13.8809717127 41.7351375526,13.8809717127 41.7354153333,13.8806939326 41.7354153333,13.8806939326 41.7356931141,13.8804161524 41.7356931141,13.8804161524 41.7359708949,13.8820828333 41.7359708949,13.8820828333 41.7362486756,13.8840272943 41.7362486756,13.8840272943 41.7365264564,13.8848606347 41.7365264564,13.8848606347 41.7368042371,13.885416195 41.7368042371,13.885416195 41.7370820179,13.8859717552 41.7370820179,13.8859717552 41.7373597987,13.8879162162 41.7373597987,13.8879162162 41.7381931409,13.8873606559 41.7381931409,13.8873606559 41.7384709217,13.8870828758 41.7384709217,13.8870828758 41.7387487025,13.8868050957 41.7387487025,13.8868050957 41.7390264832,13.8865273155 41.7390264832,13.8865273155 41.7395820447,13.8862495354 41.7395820447,13.8862495354 41.7398598255,13.8859717552 41.7398598255,13.8859717552 41.7406931678,13.8856939751 41.7406931678,13.8856939751 41.7412487293,13.8851384148 41.7412487293,13.8851384148 41.7415265101,13.8848606347 41.7415265101,13.8848606347 41.7418042908,13.8845828545 41.7418042908,13.8845828545 41.7423598523,13.8848606347 41.7423598523,13.8848606347 41.7429154139,13.885416195 41.7429154139,13.885416195 41.7431931946,13.8868050957 41.7431931946,13.8868050957 41.7429154139,13.8870828758 41.7429154139,13.8870828758 41.7426376331,13.8898606772 41.7426376331,13.8898606772 41.7429154139,13.8890273368 41.7429154139,13.8890273368 41.7431931946,13.8884717765 41.7431931946,13.8884717765 41.7434709754,13.8881939964 41.7434709754,13.8881939964 41.7437487562,13.8876384361 41.7437487562,13.8876384361 41.7443043177,13.8873606559 41.7443043177,13.8873606559 41.7445820984,13.8870828758 41.7445820984,13.8870828758 41.7459710022,13.8873606559 41.7459710022,13.8873606559 41.746248783,13.8879162162 41.746248783,13.8879162162 41.7465265638,13.8884717765 41.7465265638,13.8884717765 41.7468043445,13.8890273368 41.7468043445,13.8890273368 41.7470821253,13.8893051169 41.7470821253,13.8893051169 41.7476376868,13.8909717978 41.7476376868,13.8909717978 41.7481932483,13.8912495779 41.7481932483,13.8912495779 41.7484710291,13.891527358 41.7484710291,13.891527358 41.7487488098,13.8929162587 41.7487488098,13.8929162587 41.7490265906,13.8937495991 41.7490265906,13.8937495991 41.7493043714,13.8943051594 41.7493043714,13.8943051594 41.7495821521,13.8956940601 41.7495821521,13.8956940601 41.7498599329,13.8962496204 41.7498599329,13.8962496204 41.7501377136,13.89541628 41.7501377136,13.89541628 41.7504154944,13.8948607197 41.7504154944,13.8948607197 41.7506932752,13.8945829396 41.7506932752,13.8945829396 41.7509710559,13.8937495991 41.7509710559,13.8937495991 41.7506932752,13.893471819 41.7506932752,13.893471819 41.7509710559,13.8909717978 41.7509710559,13.8909717978 41.7512488367,13.8904162375 41.7512488367,13.8904162375 41.7515266174,13.8901384573 41.7515266174,13.8901384573 41.7518043982,13.8884717765 41.7518043982,13.8884717765 41.752082179,13.8881939964 41.752082179,13.8881939964 41.7523599597,13.8876384361 41.7523599597,13.8876384361 41.7526377405,13.8856939751 41.7526377405,13.8856939751 41.7523599597,13.8851384148 41.7523599597,13.8851384148 41.752082179,13.8845828545 41.752082179,13.8845828545 41.7518043982,13.8840272943 41.7518043982,13.8840272943 41.7515266174,13.8837495141 41.7515266174,13.8837495141 41.7512488367,13.8829161737 41.7512488367,13.8829161737 41.7515266174,13.8823606134 41.7515266174,13.8823606134 41.7518043982,13.8820828333 41.7518043982,13.8820828333 41.752082179,13.8818050531 41.752082179,13.8818050531 41.7523599597,13.8820828333 41.7523599597,13.8820828333 41.7529155213,13.8823606134 41.7529155213,13.8823606134 41.753193302,13.8826383936 41.753193302,13.8826383936 41.7534710828,13.8829161737 41.7534710828,13.8829161737 41.7537488635,13.8831939538 41.7537488635,13.8831939538 41.7543044251,13.8837495141 41.7543044251,13.8837495141 41.7545822058,13.8840272943 41.7545822058,13.8840272943 41.7548599866,13.8843050744 41.7548599866,13.8843050744 41.7551377673,13.8848606347 41.7551377673,13.8848606347 41.7554155481,13.8851384148 41.7554155481,13.8851384148 41.7556933289,13.8856939751 41.7556933289,13.8856939751 41.7559711096,13.8862495354 41.7559711096,13.8862495354 41.7562488904,13.8873606559 41.7562488904,13.8873606559 41.7565266711,13.8893051169 41.7565266711,13.8893051169 41.7573600134,13.8890273368 41.7573600134,13.8890273368 41.7584711365,13.8893051169 41.7584711365,13.8893051169 41.7587489172,13.8895828971 41.7587489172,13.8895828971 41.759026698,13.8898606772 41.759026698,13.8898606772 41.7593044787,13.8901384573 41.7593044787,13.8901384573 41.7598600403,13.8904162375 41.7598600403,13.8904162375 41.7606933826,13.8901384573 41.7606933826,13.8901384573 41.7609711633,13.8898606772 41.7609711633,13.8898606772 41.7612489441,13.8895828971 41.7612489441,13.8895828971 41.7615267248,13.8901384573 41.7615267248,13.8901384573 41.7612489441,13.8912495779 41.7612489441,13.8912495779 41.7609711633,13.8923606985 41.7609711633,13.8923606985 41.7606933826,13.8929162587 41.7606933826,13.8929162587 41.7598600403,13.8931940389 41.7598600403,13.8931940389 41.759026698,13.893471819 41.759026698,13.893471819 41.7581933557,13.8937495991 41.7581933557,13.8937495991 41.7576377942,13.8931940389 41.7576377942,13.8931940389 41.7579155749,13.8929162587 41.7579155749,13.8929162587 41.7581933557,13.8926384786 41.7581933557,13.8926384786 41.7584711365,13.8923606985 41.7584711365,13.8923606985 41.7593044787,13.8918051382 41.7593044787,13.8918051382 41.759026698,13.8912495779 41.759026698,13.8912495779 41.7587489172,13.8909717978 41.7587489172,13.8909717978 41.7584711365,13.8904162375 41.7584711365,13.8904162375 41.7576377942,13.8906940176 41.7576377942,13.8906940176 41.7562488904,13.8909717978 41.7562488904,13.8909717978 41.7559711096,13.8906940176 41.7559711096,13.8906940176 41.7556933289,13.8890273368 41.7556933289,13.8890273368 41.7554155481,13.8879162162 41.7554155481,13.8879162162 41.7551377673,13.8873606559 41.7551377673,13.8873606559 41.7548599866,13.8870828758 41.7548599866,13.8870828758 41.7545822058,13.8868050957 41.7545822058,13.8868050957 41.7543044251,13.8865273155 41.7543044251,13.8865273155 41.7537488635,13.8884717765 41.7537488635,13.8884717765 41.7534710828,13.8890273368 41.7534710828,13.8890273368 41.753193302,13.8906940176 41.753193302,13.8906940176 41.7529155213,13.8909717978 41.7529155213,13.8909717978 41.7523599597,13.8912495779 41.7523599597,13.8912495779 41.752082179,13.8940273793 41.752082179,13.8940273793 41.7523599597,13.8948607197 41.7523599597,13.8948607197 41.752082179,13.8962496204 41.752082179,13.8962496204 41.7518043982,13.8965274005 41.7518043982,13.8965274005 41.7515266174,13.8968051807 41.7515266174,13.8968051807 41.7512488367,13.8970829608 41.7512488367,13.8970829608 41.7509710559,13.8976385211 41.7509710559,13.8976385211 41.7506932752,13.8981940814 41.7506932752,13.8981940814 41.7509710559,13.8993052019 41.7509710559,13.8993052019 41.7504154944,13.8995829821 41.7504154944,13.8995829821 41.7495821521,13.8993052019 41.7495821521,13.8993052019 41.7490265906,13.8990274218 41.7490265906,13.8990274218 41.7481932483,13.8987496417 41.7481932483,13.8987496417 41.747359906,13.8984718615 41.747359906,13.8984718615 41.7476376868,13.8981940814 41.7476376868,13.8981940814 41.7479154676,13.897360741 41.7479154676,13.897360741 41.7481932483,13.8965274005 41.7481932483,13.8965274005 41.7484710291,13.8945829396 41.7484710291,13.8945829396 41.7481932483,13.8943051594 41.7481932483,13.8943051594 41.7479154676,13.8940273793 41.7479154676,13.8940273793 41.7476376868,13.8937495991 41.7476376868,13.8937495991 41.747359906,13.893471819 41.747359906,13.893471819 41.7476376868,13.8931940389 41.7476376868,13.8931940389 41.747359906,13.8923606985 41.747359906,13.8923606985 41.7470821253,13.8920829183 41.7470821253,13.8920829183 41.7468043445,13.8918051382 41.7468043445,13.8918051382 41.7465265638,13.8909717978 41.7465265638,13.8909717978 41.746248783,13.8898606772 41.746248783,13.8898606772 41.7459710022,13.8893051169 41.7459710022,13.8893051169 41.74513766,13.8898606772 41.74513766,13.8898606772 41.7448598792,13.8904162375 41.7448598792,13.8904162375 41.7445820984,13.8909717978 41.7445820984,13.8909717978 41.7443043177,13.891527358 41.7443043177,13.891527358 41.7440265369,13.8918051382 41.7440265369,13.8918051382 41.7437487562,13.8920829183 41.7437487562,13.8920829183 41.7434709754,13.8923606985 41.7434709754,13.8923606985 41.7431931946,13.8926384786 41.7431931946,13.8926384786 41.7426376331,13.8923606985 41.7426376331,13.8923606985 41.7420820716,13.8920829183 41.7420820716,13.8920829183 41.7418042908,13.8923606985 41.7418042908,13.8923606985 41.7412487293,13.8920829183 41.7412487293,13.8920829183 41.7401376063,13.8912495779 41.7401376063,13.8912495779 41.740415387,13.8906940176 41.740415387,13.8906940176 41.7406931678,13.8887495566 41.7406931678,13.8887495566 41.740415387,13.8884717765 41.740415387,13.8884717765 41.7401376063,13.8881939964 41.7401376063,13.8881939964 41.7398598255,13.8884717765 41.7398598255,13.8884717765 41.7395820447,13.8895828971 41.7395820447,13.8895828971 41.739304264,13.8898606772 41.739304264,13.8898606772 41.7387487025,13.8901384573 41.7387487025,13.8901384573 41.7384709217,13.8904162375 41.7384709217,13.8904162375 41.7379153602,13.8906940176 41.7379153602,13.8906940176 41.7376375794,13.8904162375 41.7376375794,13.8904162375 41.7359708949,13.8890273368 41.7359708949,13.8890273368 41.7356931141,13.8879162162 41.7356931141,13.8879162162 41.7354153333,13.8873606559 41.7354153333,13.8873606559 41.7351375526,13.8856939751 41.7351375526,13.8856939751 41.7348597718,13.883471734 41.7348597718,13.883471734 41.7345819911,13.8820828333 41.7345819911,13.8820828333 41.7343042103,13.8818050531 41.7343042103,13.8818050531 41.7345819911,13.881527273 41.7345819911)),((13.9012496629 41.7506932752,13.9009718828 41.7506932752,13.9009718828 41.7509710559,13.9012496629 41.7509710559,13.9012496629 41.7506932752)),((13.8690271667 41.7679156823,13.8690271667 41.7676379016,13.8698605071 41.7676379016,13.8698605071 41.7673601208,13.8704160674 41.7673601208,13.8704160674 41.76708234,13.8709716277 41.76708234,13.8709716277 41.7668045593,13.8718049681 41.7668045593,13.8718049681 41.7665267785,13.8723605284 41.7665267785,13.8723605284 41.7662489978,13.8731938688 41.7662489978,13.8731938688 41.765971217,13.8737494291 41.765971217,13.8737494291 41.7656934362,13.8740272092 41.7656934362,13.8740272092 41.7651378747,13.8748605497 41.7651378747,13.8748605497 41.764860094,13.8756938901 41.764860094,13.8756938901 41.7645823132,13.8762494503 41.7645823132,13.8762494503 41.7643045324,13.8765272305 41.7643045324,13.8765272305 41.7640267517,13.8784716915 41.7640267517,13.8784716915 41.7643045324,13.879582812 41.7643045324,13.879582812 41.7640267517,13.8806939326 41.7640267517,13.8806939326 41.7637489709,13.8818050531 41.7637489709,13.8818050531 41.7634711902,13.8826383936 41.7634711902,13.8826383936 41.7631934094,13.8837495141 41.7631934094,13.8837495141 41.7629156286,13.8848606347 41.7629156286,13.8848606347 41.7626378479,13.8859717552 41.7626378479,13.8859717552 41.7623600671,13.8862495354 41.7623600671,13.8862495354 41.7620822864,13.8826383936 41.7620822864,13.8826383936 41.7623600671,13.8818050531 41.7623600671,13.8818050531 41.7626378479,13.8806939326 41.7626378479,13.8806939326 41.7629156286,13.879582812 41.7629156286,13.879582812 41.7631934094,13.8779161312 41.7631934094,13.8779161312 41.7629156286,13.8759716702 41.7629156286,13.8759716702 41.7631934094,13.8754161099 41.7631934094,13.8754161099 41.7634711902,13.8748605497 41.7634711902,13.8748605497 41.7637489709,13.8737494291 41.7637489709,13.8737494291 41.7640267517,13.8729160887 41.7640267517,13.8729160887 41.7643045324,13.8726383085 41.7643045324,13.8726383085 41.764860094,13.8723605284 41.764860094,13.8723605284 41.7651378747,13.8720827483 41.7651378747,13.8720827483 41.7654156555,13.8718049681 41.7654156555,13.8718049681 41.7656934362,13.871527188 41.7656934362,13.871527188 41.765971217,13.8712494078 41.765971217,13.8712494078 41.7662489978,13.8709716277 41.7662489978,13.8709716277 41.7665267785,13.8706938476 41.7665267785,13.8706938476 41.7668045593,13.869582727 41.7668045593,13.869582727 41.76708234,13.8684716064 41.76708234,13.8684716064 41.7673601208,13.8681938263 41.7673601208,13.8681938263 41.7676379016,13.867638266 41.7676379016,13.867638266 41.7681934631,13.8684716064 41.7681934631,13.8684716064 41.7679156823,13.8690271667 41.7679156823)),((13.867638266 41.7684712438,13.867638266 41.7681934631,13.8673604859 41.7681934631,13.8673604859 41.7684712438,13.867638266 41.7684712438)))"
840,"pnalm_scarab_000840","Onthophagus (Palaeonthophagus) grossepunctatus  Reitter, 1905","NULL","subspecies","NULL","NULL","NULL","Scarabaeoidea","Coleoptera","NULL","NULL","Onthophagus","(Palaeonthophagus)","grossepunctatus","Italy","IT","NULL","NULL","NULL","Val Fondillo","Val Fondillo",1600,"1600.0","NULL","NULL","NULL",,,"NULL","NULL","NULL","NULL","NULL","NULL","10043","1927","6","30","Paolo Luigioni","NULL","NULL","PreservedSpecimen","NULL","CPL-MCZR","NULL","NULL","NULL","NULL","NULL","(Luigioni 1931)","NULL","field_survey","NULL","CC BY 4.0","needs_review","NULL","NULL","NULL",4,"PNALM","Scarabaeoidea","",,13.881805053143,41.7520821789709,2180,"MULTIPOLYGON(((13.8826383936 41.7337486488,13.8823606134 41.7337486488,13.8823606134 41.7340264295,13.8826383936 41.7340264295,13.8826383936 41.7337486488)),((13.8820828333 41.7340264295,13.8820828333 41.7343042103,13.8823606134 41.7343042103,13.8823606134 41.7340264295,13.8820828333 41.7340264295)),((13.881527273 41.7345819911,13.881527273 41.7348597718,13.8812494929 41.7348597718,13.8812494929 41.7351375526,13.8809717127 41.7351375526,13.8809717127 41.7354153333,13.8806939326 41.7354153333,13.8806939326 41.7356931141,13.8804161524 41.7356931141,13.8804161524 41.7359708949,13.8820828333 41.7359708949,13.8820828333 41.7362486756,13.8840272943 41.7362486756,13.8840272943 41.7365264564,13.8848606347 41.7365264564,13.8848606347 41.7368042371,13.885416195 41.7368042371,13.885416195 41.7370820179,13.8859717552 41.7370820179,13.8859717552 41.7373597987,13.8879162162 41.7373597987,13.8879162162 41.7381931409,13.8873606559 41.7381931409,13.8873606559 41.7384709217,13.8870828758 41.7384709217,13.8870828758 41.7387487025,13.8868050957 41.7387487025,13.8868050957 41.7390264832,13.8865273155 41.7390264832,13.8865273155 41.7395820447,13.8862495354 41.7395820447,13.8862495354 41.7398598255,13.8859717552 41.7398598255,13.8859717552 41.7406931678,13.8856939751 41.7406931678,13.8856939751 41.7412487293,13.8851384148 41.7412487293,13.8851384148 41.7415265101,13.8848606347 41.7415265101,13.8848606347 41.7418042908,13.8845828545 41.7418042908,13.8845828545 41.7423598523,13.8848606347 41.7423598523,13.8848606347 41.7429154139,13.885416195 41.7429154139,13.885416195 41.7431931946,13.8868050957 41.7431931946,13.8868050957 41.7429154139,13.8870828758 41.7429154139,13.8870828758 41.7426376331,13.8898606772 41.7426376331,13.8898606772 41.7429154139,13.8890273368 41.7429154139,13.8890273368 41.7431931946,13.8884717765 41.7431931946,13.8884717765 41.7434709754,13.8881939964 41.7434709754,13.8881939964 41.7437487562,13.8876384361 41.7437487562,13.8876384361 41.7443043177,13.8873606559 41.7443043177,13.8873606559 41.7445820984,13.8870828758 41.7445820984,13.8870828758 41.7459710022,13.8873606559 41.7459710022,13.8873606559 41.746248783,13.8879162162 41.746248783,13.8879162162 41.7465265638,13.8884717765 41.7465265638,13.8884717765 41.7468043445,13.8890273368 41.7468043445,13.8890273368 41.7470821253,13.8893051169 41.7470821253,13.8893051169 41.7476376868,13.8909717978 41.7476376868,13.8909717978 41.7481932483,13.8912495779 41.7481932483,13.8912495779 41.7484710291,13.891527358 41.7484710291,13.891527358 41.7487488098,13.8929162587 41.7487488098,13.8929162587 41.7490265906,13.8937495991 41.7490265906,13.8937495991 41.7493043714,13.8943051594 41.7493043714,13.8943051594 41.7495821521,13.8956940601 41.7495821521,13.8956940601 41.7498599329,13.8962496204 41.7498599329,13.8962496204 41.7501377136,13.89541628 41.7501377136,13.89541628 41.7504154944,13.8948607197 41.7504154944,13.8948607197 41.7506932752,13.8945829396 41.7506932752,13.8945829396 41.7509710559,13.8937495991 41.7509710559,13.8937495991 41.7506932752,13.893471819 41.7506932752,13.893471819 41.7509710559,13.8909717978 41.7509710559,13.8909717978 41.7512488367,13.8904162375 41.7512488367,13.8904162375 41.7515266174,13.8901384573 41.7515266174,13.8901384573 41.7518043982,13.8884717765 41.7518043982,13.8884717765 41.752082179,13.8881939964 41.752082179,13.8881939964 41.7523599597,13.8876384361 41.7523599597,13.8876384361 41.7526377405,13.8856939751 41.7526377405,13.8856939751 41.7523599597,13.8851384148 41.7523599597,13.8851384148 41.752082179,13.8845828545 41.752082179,13.8845828545 41.7518043982,13.8840272943 41.7518043982,13.8840272943 41.7515266174,13.8837495141 41.7515266174,13.8837495141 41.7512488367,13.8829161737 41.7512488367,13.8829161737 41.7515266174,13.8823606134 41.7515266174,13.8823606134 41.7518043982,13.8820828333 41.7518043982,13.8820828333 41.752082179,13.8818050531 41.752082179,13.8818050531 41.7523599597,13.8820828333 41.7523599597,13.8820828333 41.7529155213,13.8823606134 41.7529155213,13.8823606134 41.753193302,13.8826383936 41.753193302,13.8826383936 41.7534710828,13.8829161737 41.7534710828,13.8829161737 41.7537488635,13.8831939538 41.7537488635,13.8831939538 41.7543044251,13.8837495141 41.7543044251,13.8837495141 41.7545822058,13.8840272943 41.7545822058,13.8840272943 41.7548599866,13.8843050744 41.7548599866,13.8843050744 41.7551377673,13.8848606347 41.7551377673,13.8848606347 41.7554155481,13.8851384148 41.7554155481,13.8851384148 41.7556933289,13.8856939751 41.7556933289,13.8856939751 41.7559711096,13.8862495354 41.7559711096,13.8862495354 41.7562488904,13.8873606559 41.7562488904,13.8873606559 41.7565266711,13.8893051169 41.7565266711,13.8893051169 41.7573600134,13.8890273368 41.7573600134,13.8890273368 41.7584711365,13.8893051169 41.7584711365,13.8893051169 41.7587489172,13.8895828971 41.7587489172,13.8895828971 41.759026698,13.8898606772 41.759026698,13.8898606772 41.7593044787,13.8901384573 41.7593044787,13.8901384573 41.7598600403,13.8904162375 41.7598600403,13.8904162375 41.7606933826,13.8901384573 41.7606933826,13.8901384573 41.7609711633,13.8898606772 41.7609711633,13.8898606772 41.7612489441,13.8895828971 41.7612489441,13.8895828971 41.7615267248,13.8901384573 41.7615267248,13.8901384573 41.7612489441,13.8912495779 41.7612489441,13.8912495779 41.7609711633,13.8923606985 41.7609711633,13.8923606985 41.7606933826,13.8929162587 41.7606933826,13.8929162587 41.7598600403,13.8931940389 41.7598600403,13.8931940389 41.759026698,13.893471819 41.759026698,13.893471819 41.7581933557,13.8937495991 41.7581933557,13.8937495991 41.7576377942,13.8931940389 41.7576377942,13.8931940389 41.7579155749,13.8929162587 41.7579155749,13.8929162587 41.7581933557,13.8926384786 41.7581933557,13.8926384786 41.7584711365,13.8923606985 41.7584711365,13.8923606985 41.7593044787,13.8918051382 41.7593044787,13.8918051382 41.759026698,13.8912495779 41.759026698,13.8912495779 41.7587489172,13.8909717978 41.7587489172,13.8909717978 41.7584711365,13.8904162375 41.7584711365,13.8904162375 41.7576377942,13.8906940176 41.7576377942,13.8906940176 41.7562488904,13.8909717978 41.7562488904,13.8909717978 41.7559711096,13.8906940176 41.7559711096,13.8906940176 41.7556933289,13.8890273368 41.7556933289,13.8890273368 41.7554155481,13.8879162162 41.7554155481,13.8879162162 41.7551377673,13.8873606559 41.7551377673,13.8873606559 41.7548599866,13.8870828758 41.7548599866,13.8870828758 41.7545822058,13.8868050957 41.7545822058,13.8868050957 41.7543044251,13.8865273155 41.7543044251,13.8865273155 41.7537488635,13.8884717765 41.7537488635,13.8884717765 41.7534710828,13.8890273368 41.7534710828,13.8890273368 41.753193302,13.8906940176 41.753193302,13.8906940176 41.7529155213,13.8909717978 41.7529155213,13.8909717978 41.7523599597,13.8912495779 41.7523599597,13.8912495779 41.752082179,13.8940273793 41.752082179,13.8940273793 41.7523599597,13.8948607197 41.7523599597,13.8948607197 41.752082179,13.8962496204 41.752082179,13.8962496204 41.7518043982,13.8965274005 41.7518043982,13.8965274005 41.7515266174,13.8968051807 41.7515266174,13.8968051807 41.7512488367,13.8970829608 41.7512488367,13.8970829608 41.7509710559,13.8976385211 41.7509710559,13.8976385211 41.7506932752,13.8981940814 41.7506932752,13.8981940814 41.7509710559,13.8993052019 41.7509710559,13.8993052019 41.7504154944,13.8995829821 41.7504154944,13.8995829821 41.7495821521,13.8993052019 41.7495821521,13.8993052019 41.7490265906,13.8990274218 41.7490265906,13.8990274218 41.7481932483,13.8987496417 41.7481932483,13.8987496417 41.747359906,13.8984718615 41.747359906,13.8984718615 41.7476376868,13.8981940814 41.7476376868,13.8981940814 41.7479154676,13.897360741 41.7479154676,13.897360741 41.7481932483,13.8965274005 41.7481932483,13.8965274005 41.7484710291,13.8945829396 41.7484710291,13.8945829396 41.7481932483,13.8943051594 41.7481932483,13.8943051594 41.7479154676,13.8940273793 41.7479154676,13.8940273793 41.7476376868,13.8937495991 41.7476376868,13.8937495991 41.747359906,13.893471819 41.747359906,13.893471819 41.7476376868,13.8931940389 41.7476376868,13.8931940389 41.747359906,13.8923606985 41.747359906,13.8923606985 41.7470821253,13.8920829183 41.7470821253,13.8920829183 41.7468043445,13.8918051382 41.7468043445,13.8918051382 41.7465265638,13.8909717978 41.7465265638,13.8909717978 41.746248783,13.8898606772 41.746248783,13.8898606772 41.7459710022,13.8893051169 41.7459710022,13.8893051169 41.74513766,13.8898606772 41.74513766,13.8898606772 41.7448598792,13.8904162375 41.7448598792,13.8904162375 41.7445820984,13.8909717978 41.7445820984,13.8909717978 41.7443043177,13.891527358 41.7443043177,13.891527358 41.7440265369,13.8918051382 41.7440265369,13.8918051382 41.7437487562,13.8920829183 41.7437487562,13.8920829183 41.7434709754,13.8923606985 41.7434709754,13.8923606985 41.7431931946,13.8926384786 41.7431931946,13.8926384786 41.7426376331,13.8923606985 41.7426376331,13.8923606985 41.7420820716,13.8920829183 41.7420820716,13.8920829183 41.7418042908,13.8923606985 41.7418042908,13.8923606985 41.7412487293,13.8920829183 41.7412487293,13.8920829183 41.7401376063,13.8912495779 41.7401376063,13.8912495779 41.740415387,13.8906940176 41.740415387,13.8906940176 41.7406931678,13.8887495566 41.7406931678,13.8887495566 41.740415387,13.8884717765 41.740415387,13.8884717765 41.7401376063,13.8881939964 41.7401376063,13.8881939964 41.7398598255,13.8884717765 41.7398598255,13.8884717765 41.7395820447,13.8895828971 41.7395820447,13.8895828971 41.739304264,13.8898606772 41.739304264,13.8898606772 41.7387487025,13.8901384573 41.7387487025,13.8901384573 41.7384709217,13.8904162375 41.7384709217,13.8904162375 41.7379153602,13.8906940176 41.7379153602,13.8906940176 41.7376375794,13.8904162375 41.7376375794,13.8904162375 41.7359708949,13.8890273368 41.7359708949,13.8890273368 41.7356931141,13.8879162162 41.7356931141,13.8879162162 41.7354153333,13.8873606559 41.7354153333,13.8873606559 41.7351375526,13.8856939751 41.7351375526,13.8856939751 41.7348597718,13.883471734 41.7348597718,13.883471734 41.7345819911,13.8820828333 41.7345819911,13.8820828333 41.7343042103,13.8818050531 41.7343042103,13.8818050531 41.7345819911,13.881527273 41.7345819911)),((13.9012496629 41.7506932752,13.9009718828 41.7506932752,13.9009718828 41.7509710559,13.9012496629 41.7509710559,13.9012496629 41.7506932752)),((13.8690271667 41.7679156823,13.8690271667 41.7676379016,13.8698605071 41.7676379016,13.8698605071 41.7673601208,13.8704160674 41.7673601208,13.8704160674 41.76708234,13.8709716277 41.76708234,13.8709716277 41.7668045593,13.8718049681 41.7668045593,13.8718049681 41.7665267785,13.8723605284 41.7665267785,13.8723605284 41.7662489978,13.8731938688 41.7662489978,13.8731938688 41.765971217,13.8737494291 41.765971217,13.8737494291 41.7656934362,13.8740272092 41.7656934362,13.8740272092 41.7651378747,13.8748605497 41.7651378747,13.8748605497 41.764860094,13.8756938901 41.764860094,13.8756938901 41.7645823132,13.8762494503 41.7645823132,13.8762494503 41.7643045324,13.8765272305 41.7643045324,13.8765272305 41.7640267517,13.8784716915 41.7640267517,13.8784716915 41.7643045324,13.879582812 41.7643045324,13.879582812 41.7640267517,13.8806939326 41.7640267517,13.8806939326 41.7637489709,13.8818050531 41.7637489709,13.8818050531 41.7634711902,13.8826383936 41.7634711902,13.8826383936 41.7631934094,13.8837495141 41.7631934094,13.8837495141 41.7629156286,13.8848606347 41.7629156286,13.8848606347 41.7626378479,13.8859717552 41.7626378479,13.8859717552 41.7623600671,13.8862495354 41.7623600671,13.8862495354 41.7620822864,13.8826383936 41.7620822864,13.8826383936 41.7623600671,13.8818050531 41.7623600671,13.8818050531 41.7626378479,13.8806939326 41.7626378479,13.8806939326 41.7629156286,13.879582812 41.7629156286,13.879582812 41.7631934094,13.8779161312 41.7631934094,13.8779161312 41.7629156286,13.8759716702 41.7629156286,13.8759716702 41.7631934094,13.8754161099 41.7631934094,13.8754161099 41.7634711902,13.8748605497 41.7634711902,13.8748605497 41.7637489709,13.8737494291 41.7637489709,13.8737494291 41.7640267517,13.8729160887 41.7640267517,13.8729160887 41.7643045324,13.8726383085 41.7643045324,13.8726383085 41.764860094,13.8723605284 41.764860094,13.8723605284 41.7651378747,13.8720827483 41.7651378747,13.8720827483 41.7654156555,13.8718049681 41.7654156555,13.8718049681 41.7656934362,13.871527188 41.7656934362,13.871527188 41.765971217,13.8712494078 41.765971217,13.8712494078 41.7662489978,13.8709716277 41.7662489978,13.8709716277 41.7665267785,13.8706938476 41.7665267785,13.8706938476 41.7668045593,13.869582727 41.7668045593,13.869582727 41.76708234,13.8684716064 41.76708234,13.8684716064 41.7673601208,13.8681938263 41.7673601208,13.8681938263 41.7676379016,13.867638266 41.7676379016,13.867638266 41.7681934631,13.8684716064 41.7681934631,13.8684716064 41.7679156823,13.8690271667 41.7679156823)),((13.867638266 41.7684712438,13.867638266 41.7681934631,13.8673604859 41.7681934631,13.8673604859 41.7684712438,13.867638266 41.7684712438)))"
860,"pnalm_scarab_000860","Onthophagus (Palaeonthophagus) joannae Goljan, 1953","NULL","subspecies","NULL","NULL","NULL","Scarabaeoidea","Coleoptera","NULL","NULL","Onthophagus","(Palaeonthophagus)","joannae","Italy","IT","NULL","NULL","NULL","Val Fondillo","Val Fondillo",,"NULL","NULL","NULL","NULL",,,"NULL","NULL","NULL","NULL","NULL","NULL","23528","1964","5","31","Giovanni Papini","NULL","NULL","PreservedSpecimen","NULL","CGP-PNALM","NULL","NULL","NULL","NULL","NULL","NULL","NULL","field_survey","NULL","CC BY 4.0","needs_review","NULL","NULL","NULL",1,"PNALM","Scarabaeoidea","",,13.8704742473229,41.7555553357692,3046,"MULTIPOLYGON(((13.857310829 41.7797921313,13.8517961231 41.7791618792,13.8493276357 41.7727017952,13.8479620895 41.7678698624,13.8500629298 41.7630379297,13.8519536861 41.7569454927,13.8566805769 41.752743812,13.8625629298 41.7498026355,13.8705461231 41.7474917112,13.8765335181 41.7406639801,13.8781091483 41.7382480137,13.882310829 41.733941291,13.8871427618 41.7317354086,13.8891385601 41.7319454927,13.8924999046 41.7356219633,13.8985923416 41.7441303666,13.9034242744 41.7444454927,13.9031091483 41.7484370893,13.8959662912 41.7575757448,13.8937604088 41.7577858288,13.8928150307 41.7607270053,13.8749578878 41.765348854,13.8640335181 41.7698656607,13.8604095685 41.7752228036,13.85736335 41.7796870893,13.857310829 41.7797921313)))"
861,"pnalm_scarab_000861","Onthophagus (Palaeonthophagus) joannae Goljan, 1953","NULL","subspecies","NULL","NULL","NULL","Scarabaeoidea","Coleoptera","NULL","NULL","Onthophagus","(Palaeonthophagus)","joannae","Italy","IT","NULL","NULL","NULL","Val Fondillo","Val Fondillo",,"NULL","NULL","NULL","NULL",,,"NULL","NULL","NULL","NULL","NULL","NULL","23529","1964","6","1","Giovanni Papini","NULL","NULL","PreservedSpecimen","NULL","CGP-PNALM","NULL","NULL","NULL","NULL","NULL","NULL","NULL","field_survey","NULL","CC BY 4.0","needs_review","NULL","NULL","NULL",1,"PNALM","Scarabaeoidea","",,13.8704742473229,41.7555553357692,3046,"MULTIPOLYGON(((13.857310829 41.7797921313,13.8517961231 41.7791618792,13.8493276357 41.7727017952,13.8479620895 41.7678698624,13.8500629298 41.7630379297,13.8519536861 41.7569454927,13.8566805769 41.752743812,13.8625629298 41.7498026355,13.8705461231 41.7474917112,13.8765335181 41.7406639801,13.8781091483 41.7382480137,13.882310829 41.733941291,13.8871427618 41.7317354086,13.8891385601 41.7319454927,13.8924999046 41.7356219633,13.8985923416 41.7441303666,13.9034242744 41.7444454927,13.9031091483 41.7484370893,13.8959662912 41.7575757448,13.8937604088 41.7577858288,13.8928150307 41.7607270053,13.8749578878 41.765348854,13.8640335181 41.7698656607,13.8604095685 41.7752228036,13.85736335 41.7796870893,13.857310829 41.7797921313)))"
868,"pnalm_scarab_000868","Onthophagus (Palaeonthophagus) joannae Goljan, 1953","NULL","subspecies","NULL","NULL","NULL","Scarabaeoidea","Coleoptera","NULL","NULL","Onthophagus","(Palaeonthophagus)","joannae","Italy","IT","NULL","NULL","NULL","Val Fondillo","Val Fondillo",,"NULL","NULL","NULL","NULL",,,"NULL","NULL","NULL","NULL","NULL","NULL","25018","1968","6","29","Giovanni Papini","NULL","NULL","PreservedSpecimen","NULL","CGP-PNALM","NULL","NULL","NULL","NULL","NULL","NULL","NULL","field_survey","NULL","CC BY 4.0","needs_review","NULL","NULL","NULL",1,"PNALM","Scarabaeoidea","",,13.8704742473229,41.7555553357692,3046,"MULTIPOLYGON(((13.857310829 41.7797921313,13.8517961231 41.7791618792,13.8493276357 41.7727017952,13.8479620895 41.7678698624,13.8500629298 41.7630379297,13.8519536861 41.7569454927,13.8566805769 41.752743812,13.8625629298 41.7498026355,13.8705461231 41.7474917112,13.8765335181 41.7406639801,13.8781091483 41.7382480137,13.882310829 41.733941291,13.8871427618 41.7317354086,13.8891385601 41.7319454927,13.8924999046 41.7356219633,13.8985923416 41.7441303666,13.9034242744 41.7444454927,13.9031091483 41.7484370893,13.8959662912 41.7575757448,13.8937604088 41.7577858288,13.8928150307 41.7607270053,13.8749578878 41.765348854,13.8640335181 41.7698656607,13.8604095685 41.7752228036,13.85736335 41.7796870893,13.857310829 41.7797921313)))"
883,"pnalm_scarab_000883","Onthophagus (Palaeonthophagus) joannae Goljan, 1953","NULL","subspecies","NULL","NULL","NULL","Scarabaeoidea","Coleoptera","NULL","NULL","Onthophagus","(Palaeonthophagus)","joannae","Italy","IT","NULL","NULL","NULL","Val Fondillo","Val Fondillo",1600,"1600.0","NULL","NULL","NULL",,,"NULL","NULL","NULL","NULL","NULL","NULL","1996","1996","NULL","NULL","Giuseppe M. Carpaneto","NULL","NULL","PreservedSpecimen","NULL","CGC-MCZR","NULL","NULL","NULL","NULL","NULL","(Carpaneto et al. 2005)","NULL","field_survey","NULL","CC BY 4.0","needs_review","NULL","NULL","NULL",4,"PNALM","Scarabaeoidea","",,13.881805053143,41.7520821789709,2180,"MULTIPOLYGON(((13.8826383936 41.7337486488,13.8823606134 41.7337486488,13.8823606134 41.7340264295,13.8826383936 41.7340264295,13.8826383936 41.7337486488)),((13.8820828333 41.7340264295,13.8820828333 41.7343042103,13.8823606134 41.7343042103,13.8823606134 41.7340264295,13.8820828333 41.7340264295)),((13.881527273 41.7345819911,13.881527273 41.7348597718,13.8812494929 41.7348597718,13.8812494929 41.7351375526,13.8809717127 41.7351375526,13.8809717127 41.7354153333,13.8806939326 41.7354153333,13.8806939326 41.7356931141,13.8804161524 41.7356931141,13.8804161524 41.7359708949,13.8820828333 41.7359708949,13.8820828333 41.7362486756,13.8840272943 41.7362486756,13.8840272943 41.7365264564,13.8848606347 41.7365264564,13.8848606347 41.7368042371,13.885416195 41.7368042371,13.885416195 41.7370820179,13.8859717552 41.7370820179,13.8859717552 41.7373597987,13.8879162162 41.7373597987,13.8879162162 41.7381931409,13.8873606559 41.7381931409,13.8873606559 41.7384709217,13.8870828758 41.7384709217,13.8870828758 41.7387487025,13.8868050957 41.7387487025,13.8868050957 41.7390264832,13.8865273155 41.7390264832,13.8865273155 41.7395820447,13.8862495354 41.7395820447,13.8862495354 41.7398598255,13.8859717552 41.7398598255,13.8859717552 41.7406931678,13.8856939751 41.7406931678,13.8856939751 41.7412487293,13.8851384148 41.7412487293,13.8851384148 41.7415265101,13.8848606347 41.7415265101,13.8848606347 41.7418042908,13.8845828545 41.7418042908,13.8845828545 41.7423598523,13.8848606347 41.7423598523,13.8848606347 41.7429154139,13.885416195 41.7429154139,13.885416195 41.7431931946,13.8868050957 41.7431931946,13.8868050957 41.7429154139,13.8870828758 41.7429154139,13.8870828758 41.7426376331,13.8898606772 41.7426376331,13.8898606772 41.7429154139,13.8890273368 41.7429154139,13.8890273368 41.7431931946,13.8884717765 41.7431931946,13.8884717765 41.7434709754,13.8881939964 41.7434709754,13.8881939964 41.7437487562,13.8876384361 41.7437487562,13.8876384361 41.7443043177,13.8873606559 41.7443043177,13.8873606559 41.7445820984,13.8870828758 41.7445820984,13.8870828758 41.7459710022,13.8873606559 41.7459710022,13.8873606559 41.746248783,13.8879162162 41.746248783,13.8879162162 41.7465265638,13.8884717765 41.7465265638,13.8884717765 41.7468043445,13.8890273368 41.7468043445,13.8890273368 41.7470821253,13.8893051169 41.7470821253,13.8893051169 41.7476376868,13.8909717978 41.7476376868,13.8909717978 41.7481932483,13.8912495779 41.7481932483,13.8912495779 41.7484710291,13.891527358 41.7484710291,13.891527358 41.7487488098,13.8929162587 41.7487488098,13.8929162587 41.7490265906,13.8937495991 41.7490265906,13.8937495991 41.7493043714,13.8943051594 41.7493043714,13.8943051594 41.7495821521,13.8956940601 41.7495821521,13.8956940601 41.7498599329,13.8962496204 41.7498599329,13.8962496204 41.7501377136,13.89541628 41.7501377136,13.89541628 41.7504154944,13.8948607197 41.7504154944,13.8948607197 41.7506932752,13.8945829396 41.7506932752,13.8945829396 41.7509710559,13.8937495991 41.7509710559,13.8937495991 41.7506932752,13.893471819 41.7506932752,13.893471819 41.7509710559,13.8909717978 41.7509710559,13.8909717978 41.7512488367,13.8904162375 41.7512488367,13.8904162375 41.7515266174,13.8901384573 41.7515266174,13.8901384573 41.7518043982,13.8884717765 41.7518043982,13.8884717765 41.752082179,13.8881939964 41.752082179,13.8881939964 41.7523599597,13.8876384361 41.7523599597,13.8876384361 41.7526377405,13.8856939751 41.7526377405,13.8856939751 41.7523599597,13.8851384148 41.7523599597,13.8851384148 41.752082179,13.8845828545 41.752082179,13.8845828545 41.7518043982,13.8840272943 41.7518043982,13.8840272943 41.7515266174,13.8837495141 41.7515266174,13.8837495141 41.7512488367,13.8829161737 41.7512488367,13.8829161737 41.7515266174,13.8823606134 41.7515266174,13.8823606134 41.7518043982,13.8820828333 41.7518043982,13.8820828333 41.752082179,13.8818050531 41.752082179,13.8818050531 41.7523599597,13.8820828333 41.7523599597,13.8820828333 41.7529155213,13.8823606134 41.7529155213,13.8823606134 41.753193302,13.8826383936 41.753193302,13.8826383936 41.7534710828,13.8829161737 41.7534710828,13.8829161737 41.7537488635,13.8831939538 41.7537488635,13.8831939538 41.7543044251,13.8837495141 41.7543044251,13.8837495141 41.7545822058,13.8840272943 41.7545822058,13.8840272943 41.7548599866,13.8843050744 41.7548599866,13.8843050744 41.7551377673,13.8848606347 41.7551377673,13.8848606347 41.7554155481,13.8851384148 41.7554155481,13.8851384148 41.7556933289,13.8856939751 41.7556933289,13.8856939751 41.7559711096,13.8862495354 41.7559711096,13.8862495354 41.7562488904,13.8873606559 41.7562488904,13.8873606559 41.7565266711,13.8893051169 41.7565266711,13.8893051169 41.7573600134,13.8890273368 41.7573600134,13.8890273368 41.7584711365,13.8893051169 41.7584711365,13.8893051169 41.7587489172,13.8895828971 41.7587489172,13.8895828971 41.759026698,13.8898606772 41.759026698,13.8898606772 41.7593044787,13.8901384573 41.7593044787,13.8901384573 41.7598600403,13.8904162375 41.7598600403,13.8904162375 41.7606933826,13.8901384573 41.7606933826,13.8901384573 41.7609711633,13.8898606772 41.7609711633,13.8898606772 41.7612489441,13.8895828971 41.7612489441,13.8895828971 41.7615267248,13.8901384573 41.7615267248,13.8901384573 41.7612489441,13.8912495779 41.7612489441,13.8912495779 41.7609711633,13.8923606985 41.7609711633,13.8923606985 41.7606933826,13.8929162587 41.7606933826,13.8929162587 41.7598600403,13.8931940389 41.7598600403,13.8931940389 41.759026698,13.893471819 41.759026698,13.893471819 41.7581933557,13.8937495991 41.7581933557,13.8937495991 41.7576377942,13.8931940389 41.7576377942,13.8931940389 41.7579155749,13.8929162587 41.7579155749,13.8929162587 41.7581933557,13.8926384786 41.7581933557,13.8926384786 41.7584711365,13.8923606985 41.7584711365,13.8923606985 41.7593044787,13.8918051382 41.7593044787,13.8918051382 41.759026698,13.8912495779 41.759026698,13.8912495779 41.7587489172,13.8909717978 41.7587489172,13.8909717978 41.7584711365,13.8904162375 41.7584711365,13.8904162375 41.7576377942,13.8906940176 41.7576377942,13.8906940176 41.7562488904,13.8909717978 41.7562488904,13.8909717978 41.7559711096,13.8906940176 41.7559711096,13.8906940176 41.7556933289,13.8890273368 41.7556933289,13.8890273368 41.7554155481,13.8879162162 41.7554155481,13.8879162162 41.7551377673,13.8873606559 41.7551377673,13.8873606559 41.7548599866,13.8870828758 41.7548599866,13.8870828758 41.7545822058,13.8868050957 41.7545822058,13.8868050957 41.7543044251,13.8865273155 41.7543044251,13.8865273155 41.7537488635,13.8884717765 41.7537488635,13.8884717765 41.7534710828,13.8890273368 41.7534710828,13.8890273368 41.753193302,13.8906940176 41.753193302,13.8906940176 41.7529155213,13.8909717978 41.7529155213,13.8909717978 41.7523599597,13.8912495779 41.7523599597,13.8912495779 41.752082179,13.8940273793 41.752082179,13.8940273793 41.7523599597,13.8948607197 41.7523599597,13.8948607197 41.752082179,13.8962496204 41.752082179,13.8962496204 41.7518043982,13.8965274005 41.7518043982,13.8965274005 41.7515266174,13.8968051807 41.7515266174,13.8968051807 41.7512488367,13.8970829608 41.7512488367,13.8970829608 41.7509710559,13.8976385211 41.7509710559,13.8976385211 41.7506932752,13.8981940814 41.7506932752,13.8981940814 41.7509710559,13.8993052019 41.7509710559,13.8993052019 41.7504154944,13.8995829821 41.7504154944,13.8995829821 41.7495821521,13.8993052019 41.7495821521,13.8993052019 41.7490265906,13.8990274218 41.7490265906,13.8990274218 41.7481932483,13.8987496417 41.7481932483,13.8987496417 41.747359906,13.8984718615 41.747359906,13.8984718615 41.7476376868,13.8981940814 41.7476376868,13.8981940814 41.7479154676,13.897360741 41.7479154676,13.897360741 41.7481932483,13.8965274005 41.7481932483,13.8965274005 41.7484710291,13.8945829396 41.7484710291,13.8945829396 41.7481932483,13.8943051594 41.7481932483,13.8943051594 41.7479154676,13.8940273793 41.7479154676,13.8940273793 41.7476376868,13.8937495991 41.7476376868,13.8937495991 41.747359906,13.893471819 41.747359906,13.893471819 41.7476376868,13.8931940389 41.7476376868,13.8931940389 41.747359906,13.8923606985 41.747359906,13.8923606985 41.7470821253,13.8920829183 41.7470821253,13.8920829183 41.7468043445,13.8918051382 41.7468043445,13.8918051382 41.7465265638,13.8909717978 41.7465265638,13.8909717978 41.746248783,13.8898606772 41.746248783,13.8898606772 41.7459710022,13.8893051169 41.7459710022,13.8893051169 41.74513766,13.8898606772 41.74513766,13.8898606772 41.7448598792,13.8904162375 41.7448598792,13.8904162375 41.7445820984,13.8909717978 41.7445820984,13.8909717978 41.7443043177,13.891527358 41.7443043177,13.891527358 41.7440265369,13.8918051382 41.7440265369,13.8918051382 41.7437487562,13.8920829183 41.7437487562,13.8920829183 41.7434709754,13.8923606985 41.7434709754,13.8923606985 41.7431931946,13.8926384786 41.7431931946,13.8926384786 41.7426376331,13.8923606985 41.7426376331,13.8923606985 41.7420820716,13.8920829183 41.7420820716,13.8920829183 41.7418042908,13.8923606985 41.7418042908,13.8923606985 41.7412487293,13.8920829183 41.7412487293,13.8920829183 41.7401376063,13.8912495779 41.7401376063,13.8912495779 41.740415387,13.8906940176 41.740415387,13.8906940176 41.7406931678,13.8887495566 41.7406931678,13.8887495566 41.740415387,13.8884717765 41.740415387,13.8884717765 41.7401376063,13.8881939964 41.7401376063,13.8881939964 41.7398598255,13.8884717765 41.7398598255,13.8884717765 41.7395820447,13.8895828971 41.7395820447,13.8895828971 41.739304264,13.8898606772 41.739304264,13.8898606772 41.7387487025,13.8901384573 41.7387487025,13.8901384573 41.7384709217,13.8904162375 41.7384709217,13.8904162375 41.7379153602,13.8906940176 41.7379153602,13.8906940176 41.7376375794,13.8904162375 41.7376375794,13.8904162375 41.7359708949,13.8890273368 41.7359708949,13.8890273368 41.7356931141,13.8879162162 41.7356931141,13.8879162162 41.7354153333,13.8873606559 41.7354153333,13.8873606559 41.7351375526,13.8856939751 41.7351375526,13.8856939751 41.7348597718,13.883471734 41.7348597718,13.883471734 41.7345819911,13.8820828333 41.7345819911,13.8820828333 41.7343042103,13.8818050531 41.7343042103,13.8818050531 41.7345819911,13.881527273 41.7345819911)),((13.9012496629 41.7506932752,13.9009718828 41.7506932752,13.9009718828 41.7509710559,13.9012496629 41.7509710559,13.9012496629 41.7506932752)),((13.8690271667 41.7679156823,13.8690271667 41.7676379016,13.8698605071 41.7676379016,13.8698605071 41.7673601208,13.8704160674 41.7673601208,13.8704160674 41.76708234,13.8709716277 41.76708234,13.8709716277 41.7668045593,13.8718049681 41.7668045593,13.8718049681 41.7665267785,13.8723605284 41.7665267785,13.8723605284 41.7662489978,13.8731938688 41.7662489978,13.8731938688 41.765971217,13.8737494291 41.765971217,13.8737494291 41.7656934362,13.8740272092 41.7656934362,13.8740272092 41.7651378747,13.8748605497 41.7651378747,13.8748605497 41.764860094,13.8756938901 41.764860094,13.8756938901 41.7645823132,13.8762494503 41.7645823132,13.8762494503 41.7643045324,13.8765272305 41.7643045324,13.8765272305 41.7640267517,13.8784716915 41.7640267517,13.8784716915 41.7643045324,13.879582812 41.7643045324,13.879582812 41.7640267517,13.8806939326 41.7640267517,13.8806939326 41.7637489709,13.8818050531 41.7637489709,13.8818050531 41.7634711902,13.8826383936 41.7634711902,13.8826383936 41.7631934094,13.8837495141 41.7631934094,13.8837495141 41.7629156286,13.8848606347 41.7629156286,13.8848606347 41.7626378479,13.8859717552 41.7626378479,13.8859717552 41.7623600671,13.8862495354 41.7623600671,13.8862495354 41.7620822864,13.8826383936 41.7620822864,13.8826383936 41.7623600671,13.8818050531 41.7623600671,13.8818050531 41.7626378479,13.8806939326 41.7626378479,13.8806939326 41.7629156286,13.879582812 41.7629156286,13.879582812 41.7631934094,13.8779161312 41.7631934094,13.8779161312 41.7629156286,13.8759716702 41.7629156286,13.8759716702 41.7631934094,13.8754161099 41.7631934094,13.8754161099 41.7634711902,13.8748605497 41.7634711902,13.8748605497 41.7637489709,13.8737494291 41.7637489709,13.8737494291 41.7640267517,13.8729160887 41.7640267517,13.8729160887 41.7643045324,13.8726383085 41.7643045324,13.8726383085 41.764860094,13.8723605284 41.764860094,13.8723605284 41.7651378747,13.8720827483 41.7651378747,13.8720827483 41.7654156555,13.8718049681 41.7654156555,13.8718049681 41.7656934362,13.871527188 41.7656934362,13.871527188 41.765971217,13.8712494078 41.765971217,13.8712494078 41.7662489978,13.8709716277 41.7662489978,13.8709716277 41.7665267785,13.8706938476 41.7665267785,13.8706938476 41.7668045593,13.869582727 41.7668045593,13.869582727 41.76708234,13.8684716064 41.76708234,13.8684716064 41.7673601208,13.8681938263 41.7673601208,13.8681938263 41.7676379016,13.867638266 41.7676379016,13.867638266 41.7681934631,13.8684716064 41.7681934631,13.8684716064 41.7679156823,13.8690271667 41.7679156823)),((13.867638266 41.7684712438,13.867638266 41.7681934631,13.8673604859 41.7681934631,13.8673604859 41.7684712438,13.867638266 41.7684712438)))"
886,"pnalm_scarab_000886","Onthophagus (Palaeonthophagus) lemur  (Fabricius, 1781)","Fabricius, 1781","subspecies","NULL","NULL","NULL","Scarabaeoidea","Coleoptera","NULL","NULL","Onthophagus","(Palaeonthophagus)","lemur","Italy","IT","NULL","NULL","NULL","Val Fondillo","Val Fondillo",,"NULL","NULL","NULL","NULL",,,"NULL","NULL","NULL","NULL","NULL","NULL","10043","1927","6","30","Paolo Luigioni","NULL","NULL","PreservedSpecimen","NULL","CPL-MCZR","NULL","NULL","NULL","NULL","NULL","(Luigioni 1931)","NULL","field_survey","NULL","CC BY 4.0","needs_review","NULL","NULL","NULL",1,"PNALM","Scarabaeoidea","",,13.8704742473229,41.7555553357692,3046,"MULTIPOLYGON(((13.857310829 41.7797921313,13.8517961231 41.7791618792,13.8493276357 41.7727017952,13.8479620895 41.7678698624,13.8500629298 41.7630379297,13.8519536861 41.7569454927,13.8566805769 41.752743812,13.8625629298 41.7498026355,13.8705461231 41.7474917112,13.8765335181 41.7406639801,13.8781091483 41.7382480137,13.882310829 41.733941291,13.8871427618 41.7317354086,13.8891385601 41.7319454927,13.8924999046 41.7356219633,13.8985923416 41.7441303666,13.9034242744 41.7444454927,13.9031091483 41.7484370893,13.8959662912 41.7575757448,13.8937604088 41.7577858288,13.8928150307 41.7607270053,13.8749578878 41.765348854,13.8640335181 41.7698656607,13.8604095685 41.7752228036,13.85736335 41.7796870893,13.857310829 41.7797921313)))"
913,"pnalm_scarab_000913","Onthophagus (Palaeonthophagus) medius (Kugelann, 1792)","Kugelann, 1792","subspecies","NULL","NULL","NULL","Scarabaeoidea","Coleoptera","NULL","NULL","Onthophagus","(Palaeonthophagus)","medius","Italy","IT","NULL","NULL","NULL","Val Fondillo","Val Fondillo",1600,"1600.0","NULL","NULL","NULL",,,"NULL","NULL","NULL","NULL","NULL","NULL","1996","1996","NULL","NULL","NULL","NULL","NULL","HumanObservation","NULL","NULL","NULL","NULL","NULL","NULL","NULL","(Carpaneto et al. 2005)","NULL","literature","NULL","NULL","needs_review","NULL","NULL","NULL",4,"PNALM","Scarabaeoidea","",,13.881805053143,41.7520821789709,2180,"MULTIPOLYGON(((13.8826383936 41.7337486488,13.8823606134 41.7337486488,13.8823606134 41.7340264295,13.8826383936 41.7340264295,13.8826383936 41.7337486488)),((13.8820828333 41.7340264295,13.8820828333 41.7343042103,13.8823606134 41.7343042103,13.8823606134 41.7340264295,13.8820828333 41.7340264295)),((13.881527273 41.7345819911,13.881527273 41.7348597718,13.8812494929 41.7348597718,13.8812494929 41.7351375526,13.8809717127 41.7351375526,13.8809717127 41.7354153333,13.8806939326 41.7354153333,13.8806939326 41.7356931141,13.8804161524 41.7356931141,13.8804161524 41.7359708949,13.8820828333 41.7359708949,13.8820828333 41.7362486756,13.8840272943 41.7362486756,13.8840272943 41.7365264564,13.8848606347 41.7365264564,13.8848606347 41.7368042371,13.885416195 41.7368042371,13.885416195 41.7370820179,13.8859717552 41.7370820179,13.8859717552 41.7373597987,13.8879162162 41.7373597987,13.8879162162 41.7381931409,13.8873606559 41.7381931409,13.8873606559 41.7384709217,13.8870828758 41.7384709217,13.8870828758 41.7387487025,13.8868050957 41.7387487025,13.8868050957 41.7390264832,13.8865273155 41.7390264832,13.8865273155 41.7395820447,13.8862495354 41.7395820447,13.8862495354 41.7398598255,13.8859717552 41.7398598255,13.8859717552 41.7406931678,13.8856939751 41.7406931678,13.8856939751 41.7412487293,13.8851384148 41.7412487293,13.8851384148 41.7415265101,13.8848606347 41.7415265101,13.8848606347 41.7418042908,13.8845828545 41.7418042908,13.8845828545 41.7423598523,13.8848606347 41.7423598523,13.8848606347 41.7429154139,13.885416195 41.7429154139,13.885416195 41.7431931946,13.8868050957 41.7431931946,13.8868050957 41.7429154139,13.8870828758 41.7429154139,13.8870828758 41.7426376331,13.8898606772 41.7426376331,13.8898606772 41.7429154139,13.8890273368 41.7429154139,13.8890273368 41.7431931946,13.8884717765 41.7431931946,13.8884717765 41.7434709754,13.8881939964 41.7434709754,13.8881939964 41.7437487562,13.8876384361 41.7437487562,13.8876384361 41.7443043177,13.8873606559 41.7443043177,13.8873606559 41.7445820984,13.8870828758 41.7445820984,13.8870828758 41.7459710022,13.8873606559 41.7459710022,13.8873606559 41.746248783,13.8879162162 41.746248783,13.8879162162 41.7465265638,13.8884717765 41.7465265638,13.8884717765 41.7468043445,13.8890273368 41.7468043445,13.8890273368 41.7470821253,13.8893051169 41.7470821253,13.8893051169 41.7476376868,13.8909717978 41.7476376868,13.8909717978 41.7481932483,13.8912495779 41.7481932483,13.8912495779 41.7484710291,13.891527358 41.7484710291,13.891527358 41.7487488098,13.8929162587 41.7487488098,13.8929162587 41.7490265906,13.8937495991 41.7490265906,13.8937495991 41.7493043714,13.8943051594 41.7493043714,13.8943051594 41.7495821521,13.8956940601 41.7495821521,13.8956940601 41.7498599329,13.8962496204 41.7498599329,13.8962496204 41.7501377136,13.89541628 41.7501377136,13.89541628 41.7504154944,13.8948607197 41.7504154944,13.8948607197 41.7506932752,13.8945829396 41.7506932752,13.8945829396 41.7509710559,13.8937495991 41.7509710559,13.8937495991 41.7506932752,13.893471819 41.7506932752,13.893471819 41.7509710559,13.8909717978 41.7509710559,13.8909717978 41.7512488367,13.8904162375 41.7512488367,13.8904162375 41.7515266174,13.8901384573 41.7515266174,13.8901384573 41.7518043982,13.8884717765 41.7518043982,13.8884717765 41.752082179,13.8881939964 41.752082179,13.8881939964 41.7523599597,13.8876384361 41.7523599597,13.8876384361 41.7526377405,13.8856939751 41.7526377405,13.8856939751 41.7523599597,13.8851384148 41.7523599597,13.8851384148 41.752082179,13.8845828545 41.752082179,13.8845828545 41.7518043982,13.8840272943 41.7518043982,13.8840272943 41.7515266174,13.8837495141 41.7515266174,13.8837495141 41.7512488367,13.8829161737 41.7512488367,13.8829161737 41.7515266174,13.8823606134 41.7515266174,13.8823606134 41.7518043982,13.8820828333 41.7518043982,13.8820828333 41.752082179,13.8818050531 41.752082179,13.8818050531 41.7523599597,13.8820828333 41.7523599597,13.8820828333 41.7529155213,13.8823606134 41.7529155213,13.8823606134 41.753193302,13.8826383936 41.753193302,13.8826383936 41.7534710828,13.8829161737 41.7534710828,13.8829161737 41.7537488635,13.8831939538 41.7537488635,13.8831939538 41.7543044251,13.8837495141 41.7543044251,13.8837495141 41.7545822058,13.8840272943 41.7545822058,13.8840272943 41.7548599866,13.8843050744 41.7548599866,13.8843050744 41.7551377673,13.8848606347 41.7551377673,13.8848606347 41.7554155481,13.8851384148 41.7554155481,13.8851384148 41.7556933289,13.8856939751 41.7556933289,13.8856939751 41.7559711096,13.8862495354 41.7559711096,13.8862495354 41.7562488904,13.8873606559 41.7562488904,13.8873606559 41.7565266711,13.8893051169 41.7565266711,13.8893051169 41.7573600134,13.8890273368 41.7573600134,13.8890273368 41.7584711365,13.8893051169 41.7584711365,13.8893051169 41.7587489172,13.8895828971 41.7587489172,13.8895828971 41.759026698,13.8898606772 41.759026698,13.8898606772 41.7593044787,13.8901384573 41.7593044787,13.8901384573 41.7598600403,13.8904162375 41.7598600403,13.8904162375 41.7606933826,13.8901384573 41.7606933826,13.8901384573 41.7609711633,13.8898606772 41.7609711633,13.8898606772 41.7612489441,13.8895828971 41.7612489441,13.8895828971 41.7615267248,13.8901384573 41.7615267248,13.8901384573 41.7612489441,13.8912495779 41.7612489441,13.8912495779 41.7609711633,13.8923606985 41.7609711633,13.8923606985 41.7606933826,13.8929162587 41.7606933826,13.8929162587 41.7598600403,13.8931940389 41.7598600403,13.8931940389 41.759026698,13.893471819 41.759026698,13.893471819 41.7581933557,13.8937495991 41.7581933557,13.8937495991 41.7576377942,13.8931940389 41.7576377942,13.8931940389 41.7579155749,13.8929162587 41.7579155749,13.8929162587 41.7581933557,13.8926384786 41.7581933557,13.8926384786 41.7584711365,13.8923606985 41.7584711365,13.8923606985 41.7593044787,13.8918051382 41.7593044787,13.8918051382 41.759026698,13.8912495779 41.759026698,13.8912495779 41.7587489172,13.8909717978 41.7587489172,13.8909717978 41.7584711365,13.8904162375 41.7584711365,13.8904162375 41.7576377942,13.8906940176 41.7576377942,13.8906940176 41.7562488904,13.8909717978 41.7562488904,13.8909717978 41.7559711096,13.8906940176 41.7559711096,13.8906940176 41.7556933289,13.8890273368 41.7556933289,13.8890273368 41.7554155481,13.8879162162 41.7554155481,13.8879162162 41.7551377673,13.8873606559 41.7551377673,13.8873606559 41.7548599866,13.8870828758 41.7548599866,13.8870828758 41.7545822058,13.8868050957 41.7545822058,13.8868050957 41.7543044251,13.8865273155 41.7543044251,13.8865273155 41.7537488635,13.8884717765 41.7537488635,13.8884717765 41.7534710828,13.8890273368 41.7534710828,13.8890273368 41.753193302,13.8906940176 41.753193302,13.8906940176 41.7529155213,13.8909717978 41.7529155213,13.8909717978 41.7523599597,13.8912495779 41.7523599597,13.8912495779 41.752082179,13.8940273793 41.752082179,13.8940273793 41.7523599597,13.8948607197 41.7523599597,13.8948607197 41.752082179,13.8962496204 41.752082179,13.8962496204 41.7518043982,13.8965274005 41.7518043982,13.8965274005 41.7515266174,13.8968051807 41.7515266174,13.8968051807 41.7512488367,13.8970829608 41.7512488367,13.8970829608 41.7509710559,13.8976385211 41.7509710559,13.8976385211 41.7506932752,13.8981940814 41.7506932752,13.8981940814 41.7509710559,13.8993052019 41.7509710559,13.8993052019 41.7504154944,13.8995829821 41.7504154944,13.8995829821 41.7495821521,13.8993052019 41.7495821521,13.8993052019 41.7490265906,13.8990274218 41.7490265906,13.8990274218 41.7481932483,13.8987496417 41.7481932483,13.8987496417 41.747359906,13.8984718615 41.747359906,13.8984718615 41.7476376868,13.8981940814 41.7476376868,13.8981940814 41.7479154676,13.897360741 41.7479154676,13.897360741 41.7481932483,13.8965274005 41.7481932483,13.8965274005 41.7484710291,13.8945829396 41.7484710291,13.8945829396 41.7481932483,13.8943051594 41.7481932483,13.8943051594 41.7479154676,13.8940273793 41.7479154676,13.8940273793 41.7476376868,13.8937495991 41.7476376868,13.8937495991 41.747359906,13.893471819 41.747359906,13.893471819 41.7476376868,13.8931940389 41.7476376868,13.8931940389 41.747359906,13.8923606985 41.747359906,13.8923606985 41.7470821253,13.8920829183 41.7470821253,13.8920829183 41.7468043445,13.8918051382 41.7468043445,13.8918051382 41.7465265638,13.8909717978 41.7465265638,13.8909717978 41.746248783,13.8898606772 41.746248783,13.8898606772 41.7459710022,13.8893051169 41.7459710022,13.8893051169 41.74513766,13.8898606772 41.74513766,13.8898606772 41.7448598792,13.8904162375 41.7448598792,13.8904162375 41.7445820984,13.8909717978 41.7445820984,13.8909717978 41.7443043177,13.891527358 41.7443043177,13.891527358 41.7440265369,13.8918051382 41.7440265369,13.8918051382 41.7437487562,13.8920829183 41.7437487562,13.8920829183 41.7434709754,13.8923606985 41.7434709754,13.8923606985 41.7431931946,13.8926384786 41.7431931946,13.8926384786 41.7426376331,13.8923606985 41.7426376331,13.8923606985 41.7420820716,13.8920829183 41.7420820716,13.8920829183 41.7418042908,13.8923606985 41.7418042908,13.8923606985 41.7412487293,13.8920829183 41.7412487293,13.8920829183 41.7401376063,13.8912495779 41.7401376063,13.8912495779 41.740415387,13.8906940176 41.740415387,13.8906940176 41.7406931678,13.8887495566 41.7406931678,13.8887495566 41.740415387,13.8884717765 41.740415387,13.8884717765 41.7401376063,13.8881939964 41.7401376063,13.8881939964 41.7398598255,13.8884717765 41.7398598255,13.8884717765 41.7395820447,13.8895828971 41.7395820447,13.8895828971 41.739304264,13.8898606772 41.739304264,13.8898606772 41.7387487025,13.8901384573 41.7387487025,13.8901384573 41.7384709217,13.8904162375 41.7384709217,13.8904162375 41.7379153602,13.8906940176 41.7379153602,13.8906940176 41.7376375794,13.8904162375 41.7376375794,13.8904162375 41.7359708949,13.8890273368 41.7359708949,13.8890273368 41.7356931141,13.8879162162 41.7356931141,13.8879162162 41.7354153333,13.8873606559 41.7354153333,13.8873606559 41.7351375526,13.8856939751 41.7351375526,13.8856939751 41.7348597718,13.883471734 41.7348597718,13.883471734 41.7345819911,13.8820828333 41.7345819911,13.8820828333 41.7343042103,13.8818050531 41.7343042103,13.8818050531 41.7345819911,13.881527273 41.7345819911)),((13.9012496629 41.7506932752,13.9009718828 41.7506932752,13.9009718828 41.7509710559,13.9012496629 41.7509710559,13.9012496629 41.7506932752)),((13.8690271667 41.7679156823,13.8690271667 41.7676379016,13.8698605071 41.7676379016,13.8698605071 41.7673601208,13.8704160674 41.7673601208,13.8704160674 41.76708234,13.8709716277 41.76708234,13.8709716277 41.7668045593,13.8718049681 41.7668045593,13.8718049681 41.7665267785,13.8723605284 41.7665267785,13.8723605284 41.7662489978,13.8731938688 41.7662489978,13.8731938688 41.765971217,13.8737494291 41.765971217,13.8737494291 41.7656934362,13.8740272092 41.7656934362,13.8740272092 41.7651378747,13.8748605497 41.7651378747,13.8748605497 41.764860094,13.8756938901 41.764860094,13.8756938901 41.7645823132,13.8762494503 41.7645823132,13.8762494503 41.7643045324,13.8765272305 41.7643045324,13.8765272305 41.7640267517,13.8784716915 41.7640267517,13.8784716915 41.7643045324,13.879582812 41.7643045324,13.879582812 41.7640267517,13.8806939326 41.7640267517,13.8806939326 41.7637489709,13.8818050531 41.7637489709,13.8818050531 41.7634711902,13.8826383936 41.7634711902,13.8826383936 41.7631934094,13.8837495141 41.7631934094,13.8837495141 41.7629156286,13.8848606347 41.7629156286,13.8848606347 41.7626378479,13.8859717552 41.7626378479,13.8859717552 41.7623600671,13.8862495354 41.7623600671,13.8862495354 41.7620822864,13.8826383936 41.7620822864,13.8826383936 41.7623600671,13.8818050531 41.7623600671,13.8818050531 41.7626378479,13.8806939326 41.7626378479,13.8806939326 41.7629156286,13.879582812 41.7629156286,13.879582812 41.7631934094,13.8779161312 41.7631934094,13.8779161312 41.7629156286,13.8759716702 41.7629156286,13.8759716702 41.7631934094,13.8754161099 41.7631934094,13.8754161099 41.7634711902,13.8748605497 41.7634711902,13.8748605497 41.7637489709,13.8737494291 41.7637489709,13.8737494291 41.7640267517,13.8729160887 41.7640267517,13.8729160887 41.7643045324,13.8726383085 41.7643045324,13.8726383085 41.764860094,13.8723605284 41.764860094,13.8723605284 41.7651378747,13.8720827483 41.7651378747,13.8720827483 41.7654156555,13.8718049681 41.7654156555,13.8718049681 41.7656934362,13.871527188 41.7656934362,13.871527188 41.765971217,13.8712494078 41.765971217,13.8712494078 41.7662489978,13.8709716277 41.7662489978,13.8709716277 41.7665267785,13.8706938476 41.7665267785,13.8706938476 41.7668045593,13.869582727 41.7668045593,13.869582727 41.76708234,13.8684716064 41.76708234,13.8684716064 41.7673601208,13.8681938263 41.7673601208,13.8681938263 41.7676379016,13.867638266 41.7676379016,13.867638266 41.7681934631,13.8684716064 41.7681934631,13.8684716064 41.7679156823,13.8690271667 41.7679156823)),((13.867638266 41.7684712438,13.867638266 41.7681934631,13.8673604859 41.7681934631,13.8673604859 41.7684712438,13.867638266 41.7684712438)))"
956,"pnalm_scarab_000956","Omaloplia (Omaloplia) ruricola nicolasi  Baraud 1965 (= Homaloplia (s.str.) nicolasi Baraud, 1965)","NULL","subspecies","NULL","NULL","NULL","Scarabaeoidea","Coleoptera","NULL","NULL","Omaloplia","(Omaloplia)","ruricola","Italy","IT","NULL","NULL","NULL","Val Fondillo","Val Fondillo",,"NULL","NULL","NULL","NULL",,,"NULL","NULL","NULL","NULL","NULL","NULL","10038","1927","6","25","Paolo Luigioni","NULL","NULL","PreservedSpecimen","NULL","CGC-MCZR","NULL","NULL","NULL","NULL","NULL","(Luigioni 1931)","NULL","field_survey","NULL","CC BY 4.0","needs_review","NULL","NULL","NULL",1,"PNALM","Scarabaeoidea","",,13.8704742473229,41.7555553357692,3046,"MULTIPOLYGON(((13.857310829 41.7797921313,13.8517961231 41.7791618792,13.8493276357 41.7727017952,13.8479620895 41.7678698624,13.8500629298 41.7630379297,13.8519536861 41.7569454927,13.8566805769 41.752743812,13.8625629298 41.7498026355,13.8705461231 41.7474917112,13.8765335181 41.7406639801,13.8781091483 41.7382480137,13.882310829 41.733941291,13.8871427618 41.7317354086,13.8891385601 41.7319454927,13.8924999046 41.7356219633,13.8985923416 41.7441303666,13.9034242744 41.7444454927,13.9031091483 41.7484370893,13.8959662912 41.7575757448,13.8937604088 41.7577858288,13.8928150307 41.7607270053,13.8749578878 41.765348854,13.8640335181 41.7698656607,13.8604095685 41.7752228036,13.85736335 41.7796870893,13.857310829 41.7797921313)))"
958,"pnalm_scarab_000958","Omaloplia (Omaloplia) ruricola nicolasi  Baraud 1965 (= Homaloplia (s.str.) nicolasi Baraud, 1965)","NULL","subspecies","NULL","NULL","NULL","Scarabaeoidea","Coleoptera","NULL","NULL","Omaloplia","(Omaloplia)","ruricola","Italy","IT","NULL","NULL","NULL","Val Fondillo","Val Fondillo",,"NULL","NULL","NULL","NULL",,,"NULL","NULL","NULL","NULL","NULL","NULL","23202","1963","7","10","Ubaldo Di Iulio","NULL","NULL","PreservedSpecimen","NULL","CGP-PNALM","NULL","NULL","NULL","NULL","NULL","NULL","NULL","field_survey","NULL","CC BY 4.0","needs_review","NULL","NULL","NULL",1,"PNALM","Scarabaeoidea","",,13.8704742473229,41.7555553357692,3046,"MULTIPOLYGON(((13.857310829 41.7797921313,13.8517961231 41.7791618792,13.8493276357 41.7727017952,13.8479620895 41.7678698624,13.8500629298 41.7630379297,13.8519536861 41.7569454927,13.8566805769 41.752743812,13.8625629298 41.7498026355,13.8705461231 41.7474917112,13.8765335181 41.7406639801,13.8781091483 41.7382480137,13.882310829 41.733941291,13.8871427618 41.7317354086,13.8891385601 41.7319454927,13.8924999046 41.7356219633,13.8985923416 41.7441303666,13.9034242744 41.7444454927,13.9031091483 41.7484370893,13.8959662912 41.7575757448,13.8937604088 41.7577858288,13.8928150307 41.7607270053,13.8749578878 41.765348854,13.8640335181 41.7698656607,13.8604095685 41.7752228036,13.85736335 41.7796870893,13.857310829 41.7797921313)))"
959,"pnalm_scarab_000959","Omaloplia (Omaloplia) ruricola nicolasi  Baraud 1965 (= Homaloplia (s.str.) nicolasi Baraud, 1965)","NULL","subspecies","NULL","NULL","NULL","Scarabaeoidea","Coleoptera","NULL","NULL","Omaloplia","(Omaloplia)","ruricola","Italy","IT","NULL","NULL","NULL","Val Fondillo","Val Fondillo",,"NULL","NULL","NULL","NULL",,,"NULL","NULL","NULL","NULL","NULL","NULL","1972-07","1972","7","NULL","Franco Tassi","NULL","NULL","PreservedSpecimen","NULL","CGP-PNALM","NULL","NULL","NULL","NULL","NULL","NULL","NULL","field_survey","NULL","CC BY 4.0","needs_review","NULL","NULL","NULL",1,"PNALM","Scarabaeoidea","",,13.8704742473229,41.7555553357692,3046,"MULTIPOLYGON(((13.857310829 41.7797921313,13.8517961231 41.7791618792,13.8493276357 41.7727017952,13.8479620895 41.7678698624,13.8500629298 41.7630379297,13.8519536861 41.7569454927,13.8566805769 41.752743812,13.8625629298 41.7498026355,13.8705461231 41.7474917112,13.8765335181 41.7406639801,13.8781091483 41.7382480137,13.882310829 41.733941291,13.8871427618 41.7317354086,13.8891385601 41.7319454927,13.8924999046 41.7356219633,13.8985923416 41.7441303666,13.9034242744 41.7444454927,13.9031091483 41.7484370893,13.8959662912 41.7575757448,13.8937604088 41.7577858288,13.8928150307 41.7607270053,13.8749578878 41.765348854,13.8640335181 41.7698656607,13.8604095685 41.7752228036,13.85736335 41.7796870893,13.857310829 41.7797921313)))"
960,"pnalm_scarab_000960","Omaloplia (Omaloplia) ruricola nicolasi  Baraud 1965 (= Homaloplia (s.str.) nicolasi Baraud, 1965)","NULL","subspecies","NULL","NULL","NULL","Scarabaeoidea","Coleoptera","NULL","NULL","Omaloplia","(Omaloplia)","ruricola","Italy","IT","NULL","NULL","NULL","Val Fondillo","Val Fondillo",,"NULL","NULL","NULL","NULL",,,"NULL","NULL","NULL","NULL","NULL","NULL","1978-07","1978","7","NULL","Enrico Migliaccio","NULL","NULL","PreservedSpecimen","NULL","CGP-PNALM","NULL","NULL","NULL","NULL","NULL","NULL","NULL","field_survey","NULL","CC BY 4.0","needs_review","NULL","NULL","NULL",1,"PNALM","Scarabaeoidea","",,13.8704742473229,41.7555553357692,3046,"MULTIPOLYGON(((13.857310829 41.7797921313,13.8517961231 41.7791618792,13.8493276357 41.7727017952,13.8479620895 41.7678698624,13.8500629298 41.7630379297,13.8519536861 41.7569454927,13.8566805769 41.752743812,13.8625629298 41.7498026355,13.8705461231 41.7474917112,13.8765335181 41.7406639801,13.8781091483 41.7382480137,13.882310829 41.733941291,13.8871427618 41.7317354086,13.8891385601 41.7319454927,13.8924999046 41.7356219633,13.8985923416 41.7441303666,13.9034242744 41.7444454927,13.9031091483 41.7484370893,13.8959662912 41.7575757448,13.8937604088 41.7577858288,13.8928150307 41.7607270053,13.8749578878 41.765348854,13.8640335181 41.7698656607,13.8604095685 41.7752228036,13.85736335 41.7796870893,13.857310829 41.7797921313)))"
976,"pnalm_scarab_000976","Hoplia (Hoplia) argentea  (Poda, 1761) (=Hoplia farinosa auctorum nec Linnaeus 1761)","=Hoplia farinosa auctorum nec Linnaeus 1761","subspecies","NULL","NULL","NULL","Scarabaeoidea","Coleoptera","NULL","NULL","Hoplia","(Hoplia)","argentea","Italy","IT","NULL","NULL","NULL","Fiume Sangro (Villeta Barrea-Val Fondillo)","Fiume Sangro (Villeta Barrea-Val Fondillo)",,"NULL","NULL","NULL","NULL",,,"NULL","NULL","NULL","NULL","NULL","NULL","22455","1961","6","23","Ubaldo Di Iulio","NULL","NULL","PreservedSpecimen","NULL","CGP-PNALM","NULL","NULL","NULL","NULL","NULL","NULL","NULL","field_survey","NULL","CC BY 4.0","needs_review","NULL","NULL","NULL",1,"PNALM","Scarabaeoidea","",,13.8704742473229,41.7555553357692,3046,"MULTIPOLYGON(((13.857310829 41.7797921313,13.8517961231 41.7791618792,13.8493276357 41.7727017952,13.8479620895 41.7678698624,13.8500629298 41.7630379297,13.8519536861 41.7569454927,13.8566805769 41.752743812,13.8625629298 41.7498026355,13.8705461231 41.7474917112,13.8765335181 41.7406639801,13.8781091483 41.7382480137,13.882310829 41.733941291,13.8871427618 41.7317354086,13.8891385601 41.7319454927,13.8924999046 41.7356219633,13.8985923416 41.7441303666,13.9034242744 41.7444454927,13.9031091483 41.7484370893,13.8959662912 41.7575757448,13.8937604088 41.7577858288,13.8928150307 41.7607270053,13.8749578878 41.765348854,13.8640335181 41.7698656607,13.8604095685 41.7752228036,13.85736335 41.7796870893,13.857310829 41.7797921313)))"
988,"pnalm_scarab_000988","Amphimallon assimile  (Herbst, 1790)","Herbst, 1790","species","NULL","NULL","NULL","Scarabaeoidea","Coleoptera","NULL","NULL","Amphimallon","assimile","NULL","Italy","IT","NULL","NULL","NULL","Val Fondillo","Val Fondillo",,"NULL","NULL","NULL","NULL",,,"NULL","NULL","NULL","NULL","NULL","NULL","25018","1968","6","29","Giovanni Papini","NULL","NULL","PreservedSpecimen","NULL","CGP-PNALM","NULL","NULL","NULL","NULL","NULL","NULL","NULL","field_survey","NULL","CC BY 4.0","needs_review","NULL","NULL","NULL",1,"PNALM","Scarabaeoidea","",,13.8704742473229,41.7555553357692,3046,"MULTIPOLYGON(((13.857310829 41.7797921313,13.8517961231 41.7791618792,13.8493276357 41.7727017952,13.8479620895 41.7678698624,13.8500629298 41.7630379297,13.8519536861 41.7569454927,13.8566805769 41.752743812,13.8625629298 41.7498026355,13.8705461231 41.7474917112,13.8765335181 41.7406639801,13.8781091483 41.7382480137,13.882310829 41.733941291,13.8871427618 41.7317354086,13.8891385601 41.7319454927,13.8924999046 41.7356219633,13.8985923416 41.7441303666,13.9034242744 41.7444454927,13.9031091483 41.7484370893,13.8959662912 41.7575757448,13.8937604088 41.7577858288,13.8928150307 41.7607270053,13.8749578878 41.765348854,13.8640335181 41.7698656607,13.8604095685 41.7752228036,13.85736335 41.7796870893,13.857310829 41.7797921313)))"
994,"pnalm_scarab_000994","Amphimallon solstitiale solstitiale  (Linnaeus, 1758)","Linnaeus, 1758","subspecies","NULL","NULL","NULL","Scarabaeoidea","Coleoptera","NULL","NULL","Amphimallon","solstitiale","solstitiale","Italy","IT","NULL","NULL","NULL","Val Fondillo","Val Fondillo",,"NULL","NULL","NULL","NULL",,,"NULL","NULL","NULL","NULL","NULL","NULL","1954-07","1954","7","NULL","NULL","NULL","NULL","PreservedSpecimen","NULL","CGP-PNALM","NULL","NULL","NULL","NULL","NULL","NULL","NULL","museum","NULL","NULL","needs_review","NULL","NULL","NULL",1,"PNALM","Scarabaeoidea","",,13.8704742473229,41.7555553357692,3046,"MULTIPOLYGON(((13.857310829 41.7797921313,13.8517961231 41.7791618792,13.8493276357 41.7727017952,13.8479620895 41.7678698624,13.8500629298 41.7630379297,13.8519536861 41.7569454927,13.8566805769 41.752743812,13.8625629298 41.7498026355,13.8705461231 41.7474917112,13.8765335181 41.7406639801,13.8781091483 41.7382480137,13.882310829 41.733941291,13.8871427618 41.7317354086,13.8891385601 41.7319454927,13.8924999046 41.7356219633,13.8985923416 41.7441303666,13.9034242744 41.7444454927,13.9031091483 41.7484370893,13.8959662912 41.7575757448,13.8937604088 41.7577858288,13.8928150307 41.7607270053,13.8749578878 41.765348854,13.8640335181 41.7698656607,13.8604095685 41.7752228036,13.85736335 41.7796870893,13.857310829 41.7797921313)))"
996,"""pnalm_scarab_000996","Amphimallon solstitiale solstitiale  (Linnaeus, 1758)","Linnaeus, 1758","subspecies","NULL","NULL","NULL","Scarabaeoidea","Coleoptera","NULL","NULL","Amphimallon","solstitiale","solstitiale","Italy","IT","NULL","NULL","NULL","Val Fondillo","Val Fondillo",,"NULL","NULL","","",,,"50","NULL","NULL","NULL","NULL","NULL","40748","2011","7","24","Giuseppe M. Carpaneto et al.","NULL","NULL","PreservedSpecimen","NULL","CGC-MCZR","NULL","NULL","NULL","NULL","NULL","NULL","NULL","field_survey","NULL","CC BY 4.0","unverified","NULL","NULL","NULL",1,"PNALM","Scarabaeoidea""","",,13.8704742473229,41.7555553357692,3046,"MULTIPOLYGON(((13.857310829 41.7797921313,13.8517961231 41.7791618792,13.8493276357 41.7727017952,13.8479620895 41.7678698624,13.8500629298 41.7630379297,13.8519536861 41.7569454927,13.8566805769 41.752743812,13.8625629298 41.7498026355,13.8705461231 41.7474917112,13.8765335181 41.7406639801,13.8781091483 41.7382480137,13.882310829 41.733941291,13.8871427618 41.7317354086,13.8891385601 41.7319454927,13.8924999046 41.7356219633,13.8985923416 41.7441303666,13.9034242744 41.7444454927,13.9031091483 41.7484370893,13.8959662912 41.7575757448,13.8937604088 41.7577858288,13.8928150307 41.7607270053,13.8749578878 41.765348854,13.8640335181 41.7698656607,13.8604095685 41.7752228036,13.85736335 41.7796870893,13.857310829 41.7797921313)))"
1008,"pnalm_scarab_001008","Mimela junii (Duftschmid, 1805)","Duftschmid, 1805","species","NULL","NULL","NULL","Scarabaeoidea","Coleoptera","NULL","NULL","Mimela","junii","NULL","Italy","IT","NULL","NULL","NULL","Val Fondillo","Val Fondillo",1100,"1100.0","NULL","NULL","",,,"NULL","NULL","NULL","NULL","NULL","NULL","12235","1933","6","30","Paolo Luigioni","NULL","NULL","PreservedSpecimen","NULL","CPL-MCZR","NULL","NULL","NULL","NULL","NULL","(Luigioni 1933)","NULL","field_survey","NULL","CC BY 4.0","needs_review","NULL","NULL","NULL",5,"PNALM","Scarabaeoidea","",,13.8566668527318,41.7676380271054,1357,"MULTIPOLYGON(((13.8543048193 41.7795824743,13.8543048193 41.7793046935,13.8518047981 41.7793046935,13.8518047981 41.778749132,13.8515270179 41.778749132,13.8515270179 41.7781935705,13.8512492378 41.7781935705,13.8512492378 41.7773602282,13.8509714576 41.7773602282,13.8509714576 41.7765268859,13.8506936775 41.7765268859,13.8506936775 41.7759713244,13.8504158974 41.7759713244,13.8504158974 41.7751379821,13.8501381172 41.7751379821,13.8501381172 41.7745824206,13.8498603371 41.7745824206,13.8498603371 41.7737490783,13.8495825569 41.7737490783,13.8495825569 41.772915736,13.8493047768 41.772915736,13.8493047768 41.7726379553,13.8498603371 41.7726379553,13.8498603371 41.7720823937,13.8495825569 41.7720823937,13.8495825569 41.771804613,13.8498603371 41.771804613,13.8498603371 41.7715268322,13.8504158974 41.7715268322,13.8504158974 41.7712490515,13.8506936775 41.7712490515,13.8506936775 41.7709712707,13.8512492378 41.7709712707,13.8512492378 41.7706934899,13.8515270179 41.7706934899,13.8515270179 41.7704157092,13.8520825782 41.7704157092,13.8520825782 41.7701379284,13.8523603583 41.7701379284,13.8523603583 41.7695823669,13.8529159186 41.7695823669,13.8529159186 41.7681934631,13.8531936988 41.7681934631,13.8531936988 41.76708234,13.8534714789 41.76708234,13.8534714789 41.7668045593,13.853749259 41.7668045593,13.853749259 41.7662489978,13.8540270392 41.7662489978,13.8540270392 41.7656934362,13.8543048193 41.7656934362,13.8543048193 41.7651378747,13.8545825995 41.7651378747,13.8545825995 41.764860094,13.8548603796 41.764860094,13.8548603796 41.7645823132,13.8551381597 41.7645823132,13.8551381597 41.7640267517,13.8554159399 41.7640267517,13.8554159399 41.7637489709,13.85569372 41.7637489709,13.85569372 41.7634711902,13.8559715002 41.7634711902,13.8559715002 41.7631934094,13.85569372 41.7631934094,13.85569372 41.7629156286,13.8559715002 41.7629156286,13.8559715002 41.7626378479,13.8562492803 41.7626378479,13.8562492803 41.7623600671,13.8565270604 41.7623600671,13.8565270604 41.7618045056,13.8570826207 41.7618045056,13.8570826207 41.7615267248,13.8573604009 41.7615267248,13.8573604009 41.7609711633,13.857638181 41.7609711633,13.857638181 41.7606933826,13.8579159611 41.7606933826,13.8579159611 41.7604156018,13.8584715214 41.7604156018,13.8584715214 41.760137821,13.8587493015 41.760137821,13.8587493015 41.7598600403,13.8590270817 41.7598600403,13.8590270817 41.7595822595,13.8593048618 41.7595822595,13.8593048618 41.759026698,13.859582642 41.759026698,13.859582642 41.7579155749,13.8601382022 41.7579155749,13.8601382022 41.7576377942,13.8604159824 41.7576377942,13.8604159824 41.7562488904,13.8609715427 41.7562488904,13.8609715427 41.7559711096,13.8615271029 41.7559711096,13.8615271029 41.7565266711,13.8612493228 41.7565266711,13.8612493228 41.7576377942,13.8615271029 41.7576377942,13.8615271029 41.7581933557,13.8618048831 41.7581933557,13.8618048831 41.7584711365,13.8615271029 41.7584711365,13.8615271029 41.7593044787,13.8618048831 41.7593044787,13.8618048831 41.7595822595,13.8620826632 41.7595822595,13.8620826632 41.760137821,13.8623604434 41.760137821,13.8623604434 41.7604156018,13.8620826632 41.7604156018,13.8620826632 41.7612489441,13.8609715427 41.7612489441,13.8609715427 41.7615267248,13.8606937625 41.7615267248,13.8606937625 41.7618045056,13.8601382022 41.7618045056,13.8601382022 41.7623600671,13.8598604221 41.7623600671,13.8598604221 41.7629156286,13.8601382022 41.7629156286,13.8601382022 41.7631934094,13.8604159824 41.7631934094,13.8604159824 41.7634711902,13.8598604221 41.7634711902,13.8598604221 41.7637489709,13.8593048618 41.7637489709,13.8593048618 41.7640267517,13.8590270817 41.7640267517,13.8590270817 41.7643045324,13.8587493015 41.7643045324,13.8587493015 41.7645823132,13.8584715214 41.7645823132,13.8584715214 41.7656934362,13.857638181 41.7656934362,13.857638181 41.765971217,13.8573604009 41.765971217,13.8573604009 41.7662489978,13.8570826207 41.7662489978,13.8570826207 41.7668045593,13.8568048406 41.7668045593,13.8568048406 41.76708234,13.8570826207 41.76708234,13.8570826207 41.7679156823,13.8568048406 41.7679156823,13.8568048406 41.7687490246,13.8570826207 41.7687490246,13.8570826207 41.7690268054,13.8573604009 41.7690268054,13.8573604009 41.7693045861,13.8570826207 41.7693045861,13.8570826207 41.7698601477,13.8573604009 41.7698601477,13.8573604009 41.7701379284,13.857638181 41.7701379284,13.857638181 41.7706934899,13.8579159611 41.7706934899,13.8579159611 41.7712490515,13.8581937413 41.7712490515,13.8581937413 41.7723601745,13.8584715214 41.7723601745,13.8584715214 41.772915736,13.8587493015 41.772915736,13.8587493015 41.7731935168,13.8593048618 41.7731935168,13.8593048618 41.7734712975,13.8598604221 41.7734712975,13.8598604221 41.7737490783,13.8601382022 41.7737490783,13.8601382022 41.7740268591,13.8604159824 41.7740268591,13.8604159824 41.7743046398,13.8606937625 41.7743046398,13.8606937625 41.7751379821,13.8604159824 41.7751379821,13.8604159824 41.7754157629,13.8601382022 41.7754157629,13.8601382022 41.7756935436,13.8598604221 41.7756935436,13.8598604221 41.7762491051,13.859582642 41.7762491051,13.859582642 41.7765268859,13.8593048618 41.7765268859,13.8593048618 41.7770824474,13.8590270817 41.7770824474,13.8590270817 41.7773602282,13.8587493015 41.7773602282,13.8587493015 41.7779157897,13.8584715214 41.7779157897,13.8584715214 41.7781935705,13.8581937413 41.7781935705,13.8581937413 41.778749132,13.8579159611 41.778749132,13.8579159611 41.7790269128,13.857638181 41.7790269128,13.857638181 41.7795824743,13.8543048193 41.7795824743)))"
1010,"pnalm_scarab_001010","Mimela junii (Duftschmid, 1805)","Duftschmid, 1805","species","NULL","NULL","NULL","Scarabaeoidea","Coleoptera","NULL","NULL","Mimela","junii","NULL","Italy","IT","NULL","NULL","NULL","Val Fondillo","Val Fondillo",,"NULL","NULL","NULL","NULL",,,"NULL","NULL","NULL","NULL","NULL","NULL","1978-07","1978","7","NULL","Enrico Migliaccio","NULL","NULL","PreservedSpecimen","NULL","CEM","NULL","NULL","NULL","NULL","NULL","NULL","NULL","field_survey","NULL","CC BY 4.0","needs_review","NULL","NULL","NULL",1,"PNALM","Scarabaeoidea","",,13.8704742473229,41.7555553357692,3046,"MULTIPOLYGON(((13.857310829 41.7797921313,13.8517961231 41.7791618792,13.8493276357 41.7727017952,13.8479620895 41.7678698624,13.8500629298 41.7630379297,13.8519536861 41.7569454927,13.8566805769 41.752743812,13.8625629298 41.7498026355,13.8705461231 41.7474917112,13.8765335181 41.7406639801,13.8781091483 41.7382480137,13.882310829 41.733941291,13.8871427618 41.7317354086,13.8891385601 41.7319454927,13.8924999046 41.7356219633,13.8985923416 41.7441303666,13.9034242744 41.7444454927,13.9031091483 41.7484370893,13.8959662912 41.7575757448,13.8937604088 41.7577858288,13.8928150307 41.7607270053,13.8749578878 41.765348854,13.8640335181 41.7698656607,13.8604095685 41.7752228036,13.85736335 41.7796870893,13.857310829 41.7797921313)))"
1012,"pnalm_scarab_001012","Mimela junii (Duftschmid, 1805)","Duftschmid, 1805","species","NULL","NULL","NULL","Scarabaeoidea","Coleoptera","NULL","NULL","Mimela","junii","NULL","Italy","IT","NULL","NULL","NULL","Val Fondillo","Val Fondillo",,"NULL","NULL","NULL","NULL",,,"NULL","NULL","NULL","NULL","NULL","NULL","45487","2024","7","14","Andrea Guadagnini","NULL","NULL","PreservedSpecimen","NULL","CGP-PNALM","NULL","NULL","NULL","NULL","NULL","NULL","NULL","field_survey","NULL","CC BY 4.0","needs_review","NULL","NULL","NULL",1,"PNALM","Scarabaeoidea","",,13.8704742473229,41.7555553357692,3046,"MULTIPOLYGON(((13.857310829 41.7797921313,13.8517961231 41.7791618792,13.8493276357 41.7727017952,13.8479620895 41.7678698624,13.8500629298 41.7630379297,13.8519536861 41.7569454927,13.8566805769 41.752743812,13.8625629298 41.7498026355,13.8705461231 41.7474917112,13.8765335181 41.7406639801,13.8781091483 41.7382480137,13.882310829 41.733941291,13.8871427618 41.7317354086,13.8891385601 41.7319454927,13.8924999046 41.7356219633,13.8985923416 41.7441303666,13.9034242744 41.7444454927,13.9031091483 41.7484370893,13.8959662912 41.7575757448,13.8937604088 41.7577858288,13.8928150307 41.7607270053,13.8749578878 41.765348854,13.8640335181 41.7698656607,13.8604095685 41.7752228036,13.85736335 41.7796870893,13.857310829 41.7797921313)))"
1016,"pnalm_scarab_001016","Valgus hemipterus  (Linnaeus, 1758)","Linnaeus, 1758","species","NULL","NULL","NULL","Scarabaeoidea","Coleoptera","NULL","NULL","Valgus","hemipterus","NULL","Italy","IT","NULL","NULL","NULL","Val Fondillo","Val Fondillo",,"NULL","NULL","NULL","NULL",,,"NULL","NULL","NULL","NULL","NULL","NULL","10043","1927","6","30","Paolo Luigioni","NULL","NULL","PreservedSpecimen","NULL","CPL-MCZR","NULL","NULL","NULL","NULL","NULL","(Luigioni 1931)","NULL","field_survey","NULL","CC BY 4.0","needs_review","NULL","NULL","NULL",1,"PNALM","Scarabaeoidea","",,13.8704742473229,41.7555553357692,3046,"MULTIPOLYGON(((13.857310829 41.7797921313,13.8517961231 41.7791618792,13.8493276357 41.7727017952,13.8479620895 41.7678698624,13.8500629298 41.7630379297,13.8519536861 41.7569454927,13.8566805769 41.752743812,13.8625629298 41.7498026355,13.8705461231 41.7474917112,13.8765335181 41.7406639801,13.8781091483 41.7382480137,13.882310829 41.733941291,13.8871427618 41.7317354086,13.8891385601 41.7319454927,13.8924999046 41.7356219633,13.8985923416 41.7441303666,13.9034242744 41.7444454927,13.9031091483 41.7484370893,13.8959662912 41.7575757448,13.8937604088 41.7577858288,13.8928150307 41.7607270053,13.8749578878 41.765348854,13.8640335181 41.7698656607,13.8604095685 41.7752228036,13.85736335 41.7796870893,13.857310829 41.7797921313)))"
1023,"pnalm_scarab_001023","Valgus hemipterus  (Linnaeus, 1758)","Linnaeus, 1758","species","NULL","NULL","NULL","Scarabaeoidea","Coleoptera","NULL","NULL","Valgus","hemipterus","NULL","Italy","IT","NULL","NULL","NULL","Val Fondillo","Val Fondillo",,"NULL","NULL","NULL","NULL",,,"NULL","NULL","NULL","NULL","NULL","NULL","23187","1963","6","25","Ubaldo Di Iulio","NULL","NULL","PreservedSpecimen","NULL","CGP-PNALM","NULL","NULL","NULL","NULL","NULL","NULL","NULL","field_survey","NULL","CC BY 4.0","needs_review","NULL","NULL","NULL",1,"PNALM","Scarabaeoidea","",,13.8704742473229,41.7555553357692,3046,"MULTIPOLYGON(((13.857310829 41.7797921313,13.8517961231 41.7791618792,13.8493276357 41.7727017952,13.8479620895 41.7678698624,13.8500629298 41.7630379297,13.8519536861 41.7569454927,13.8566805769 41.752743812,13.8625629298 41.7498026355,13.8705461231 41.7474917112,13.8765335181 41.7406639801,13.8781091483 41.7382480137,13.882310829 41.733941291,13.8871427618 41.7317354086,13.8891385601 41.7319454927,13.8924999046 41.7356219633,13.8985923416 41.7441303666,13.9034242744 41.7444454927,13.9031091483 41.7484370893,13.8959662912 41.7575757448,13.8937604088 41.7577858288,13.8928150307 41.7607270053,13.8749578878 41.765348854,13.8640335181 41.7698656607,13.8604095685 41.7752228036,13.85736335 41.7796870893,13.857310829 41.7797921313)))"
1034,"pnalm_scarab_001034","Gnorimus nobilis nobilis (Linnaeus, 1758)","Linnaeus, 1758","subspecies","NULL","NULL","NULL","Scarabaeoidea","Coleoptera","NULL","NULL","Gnorimus","nobilis","nobilis","Italy","IT","NULL","NULL","NULL","Val Fondillo","Val Fondillo",,"NULL","NULL","NULL","NULL",,,"NULL","NULL","NULL","NULL","NULL","NULL","25018","1968","6","29","Giovanni Papini","NULL","NULL","PreservedSpecimen","NULL","CGP-PNALM","NULL","NULL","NULL","NULL","NULL","NULL","NULL","field_survey","NULL","CC BY 4.0","needs_review","NULL","NULL","NULL",1,"PNALM","Scarabaeoidea","",,13.8704742473229,41.7555553357692,3046,"MULTIPOLYGON(((13.857310829 41.7797921313,13.8517961231 41.7791618792,13.8493276357 41.7727017952,13.8479620895 41.7678698624,13.8500629298 41.7630379297,13.8519536861 41.7569454927,13.8566805769 41.752743812,13.8625629298 41.7498026355,13.8705461231 41.7474917112,13.8765335181 41.7406639801,13.8781091483 41.7382480137,13.882310829 41.733941291,13.8871427618 41.7317354086,13.8891385601 41.7319454927,13.8924999046 41.7356219633,13.8985923416 41.7441303666,13.9034242744 41.7444454927,13.9031091483 41.7484370893,13.8959662912 41.7575757448,13.8937604088 41.7577858288,13.8928150307 41.7607270053,13.8749578878 41.765348854,13.8640335181 41.7698656607,13.8604095685 41.7752228036,13.85736335 41.7796870893,13.857310829 41.7797921313)))"
1067,"pnalm_scarab_001067","Trichius fasciatus  (Linnaeus, 1758)","Linnaeus, 1758","species","NULL","NULL","NULL","Scarabaeoidea","Coleoptera","NULL","NULL","Trichius","fasciatus","NULL","Italy","IT","NULL","NULL","NULL","Val Fondillo","Val Fondillo",,"NULL","NULL","NULL","NULL",,,"NULL","NULL","NULL","NULL","NULL","NULL","1961-08","1961","8","NULL","Franco Tassi","NULL","NULL","PreservedSpecimen","NULL","CGP-PNALM","NULL","NULL","NULL","NULL","NULL","NULL","NULL","field_survey","NULL","CC BY 4.0","needs_review","NULL","NULL","NULL",1,"PNALM","Scarabaeoidea","",,13.8704742473229,41.7555553357692,3046,"MULTIPOLYGON(((13.857310829 41.7797921313,13.8517961231 41.7791618792,13.8493276357 41.7727017952,13.8479620895 41.7678698624,13.8500629298 41.7630379297,13.8519536861 41.7569454927,13.8566805769 41.752743812,13.8625629298 41.7498026355,13.8705461231 41.7474917112,13.8765335181 41.7406639801,13.8781091483 41.7382480137,13.882310829 41.733941291,13.8871427618 41.7317354086,13.8891385601 41.7319454927,13.8924999046 41.7356219633,13.8985923416 41.7441303666,13.9034242744 41.7444454927,13.9031091483 41.7484370893,13.8959662912 41.7575757448,13.8937604088 41.7577858288,13.8928150307 41.7607270053,13.8749578878 41.765348854,13.8640335181 41.7698656607,13.8604095685 41.7752228036,13.85736335 41.7796870893,13.857310829 41.7797921313)))"
1068,"pnalm_scarab_001068","Trichius fasciatus  (Linnaeus, 1758)","Linnaeus, 1758","species","NULL","NULL","NULL","Scarabaeoidea","Coleoptera","NULL","NULL","Trichius","fasciatus","NULL","Italy","IT","NULL","NULL","NULL","Val Fondillo","Val Fondillo",1300,"1300.0","NULL","NULL","NULL",,,"NULL","NULL","NULL","NULL","NULL","NULL","22859","1962","8","1","Alberto Parenti","NULL","NULL","PreservedSpecimen","NULL","CGP-PNALM","NULL","NULL","NULL","NULL","NULL","NULL","NULL","field_survey","NULL","CC BY 4.0","needs_review","NULL","NULL","NULL",2,"PNALM","Scarabaeoidea","",,13.8644471883828,41.7568055826668,2020,"MULTIPOLYGON(((13.8704160674 41.7540266443,13.8704160674 41.7537488635,13.8706938476 41.7537488635,13.8706938476 41.7534710828,13.8698605071 41.7534710828,13.8698605071 41.7540266443,13.8704160674 41.7540266443)),((13.8620826632 41.772915736,13.8620826632 41.7726379553,13.8623604434 41.7726379553,13.8623604434 41.7720823937,13.8626382235 41.7720823937,13.8626382235 41.771804613,13.8623604434 41.771804613,13.8623604434 41.7712490515,13.8618048831 41.7712490515,13.8618048831 41.7709712707,13.8615271029 41.7709712707,13.8615271029 41.7698601477,13.8618048831 41.7698601477,13.8618048831 41.7695823669,13.8620826632 41.7695823669,13.8620826632 41.7693045861,13.8626382235 41.7693045861,13.8626382235 41.7690268054,13.8629160036 41.7690268054,13.8629160036 41.7684712438,13.8631937838 41.7684712438,13.8631937838 41.7681934631,13.8634715639 41.7681934631,13.8634715639 41.76708234,13.8631937838 41.76708234,13.8631937838 41.7668045593,13.8629160036 41.7668045593,13.8629160036 41.7665267785,13.8631937838 41.7665267785,13.8631937838 41.7662489978,13.8637493441 41.7662489978,13.8637493441 41.765971217,13.8643049043 41.765971217,13.8643049043 41.7656934362,13.8648604646 41.7656934362,13.8648604646 41.7654156555,13.8651382448 41.7654156555,13.8651382448 41.7651378747,13.8654160249 41.7651378747,13.8654160249 41.764860094,13.865693805 41.764860094,13.865693805 41.7643045324,13.8670827057 41.7643045324,13.8670827057 41.7640267517,13.8681938263 41.7640267517,13.8681938263 41.7637489709,13.8687493866 41.7637489709,13.8687493866 41.7634711902,13.8690271667 41.7634711902,13.8690271667 41.7629156286,13.8693049469 41.7629156286,13.8693049469 41.7626378479,13.869582727 41.7626378479,13.869582727 41.7623600671,13.8701382873 41.7623600671,13.8701382873 41.7620822864,13.8709716277 41.7620822864,13.8709716277 41.7612489441,13.8706938476 41.7612489441,13.8706938476 41.7604156018,13.8704160674 41.7604156018,13.8704160674 41.760137821,13.8701382873 41.760137821,13.8701382873 41.7595822595,13.871527188 41.7595822595,13.871527188 41.7593044787,13.8718049681 41.7593044787,13.8718049681 41.759026698,13.8720827483 41.759026698,13.8720827483 41.7587489172,13.8740272092 41.7587489172,13.8740272092 41.759026698,13.8743049894 41.759026698,13.8743049894 41.7593044787,13.8748605497 41.7593044787,13.8748605497 41.7595822595,13.8751383298 41.7595822595,13.8751383298 41.7593044787,13.8756938901 41.7593044787,13.8756938901 41.759026698,13.8779161312 41.759026698,13.8779161312 41.7593044787,13.8793050319 41.7593044787,13.8793050319 41.759026698,13.8831939538 41.759026698,13.8831939538 41.7587489172,13.8840272943 41.7587489172,13.8840272943 41.7584711365,13.883471734 41.7584711365,13.883471734 41.7579155749,13.8826383936 41.7579155749,13.8826383936 41.7576377942,13.8818050531 41.7576377942,13.8818050531 41.7573600134,13.881527273 41.7573600134,13.881527273 41.7570822327,13.8812494929 41.7570822327,13.8812494929 41.7568044519,13.8809717127 41.7568044519,13.8809717127 41.7565266711,13.8801383723 41.7565266711,13.8801383723 41.7562488904,13.8798605922 41.7562488904,13.8798605922 41.7559711096,13.8790272517 41.7559711096,13.8790272517 41.7556933289,13.8779161312 41.7556933289,13.8779161312 41.7554155481,13.8768050106 41.7554155481,13.8768050106 41.7551377673,13.8759716702 41.7551377673,13.8759716702 41.7548599866,13.8754161099 41.7548599866,13.8754161099 41.7545822058,13.8748605497 41.7545822058,13.8748605497 41.7540266443,13.8779161312 41.7540266443,13.8779161312 41.7537488635,13.8781939113 41.7537488635,13.8781939113 41.7529155213,13.8779161312 41.7529155213,13.8779161312 41.7526377405,13.877638351 41.7526377405,13.877638351 41.7523599597,13.8773605709 41.7523599597,13.8773605709 41.752082179,13.8770827908 41.752082179,13.8770827908 41.7518043982,13.8765272305 41.7518043982,13.8765272305 41.7515266174,13.8762494503 41.7515266174,13.8762494503 41.7509710559,13.8768050106 41.7509710559,13.8768050106 41.7506932752,13.8773605709 41.7506932752,13.8773605709 41.7504154944,13.877638351 41.7504154944,13.877638351 41.7495821521,13.8779161312 41.7495821521,13.8779161312 41.7493043714,13.8809717127 41.7493043714,13.8809717127 41.7490265906,13.8818050531 41.7490265906,13.8818050531 41.7487488098,13.8823606134 41.7487488098,13.8823606134 41.7484710291,13.8843050744 41.7484710291,13.8843050744 41.7487488098,13.8851384148 41.7487488098,13.8851384148 41.7484710291,13.8848606347 41.7484710291,13.8848606347 41.7481932483,13.8843050744 41.7481932483,13.8843050744 41.7479154676,13.8840272943 41.7479154676,13.8840272943 41.7476376868,13.8837495141 41.7476376868,13.8837495141 41.747359906,13.8829161737 41.747359906,13.8829161737 41.7470821253,13.8823606134 41.7470821253,13.8823606134 41.747359906,13.8812494929 41.747359906,13.8812494929 41.7470821253,13.8809717127 41.7470821253,13.8809717127 41.7468043445,13.8806939326 41.7468043445,13.8806939326 41.7465265638,13.8809717127 41.7465265638,13.8809717127 41.7459710022,13.881527273 41.7459710022,13.881527273 41.7456932215,13.8820828333 41.7456932215,13.8820828333 41.74513766,13.8809717127 41.74513766,13.8809717127 41.7448598792,13.8804161524 41.7448598792,13.8804161524 41.7440265369,13.8801383723 41.7440265369,13.8801383723 41.7429154139,13.8798605922 41.7429154139,13.8798605922 41.7437487562,13.879582812 41.7437487562,13.879582812 41.7440265369,13.8793050319 41.7440265369,13.8793050319 41.7443043177,13.8784716915 41.7443043177,13.8784716915 41.7448598792,13.8779161312 41.7448598792,13.8779161312 41.74513766,13.8773605709 41.74513766,13.8773605709 41.7448598792,13.8768050106 41.7448598792,13.8768050106 41.7445820984,13.8762494503 41.7445820984,13.8762494503 41.7443043177,13.8756938901 41.7443043177,13.8756938901 41.7440265369,13.8754161099 41.7440265369,13.8754161099 41.7437487562,13.8751383298 41.7437487562,13.8751383298 41.7434709754,13.8748605497 41.7434709754,13.8748605497 41.7431931946,13.8745827695 41.7431931946,13.8745827695 41.7440265369,13.8743049894 41.7440265369,13.8743049894 41.7445820984,13.8740272092 41.7445820984,13.8740272092 41.7448598792,13.8737494291 41.7448598792,13.8737494291 41.7456932215,13.873471649 41.7456932215,13.873471649 41.7459710022,13.8731938688 41.7459710022,13.8731938688 41.746248783,13.8723605284 41.746248783,13.8723605284 41.7465265638,13.8718049681 41.7465265638,13.8718049681 41.7468043445,13.8709716277 41.7468043445,13.8709716277 41.7470821253,13.8706938476 41.7470821253,13.8706938476 41.747359906,13.8704160674 41.747359906,13.8704160674 41.7476376868,13.869582727 41.7476376868,13.869582727 41.7479154676,13.8684716064 41.7479154676,13.8684716064 41.7481932483,13.867638266 41.7481932483,13.867638266 41.7484710291,13.8668049256 41.7484710291,13.8668049256 41.7487488098,13.865693805 41.7487488098,13.865693805 41.7490265906,13.8651382448 41.7490265906,13.8651382448 41.7493043714,13.8637493441 41.7493043714,13.8637493441 41.7495821521,13.8629160036 41.7495821521,13.8629160036 41.7498599329,13.8620826632 41.7498599329,13.8620826632 41.7501377136,13.8615271029 41.7501377136,13.8615271029 41.7504154944,13.8609715427 41.7504154944,13.8609715427 41.7506932752,13.8604159824 41.7506932752,13.8604159824 41.7509710559,13.8598604221 41.7509710559,13.8598604221 41.7512488367,13.8593048618 41.7512488367,13.8593048618 41.7515266174,13.8587493015 41.7515266174,13.8587493015 41.7518043982,13.8581937413 41.7518043982,13.8581937413 41.752082179,13.857638181 41.752082179,13.857638181 41.7523599597,13.8570826207 41.7523599597,13.8570826207 41.7526377405,13.8565270604 41.7526377405,13.8565270604 41.7529155213,13.8562492803 41.7529155213,13.8562492803 41.753193302,13.8559715002 41.753193302,13.8559715002 41.7534710828,13.85569372 41.7534710828,13.85569372 41.7537488635,13.8554159399 41.7537488635,13.8554159399 41.7540266443,13.8551381597 41.7540266443,13.8551381597 41.7548599866,13.8554159399 41.7548599866,13.8554159399 41.7556933289,13.8551381597 41.7556933289,13.8551381597 41.7573600134,13.8554159399 41.7573600134,13.8554159399 41.7576377942,13.8551381597 41.7576377942,13.8551381597 41.7579155749,13.8548603796 41.7579155749,13.8548603796 41.7581933557,13.8545825995 41.7581933557,13.8545825995 41.7587489172,13.8543048193 41.7587489172,13.8543048193 41.7593044787,13.8540270392 41.7593044787,13.8540270392 41.7598600403,13.853749259 41.7598600403,13.853749259 41.760137821,13.8534714789 41.760137821,13.8534714789 41.7606933826,13.8531936988 41.7606933826,13.8531936988 41.7609711633,13.8529159186 41.7609711633,13.8529159186 41.7615267248,13.8526381385 41.7615267248,13.8526381385 41.7618045056,13.8523603583 41.7618045056,13.8523603583 41.7623600671,13.8509714576 41.7623600671,13.8509714576 41.7626378479,13.8501381172 41.7626378479,13.8501381172 41.7631934094,13.8498603371 41.7631934094,13.8498603371 41.7634711902,13.8501381172 41.7634711902,13.8501381172 41.7640267517,13.8504158974 41.7640267517,13.8504158974 41.7645823132,13.8501381172 41.7645823132,13.8501381172 41.764860094,13.8504158974 41.764860094,13.8504158974 41.7654156555,13.8506936775 41.7654156555,13.8506936775 41.7665267785,13.8501381172 41.7665267785,13.8501381172 41.7668045593,13.8495825569 41.7668045593,13.8495825569 41.76708234,13.8493047768 41.76708234,13.8493047768 41.7679156823,13.8490269967 41.7679156823,13.8490269967 41.7684712438,13.8487492165 41.7684712438,13.8487492165 41.7687490246,13.8484714364 41.7687490246,13.8484714364 41.7690268054,13.8481936562 41.7690268054,13.8481936562 41.7693045861,13.8484714364 41.7693045861,13.8484714364 41.7701379284,13.8487492165 41.7701379284,13.8487492165 41.7706934899,13.8490269967 41.7706934899,13.8490269967 41.7704157092,13.8495825569 41.7704157092,13.8495825569 41.7701379284,13.8498603371 41.7701379284,13.8498603371 41.7698601477,13.8501381172 41.7698601477,13.8501381172 41.7695823669,13.8504158974 41.7695823669,13.8504158974 41.7690268054,13.8506936775 41.7690268054,13.8506936775 41.7687490246,13.8509714576 41.7687490246,13.8509714576 41.7681934631,13.8512492378 41.7681934631,13.8512492378 41.7679156823,13.8515270179 41.7679156823,13.8515270179 41.7673601208,13.8518047981 41.7673601208,13.8518047981 41.76708234,13.8520825782 41.76708234,13.8520825782 41.7662489978,13.8523603583 41.7662489978,13.8523603583 41.7656934362,13.8520825782 41.7656934362,13.8520825782 41.7645823132,13.8523603583 41.7645823132,13.8523603583 41.7637489709,13.8531936988 41.7637489709,13.8531936988 41.7634711902,13.853749259 41.7634711902,13.853749259 41.7626378479,13.8540270392 41.7626378479,13.8540270392 41.7623600671,13.8543048193 41.7623600671,13.8543048193 41.7618045056,13.8545825995 41.7618045056,13.8545825995 41.7615267248,13.8548603796 41.7615267248,13.8548603796 41.7612489441,13.8551381597 41.7612489441,13.8551381597 41.7604156018,13.8554159399 41.7604156018,13.8554159399 41.760137821,13.85569372 41.760137821,13.85569372 41.7598600403,13.8559715002 41.7598600403,13.8559715002 41.7593044787,13.8562492803 41.7593044787,13.8562492803 41.7587489172,13.8565270604 41.7587489172,13.8565270604 41.7584711365,13.857638181 41.7584711365,13.857638181 41.7576377942,13.8573604009 41.7576377942,13.8573604009 41.7570822327,13.8568048406 41.7570822327,13.8568048406 41.7568044519,13.8570826207 41.7568044519,13.8570826207 41.7556933289,13.8573604009 41.7556933289,13.8573604009 41.7554155481,13.857638181 41.7554155481,13.857638181 41.7551377673,13.8573604009 41.7551377673,13.8573604009 41.7543044251,13.857638181 41.7543044251,13.857638181 41.7537488635,13.8570826207 41.7537488635,13.8570826207 41.753193302,13.8573604009 41.753193302,13.8573604009 41.7534710828,13.8581937413 41.7534710828,13.8581937413 41.7537488635,13.859582642 41.7537488635,13.859582642 41.753193302,13.8598604221 41.753193302,13.8598604221 41.7529155213,13.8606937625 41.7529155213,13.8606937625 41.753193302,13.8615271029 41.753193302,13.8615271029 41.7529155213,13.8620826632 41.7529155213,13.8620826632 41.7526377405,13.8626382235 41.7526377405,13.8626382235 41.7523599597,13.8629160036 41.7523599597,13.8629160036 41.7526377405,13.8637493441 41.7526377405,13.8637493441 41.7523599597,13.8640271242 41.7523599597,13.8640271242 41.752082179,13.8643049043 41.752082179,13.8643049043 41.7515266174,13.8645826845 41.7515266174,13.8645826845 41.7509710559,13.8648604646 41.7509710559,13.8648604646 41.7498599329,13.8654160249 41.7498599329,13.8654160249 41.7501377136,13.865693805 41.7501377136,13.865693805 41.7504154944,13.8659715852 41.7504154944,13.8659715852 41.7506932752,13.8662493653 41.7506932752,13.8662493653 41.7509710559,13.8668049256 41.7509710559,13.8668049256 41.7512488367,13.8673604859 41.7512488367,13.8673604859 41.7515266174,13.8679160462 41.7515266174,13.8679160462 41.7518043982,13.8687493866 41.7518043982,13.8687493866 41.7512488367,13.8690271667 41.7512488367,13.8690271667 41.7506932752,13.869582727 41.7506932752,13.869582727 41.7504154944,13.8698605071 41.7504154944,13.8698605071 41.7501377136,13.8701382873 41.7501377136,13.8701382873 41.7498599329,13.8704160674 41.7498599329,13.8704160674 41.7495821521,13.8712494078 41.7495821521,13.8712494078 41.7493043714,13.8718049681 41.7493043714,13.8718049681 41.7498599329,13.8723605284 41.7498599329,13.8723605284 41.7495821521,13.8720827483 41.7495821521,13.8720827483 41.7493043714,13.8723605284 41.7493043714,13.8723605284 41.7490265906,13.8726383085 41.7490265906,13.8726383085 41.7487488098,13.8745827695 41.7487488098,13.8745827695 41.7490265906,13.8748605497 41.7490265906,13.8748605497 41.7493043714,13.8756938901 41.7493043714,13.8756938901 41.7490265906,13.8759716702 41.7490265906,13.8759716702 41.7487488098,13.8762494503 41.7487488098,13.8762494503 41.7498599329,13.8754161099 41.7498599329,13.8754161099 41.7501377136,13.8751383298 41.7501377136,13.8751383298 41.7504154944,13.8745827695 41.7504154944,13.8745827695 41.7506932752,13.8740272092 41.7506932752,13.8740272092 41.7509710559,13.8737494291 41.7509710559,13.8737494291 41.7518043982,13.8740272092 41.7518043982,13.8740272092 41.752082179,13.8743049894 41.752082179,13.8743049894 41.7523599597,13.8745827695 41.7523599597,13.8745827695 41.7526377405,13.8740272092 41.7526377405,13.8740272092 41.7529155213,13.8729160887 41.7529155213,13.8729160887 41.753193302,13.8726383085 41.753193302,13.8726383085 41.7537488635,13.8723605284 41.7537488635,13.8723605284 41.7543044251,13.8720827483 41.7543044251,13.8720827483 41.7554155481,13.8723605284 41.7554155481,13.8723605284 41.7556933289,13.8729160887 41.7556933289,13.8729160887 41.7559711096,13.8740272092 41.7559711096,13.8740272092 41.7556933289,13.8745827695 41.7556933289,13.8745827695 41.7559711096,13.8751383298 41.7559711096,13.8751383298 41.7562488904,13.8765272305 41.7562488904,13.8765272305 41.7565266711,13.8773605709 41.7565266711,13.8773605709 41.7568044519,13.8779161312 41.7568044519,13.8779161312 41.7570822327,13.8790272517 41.7570822327,13.8790272517 41.7573600134,13.8793050319 41.7573600134,13.8793050319 41.7576377942,13.8751383298 41.7576377942,13.8751383298 41.7573600134,13.8731938688 41.7573600134,13.8731938688 41.7576377942,13.871527188 41.7576377942,13.871527188 41.7573600134,13.8712494078 41.7573600134,13.8712494078 41.7576377942,13.8706938476 41.7576377942,13.8706938476 41.7579155749,13.8701382873 41.7579155749,13.8701382873 41.7576377942,13.869582727 41.7576377942,13.869582727 41.7573600134,13.8693049469 41.7573600134,13.8693049469 41.7570822327,13.8673604859 41.7570822327,13.8673604859 41.7568044519,13.8668049256 41.7568044519,13.8668049256 41.7565266711,13.8654160249 41.7565266711,13.8654160249 41.7562488904,13.8643049043 41.7562488904,13.8643049043 41.7565266711,13.8637493441 41.7565266711,13.8637493441 41.7568044519,13.8634715639 41.7568044519,13.8634715639 41.7576377942,13.8637493441 41.7576377942,13.8637493441 41.7579155749,13.8640271242 41.7579155749,13.8640271242 41.7581933557,13.8637493441 41.7581933557,13.8637493441 41.7584711365,13.8640271242 41.7584711365,13.8640271242 41.7593044787,13.8651382448 41.7593044787,13.8651382448 41.759026698,13.8659715852 41.759026698,13.8659715852 41.7593044787,13.8662493653 41.7593044787,13.8662493653 41.7598600403,13.8665271455 41.7598600403,13.8665271455 41.760137821,13.8670827057 41.760137821,13.8670827057 41.7604156018,13.867638266 41.7604156018,13.867638266 41.7609711633,13.8673604859 41.7609711633,13.8673604859 41.7612489441,13.8665271455 41.7612489441,13.8665271455 41.7615267248,13.8662493653 41.7615267248,13.8662493653 41.7618045056,13.865693805 41.7618045056,13.865693805 41.7626378479,13.8648604646 41.7626378479,13.8648604646 41.7629156286,13.8640271242 41.7629156286,13.8640271242 41.7631934094,13.8637493441 41.7631934094,13.8637493441 41.7634711902,13.8634715639 41.7634711902,13.8634715639 41.7643045324,13.8623604434 41.7643045324,13.8623604434 41.7645823132,13.8618048831 41.7645823132,13.8618048831 41.764860094,13.8612493228 41.764860094,13.8612493228 41.7651378747,13.8609715427 41.7651378747,13.8609715427 41.7654156555,13.8606937625 41.7654156555,13.8606937625 41.7665267785,13.8604159824 41.7665267785,13.8604159824 41.7668045593,13.8598604221 41.7668045593,13.8598604221 41.7673601208,13.8604159824 41.7673601208,13.8604159824 41.7676379016,13.8612493228 41.7676379016,13.8612493228 41.7679156823,13.8609715427 41.7679156823,13.8609715427 41.7681934631,13.8604159824 41.7681934631,13.8604159824 41.7684712438,13.8598604221 41.7684712438,13.8598604221 41.7687490246,13.8593048618 41.7687490246,13.8593048618 41.7695823669,13.859582642 41.7695823669,13.859582642 41.7704157092,13.8598604221 41.7704157092,13.8598604221 41.771804613,13.8604159824 41.771804613,13.8604159824 41.7720823937,13.8606937625 41.7720823937,13.8606937625 41.7723601745,13.8609715427 41.7723601745,13.8609715427 41.7726379553,13.8612493228 41.7726379553,13.8612493228 41.772915736,13.8620826632 41.772915736),(13.8759716702 41.7481932483,13.8762494503 41.7481932483,13.8762494503 41.7484710291,13.8759716702 41.7484710291,13.8759716702 41.7481932483)))"
1094,"pnalm_scarab_001094","Osmoderma eremita (Scopoli, 1763)","Scopoli, 1763","species","NULL","NULL","NULL","Scarabaeoidea","Coleoptera","NULL","NULL","Osmoderma","eremita","NULL","Italy","IT","NULL","NULL","NULL","Val Fondillo","Val Fondillo",,"NULL","NULL","NULL","NULL",,,"NULL","NULL","NULL","NULL","NULL","NULL","NULL","NULL","NULL","NULL","Paolo Audisio","NULL","NULL","PreservedSpecimen","NULL","NULL","NULL","NULL","NULL","NULL","NULL","(Paolo Audisio pers. com.)","NULL","field_survey","NULL","CC BY 4.0","needs_review","NULL","NULL","NULL",1,"PNALM","Scarabaeoidea","",,13.8704742473229,41.7555553357692,3046,"MULTIPOLYGON(((13.857310829 41.7797921313,13.8517961231 41.7791618792,13.8493276357 41.7727017952,13.8479620895 41.7678698624,13.8500629298 41.7630379297,13.8519536861 41.7569454927,13.8566805769 41.752743812,13.8625629298 41.7498026355,13.8705461231 41.7474917112,13.8765335181 41.7406639801,13.8781091483 41.7382480137,13.882310829 41.733941291,13.8871427618 41.7317354086,13.8891385601 41.7319454927,13.8924999046 41.7356219633,13.8985923416 41.7441303666,13.9034242744 41.7444454927,13.9031091483 41.7484370893,13.8959662912 41.7575757448,13.8937604088 41.7577858288,13.8928150307 41.7607270053,13.8749578878 41.765348854,13.8640335181 41.7698656607,13.8604095685 41.7752228036,13.85736335 41.7796870893,13.857310829 41.7797921313)))"
1101,"pnalm_scarab_001101","Oxythyrea funesta  (Poda, 1761)","Poda, 1761","species","NULL","NULL","NULL","Scarabaeoidea","Coleoptera","NULL","NULL","Oxythyrea","funesta","NULL","Italy","IT","NULL","NULL","NULL","Val Fondillo","Val Fondillo",1073,"1073.0","NULL","NULL","NULL",,,"NULL","NULL","NULL","NULL","NULL","NULL","40748","2011","7","24","Giuseppe M. Carpaneto et al.","NULL","NULL","PreservedSpecimen","NULL","CGC-MCZR","NULL","NULL","NULL","NULL","NULL","NULL","NULL","field_survey","NULL","CC BY 4.0","needs_review","NULL","NULL","NULL",5,"PNALM","Scarabaeoidea","",,13.8566668527318,41.7676380271054,1357,"MULTIPOLYGON(((13.8543048193 41.7795824743,13.8543048193 41.7793046935,13.8518047981 41.7793046935,13.8518047981 41.778749132,13.8515270179 41.778749132,13.8515270179 41.7781935705,13.8512492378 41.7781935705,13.8512492378 41.7773602282,13.8509714576 41.7773602282,13.8509714576 41.7765268859,13.8506936775 41.7765268859,13.8506936775 41.7759713244,13.8504158974 41.7759713244,13.8504158974 41.7751379821,13.8501381172 41.7751379821,13.8501381172 41.7745824206,13.8498603371 41.7745824206,13.8498603371 41.7737490783,13.8495825569 41.7737490783,13.8495825569 41.772915736,13.8493047768 41.772915736,13.8493047768 41.7726379553,13.8498603371 41.7726379553,13.8498603371 41.7720823937,13.8495825569 41.7720823937,13.8495825569 41.771804613,13.8498603371 41.771804613,13.8498603371 41.7715268322,13.8504158974 41.7715268322,13.8504158974 41.7712490515,13.8506936775 41.7712490515,13.8506936775 41.7709712707,13.8512492378 41.7709712707,13.8512492378 41.7706934899,13.8515270179 41.7706934899,13.8515270179 41.7704157092,13.8520825782 41.7704157092,13.8520825782 41.7701379284,13.8523603583 41.7701379284,13.8523603583 41.7695823669,13.8529159186 41.7695823669,13.8529159186 41.7681934631,13.8531936988 41.7681934631,13.8531936988 41.76708234,13.8534714789 41.76708234,13.8534714789 41.7668045593,13.853749259 41.7668045593,13.853749259 41.7662489978,13.8540270392 41.7662489978,13.8540270392 41.7656934362,13.8543048193 41.7656934362,13.8543048193 41.7651378747,13.8545825995 41.7651378747,13.8545825995 41.764860094,13.8548603796 41.764860094,13.8548603796 41.7645823132,13.8551381597 41.7645823132,13.8551381597 41.7640267517,13.8554159399 41.7640267517,13.8554159399 41.7637489709,13.85569372 41.7637489709,13.85569372 41.7634711902,13.8559715002 41.7634711902,13.8559715002 41.7631934094,13.85569372 41.7631934094,13.85569372 41.7629156286,13.8559715002 41.7629156286,13.8559715002 41.7626378479,13.8562492803 41.7626378479,13.8562492803 41.7623600671,13.8565270604 41.7623600671,13.8565270604 41.7618045056,13.8570826207 41.7618045056,13.8570826207 41.7615267248,13.8573604009 41.7615267248,13.8573604009 41.7609711633,13.857638181 41.7609711633,13.857638181 41.7606933826,13.8579159611 41.7606933826,13.8579159611 41.7604156018,13.8584715214 41.7604156018,13.8584715214 41.760137821,13.8587493015 41.760137821,13.8587493015 41.7598600403,13.8590270817 41.7598600403,13.8590270817 41.7595822595,13.8593048618 41.7595822595,13.8593048618 41.759026698,13.859582642 41.759026698,13.859582642 41.7579155749,13.8601382022 41.7579155749,13.8601382022 41.7576377942,13.8604159824 41.7576377942,13.8604159824 41.7562488904,13.8609715427 41.7562488904,13.8609715427 41.7559711096,13.8615271029 41.7559711096,13.8615271029 41.7565266711,13.8612493228 41.7565266711,13.8612493228 41.7576377942,13.8615271029 41.7576377942,13.8615271029 41.7581933557,13.8618048831 41.7581933557,13.8618048831 41.7584711365,13.8615271029 41.7584711365,13.8615271029 41.7593044787,13.8618048831 41.7593044787,13.8618048831 41.7595822595,13.8620826632 41.7595822595,13.8620826632 41.760137821,13.8623604434 41.760137821,13.8623604434 41.7604156018,13.8620826632 41.7604156018,13.8620826632 41.7612489441,13.8609715427 41.7612489441,13.8609715427 41.7615267248,13.8606937625 41.7615267248,13.8606937625 41.7618045056,13.8601382022 41.7618045056,13.8601382022 41.7623600671,13.8598604221 41.7623600671,13.8598604221 41.7629156286,13.8601382022 41.7629156286,13.8601382022 41.7631934094,13.8604159824 41.7631934094,13.8604159824 41.7634711902,13.8598604221 41.7634711902,13.8598604221 41.7637489709,13.8593048618 41.7637489709,13.8593048618 41.7640267517,13.8590270817 41.7640267517,13.8590270817 41.7643045324,13.8587493015 41.7643045324,13.8587493015 41.7645823132,13.8584715214 41.7645823132,13.8584715214 41.7656934362,13.857638181 41.7656934362,13.857638181 41.765971217,13.8573604009 41.765971217,13.8573604009 41.7662489978,13.8570826207 41.7662489978,13.8570826207 41.7668045593,13.8568048406 41.7668045593,13.8568048406 41.76708234,13.8570826207 41.76708234,13.8570826207 41.7679156823,13.8568048406 41.7679156823,13.8568048406 41.7687490246,13.8570826207 41.7687490246,13.8570826207 41.7690268054,13.8573604009 41.7690268054,13.8573604009 41.7693045861,13.8570826207 41.7693045861,13.8570826207 41.7698601477,13.8573604009 41.7698601477,13.8573604009 41.7701379284,13.857638181 41.7701379284,13.857638181 41.7706934899,13.8579159611 41.7706934899,13.8579159611 41.7712490515,13.8581937413 41.7712490515,13.8581937413 41.7723601745,13.8584715214 41.7723601745,13.8584715214 41.772915736,13.8587493015 41.772915736,13.8587493015 41.7731935168,13.8593048618 41.7731935168,13.8593048618 41.7734712975,13.8598604221 41.7734712975,13.8598604221 41.7737490783,13.8601382022 41.7737490783,13.8601382022 41.7740268591,13.8604159824 41.7740268591,13.8604159824 41.7743046398,13.8606937625 41.7743046398,13.8606937625 41.7751379821,13.8604159824 41.7751379821,13.8604159824 41.7754157629,13.8601382022 41.7754157629,13.8601382022 41.7756935436,13.8598604221 41.7756935436,13.8598604221 41.7762491051,13.859582642 41.7762491051,13.859582642 41.7765268859,13.8593048618 41.7765268859,13.8593048618 41.7770824474,13.8590270817 41.7770824474,13.8590270817 41.7773602282,13.8587493015 41.7773602282,13.8587493015 41.7779157897,13.8584715214 41.7779157897,13.8584715214 41.7781935705,13.8581937413 41.7781935705,13.8581937413 41.778749132,13.8579159611 41.778749132,13.8579159611 41.7790269128,13.857638181 41.7790269128,13.857638181 41.7795824743,13.8543048193 41.7795824743)))"
1107,"pnalm_scarab_001107","Oxythyrea funesta  (Poda, 1761)","Poda, 1761","species","NULL","NULL","NULL","Scarabaeoidea","Coleoptera","NULL","NULL","Oxythyrea","funesta","NULL","Italy","IT","NULL","NULL","NULL","Val Fondillo","Val Fondillo",,"NULL","NULL","NULL","NULL",,,"NULL","NULL","NULL","NULL","NULL","NULL","45487","2024","7","14","Andrea Guadagnini","NULL","NULL","PreservedSpecimen","NULL","CGP-PNALM","NULL","NULL","NULL","NULL","NULL","NULL","NULL","field_survey","NULL","CC BY 4.0","needs_review","NULL","NULL","NULL",1,"PNALM","Scarabaeoidea","",,13.8704742473229,41.7555553357692,3046,"MULTIPOLYGON(((13.857310829 41.7797921313,13.8517961231 41.7791618792,13.8493276357 41.7727017952,13.8479620895 41.7678698624,13.8500629298 41.7630379297,13.8519536861 41.7569454927,13.8566805769 41.752743812,13.8625629298 41.7498026355,13.8705461231 41.7474917112,13.8765335181 41.7406639801,13.8781091483 41.7382480137,13.882310829 41.733941291,13.8871427618 41.7317354086,13.8891385601 41.7319454927,13.8924999046 41.7356219633,13.8985923416 41.7441303666,13.9034242744 41.7444454927,13.9031091483 41.7484370893,13.8959662912 41.7575757448,13.8937604088 41.7577858288,13.8928150307 41.7607270053,13.8749578878 41.765348854,13.8640335181 41.7698656607,13.8604095685 41.7752228036,13.85736335 41.7796870893,13.857310829 41.7797921313)))"
1116,"pnalm_scarab_001116","Tropinota hirta hirta (Poda, 1761)","Poda, 1761","subspecies","NULL","NULL","NULL","Scarabaeoidea","Coleoptera","NULL","NULL","Tropinota","hirta","hirta","Italy","IT","NULL","NULL","NULL","Val Fondillo","Val Fondillo",1300,"1300.0","NULL","NULL","NULL",,,"NULL","NULL","NULL","NULL","NULL","NULL","22859","1962","8","1","Alberto Parenti","NULL","NULL","PreservedSpecimen","NULL","CGP-PNALM","NULL","NULL","NULL","NULL","NULL","NULL","NULL","field_survey","NULL","CC BY 4.0","needs_review","NULL","NULL","NULL",2,"PNALM","Scarabaeoidea","",,13.8644471883828,41.7568055826668,2020,"MULTIPOLYGON(((13.8704160674 41.7540266443,13.8704160674 41.7537488635,13.8706938476 41.7537488635,13.8706938476 41.7534710828,13.8698605071 41.7534710828,13.8698605071 41.7540266443,13.8704160674 41.7540266443)),((13.8620826632 41.772915736,13.8620826632 41.7726379553,13.8623604434 41.7726379553,13.8623604434 41.7720823937,13.8626382235 41.7720823937,13.8626382235 41.771804613,13.8623604434 41.771804613,13.8623604434 41.7712490515,13.8618048831 41.7712490515,13.8618048831 41.7709712707,13.8615271029 41.7709712707,13.8615271029 41.7698601477,13.8618048831 41.7698601477,13.8618048831 41.7695823669,13.8620826632 41.7695823669,13.8620826632 41.7693045861,13.8626382235 41.7693045861,13.8626382235 41.7690268054,13.8629160036 41.7690268054,13.8629160036 41.7684712438,13.8631937838 41.7684712438,13.8631937838 41.7681934631,13.8634715639 41.7681934631,13.8634715639 41.76708234,13.8631937838 41.76708234,13.8631937838 41.7668045593,13.8629160036 41.7668045593,13.8629160036 41.7665267785,13.8631937838 41.7665267785,13.8631937838 41.7662489978,13.8637493441 41.7662489978,13.8637493441 41.765971217,13.8643049043 41.765971217,13.8643049043 41.7656934362,13.8648604646 41.7656934362,13.8648604646 41.7654156555,13.8651382448 41.7654156555,13.8651382448 41.7651378747,13.8654160249 41.7651378747,13.8654160249 41.764860094,13.865693805 41.764860094,13.865693805 41.7643045324,13.8670827057 41.7643045324,13.8670827057 41.7640267517,13.8681938263 41.7640267517,13.8681938263 41.7637489709,13.8687493866 41.7637489709,13.8687493866 41.7634711902,13.8690271667 41.7634711902,13.8690271667 41.7629156286,13.8693049469 41.7629156286,13.8693049469 41.7626378479,13.869582727 41.7626378479,13.869582727 41.7623600671,13.8701382873 41.7623600671,13.8701382873 41.7620822864,13.8709716277 41.7620822864,13.8709716277 41.7612489441,13.8706938476 41.7612489441,13.8706938476 41.7604156018,13.8704160674 41.7604156018,13.8704160674 41.760137821,13.8701382873 41.760137821,13.8701382873 41.7595822595,13.871527188 41.7595822595,13.871527188 41.7593044787,13.8718049681 41.7593044787,13.8718049681 41.759026698,13.8720827483 41.759026698,13.8720827483 41.7587489172,13.8740272092 41.7587489172,13.8740272092 41.759026698,13.8743049894 41.759026698,13.8743049894 41.7593044787,13.8748605497 41.7593044787,13.8748605497 41.7595822595,13.8751383298 41.7595822595,13.8751383298 41.7593044787,13.8756938901 41.7593044787,13.8756938901 41.759026698,13.8779161312 41.759026698,13.8779161312 41.7593044787,13.8793050319 41.7593044787,13.8793050319 41.759026698,13.8831939538 41.759026698,13.8831939538 41.7587489172,13.8840272943 41.7587489172,13.8840272943 41.7584711365,13.883471734 41.7584711365,13.883471734 41.7579155749,13.8826383936 41.7579155749,13.8826383936 41.7576377942,13.8818050531 41.7576377942,13.8818050531 41.7573600134,13.881527273 41.7573600134,13.881527273 41.7570822327,13.8812494929 41.7570822327,13.8812494929 41.7568044519,13.8809717127 41.7568044519,13.8809717127 41.7565266711,13.8801383723 41.7565266711,13.8801383723 41.7562488904,13.8798605922 41.7562488904,13.8798605922 41.7559711096,13.8790272517 41.7559711096,13.8790272517 41.7556933289,13.8779161312 41.7556933289,13.8779161312 41.7554155481,13.8768050106 41.7554155481,13.8768050106 41.7551377673,13.8759716702 41.7551377673,13.8759716702 41.7548599866,13.8754161099 41.7548599866,13.8754161099 41.7545822058,13.8748605497 41.7545822058,13.8748605497 41.7540266443,13.8779161312 41.7540266443,13.8779161312 41.7537488635,13.8781939113 41.7537488635,13.8781939113 41.7529155213,13.8779161312 41.7529155213,13.8779161312 41.7526377405,13.877638351 41.7526377405,13.877638351 41.7523599597,13.8773605709 41.7523599597,13.8773605709 41.752082179,13.8770827908 41.752082179,13.8770827908 41.7518043982,13.8765272305 41.7518043982,13.8765272305 41.7515266174,13.8762494503 41.7515266174,13.8762494503 41.7509710559,13.8768050106 41.7509710559,13.8768050106 41.7506932752,13.8773605709 41.7506932752,13.8773605709 41.7504154944,13.877638351 41.7504154944,13.877638351 41.7495821521,13.8779161312 41.7495821521,13.8779161312 41.7493043714,13.8809717127 41.7493043714,13.8809717127 41.7490265906,13.8818050531 41.7490265906,13.8818050531 41.7487488098,13.8823606134 41.7487488098,13.8823606134 41.7484710291,13.8843050744 41.7484710291,13.8843050744 41.7487488098,13.8851384148 41.7487488098,13.8851384148 41.7484710291,13.8848606347 41.7484710291,13.8848606347 41.7481932483,13.8843050744 41.7481932483,13.8843050744 41.7479154676,13.8840272943 41.7479154676,13.8840272943 41.7476376868,13.8837495141 41.7476376868,13.8837495141 41.747359906,13.8829161737 41.747359906,13.8829161737 41.7470821253,13.8823606134 41.7470821253,13.8823606134 41.747359906,13.8812494929 41.747359906,13.8812494929 41.7470821253,13.8809717127 41.7470821253,13.8809717127 41.7468043445,13.8806939326 41.7468043445,13.8806939326 41.7465265638,13.8809717127 41.7465265638,13.8809717127 41.7459710022,13.881527273 41.7459710022,13.881527273 41.7456932215,13.8820828333 41.7456932215,13.8820828333 41.74513766,13.8809717127 41.74513766,13.8809717127 41.7448598792,13.8804161524 41.7448598792,13.8804161524 41.7440265369,13.8801383723 41.7440265369,13.8801383723 41.7429154139,13.8798605922 41.7429154139,13.8798605922 41.7437487562,13.879582812 41.7437487562,13.879582812 41.7440265369,13.8793050319 41.7440265369,13.8793050319 41.7443043177,13.8784716915 41.7443043177,13.8784716915 41.7448598792,13.8779161312 41.7448598792,13.8779161312 41.74513766,13.8773605709 41.74513766,13.8773605709 41.7448598792,13.8768050106 41.7448598792,13.8768050106 41.7445820984,13.8762494503 41.7445820984,13.8762494503 41.7443043177,13.8756938901 41.7443043177,13.8756938901 41.7440265369,13.8754161099 41.7440265369,13.8754161099 41.7437487562,13.8751383298 41.7437487562,13.8751383298 41.7434709754,13.8748605497 41.7434709754,13.8748605497 41.7431931946,13.8745827695 41.7431931946,13.8745827695 41.7440265369,13.8743049894 41.7440265369,13.8743049894 41.7445820984,13.8740272092 41.7445820984,13.8740272092 41.7448598792,13.8737494291 41.7448598792,13.8737494291 41.7456932215,13.873471649 41.7456932215,13.873471649 41.7459710022,13.8731938688 41.7459710022,13.8731938688 41.746248783,13.8723605284 41.746248783,13.8723605284 41.7465265638,13.8718049681 41.7465265638,13.8718049681 41.7468043445,13.8709716277 41.7468043445,13.8709716277 41.7470821253,13.8706938476 41.7470821253,13.8706938476 41.747359906,13.8704160674 41.747359906,13.8704160674 41.7476376868,13.869582727 41.7476376868,13.869582727 41.7479154676,13.8684716064 41.7479154676,13.8684716064 41.7481932483,13.867638266 41.7481932483,13.867638266 41.7484710291,13.8668049256 41.7484710291,13.8668049256 41.7487488098,13.865693805 41.7487488098,13.865693805 41.7490265906,13.8651382448 41.7490265906,13.8651382448 41.7493043714,13.8637493441 41.7493043714,13.8637493441 41.7495821521,13.8629160036 41.7495821521,13.8629160036 41.7498599329,13.8620826632 41.7498599329,13.8620826632 41.7501377136,13.8615271029 41.7501377136,13.8615271029 41.7504154944,13.8609715427 41.7504154944,13.8609715427 41.7506932752,13.8604159824 41.7506932752,13.8604159824 41.7509710559,13.8598604221 41.7509710559,13.8598604221 41.7512488367,13.8593048618 41.7512488367,13.8593048618 41.7515266174,13.8587493015 41.7515266174,13.8587493015 41.7518043982,13.8581937413 41.7518043982,13.8581937413 41.752082179,13.857638181 41.752082179,13.857638181 41.7523599597,13.8570826207 41.7523599597,13.8570826207 41.7526377405,13.8565270604 41.7526377405,13.8565270604 41.7529155213,13.8562492803 41.7529155213,13.8562492803 41.753193302,13.8559715002 41.753193302,13.8559715002 41.7534710828,13.85569372 41.7534710828,13.85569372 41.7537488635,13.8554159399 41.7537488635,13.8554159399 41.7540266443,13.8551381597 41.7540266443,13.8551381597 41.7548599866,13.8554159399 41.7548599866,13.8554159399 41.7556933289,13.8551381597 41.7556933289,13.8551381597 41.7573600134,13.8554159399 41.7573600134,13.8554159399 41.7576377942,13.8551381597 41.7576377942,13.8551381597 41.7579155749,13.8548603796 41.7579155749,13.8548603796 41.7581933557,13.8545825995 41.7581933557,13.8545825995 41.7587489172,13.8543048193 41.7587489172,13.8543048193 41.7593044787,13.8540270392 41.7593044787,13.8540270392 41.7598600403,13.853749259 41.7598600403,13.853749259 41.760137821,13.8534714789 41.760137821,13.8534714789 41.7606933826,13.8531936988 41.7606933826,13.8531936988 41.7609711633,13.8529159186 41.7609711633,13.8529159186 41.7615267248,13.8526381385 41.7615267248,13.8526381385 41.7618045056,13.8523603583 41.7618045056,13.8523603583 41.7623600671,13.8509714576 41.7623600671,13.8509714576 41.7626378479,13.8501381172 41.7626378479,13.8501381172 41.7631934094,13.8498603371 41.7631934094,13.8498603371 41.7634711902,13.8501381172 41.7634711902,13.8501381172 41.7640267517,13.8504158974 41.7640267517,13.8504158974 41.7645823132,13.8501381172 41.7645823132,13.8501381172 41.764860094,13.8504158974 41.764860094,13.8504158974 41.7654156555,13.8506936775 41.7654156555,13.8506936775 41.7665267785,13.8501381172 41.7665267785,13.8501381172 41.7668045593,13.8495825569 41.7668045593,13.8495825569 41.76708234,13.8493047768 41.76708234,13.8493047768 41.7679156823,13.8490269967 41.7679156823,13.8490269967 41.7684712438,13.8487492165 41.7684712438,13.8487492165 41.7687490246,13.8484714364 41.7687490246,13.8484714364 41.7690268054,13.8481936562 41.7690268054,13.8481936562 41.7693045861,13.8484714364 41.7693045861,13.8484714364 41.7701379284,13.8487492165 41.7701379284,13.8487492165 41.7706934899,13.8490269967 41.7706934899,13.8490269967 41.7704157092,13.8495825569 41.7704157092,13.8495825569 41.7701379284,13.8498603371 41.7701379284,13.8498603371 41.7698601477,13.8501381172 41.7698601477,13.8501381172 41.7695823669,13.8504158974 41.7695823669,13.8504158974 41.7690268054,13.8506936775 41.7690268054,13.8506936775 41.7687490246,13.8509714576 41.7687490246,13.8509714576 41.7681934631,13.8512492378 41.7681934631,13.8512492378 41.7679156823,13.8515270179 41.7679156823,13.8515270179 41.7673601208,13.8518047981 41.7673601208,13.8518047981 41.76708234,13.8520825782 41.76708234,13.8520825782 41.7662489978,13.8523603583 41.7662489978,13.8523603583 41.7656934362,13.8520825782 41.7656934362,13.8520825782 41.7645823132,13.8523603583 41.7645823132,13.8523603583 41.7637489709,13.8531936988 41.7637489709,13.8531936988 41.7634711902,13.853749259 41.7634711902,13.853749259 41.7626378479,13.8540270392 41.7626378479,13.8540270392 41.7623600671,13.8543048193 41.7623600671,13.8543048193 41.7618045056,13.8545825995 41.7618045056,13.8545825995 41.7615267248,13.8548603796 41.7615267248,13.8548603796 41.7612489441,13.8551381597 41.7612489441,13.8551381597 41.7604156018,13.8554159399 41.7604156018,13.8554159399 41.760137821,13.85569372 41.760137821,13.85569372 41.7598600403,13.8559715002 41.7598600403,13.8559715002 41.7593044787,13.8562492803 41.7593044787,13.8562492803 41.7587489172,13.8565270604 41.7587489172,13.8565270604 41.7584711365,13.857638181 41.7584711365,13.857638181 41.7576377942,13.8573604009 41.7576377942,13.8573604009 41.7570822327,13.8568048406 41.7570822327,13.8568048406 41.7568044519,13.8570826207 41.7568044519,13.8570826207 41.7556933289,13.8573604009 41.7556933289,13.8573604009 41.7554155481,13.857638181 41.7554155481,13.857638181 41.7551377673,13.8573604009 41.7551377673,13.8573604009 41.7543044251,13.857638181 41.7543044251,13.857638181 41.7537488635,13.8570826207 41.7537488635,13.8570826207 41.753193302,13.8573604009 41.753193302,13.8573604009 41.7534710828,13.8581937413 41.7534710828,13.8581937413 41.7537488635,13.859582642 41.7537488635,13.859582642 41.753193302,13.8598604221 41.753193302,13.8598604221 41.7529155213,13.8606937625 41.7529155213,13.8606937625 41.753193302,13.8615271029 41.753193302,13.8615271029 41.7529155213,13.8620826632 41.7529155213,13.8620826632 41.7526377405,13.8626382235 41.7526377405,13.8626382235 41.7523599597,13.8629160036 41.7523599597,13.8629160036 41.7526377405,13.8637493441 41.7526377405,13.8637493441 41.7523599597,13.8640271242 41.7523599597,13.8640271242 41.752082179,13.8643049043 41.752082179,13.8643049043 41.7515266174,13.8645826845 41.7515266174,13.8645826845 41.7509710559,13.8648604646 41.7509710559,13.8648604646 41.7498599329,13.8654160249 41.7498599329,13.8654160249 41.7501377136,13.865693805 41.7501377136,13.865693805 41.7504154944,13.8659715852 41.7504154944,13.8659715852 41.7506932752,13.8662493653 41.7506932752,13.8662493653 41.7509710559,13.8668049256 41.7509710559,13.8668049256 41.7512488367,13.8673604859 41.7512488367,13.8673604859 41.7515266174,13.8679160462 41.7515266174,13.8679160462 41.7518043982,13.8687493866 41.7518043982,13.8687493866 41.7512488367,13.8690271667 41.7512488367,13.8690271667 41.7506932752,13.869582727 41.7506932752,13.869582727 41.7504154944,13.8698605071 41.7504154944,13.8698605071 41.7501377136,13.8701382873 41.7501377136,13.8701382873 41.7498599329,13.8704160674 41.7498599329,13.8704160674 41.7495821521,13.8712494078 41.7495821521,13.8712494078 41.7493043714,13.8718049681 41.7493043714,13.8718049681 41.7498599329,13.8723605284 41.7498599329,13.8723605284 41.7495821521,13.8720827483 41.7495821521,13.8720827483 41.7493043714,13.8723605284 41.7493043714,13.8723605284 41.7490265906,13.8726383085 41.7490265906,13.8726383085 41.7487488098,13.8745827695 41.7487488098,13.8745827695 41.7490265906,13.8748605497 41.7490265906,13.8748605497 41.7493043714,13.8756938901 41.7493043714,13.8756938901 41.7490265906,13.8759716702 41.7490265906,13.8759716702 41.7487488098,13.8762494503 41.7487488098,13.8762494503 41.7498599329,13.8754161099 41.7498599329,13.8754161099 41.7501377136,13.8751383298 41.7501377136,13.8751383298 41.7504154944,13.8745827695 41.7504154944,13.8745827695 41.7506932752,13.8740272092 41.7506932752,13.8740272092 41.7509710559,13.8737494291 41.7509710559,13.8737494291 41.7518043982,13.8740272092 41.7518043982,13.8740272092 41.752082179,13.8743049894 41.752082179,13.8743049894 41.7523599597,13.8745827695 41.7523599597,13.8745827695 41.7526377405,13.8740272092 41.7526377405,13.8740272092 41.7529155213,13.8729160887 41.7529155213,13.8729160887 41.753193302,13.8726383085 41.753193302,13.8726383085 41.7537488635,13.8723605284 41.7537488635,13.8723605284 41.7543044251,13.8720827483 41.7543044251,13.8720827483 41.7554155481,13.8723605284 41.7554155481,13.8723605284 41.7556933289,13.8729160887 41.7556933289,13.8729160887 41.7559711096,13.8740272092 41.7559711096,13.8740272092 41.7556933289,13.8745827695 41.7556933289,13.8745827695 41.7559711096,13.8751383298 41.7559711096,13.8751383298 41.7562488904,13.8765272305 41.7562488904,13.8765272305 41.7565266711,13.8773605709 41.7565266711,13.8773605709 41.7568044519,13.8779161312 41.7568044519,13.8779161312 41.7570822327,13.8790272517 41.7570822327,13.8790272517 41.7573600134,13.8793050319 41.7573600134,13.8793050319 41.7576377942,13.8751383298 41.7576377942,13.8751383298 41.7573600134,13.8731938688 41.7573600134,13.8731938688 41.7576377942,13.871527188 41.7576377942,13.871527188 41.7573600134,13.8712494078 41.7573600134,13.8712494078 41.7576377942,13.8706938476 41.7576377942,13.8706938476 41.7579155749,13.8701382873 41.7579155749,13.8701382873 41.7576377942,13.869582727 41.7576377942,13.869582727 41.7573600134,13.8693049469 41.7573600134,13.8693049469 41.7570822327,13.8673604859 41.7570822327,13.8673604859 41.7568044519,13.8668049256 41.7568044519,13.8668049256 41.7565266711,13.8654160249 41.7565266711,13.8654160249 41.7562488904,13.8643049043 41.7562488904,13.8643049043 41.7565266711,13.8637493441 41.7565266711,13.8637493441 41.7568044519,13.8634715639 41.7568044519,13.8634715639 41.7576377942,13.8637493441 41.7576377942,13.8637493441 41.7579155749,13.8640271242 41.7579155749,13.8640271242 41.7581933557,13.8637493441 41.7581933557,13.8637493441 41.7584711365,13.8640271242 41.7584711365,13.8640271242 41.7593044787,13.8651382448 41.7593044787,13.8651382448 41.759026698,13.8659715852 41.759026698,13.8659715852 41.7593044787,13.8662493653 41.7593044787,13.8662493653 41.7598600403,13.8665271455 41.7598600403,13.8665271455 41.760137821,13.8670827057 41.760137821,13.8670827057 41.7604156018,13.867638266 41.7604156018,13.867638266 41.7609711633,13.8673604859 41.7609711633,13.8673604859 41.7612489441,13.8665271455 41.7612489441,13.8665271455 41.7615267248,13.8662493653 41.7615267248,13.8662493653 41.7618045056,13.865693805 41.7618045056,13.865693805 41.7626378479,13.8648604646 41.7626378479,13.8648604646 41.7629156286,13.8640271242 41.7629156286,13.8640271242 41.7631934094,13.8637493441 41.7631934094,13.8637493441 41.7634711902,13.8634715639 41.7634711902,13.8634715639 41.7643045324,13.8623604434 41.7643045324,13.8623604434 41.7645823132,13.8618048831 41.7645823132,13.8618048831 41.764860094,13.8612493228 41.764860094,13.8612493228 41.7651378747,13.8609715427 41.7651378747,13.8609715427 41.7654156555,13.8606937625 41.7654156555,13.8606937625 41.7665267785,13.8604159824 41.7665267785,13.8604159824 41.7668045593,13.8598604221 41.7668045593,13.8598604221 41.7673601208,13.8604159824 41.7673601208,13.8604159824 41.7676379016,13.8612493228 41.7676379016,13.8612493228 41.7679156823,13.8609715427 41.7679156823,13.8609715427 41.7681934631,13.8604159824 41.7681934631,13.8604159824 41.7684712438,13.8598604221 41.7684712438,13.8598604221 41.7687490246,13.8593048618 41.7687490246,13.8593048618 41.7695823669,13.859582642 41.7695823669,13.859582642 41.7704157092,13.8598604221 41.7704157092,13.8598604221 41.771804613,13.8604159824 41.771804613,13.8604159824 41.7720823937,13.8606937625 41.7720823937,13.8606937625 41.7723601745,13.8609715427 41.7723601745,13.8609715427 41.7726379553,13.8612493228 41.7726379553,13.8612493228 41.772915736,13.8620826632 41.772915736),(13.8759716702 41.7481932483,13.8762494503 41.7481932483,13.8762494503 41.7484710291,13.8759716702 41.7484710291,13.8759716702 41.7481932483)))"
1143,"pnalm_scarab_001143","Cetonia aurata pisana Heer, 1841","NULL","subspecies","NULL","NULL","NULL","Scarabaeoidea","Coleoptera","NULL","NULL","Cetonia","aurata","pisana","Italy","IT","NULL","NULL","NULL","Villetta Barrea-Val Fondillo","Villetta Barrea-Val Fondillo",,"NULL","NULL","NULL","NULL",,,"NULL","NULL","NULL","NULL","NULL","NULL","22455","1961","6","23","Ubaldo Di Iulio","NULL","NULL","PreservedSpecimen","NULL","CGP-PNALM","NULL","NULL","NULL","NULL","NULL","(Papini 1962)","NULL","field_survey","NULL","CC BY 4.0","needs_review","NULL","NULL","NULL",1,"PNALM","Scarabaeoidea","",,13.8704742473229,41.7555553357692,3046,"MULTIPOLYGON(((13.857310829 41.7797921313,13.8517961231 41.7791618792,13.8493276357 41.7727017952,13.8479620895 41.7678698624,13.8500629298 41.7630379297,13.8519536861 41.7569454927,13.8566805769 41.752743812,13.8625629298 41.7498026355,13.8705461231 41.7474917112,13.8765335181 41.7406639801,13.8781091483 41.7382480137,13.882310829 41.733941291,13.8871427618 41.7317354086,13.8891385601 41.7319454927,13.8924999046 41.7356219633,13.8985923416 41.7441303666,13.9034242744 41.7444454927,13.9031091483 41.7484370893,13.8959662912 41.7575757448,13.8937604088 41.7577858288,13.8928150307 41.7607270053,13.8749578878 41.765348854,13.8640335181 41.7698656607,13.8604095685 41.7752228036,13.85736335 41.7796870893,13.857310829 41.7797921313)))"
1153,"pnalm_scarab_001153","Cetonia aurata pisana Heer, 1841","NULL","subspecies","NULL","NULL","NULL","Scarabaeoidea","Coleoptera","NULL","NULL","Cetonia","aurata","pisana","Italy","IT","NULL","NULL","NULL","Val Fondillo","Val Fondillo",,"NULL","NULL","NULL","NULL",,,"NULL","NULL","NULL","NULL","NULL","NULL","25417","1969","8","2","Giuseppe Pinzari","NULL","NULL","PreservedSpecimen","NULL","CGP-PNALM","NULL","NULL","NULL","NULL","NULL","NULL","NULL","field_survey","NULL","CC BY 4.0","needs_review","NULL","NULL","NULL",1,"PNALM","Scarabaeoidea","",,13.8704742473229,41.7555553357692,3046,"MULTIPOLYGON(((13.857310829 41.7797921313,13.8517961231 41.7791618792,13.8493276357 41.7727017952,13.8479620895 41.7678698624,13.8500629298 41.7630379297,13.8519536861 41.7569454927,13.8566805769 41.752743812,13.8625629298 41.7498026355,13.8705461231 41.7474917112,13.8765335181 41.7406639801,13.8781091483 41.7382480137,13.882310829 41.733941291,13.8871427618 41.7317354086,13.8891385601 41.7319454927,13.8924999046 41.7356219633,13.8985923416 41.7441303666,13.9034242744 41.7444454927,13.9031091483 41.7484370893,13.8959662912 41.7575757448,13.8937604088 41.7577858288,13.8928150307 41.7607270053,13.8749578878 41.765348854,13.8640335181 41.7698656607,13.8604095685 41.7752228036,13.85736335 41.7796870893,13.857310829 41.7797921313)))"
1159,"pnalm_scarab_001159","Cetonia aurata pisana Heer, 1841","NULL","subspecies","NULL","NULL","NULL","Scarabaeoidea","Coleoptera","NULL","NULL","Cetonia","aurata","pisana","Italy","IT","NULL","NULL","NULL","Val Fondillo","Val Fondillo",1070,"1070.0","NULL","","",,,"50","NULL","NULL","NULL","NULL","NULL","40748","2011","7","24","Giuseppe M. Carpaneto et al.","NULL","NULL","PreservedSpecimen","NULL","CGC-MCZR","NULL","NULL","NULL","NULL","NULL","NULL","NULL","field_survey","NULL","CC BY 4.0","unverified","NULL","NULL","NULL",5,"PNALM","Scarabaeoidea","",,13.8566668527318,41.7676380271054,1357,"MULTIPOLYGON(((13.8543048193 41.7795824743,13.8543048193 41.7793046935,13.8518047981 41.7793046935,13.8518047981 41.778749132,13.8515270179 41.778749132,13.8515270179 41.7781935705,13.8512492378 41.7781935705,13.8512492378 41.7773602282,13.8509714576 41.7773602282,13.8509714576 41.7765268859,13.8506936775 41.7765268859,13.8506936775 41.7759713244,13.8504158974 41.7759713244,13.8504158974 41.7751379821,13.8501381172 41.7751379821,13.8501381172 41.7745824206,13.8498603371 41.7745824206,13.8498603371 41.7737490783,13.8495825569 41.7737490783,13.8495825569 41.772915736,13.8493047768 41.772915736,13.8493047768 41.7726379553,13.8498603371 41.7726379553,13.8498603371 41.7720823937,13.8495825569 41.7720823937,13.8495825569 41.771804613,13.8498603371 41.771804613,13.8498603371 41.7715268322,13.8504158974 41.7715268322,13.8504158974 41.7712490515,13.8506936775 41.7712490515,13.8506936775 41.7709712707,13.8512492378 41.7709712707,13.8512492378 41.7706934899,13.8515270179 41.7706934899,13.8515270179 41.7704157092,13.8520825782 41.7704157092,13.8520825782 41.7701379284,13.8523603583 41.7701379284,13.8523603583 41.7695823669,13.8529159186 41.7695823669,13.8529159186 41.7681934631,13.8531936988 41.7681934631,13.8531936988 41.76708234,13.8534714789 41.76708234,13.8534714789 41.7668045593,13.853749259 41.7668045593,13.853749259 41.7662489978,13.8540270392 41.7662489978,13.8540270392 41.7656934362,13.8543048193 41.7656934362,13.8543048193 41.7651378747,13.8545825995 41.7651378747,13.8545825995 41.764860094,13.8548603796 41.764860094,13.8548603796 41.7645823132,13.8551381597 41.7645823132,13.8551381597 41.7640267517,13.8554159399 41.7640267517,13.8554159399 41.7637489709,13.85569372 41.7637489709,13.85569372 41.7634711902,13.8559715002 41.7634711902,13.8559715002 41.7631934094,13.85569372 41.7631934094,13.85569372 41.7629156286,13.8559715002 41.7629156286,13.8559715002 41.7626378479,13.8562492803 41.7626378479,13.8562492803 41.7623600671,13.8565270604 41.7623600671,13.8565270604 41.7618045056,13.8570826207 41.7618045056,13.8570826207 41.7615267248,13.8573604009 41.7615267248,13.8573604009 41.7609711633,13.857638181 41.7609711633,13.857638181 41.7606933826,13.8579159611 41.7606933826,13.8579159611 41.7604156018,13.8584715214 41.7604156018,13.8584715214 41.760137821,13.8587493015 41.760137821,13.8587493015 41.7598600403,13.8590270817 41.7598600403,13.8590270817 41.7595822595,13.8593048618 41.7595822595,13.8593048618 41.759026698,13.859582642 41.759026698,13.859582642 41.7579155749,13.8601382022 41.7579155749,13.8601382022 41.7576377942,13.8604159824 41.7576377942,13.8604159824 41.7562488904,13.8609715427 41.7562488904,13.8609715427 41.7559711096,13.8615271029 41.7559711096,13.8615271029 41.7565266711,13.8612493228 41.7565266711,13.8612493228 41.7576377942,13.8615271029 41.7576377942,13.8615271029 41.7581933557,13.8618048831 41.7581933557,13.8618048831 41.7584711365,13.8615271029 41.7584711365,13.8615271029 41.7593044787,13.8618048831 41.7593044787,13.8618048831 41.7595822595,13.8620826632 41.7595822595,13.8620826632 41.760137821,13.8623604434 41.760137821,13.8623604434 41.7604156018,13.8620826632 41.7604156018,13.8620826632 41.7612489441,13.8609715427 41.7612489441,13.8609715427 41.7615267248,13.8606937625 41.7615267248,13.8606937625 41.7618045056,13.8601382022 41.7618045056,13.8601382022 41.7623600671,13.8598604221 41.7623600671,13.8598604221 41.7629156286,13.8601382022 41.7629156286,13.8601382022 41.7631934094,13.8604159824 41.7631934094,13.8604159824 41.7634711902,13.8598604221 41.7634711902,13.8598604221 41.7637489709,13.8593048618 41.7637489709,13.8593048618 41.7640267517,13.8590270817 41.7640267517,13.8590270817 41.7643045324,13.8587493015 41.7643045324,13.8587493015 41.7645823132,13.8584715214 41.7645823132,13.8584715214 41.7656934362,13.857638181 41.7656934362,13.857638181 41.765971217,13.8573604009 41.765971217,13.8573604009 41.7662489978,13.8570826207 41.7662489978,13.8570826207 41.7668045593,13.8568048406 41.7668045593,13.8568048406 41.76708234,13.8570826207 41.76708234,13.8570826207 41.7679156823,13.8568048406 41.7679156823,13.8568048406 41.7687490246,13.8570826207 41.7687490246,13.8570826207 41.7690268054,13.8573604009 41.7690268054,13.8573604009 41.7693045861,13.8570826207 41.7693045861,13.8570826207 41.7698601477,13.8573604009 41.7698601477,13.8573604009 41.7701379284,13.857638181 41.7701379284,13.857638181 41.7706934899,13.8579159611 41.7706934899,13.8579159611 41.7712490515,13.8581937413 41.7712490515,13.8581937413 41.7723601745,13.8584715214 41.7723601745,13.8584715214 41.772915736,13.8587493015 41.772915736,13.8587493015 41.7731935168,13.8593048618 41.7731935168,13.8593048618 41.7734712975,13.8598604221 41.7734712975,13.8598604221 41.7737490783,13.8601382022 41.7737490783,13.8601382022 41.7740268591,13.8604159824 41.7740268591,13.8604159824 41.7743046398,13.8606937625 41.7743046398,13.8606937625 41.7751379821,13.8604159824 41.7751379821,13.8604159824 41.7754157629,13.8601382022 41.7754157629,13.8601382022 41.7756935436,13.8598604221 41.7756935436,13.8598604221 41.7762491051,13.859582642 41.7762491051,13.859582642 41.7765268859,13.8593048618 41.7765268859,13.8593048618 41.7770824474,13.8590270817 41.7770824474,13.8590270817 41.7773602282,13.8587493015 41.7773602282,13.8587493015 41.7779157897,13.8584715214 41.7779157897,13.8584715214 41.7781935705,13.8581937413 41.7781935705,13.8581937413 41.778749132,13.8579159611 41.778749132,13.8579159611 41.7790269128,13.857638181 41.7790269128,13.857638181 41.7795824743,13.8543048193 41.7795824743)))"
