{
"type": "FeatureCollection",
"name": "PNALM_externalarea",
"crs": { "type": "name", "properties": { "name": "urn:ogc:def:crs:OGC:1.3:CRS84" } },
"features": [
{ "type": "Feature", "properties": { "Id": 0, "Estensione": 84083.989033546299 }, "geometry": { "type": "MultiPolygon", "coordinates": [ [ [ [ 13.751508597539006, 42.046963016354887 ], [ 13.751647288879347, 42.046879878236069 ], [ 13.751832735887094, 42.046808923683095 ], [ 13.751939818344171, 42.04674003498257 ], [ 13.752012234027079, 42.046641579840475 ], [ 13.752172558235891, 42.046453594679832 ], [ 13.752313072889953, 42.046277071852018 ], [ 13.752584675093072, 42.046005648972432 ], [ 13.752766226340817, 42.04573324676516 ], [ 13.752856299193313, 42.045532823531936 ], [ 13.752888043390191, 42.045311331066905 ], [ 13.753049660639036, 42.044656338861948 ], [ 13.753083949850252, 42.04450492842237 ], [ 13.753330360938063, 42.044119395294928 ], [ 13.753613544704846, 42.043655449163857 ], [ 13.753808804418489, 42.043482436797127 ], [ 13.754331804604384, 42.043169957444533 ], [ 13.754981392122261, 42.042791712432198 ], [ 13.755352764304808, 42.04262352627233 ], [ 13.756157857486587, 42.042302421344836 ], [ 13.756801119315947, 42.042046692188393 ], [ 13.758207975459918, 42.04138765929455 ], [ 13.758942630086944, 42.040861452283643 ], [ 13.759069952678612, 42.040757746235883 ], [ 13.759332479439529, 42.04054750822192 ], [ 13.759597556391084, 42.040407346739279 ], [ 13.75980606592468, 42.040357062640624 ], [ 13.760009923325883, 42.040344669701234 ], [ 13.760283794103028, 42.0403563848052 ], [ 13.760509269862377, 42.040440551137358 ], [ 13.76092583486453, 42.040564722729513 ], [ 13.761385297447513, 42.040698113727288 ], [ 13.761715796990352, 42.040818435678482 ], [ 13.761980650529186, 42.040891344402731 ], [ 13.7621252756124, 42.040904580803691 ], [ 13.762317897729705, 42.040865795976522 ], [ 13.762428478950039, 42.040817367118414 ], [ 13.76251595099904, 42.040751267133899 ], [ 13.762515622993913, 42.040750955211962 ], [ 13.762702397097511, 42.040609942717118 ], [ 13.762917028620473, 42.040445879796494 ], [ 13.763135969415975, 42.040261432536376 ], [ 13.763573507757044, 42.039910043925339 ], [ 13.763852185915471, 42.039673694102007 ], [ 13.764261690084677, 42.039354108626704 ], [ 13.764596978887484, 42.039024965393402 ], [ 13.764768085370566, 42.038883781908162 ], [ 13.764978564112402, 42.038731346117203 ], [ 13.765228131443214, 42.03858225055032 ], [ 13.765488652768072, 42.038474132484176 ], [ 13.765800516868511, 42.038343219969775 ], [ 13.765939171010068, 42.038260061759523 ], [ 13.766426272713684, 42.037976330115242 ], [ 13.766628070603355, 42.037867580408069 ], [ 13.766826005766717, 42.037755869894873 ], [ 13.767004425654051, 42.037641033725279 ], [ 13.767187097451862, 42.037508727105504 ], [ 13.767286995173093, 42.037404718869105 ], [ 13.767422126114944, 42.03730108951153 ], [ 13.767510053975728, 42.037208630478901 ], [ 13.767621242325262, 42.037128094727684 ], [ 13.767735728540647, 42.037079704279925 ], [ 13.767908989199082, 42.037029023044227 ], [ 13.768010771020405, 42.037030115727617 ], [ 13.768132069464986, 42.037034336206233 ], [ 13.768296711159369, 42.037024427594311 ], [ 13.768426402631162, 42.036999549527152 ], [ 13.768646975227991, 42.036931862892324 ], [ 13.768832148696006, 42.036872553451396 ], [ 13.769246061284885, 42.0367281287662 ], [ 13.769671265044524, 42.036607176260816 ], [ 13.770154962088831, 42.036498523692309 ], [ 13.770386826663936, 42.036454306790468 ], [ 13.770582950776742, 42.036435977575302 ], [ 13.770825941077755, 42.036423984581795 ], [ 13.770994212932019, 42.036428705133169 ], [ 13.771123283685634, 42.03643592517264 ], [ 13.771275337476313, 42.036469661067329 ], [ 13.77141961747124, 42.036500395147456 ], [ 13.771542807090208, 42.036609713071712 ], [ 13.771603530111598, 42.0367096048763 ], [ 13.771656928941859, 42.036783149427883 ], [ 13.771719937908877, 42.036967712746772 ], [ 13.771720592145254, 42.0371370150662 ], [ 13.771733160017831, 42.037297688064619 ], [ 13.771744547652874, 42.037519646745707 ], [ 13.771763765647785, 42.037741690321234 ], [ 13.771808475159792, 42.03806324520292 ], [ 13.771853522235499, 42.038367292765933 ], [ 13.771877497184816, 42.038545601986471 ], [ 13.771878600630608, 42.03869155699212 ], [ 13.771855486491951, 42.038875200158095 ], [ 13.771848255063379, 42.039047335875146 ], [ 13.771845669764359, 42.039181578928364 ], [ 13.771826471717349, 42.039365262332829 ], [ 13.771822200256297, 42.039587053347645 ], [ 13.771825983455859, 42.03979725204519 ], [ 13.771868444138187, 42.040235539786629 ], [ 13.771923925968906, 42.040811155348464 ], [ 13.77202164860747, 42.041836732908678 ], [ 13.772051920730592, 42.042196444214632 ], [ 13.772086917544575, 42.042514246983977 ], [ 13.772123796202713, 42.042886799690152 ], [ 13.772153341706804, 42.04318265258761 ], [ 13.772144674423537, 42.043480289396271 ], [ 13.772123459298088, 42.04381938323354 ], [ 13.772099434329958, 42.044151879646407 ], [ 13.772104702606615, 42.044335823074512 ], [ 13.77212847440982, 42.0444739953249 ], [ 13.772229546672024, 42.044715885791412 ], [ 13.772318748285798, 42.044964216506635 ], [ 13.772414708422017, 42.04516664589552 ], [ 13.772516583440844, 42.045366949536913 ], [ 13.772582140234991, 42.045470541351825 ], [ 13.772683356038129, 42.045552621913863 ], [ 13.772784360649176, 42.045645649716811 ], [ 13.772978320067672, 42.045792206181638 ], [ 13.773120730908824, 42.045870351153681 ], [ 13.773362473962795, 42.045975825971496 ], [ 13.773727086197287, 42.046106692588843 ], [ 13.774012581976811, 42.046227959349736 ], [ 13.77441489991797, 42.046536551212633 ], [ 13.774831650124641, 42.046858430956021 ], [ 13.775060224689447, 42.047038192306751 ], [ 13.775265812049167, 42.0471914396419 ], [ 13.775397327083295, 42.047327475939866 ], [ 13.775512655067347, 42.047439623967747 ], [ 13.775651310687357, 42.047560776472686 ], [ 13.775797626562241, 42.047690768436013 ], [ 13.775893942802906, 42.047773526644832 ], [ 13.775939245344548, 42.047861576875853 ], [ 13.776035057108293, 42.047970596167538 ], [ 13.77608461230451, 42.048041178075309 ], [ 13.776173656580283, 42.048094669122158 ], [ 13.776275120306138, 42.048113263095125 ], [ 13.776431621996339, 42.048120769714735 ], [ 13.776546222942338, 42.048117976496385 ], [ 13.776640737901435, 42.048090525832755 ], [ 13.776750397978928, 42.048039155574628 ], [ 13.776828511891189, 42.047948041678005 ], [ 13.776940772690271, 42.04776097058437 ], [ 13.777040911692421, 42.047593472745405 ], [ 13.777125148132814, 42.047489289766069 ], [ 13.777212782959111, 42.047361063075108 ], [ 13.777424589206074, 42.047190375171944 ], [ 13.777654225476381, 42.047008932695036 ], [ 13.777952277385275, 42.046782242574302 ], [ 13.778140084259023, 42.046637569845323 ], [ 13.778330576280373, 42.046506058959118 ], [ 13.778544559483676, 42.046374798884962 ], [ 13.778687898359642, 42.046251539020965 ], [ 13.779014343147933, 42.045922263110192 ], [ 13.779306260763086, 42.045708639362161 ], [ 13.779753048277746, 42.045382827502657 ], [ 13.780411079760803, 42.044914773754329 ], [ 13.780754497364613, 42.044618504895354 ], [ 13.781403276387866, 42.044018995886688 ], [ 13.781684185142975, 42.0437658494426 ], [ 13.7818290166477, 42.043563792245756 ], [ 13.781943263977899, 42.043271658068306 ], [ 13.782023622175881, 42.04306234893388 ], [ 13.78203766619932, 42.042942095286101 ], [ 13.782035733619807, 42.042889533306308 ], [ 13.781972430136801, 42.042820999662666 ], [ 13.78188953823061, 42.042701903877443 ], [ 13.781806518241055, 42.042589374011662 ], [ 13.781776601726092, 42.042464274775043 ], [ 13.781773111800026, 42.042339456058556 ], [ 13.78182687568156, 42.042138620438855 ], [ 13.781915372227697, 42.041964428858286 ], [ 13.781998371253307, 42.041770474633353 ], [ 13.782150700621683, 42.0414831194363 ], [ 13.782347325122219, 42.041183100977833 ], [ 13.782517185379607, 42.04090031022622 ], [ 13.782680209906978, 42.04066779815701 ], [ 13.782827217063177, 42.040505170553708 ], [ 13.782995151123648, 42.04032306265006 ], [ 13.783148029905634, 42.040160493590221 ], [ 13.783226540201245, 42.040047491160259 ], [ 13.783312595221165, 42.03984700041439 ], [ 13.783403380991906, 42.03955242524988 ], [ 13.783517168045575, 42.038975691398377 ], [ 13.783551371142526, 42.038722108180892 ], [ 13.783560709264567, 42.038540508230227 ], [ 13.783534687047151, 42.038365097511871 ], [ 13.783509627370387, 42.038139348252002 ], [ 13.783450170254598, 42.037869450212916 ], [ 13.783423480522378, 42.037729060236771 ], [ 13.783393354150823, 42.037614903204577 ], [ 13.783415855674662, 42.03735901083548 ], [ 13.783452160336411, 42.037149233450826 ], [ 13.78349002269791, 42.037011717772742 ], [ 13.783616342573765, 42.036855437639112 ], [ 13.783732474408369, 42.036771291307396 ], [ 13.783936896390648, 42.036677132475582 ], [ 13.784061209344307, 42.036625910332688 ], [ 13.784117910565547, 42.036578347964848 ], [ 13.784157832063508, 42.036486826398054 ], [ 13.784150526398747, 42.036407938078106 ], [ 13.784102491678674, 42.036308916753235 ], [ 13.784024263620362, 42.036253359649457 ], [ 13.783907324383927, 42.036225848970396 ], [ 13.783772435056944, 42.036215665452865 ], [ 13.783671777942439, 42.03625838227746 ], [ 13.783597584267884, 42.036299187826494 ], [ 13.783313376218709, 42.036727440984308 ], [ 13.783199690343983, 42.036991127821501 ], [ 13.783190461674359, 42.037474834033524 ], [ 13.783286249821787, 42.037841440865044 ], [ 13.783338403580206, 42.03803245341323 ], [ 13.783341604226901, 42.038172594384413 ], [ 13.783281820765756, 42.038535361747833 ], [ 13.783138618884033, 42.038960730190162 ], [ 13.782953219469121, 42.039442571388037 ], [ 13.782849254279988, 42.03965819829282 ], [ 13.782716554555265, 42.039840679743449 ], [ 13.782481004923623, 42.040026450546563 ], [ 13.782233626944603, 42.04021647265651 ], [ 13.781926352365106, 42.040467154065965 ], [ 13.781716042675535, 42.040663771909237 ], [ 13.781393022705291, 42.040969742387631 ], [ 13.781229444283014, 42.041128545940289 ], [ 13.781101153133005, 42.041284802361503 ], [ 13.780959945368515, 42.041502220829457 ], [ 13.780794687679489, 42.041748569718983 ], [ 13.780617295012302, 42.042015224749036 ], [ 13.780509469652689, 42.042124994890088 ], [ 13.780378711537626, 42.042205336208013 ], [ 13.780089343647038, 42.042389067803917 ], [ 13.779622288055698, 42.042649720075303 ], [ 13.779380285428125, 42.042813523156973 ], [ 13.779158976843787, 42.042919169825041 ], [ 13.779009588362957, 42.042949686647553 ], [ 13.778825582074582, 42.042947728773633 ], [ 13.7786813955474, 42.042911168210317 ], [ 13.778541849585899, 42.042836710093674 ], [ 13.778426524304532, 42.042724566710262 ], [ 13.778281332453837, 42.042536210629322 ], [ 13.777949392573428, 42.042080247865321 ], [ 13.777361479206837, 42.041291725329891 ], [ 13.777225295880699, 42.041042168309708 ], [ 13.777070663534055, 42.040529714276232 ], [ 13.776754526324755, 42.039455112418501 ], [ 13.776489790393125, 42.038559108570567 ], [ 13.776149070064656, 42.037338297751006 ], [ 13.776054288099076, 42.036972425225187 ], [ 13.775973037763658, 42.036717616185001 ], [ 13.775876304071469, 42.036249561874257 ], [ 13.775827386544112, 42.035738235018187 ], [ 13.775805922018002, 42.035428601963638 ], [ 13.775827629879169, 42.035113595374909 ], [ 13.775917059956964, 42.034738011660096 ], [ 13.775985630136837, 42.034429339419979 ], [ 13.776065717114198, 42.034132466819798 ], [ 13.776117955667415, 42.033858647616249 ], [ 13.77616113059687, 42.033648947386581 ], [ 13.776153139979968, 42.033453297333971 ], [ 13.776200342499301, 42.033237800487314 ], [ 13.776286801678689, 42.033016887616064 ], [ 13.776417269147505, 42.032746821827587 ], [ 13.776551034279262, 42.032508897770192 ], [ 13.776740831328569, 42.032207356211487 ], [ 13.776842498036963, 42.032009954876976 ], [ 13.776916089361753, 42.031847282127487 ], [ 13.776946958844743, 42.03166663817823 ], [ 13.776953952153463, 42.031506174033929 ], [ 13.776914475367878, 42.031318945793281 ], [ 13.776798616331023, 42.030827335904611 ], [ 13.776739570066763, 42.030639897357219 ], [ 13.776652114138882, 42.030504694213093 ], [ 13.77648626410171, 42.030374494809159 ], [ 13.776336069871284, 42.030244462641718 ], [ 13.776170106199979, 42.030120101107059 ], [ 13.776090091846463, 42.030005408951617 ], [ 13.776092051472631, 42.029903268402705 ], [ 13.776140812630722, 42.029810384338404 ], [ 13.776233472944359, 42.029674185276797 ], [ 13.776339721540509, 42.029441805804865 ], [ 13.776396591171736, 42.029334412247898 ], [ 13.776446696955318, 42.029171489323424 ], [ 13.776498088302763, 42.028941444316168 ], [ 13.776470915238949, 42.028725157554732 ], [ 13.77648260562388, 42.028523875990757 ], [ 13.77650251039103, 42.028305740007475 ], [ 13.776518340729789, 42.028169224015564 ], [ 13.77655141852607, 42.027994715799331 ], [ 13.776588596764915, 42.027864584087261 ], [ 13.776624074596214, 42.027790014608101 ], [ 13.77662201945685, 42.02778972389396 ], [ 13.776781552821346, 42.027432400497432 ], [ 13.776979723420848, 42.026897436671064 ], [ 13.777096363585423, 42.026735220745955 ], [ 13.777425367888764, 42.026318403604641 ], [ 13.777930220383302, 42.025713731423956 ], [ 13.778342637911257, 42.025233586163743 ], [ 13.778565449964942, 42.025046230456162 ], [ 13.778857931760253, 42.024900477600184 ], [ 13.779032379242583, 42.024785576768579 ], [ 13.779568290475858, 42.024192903367457 ], [ 13.779924550566063, 42.023782207088104 ], [ 13.779977384120111, 42.02368060716816 ], [ 13.780019369152217, 42.02353219146503 ], [ 13.780048433014141, 42.023240611528962 ], [ 13.780173378337022, 42.022847885810869 ], [ 13.780224361640542, 42.022638266056475 ], [ 13.780339078321393, 42.022370946793302 ], [ 13.7807671576141, 42.021683717277341 ], [ 13.780952988412334, 42.021382126489812 ], [ 13.781216924420811, 42.021090120590777 ], [ 13.781469284592841, 42.020789235409403 ], [ 13.781689552396248, 42.020528872650367 ], [ 13.7818265158085, 42.020326003205533 ], [ 13.782029106438767, 42.019966207250967 ], [ 13.78221351769119, 42.019533249180959 ], [ 13.782401061274056, 42.019141188230947 ], [ 13.78250504213403, 42.019025533801525 ], [ 13.782761986789287, 42.018893989626179 ], [ 13.782967218965148, 42.018805680247446 ], [ 13.783192238410063, 42.018705904479447 ], [ 13.783316118338972, 42.018572948758013 ], [ 13.783526077005305, 42.018236581394717 ], [ 13.783772089235022, 42.017856811952505 ], [ 13.784070364080279, 42.017404625136777 ], [ 13.784262325850191, 42.017190659492066 ], [ 13.784394027622268, 42.017057786513746 ], [ 13.784544295416, 42.016977648404065 ], [ 13.784769030378889, 42.016892458494404 ], [ 13.78504849626256, 42.016810771428105 ], [ 13.785300679390783, 42.016722954825468 ], [ 13.785593329725728, 42.016565510433303 ], [ 13.785862664134536, 42.016399062875642 ], [ 13.786250121916888, 42.016195919188391 ], [ 13.786561779337715, 42.016067863390475 ], [ 13.787220143810893, 42.015820878668059 ], [ 13.787523083508592, 42.015739433032721 ], [ 13.788473726008737, 42.015559740996117 ], [ 13.788568201355668, 42.01553154979257 ], [ 13.788629339471752, 42.015403763864612 ], [ 13.788767803155114, 42.015326415093888 ], [ 13.788948981351686, 42.015267029502837 ], [ 13.789462977656726, 42.014995156216393 ], [ 13.789680535676016, 42.014874856770774 ], [ 13.789740896977452, 42.014787925752316 ], [ 13.789775079381833, 42.01463650440509 ], [ 13.789770519488414, 42.01446424074549 ], [ 13.789742145109397, 42.014309239692203 ], [ 13.78966206698829, 42.014197476069739 ], [ 13.789570582597216, 42.014068077267609 ], [ 13.789343906695613, 42.013843850818844 ], [ 13.789232246280102, 42.013746349621762 ], [ 13.789116621187938, 42.013651725442109 ], [ 13.789052365090919, 42.013531373645584 ], [ 13.789038040530372, 42.013461168685673 ], [ 13.789063790450438, 42.013341763207492 ], [ 13.789147960169247, 42.013237571038495 ], [ 13.789454595546639, 42.012960591959519 ], [ 13.789532321079843, 42.012783358192543 ], [ 13.789835732384175, 42.012056829267216 ], [ 13.789882926541418, 42.011838411219856 ], [ 13.789961273175308, 42.011421832014264 ], [ 13.790111037570918, 42.011160709736316 ], [ 13.790335425289735, 42.010885778985795 ], [ 13.7905194092494, 42.010677558017555 ], [ 13.79077857027543, 42.010426343357764 ], [ 13.791166086653881, 42.010217343791268 ], [ 13.792005562404778, 42.010602194073407 ], [ 13.793141228842382, 42.011143994996885 ], [ 13.793159557063605, 42.011161792085225 ], [ 13.793456711357825, 42.010991585653734 ], [ 13.793750047236946, 42.010872724756162 ], [ 13.794177017109009, 42.010793476679929 ], [ 13.794484491419448, 42.010783485351652 ], [ 13.794911543022984, 42.010699828308766 ], [ 13.796723411161185, 42.010529743765417 ], [ 13.798293316450533, 42.010169521099705 ], [ 13.799220974910041, 42.009869511613921 ], [ 13.800028319800688, 42.009479790181175 ], [ 13.800637812520447, 42.009120372456124 ], [ 13.801068982869415, 42.00881638101125 ], [ 13.80173828741626, 42.008417918337742 ], [ 13.802192480699903, 42.008018707106139 ], [ 13.802305131535675, 42.007986999082377 ], [ 13.802708617262629, 42.007991208870848 ], [ 13.802732878083326, 42.007965771946566 ], [ 13.802810479530342, 42.007961955564454 ], [ 13.803622874097801, 42.007441212125435 ], [ 13.803820394079059, 42.007359899675578 ], [ 13.804233235384599, 42.007077607240355 ], [ 13.804504137407495, 42.006695553642309 ], [ 13.804714608063373, 42.00662441719448 ], [ 13.805099110119928, 42.006601978231956 ], [ 13.805295634166425, 42.006520289280822 ], [ 13.80541692286344, 42.00635408222908 ], [ 13.805706950069501, 42.006060006546321 ], [ 13.806040148689677, 42.005889008191737 ], [ 13.806592213097188, 42.005686427754263 ], [ 13.806695517588018, 42.005600548599809 ], [ 13.806774676134076, 42.005455270622925 ], [ 13.806763466898857, 42.00544259970178 ], [ 13.806818447712791, 42.005346215240522 ], [ 13.806970318694711, 42.005440342888569 ], [ 13.807064841879329, 42.005441325358085 ], [ 13.807195552110661, 42.005403019991732 ], [ 13.807534578573332, 42.005075477048621 ], [ 13.808085998522056, 42.004865790876217 ], [ 13.812287413184361, 42.003196934499364 ], [ 13.812584306785086, 42.003184834845484 ], [ 13.812938101647957, 42.00322375119584 ], [ 13.813308554954387, 42.003320130928465 ], [ 13.814149984320728, 42.003712483840509 ], [ 13.814540217193192, 42.003813231919708 ], [ 13.815488996178349, 42.003969498908276 ], [ 13.81621304083871, 42.004088745648325 ], [ 13.816891213715829, 42.004168021862277 ], [ 13.817373515310242, 42.004287576821554 ], [ 13.817635931094678, 42.004475378362571 ], [ 13.817896064306051, 42.004786554452863 ], [ 13.818067910926406, 42.005079192455185 ], [ 13.81857242242387, 42.005595609601755 ], [ 13.81882644477005, 42.005855622499162 ], [ 13.819261387209444, 42.006043408666962 ], [ 13.819798782962444, 42.006275425218121 ], [ 13.820859450794991, 42.005579463927894 ], [ 13.82130692395892, 42.005346076961146 ], [ 13.822338493574762, 42.004519317780534 ], [ 13.824756258330828, 42.002534463290047 ], [ 13.826343489612515, 42.001231335686548 ], [ 13.827466266951552, 42.000061920506944 ], [ 13.828050983624227, 41.999513937707249 ], [ 13.828736835223193, 41.998838911123329 ], [ 13.829432084284232, 41.997321932096227 ], [ 13.82938325785946, 41.996808445187725 ], [ 13.829924797912284, 41.995341015034036 ], [ 13.830356532583798, 41.993493786804969 ], [ 13.830650242351014, 41.993005786777459 ], [ 13.830684596812786, 41.9919869351858 ], [ 13.830695394911595, 41.991973514880776 ], [ 13.830794334701205, 41.991732131882166 ], [ 13.830963586786057, 41.991522314670519 ], [ 13.831037985795275, 41.991194995892499 ], [ 13.831040073692481, 41.991193385560628 ], [ 13.831053902306051, 41.991133997871934 ], [ 13.831613471347689, 41.990237086222422 ], [ 13.831925093346014, 41.989310581043824 ], [ 13.831929489944915, 41.989302458120697 ], [ 13.831926004654109, 41.989288894696273 ], [ 13.83247309666732, 41.988126468747602 ], [ 13.832868814196592, 41.987478348873587 ], [ 13.833646271583312, 41.986309552849022 ], [ 13.834807944096569, 41.984800897310976 ], [ 13.835536604863169, 41.984037046876942 ], [ 13.83698688400793, 41.982599838517082 ], [ 13.837390246779853, 41.981825836566571 ], [ 13.837911505142497, 41.981001568095934 ], [ 13.838267685038922, 41.980512012304693 ], [ 13.83828255858772, 41.980503921816329 ], [ 13.838986706088454, 41.97978387178393 ], [ 13.839388449294363, 41.979452993576537 ], [ 13.839985121411175, 41.978827244635191 ], [ 13.840002153656137, 41.978833386343595 ], [ 13.840975341340572, 41.979000712728251 ], [ 13.841480872261481, 41.97904223324948 ], [ 13.842891922496817, 41.978965002911949 ], [ 13.844991110527022, 41.9786477880346 ], [ 13.846945629239855, 41.977986663013489 ], [ 13.849427000498173, 41.977211415471338 ], [ 13.850715985780832, 41.976883030060364 ], [ 13.853763182352548, 41.975863020602809 ], [ 13.856795825932441, 41.9747526854649 ], [ 13.857236805092292, 41.974550657031955 ], [ 13.858446842094331, 41.973928070915946 ], [ 13.858460691288466, 41.973919407524427 ], [ 13.85985864963741, 41.973226079525382 ], [ 13.861531268183956, 41.972104300985471 ], [ 13.862413692124818, 41.971302137868854 ], [ 13.863188529707674, 41.970238881861036 ], [ 13.86337068056787, 41.969958629388231 ], [ 13.864015230429439, 41.969835267102432 ], [ 13.864192381273334, 41.969730732179535 ], [ 13.864211988018946, 41.969699793854467 ], [ 13.864245325054798, 41.96970871630073 ], [ 13.864543551823793, 41.969468784795211 ], [ 13.864878830347024, 41.968915823037968 ], [ 13.864947201080245, 41.968737346124286 ], [ 13.864945009868046, 41.968736274806716 ], [ 13.865099612672392, 41.968306884049433 ], [ 13.865395883371711, 41.968176619478101 ], [ 13.865446662557249, 41.968162540408002 ], [ 13.867700062306021, 41.967139894258231 ], [ 13.867963809550012, 41.966381411207287 ], [ 13.868423673045033, 41.965541831279445 ], [ 13.869980740920903, 41.963467640616635 ], [ 13.870985460558137, 41.962744117018957 ], [ 13.871694526701969, 41.962488167812943 ], [ 13.872313627761566, 41.962485410633221 ], [ 13.873102829458901, 41.962591562385711 ], [ 13.873924554310065, 41.962722631918353 ], [ 13.874400493619172, 41.962826000466357 ], [ 13.875183033292561, 41.962955705422409 ], [ 13.875696444522074, 41.963040794357113 ], [ 13.876074222941279, 41.962908390156024 ], [ 13.876150147242813, 41.962624654581397 ], [ 13.87636489881781, 41.962238710360985 ], [ 13.876564281081711, 41.961880380336893 ], [ 13.876793408311505, 41.961049976322649 ], [ 13.876875639596424, 41.96027734398789 ], [ 13.87709685533598, 41.959651851315243 ], [ 13.877345166953262, 41.958949732160448 ], [ 13.878163405828964, 41.958002529260142 ], [ 13.878773680185793, 41.957618644314401 ], [ 13.879337664482728, 41.957263869589099 ], [ 13.880489780025238, 41.956767089471462 ], [ 13.880885824323121, 41.956446324327885 ], [ 13.881745360650161, 41.95575014982434 ], [ 13.882552235049509, 41.954997414225197 ], [ 13.88298094934483, 41.954541789382084 ], [ 13.883125540041641, 41.954106295273306 ], [ 13.883499130881626, 41.952981045671699 ], [ 13.883753907845801, 41.951902682445528 ], [ 13.884330939119138, 41.950795421396343 ], [ 13.88459067186446, 41.950661839766347 ], [ 13.885000608350555, 41.950218071543254 ], [ 13.885440009449528, 41.950061807270885 ], [ 13.885966475804784, 41.949874571352936 ], [ 13.886290904701275, 41.949759189180703 ], [ 13.886584429171856, 41.949532358534867 ], [ 13.886851098800015, 41.949288375031763 ], [ 13.887149201447292, 41.949058208194188 ], [ 13.887258053988301, 41.948992710178665 ], [ 13.887511104565776, 41.948653827924545 ], [ 13.888198190367833, 41.94751654246442 ], [ 13.888870952311356, 41.945779470751866 ], [ 13.889920049735592, 41.943003573200762 ], [ 13.890635254737459, 41.941663587359336 ], [ 13.891242169402718, 41.940866849142502 ], [ 13.891945985586517, 41.940181742869626 ], [ 13.892370335976706, 41.939936755013541 ], [ 13.89394807126806, 41.939444571221863 ], [ 13.897301287739142, 41.93845281679441 ], [ 13.899528638705878, 41.937542430281162 ], [ 13.900657572950887, 41.937276482596403 ], [ 13.902628437131323, 41.936907876435548 ], [ 13.904105929288065, 41.936488397759625 ], [ 13.905988857593048, 41.936201918872101 ], [ 13.908360399192283, 41.936242945363659 ], [ 13.909710536612803, 41.936043589166431 ], [ 13.911873354915697, 41.93527995425471 ], [ 13.913628470940987, 41.93451242178029 ], [ 13.915853114733544, 41.933740070519029 ], [ 13.916839454801371, 41.933131282798833 ], [ 13.917428588145185, 41.931900644135368 ], [ 13.917818348047902, 41.930769598499587 ], [ 13.918530960704821, 41.929540117417112 ], [ 13.919590335890724, 41.928258540689697 ], [ 13.920789423494776, 41.926747633336888 ], [ 13.921991487164327, 41.925790263213337 ], [ 13.922763484548238, 41.925428493689274 ], [ 13.923585501932394, 41.925030288493822 ], [ 13.92496532417278, 41.924517368661668 ], [ 13.926625511238987, 41.923490438110846 ], [ 13.927579328090699, 41.922595265363448 ], [ 13.928692442762683, 41.921775370940168 ], [ 13.929922871408914, 41.921325576984259 ], [ 13.931237427398971, 41.921014933498505 ], [ 13.933010474505297, 41.920616282536031 ], [ 13.935036800046957, 41.919841712850975 ], [ 13.936269752542426, 41.919235042999034 ], [ 13.937481498829451, 41.918415977887975 ], [ 13.939241348310908, 41.917315981338618 ], [ 13.939862387914351, 41.915615020156373 ], [ 13.939979045335763, 41.914536726178518 ], [ 13.939938509589203, 41.913402252632238 ], [ 13.939822792150958, 41.912669435184185 ], [ 13.939720693910449, 41.912174193307663 ], [ 13.939509103426364, 41.911630864657234 ], [ 13.938689792528214, 41.909728483153593 ], [ 13.93805244417481, 41.90825734697011 ], [ 13.943745800224887, 41.907909714833323 ], [ 13.943119358890641, 41.905453050793689 ], [ 13.943662792986967, 41.904343916843807 ], [ 13.944090080565136, 41.903908469881699 ], [ 13.945493874907275, 41.902210938908539 ], [ 13.94684238661957, 41.900677647068093 ], [ 13.948124351134568, 41.89935557319204 ], [ 13.948758031938654, 41.898498313670466 ], [ 13.949051701345324, 41.897881163400946 ], [ 13.949568567702268, 41.897101289695101 ], [ 13.950623485580458, 41.896169412941276 ], [ 13.95119856798426, 41.895680366968392 ], [ 13.951855072896281, 41.895348982581808 ], [ 13.952176351612003, 41.894967459749296 ], [ 13.952661786215232, 41.894179438563796 ], [ 13.953090097294323, 41.893673348921467 ], [ 13.953222879887349, 41.893258721673284 ], [ 13.953177433976018, 41.892183399353314 ], [ 13.953399844119167, 41.891424360723434 ], [ 13.953818654656034, 41.89085541622093 ], [ 13.954325668057512, 41.889384976968827 ], [ 13.955008459593323, 41.888724278613118 ], [ 13.955993399882315, 41.888207554273926 ], [ 13.956563517782385, 41.888016584830133 ], [ 13.956261484387372, 41.887864763528725 ], [ 13.955661660138418, 41.887945618750166 ], [ 13.955434652894299, 41.887700326900969 ], [ 13.955451287041106, 41.887323865537383 ], [ 13.955530780538828, 41.886955824882357 ], [ 13.955866198518216, 41.886346885501105 ], [ 13.956335530951964, 41.885896080499684 ], [ 13.957309149433049, 41.885426315594891 ], [ 13.958811103433968, 41.884749489542038 ], [ 13.958954072287353, 41.884350638609646 ], [ 13.959067839275043, 41.883810292489152 ], [ 13.95905423055383, 41.883355097267838 ], [ 13.959029995851163, 41.882907654102176 ], [ 13.959052335180552, 41.882178173034042 ], [ 13.958982546115658, 41.881950004389417 ], [ 13.958906714959339, 41.881447168685433 ], [ 13.958911172301105, 41.881172598502687 ], [ 13.959083715865894, 41.880891703653631 ], [ 13.959193019757658, 41.880625928904344 ], [ 13.959382296129961, 41.879960728012428 ], [ 13.959269948069466, 41.87912018152219 ], [ 13.959320151304508, 41.877967267823564 ], [ 13.960357119658525, 41.87746666530343 ], [ 13.960718337258848, 41.877203169333313 ], [ 13.961209274988535, 41.877356684784189 ], [ 13.962171685025545, 41.877569385344891 ], [ 13.962716002967221, 41.877668457585621 ], [ 13.963250966021324, 41.877696826745918 ], [ 13.963838794123829, 41.877702132302872 ], [ 13.964324059104829, 41.877557434314497 ], [ 13.965125748317885, 41.87732143265346 ], [ 13.965507053454147, 41.877113026738932 ], [ 13.966386509610324, 41.876610949380144 ], [ 13.967131514162467, 41.875982121788844 ], [ 13.968234776943538, 41.875270201240347 ], [ 13.96905246871704, 41.874689090315769 ], [ 13.970013693198414, 41.87432110595379 ], [ 13.970360576606625, 41.874292833424647 ], [ 13.971896195223435, 41.874110438738867 ], [ 13.972485751335121, 41.874005869240285 ], [ 13.974356362673809, 41.873881363279416 ], [ 13.974987146230374, 41.873824227092044 ], [ 13.97585460980247, 41.873408278763293 ], [ 13.97602617932017, 41.873182272289696 ], [ 13.976592118823902, 41.872583170764102 ], [ 13.977220895820677, 41.871992470626104 ], [ 13.978258878575437, 41.870754183798958 ], [ 13.979957405656037, 41.868901918054412 ], [ 13.981089835025649, 41.866997528685289 ], [ 13.982036441774289, 41.865554398589481 ], [ 13.982960201801479, 41.864887819621082 ], [ 13.9846918174304, 41.863827980857238 ], [ 13.985544986583594, 41.863266188791222 ], [ 13.987119931681951, 41.862609251440787 ], [ 13.987896240608373, 41.86242631678644 ], [ 13.988235840645208, 41.862605846903939 ], [ 13.988547179978259, 41.862705685512523 ], [ 13.988943528591435, 41.862656213839621 ], [ 13.989234382452436, 41.862557264843261 ], [ 13.989454607108833, 41.862444453998286 ], [ 13.989452884810937, 41.860679067599243 ], [ 13.991001954252674, 41.859408381644869 ], [ 13.991028668011145, 41.859336450884442 ], [ 13.990270786773717, 41.857697801874608 ], [ 13.989945294408729, 41.856817483703665 ], [ 13.990029613189012, 41.856127766797904 ], [ 13.990235772402078, 41.855031128541491 ], [ 13.990462917362137, 41.854601589159437 ], [ 13.991782686404493, 41.853428420405479 ], [ 13.993248936800725, 41.852280061317906 ], [ 13.99355974911586, 41.851866940391602 ], [ 13.993602910737961, 41.851121938354225 ], [ 13.993632055511901, 41.849262665788046 ], [ 13.99363795769532, 41.849262685072993 ], [ 13.993630751165021, 41.848986671465951 ], [ 13.993634762951807, 41.848730726133212 ], [ 13.993304304462763, 41.848348276006909 ], [ 13.991721641180455, 41.846516056864402 ], [ 13.991003076025828, 41.845666777436122 ], [ 13.991424655581518, 41.845507184088554 ], [ 13.993455666921644, 41.844717342782317 ], [ 13.994839846517481, 41.844146890370837 ], [ 13.996248847930376, 41.843497196770393 ], [ 13.997022927252688, 41.843062616074661 ], [ 13.998167906499408, 41.842309084679641 ], [ 14.001804351319533, 41.840363526570485 ], [ 14.002471204383376, 41.837708011762516 ], [ 14.002602866057689, 41.837210435533194 ], [ 14.002864013604803, 41.837115606536429 ], [ 14.003008098373442, 41.836957976150593 ], [ 14.00337669115042, 41.836784635533164 ], [ 14.00377492217601, 41.836602727095858 ], [ 14.004321353792497, 41.836377964338737 ], [ 14.004516763354482, 41.836335524809463 ], [ 14.004724181053584, 41.836279945465691 ], [ 14.005086589213015, 41.836124204148007 ], [ 14.005419629253954, 41.83595937540619 ], [ 14.005800352277937, 41.835764066938005 ], [ 14.006007628960447, 41.83571731435427 ], [ 14.006374227053714, 41.835671938192959 ], [ 14.006676461977568, 41.835590697820187 ], [ 14.00706788705474, 41.835466091039542 ], [ 14.007216701049163, 41.835383522224468 ], [ 14.007412514903658, 41.835314599653522 ], [ 14.007756187576442, 41.83522488642155 ], [ 14.008414026613224, 41.835045204321055 ], [ 14.009471222126171, 41.834608568831925 ], [ 14.009994218415006, 41.834370338207613 ], [ 14.010285526021747, 41.83423161712485 ], [ 14.010932566599447, 41.833985624576137 ], [ 14.011295422506802, 41.833798970363588 ], [ 14.01196788853815, 41.83343402744989 ], [ 14.01301560629773, 41.832842807760244 ], [ 14.013803277204191, 41.832275823576971 ], [ 14.014371537725101, 41.83177756685884 ], [ 14.014695483422448, 41.831390429710758 ], [ 14.015038501554224, 41.83095644057591 ], [ 14.015314222630902, 41.83058145433197 ], [ 14.015619991461753, 41.829978329464147 ], [ 14.015765654311117, 41.829714771459557 ], [ 14.01640785972257, 41.82881661796138 ], [ 14.017018917717683, 41.82792812391731 ], [ 14.01727244159953, 41.827556253781225 ], [ 14.017723134046603, 41.827603139809767 ], [ 14.018536679931, 41.827653125819353 ], [ 14.018890680934755, 41.827656150254469 ], [ 14.019117316114119, 41.827595192897434 ], [ 14.019374471965193, 41.827564290539534 ], [ 14.019671704733693, 41.827517175631527 ], [ 14.01984086473905, 41.827452415784656 ], [ 14.020103051657125, 41.82738183282008 ], [ 14.020355782222982, 41.827350887207949 ], [ 14.020493562531316, 41.827312342032492 ], [ 14.020848318417615, 41.827265714069419 ], [ 14.021243354158651, 41.827189639441663 ], [ 14.021656439377184, 41.827090544388156 ], [ 14.022069475131881, 41.82699476065175 ], [ 14.022394663344015, 41.826855195901629 ], [ 14.022667506196141, 41.82666553091871 ], [ 14.022954879723244, 41.826393238420259 ], [ 14.023111562939423, 41.826275409251501 ], [ 14.023596798527683, 41.826087549933916 ], [ 14.024130300770404, 41.825926578652805 ], [ 14.024828326708992, 41.825714040202676 ], [ 14.025326023187935, 41.825579239887595 ], [ 14.025534193576647, 41.825567767592005 ], [ 14.025742163203555, 41.825569531842362 ], [ 14.026070006046034, 41.825545832235996 ], [ 14.026468596865861, 41.825526039105917 ], [ 14.026814388549962, 41.825485938198355 ], [ 14.027089382309859, 41.825445237121251 ], [ 14.027422400902463, 41.825371925218036 ], [ 14.027693570861704, 41.825291468382233 ], [ 14.027991739310451, 41.825181449999825 ], [ 14.028084509573057, 41.825192165944877 ], [ 14.028240281878743, 41.825133900795329 ], [ 14.028691394939559, 41.824859669079039 ], [ 14.028859689463919, 41.824851161259318 ], [ 14.029007158195427, 41.82475641395073 ], [ 14.029202526965438, 41.824420438006605 ], [ 14.029294322188109, 41.82420274674309 ], [ 14.029362743445494, 41.824067610587974 ], [ 14.029468939701459, 41.824068507974758 ], [ 14.029893069370715, 41.8241151217793 ], [ 14.030065235382144, 41.824143057994348 ], [ 14.030185354136659, 41.8241010393143 ], [ 14.030213500598355, 41.823995355269773 ], [ 14.030152554235167, 41.823928638708907 ], [ 14.030074507001752, 41.823822057963156 ], [ 14.030093404126559, 41.823742772551633 ], [ 14.030209895934, 41.823647764835748 ], [ 14.030325140383084, 41.823635496444481 ], [ 14.030594851567875, 41.823651014501593 ], [ 14.030908060421236, 41.823716548480562 ], [ 14.03115932250625, 41.823781561295803 ], [ 14.031299568466393, 41.823872114586521 ], [ 14.031515983015431, 41.823900421805035 ], [ 14.03202925917917, 41.823904748589172 ], [ 14.032436336426775, 41.823908178512951 ], [ 14.032877222196936, 41.824017815028263 ], [ 14.033411128132082, 41.82412161283267 ], [ 14.033636692362663, 41.824130129059 ], [ 14.033854054351583, 41.824095546717516 ], [ 14.034071764329322, 41.824037797907501 ], [ 14.034375337052582, 41.823861603075258 ], [ 14.034778041425257, 41.823567081276998 ], [ 14.034934330430302, 41.823399992541425 ], [ 14.035151675112857, 41.823292584097295 ], [ 14.035332665251568, 41.823174943959181 ], [ 14.035627306226367, 41.823003635386073 ], [ 14.036011135434354, 41.822860387487914 ], [ 14.036323305219556, 41.822774048369098 ], [ 14.036855905761614, 41.822669282914667 ], [ 14.037435839804994, 41.822654282644329 ], [ 14.038085675086624, 41.822699446987762 ], [ 14.038806854305653, 41.82270879488658 ], [ 14.039532207295478, 41.822734724480441 ], [ 14.039907763429513, 41.82277427524582 ], [ 14.040304554366248, 41.822873582133077 ], [ 14.040652625308351, 41.822975793965369 ], [ 14.040925377430248, 41.823083995174251 ], [ 14.041104075947562, 41.823267543461291 ], [ 14.04119914850425, 41.823420600710371 ], [ 14.041276275685812, 41.823590058860447 ], [ 14.041351773945632, 41.823868736683458 ], [ 14.04141434391313, 41.824124137011054 ], [ 14.041521064653551, 41.824386523953706 ], [ 14.041711906371562, 41.82464630492256 ], [ 14.04193073071402, 41.824810324859058 ], [ 14.042216077561571, 41.824964968215404 ], [ 14.042603691161286, 41.825087363462195 ], [ 14.043582171080368, 41.825353704486922 ], [ 14.043996190100774, 41.825486244160146 ], [ 14.044379384165712, 41.825608596630659 ], [ 14.044612673769532, 41.825693289551026 ], [ 14.044823152411887, 41.825824134666469 ], [ 14.04494980236923, 41.825937729970029 ], [ 14.04505481950944, 41.826018046492969 ], [ 14.045060012160699, 41.826023234602324 ], [ 14.045201214371554, 41.82609159171983 ], [ 14.045491490517263, 41.826146966062772 ], [ 14.045710705571706, 41.826219402814914 ], [ 14.045946386667413, 41.826242692495732 ], [ 14.04620696645028, 41.826178654711789 ], [ 14.046431164820982, 41.826180516262241 ], [ 14.046583709629207, 41.826239156440451 ], [ 14.046813218730607, 41.826280782728226 ], [ 14.046943018555432, 41.826281859842808 ], [ 14.047150497757556, 41.826217377641903 ], [ 14.047341064125376, 41.826099796950203 ], [ 14.047590430668876, 41.82599594106361 ], [ 14.047951567500382, 41.825915078464988 ], [ 14.048224923734105, 41.825784940019794 ], [ 14.048480057267506, 41.825689959217456 ], [ 14.048769806703016, 41.825648224024427 ], [ 14.049029467052387, 41.825645960936129 ], [ 14.049200563639582, 41.825647377406455 ], [ 14.04942489091561, 41.825640407135133 ], [ 14.049661213142182, 41.825620295936524 ], [ 14.049841145639016, 41.825423179168659 ], [ 14.050028543080316, 41.825120198806474 ], [ 14.050214763910498, 41.824896653414825 ], [ 14.050522176857466, 41.824457846796207 ], [ 14.050873684340651, 41.823829629131886 ], [ 14.051293339133046, 41.822981297090223 ], [ 14.051562692755247, 41.822321501395905 ], [ 14.051618981173599, 41.822105705469006 ], [ 14.051671385624262, 41.821753062336491 ], [ 14.051893315397622, 41.821507740441085 ], [ 14.052051845590453, 41.821160386303902 ], [ 14.052241041290369, 41.820733839325932 ], [ 14.052290405118001, 41.820186978395228 ], [ 14.052292054301972, 41.819675028613062 ], [ 14.052288129710412, 41.819140965994642 ], [ 14.052397918506166, 41.818497506391317 ], [ 14.052593674078748, 41.817625255081808 ], [ 14.052683676380893, 41.817122861941264 ], [ 14.052843703020418, 41.816272381572581 ], [ 14.053084443496894, 41.815148930256221 ], [ 14.053168296547252, 41.814262514554166 ], [ 14.053285003428172, 41.813548495182559 ], [ 14.053379397921038, 41.81314764824522 ], [ 14.053440219975238, 41.812622945691004 ], [ 14.053575008327654, 41.811882592529301 ], [ 14.053762748769531, 41.811151502946622 ], [ 14.053842621813248, 41.81053427412791 ], [ 14.053884162207099, 41.809715917428157 ], [ 14.053948824002461, 41.809063254820693 ], [ 14.054093341010416, 41.808328866695604 ], [ 14.054346754175045, 41.807142258190623 ], [ 14.054540005651335, 41.806302346147433 ], [ 14.054515383866795, 41.805837254182869 ], [ 14.054619009011985, 41.805208453243409 ], [ 14.054741126161094, 41.804391493592419 ], [ 14.055144442779893, 41.803170807643333 ], [ 14.055336630565296, 41.802937000011319 ], [ 14.055481376095328, 41.802720459406764 ], [ 14.055782789725708, 41.802546397537292 ], [ 14.056074955867583, 41.80246641510017 ], [ 14.056163442200607, 41.802331794414116 ], [ 14.05673749196332, 41.80233650975935 ], [ 14.057319663189412, 41.802323634180382 ], [ 14.058073571527757, 41.802264354768084 ], [ 14.058934751967623, 41.80186095712773 ], [ 14.059200665586166, 41.801827830307829 ], [ 14.05926724269141, 41.802115248755875 ], [ 14.059479894723806, 41.80330421803167 ], [ 14.059613052539198, 41.80387905994688 ], [ 14.059768193211239, 41.80456441920947 ], [ 14.059925917583072, 41.805073261700372 ], [ 14.060158645212558, 41.805697466292827 ], [ 14.060732853818577, 41.806770222886634 ], [ 14.060835861969254, 41.806987326475834 ], [ 14.06085648947739, 41.807190514473284 ], [ 14.061064250740111, 41.807505569287059 ], [ 14.061254253382712, 41.807824894590098 ], [ 14.061390144314053, 41.808214390124704 ], [ 14.061593750141704, 41.80841024646643 ], [ 14.061872041861092, 41.808743530091078 ], [ 14.062058085294423, 41.808930415093023 ], [ 14.062213930467173, 41.809165604051572 ], [ 14.062611848420634, 41.80979115184708 ], [ 14.06312632904581, 41.810514745080958 ], [ 14.063456695786, 41.810919064393026 ], [ 14.063664610103292, 41.811225290735024 ], [ 14.064069802854476, 41.811758210904621 ], [ 14.064858731454549, 41.81267822423434 ], [ 14.065099553174013, 41.812750801643197 ], [ 14.065310173792112, 41.812871676424315 ], [ 14.065403142118154, 41.812969530057806 ], [ 14.065426033232233, 41.813018264887027 ], [ 14.065564779364342, 41.813213586345348 ], [ 14.065700195442968, 41.813232342572796 ], [ 14.065883891126884, 41.813176461511695 ], [ 14.066130613707156, 41.813249081447864 ], [ 14.066363873459117, 41.813436344902961 ], [ 14.066568664956101, 41.813552760032529 ], [ 14.06689784548195, 41.813634876541663 ], [ 14.067121744530292, 41.813654350406125 ], [ 14.067399375206421, 41.813630121488309 ], [ 14.068664326772407, 41.813053395294986 ], [ 14.070779597613846, 41.812011293119411 ], [ 14.070915586775699, 41.811990326308432 ], [ 14.071222127858139, 41.812006044039776 ], [ 14.071658438081938, 41.812022812576338 ], [ 14.071974865240815, 41.812171013655586 ], [ 14.072333156655581, 41.812279829897406 ], [ 14.073348034508189, 41.812676408853363 ], [ 14.07383984156805, 41.812936357018316 ], [ 14.075054969558002, 41.814177506085706 ], [ 14.076425992309568, 41.81524777156433 ], [ 14.076934017401639, 41.815818436541136 ], [ 14.077029117591177, 41.815974775738894 ], [ 14.07723183511032, 41.816340514622219 ], [ 14.0776274181695, 41.816833587536436 ], [ 14.078131140077586, 41.817191812257562 ], [ 14.07892145522804, 41.817621847573839 ], [ 14.079205424726778, 41.817567853161194 ], [ 14.080361329504504, 41.817497671760165 ], [ 14.080606471673528, 41.817373850374331 ], [ 14.081008403239013, 41.817115566585663 ], [ 14.081509892019868, 41.816702504177407 ], [ 14.082646492581281, 41.816433538908079 ], [ 14.082823938074556, 41.816401855964024 ], [ 14.083407914923463, 41.816098678531645 ], [ 14.084018855928178, 41.81576592034537 ], [ 14.084767743736505, 41.815377985783599 ], [ 14.084955540291661, 41.815240459416366 ], [ 14.085431760697503, 41.814734494442035 ], [ 14.085913624798774, 41.814142512145608 ], [ 14.086243363652278, 41.813668480084495 ], [ 14.086610282900807, 41.813380108398796 ], [ 14.087102855854456, 41.812966950274308 ], [ 14.087579900558195, 41.812712552271918 ], [ 14.088216626739714, 41.81242963095395 ], [ 14.088826804486764, 41.812146490539057 ], [ 14.089450360111131, 41.81216798771996 ], [ 14.090183371298835, 41.811958637479847 ], [ 14.09072450794678, 41.811863620181043 ], [ 14.091737346743386, 41.811577033866449 ], [ 14.092249782710892, 41.81163404655107 ], [ 14.092775446503387, 41.811694472472738 ], [ 14.093510382594518, 41.811975014067777 ], [ 14.094444736699124, 41.812233952000945 ], [ 14.095617948909556, 41.812498072616663 ], [ 14.097975680516207, 41.813168703190392 ], [ 14.098707857551686, 41.813333334606575 ], [ 14.099471286266308, 41.813478348345143 ], [ 14.099623701221681, 41.813337206684174 ], [ 14.099930426004086, 41.81291922868607 ], [ 14.100126036979251, 41.812536787712538 ], [ 14.100192143983589, 41.812239394984012 ], [ 14.100197934434911, 41.811825678827617 ], [ 14.100121335457327, 41.8112921514143 ], [ 14.099972427369941, 41.810867288921699 ], [ 14.099758874976875, 41.810319446019818 ], [ 14.099478551608842, 41.809800872061032 ], [ 14.099012924448807, 41.808929971361806 ], [ 14.098343196732079, 41.80778604047461 ], [ 14.098162505831228, 41.807420507773585 ], [ 14.09748442629304, 41.806243402726629 ], [ 14.096867322694445, 41.805136285179984 ], [ 14.096591375715539, 41.804624356468672 ], [ 14.095954797273935, 41.803646174758782 ], [ 14.095625686233953, 41.803140448400328 ], [ 14.095385053447876, 41.802635415132826 ], [ 14.095097019824232, 41.802040637571459 ], [ 14.094909520421808, 41.801532712380876 ], [ 14.094765648945632, 41.801068163348141 ], [ 14.094690968512664, 41.800716700574455 ], [ 14.094520561510036, 41.800251943692594 ], [ 14.094276129315167, 41.799703846350731 ], [ 14.094043850420519, 41.799235287031188 ], [ 14.093740384175964, 41.798795957942211 ], [ 14.093441207143321, 41.798366594488023 ], [ 14.093196919657359, 41.798123024828932 ], [ 14.092953147366414, 41.797843051414297 ], [ 14.092634651653368, 41.797529385516384 ], [ 14.09223626617727, 41.797234947156376 ], [ 14.091731824463174, 41.796933048430006 ], [ 14.091450249988286, 41.796824899331114 ], [ 14.090983469900765, 41.796675560245014 ], [ 14.09062144160537, 41.796626354912512 ], [ 14.09013081822339, 41.796599300175316 ], [ 14.089839043645959, 41.796587057769635 ], [ 14.08959624741062, 41.796552030375103 ], [ 14.089058287272669, 41.796431912208639 ], [ 14.088542347594492, 41.796318586158158 ], [ 14.088004485311082, 41.796191843376079 ], [ 14.087599452666023, 41.796056221125546 ], [ 14.086989972851701, 41.79567733772295 ], [ 14.086723511239621, 41.795440200118861 ], [ 14.086786700982907, 41.795351327651851 ], [ 14.086819024381025, 41.795255593167539 ], [ 14.08684715853328, 41.795143270647671 ], [ 14.086901360817471, 41.79506425873241 ], [ 14.086990522749653, 41.795015318101385 ], [ 14.087114314968789, 41.795019609146465 ], [ 14.087216275702993, 41.795003870702423 ], [ 14.087354229437066, 41.794945385965455 ], [ 14.08752822425139, 41.794840842481918 ], [ 14.087639732530674, 41.794775527419773 ], [ 14.087858612596605, 41.794624997791537 ], [ 14.088193654406171, 41.794392639846656 ], [ 14.088564312636695, 41.794144012078974 ], [ 14.088846137187195, 41.793921160914792 ], [ 14.089216696463319, 41.793679150688348 ], [ 14.089479935785642, 41.793519041955612 ], [ 14.089760347330195, 41.793395479854397 ], [ 14.090002312796326, 41.793175617722412 ], [ 14.090204472548324, 41.79295544256366 ], [ 14.090232272059435, 41.79286628950203 ], [ 14.090478517483481, 41.79265639065629 ], [ 14.090763767565917, 41.792503073672272 ], [ 14.0912547990112, 41.792185878501336 ], [ 14.091687911260584, 41.79189801286644 ], [ 14.092237781417584, 41.791485285494154 ], [ 14.092506593078028, 41.791242460419326 ], [ 14.092898023260329, 41.791086664130766 ], [ 14.093400200291422, 41.790918501296531 ], [ 14.093652708910211, 41.790890704769708 ], [ 14.093860617107294, 41.790889033900264 ], [ 14.094067965297992, 41.790927080486235 ], [ 14.09476892155145, 41.79109149143877 ], [ 14.095076549275582, 41.791232941135782 ], [ 14.095463552631411, 41.791391564842485 ], [ 14.095740128989195, 41.791539388719208 ], [ 14.096152510135834, 41.791780963216745 ], [ 14.096504601824371, 41.79190620638802 ], [ 14.096749994053519, 41.792070332347784 ], [ 14.096942871799779, 41.792194323817675 ], [ 14.097244961488997, 41.792100702862129 ], [ 14.09736428077958, 41.792108260956411 ], [ 14.09748765037107, 41.79214233206109 ], [ 14.097566329734351, 41.792209154289161 ], [ 14.097656653405405, 41.792391918104364 ], [ 14.097793014091412, 41.792445952872072 ], [ 14.098008658590885, 41.792523778099422 ], [ 14.098473088716347, 41.79252411447218 ], [ 14.099199200304575, 41.792473539208196 ], [ 14.099673030956316, 41.792434222748582 ], [ 14.099886015733764, 41.792386236959452 ], [ 14.100196484904133, 41.792325777874517 ], [ 14.10047663969287, 41.792218738411457 ], [ 14.100627936338435, 41.792153718932965 ], [ 14.100800468166177, 41.792151762382602 ], [ 14.101038831198501, 41.79218672810525 ], [ 14.101400564975686, 41.792255760797687 ], [ 14.101599262942392, 41.792280484097198 ], [ 14.102001634695851, 41.792290250712391 ], [ 14.102355774983319, 41.792269848864173 ], [ 14.102799104517448, 41.792197179370902 ], [ 14.10292404860539, 41.792118712853146 ], [ 14.102833156420237, 41.791975668755434 ], [ 14.102683025691613, 41.791640173817861 ], [ 14.102586106098107, 41.791295163396768 ], [ 14.102492889042852, 41.790367600931695 ], [ 14.102680364540699, 41.789611045710757 ], [ 14.102998621862966, 41.788673456389411 ], [ 14.103190540167777, 41.788549170270727 ], [ 14.104083873742406, 41.788238369246997 ], [ 14.104408090938511, 41.78814159523737 ], [ 14.104531873587469, 41.788145870713592 ], [ 14.104546198135585, 41.788069847225366 ], [ 14.104477100732785, 41.787950144498772 ], [ 14.104336688660137, 41.787869606906881 ], [ 14.103852576329778, 41.78769701730026 ], [ 14.103359760746429, 41.787514423440719 ], [ 14.102801813611459, 41.787245259256636 ], [ 14.10242960788322, 41.786977540478041 ], [ 14.101999326065931, 41.786434626512495 ], [ 14.100988816481905, 41.785003369364432 ], [ 14.100333095865539, 41.78413760333445 ], [ 14.100224765689138, 41.783977869530901 ], [ 14.100146646569891, 41.783871334978571 ], [ 14.100073045148157, 41.78375821198842 ], [ 14.099939200470541, 41.78352545444514 ], [ 14.099838580381199, 41.783130762290938 ], [ 14.099781439618488, 41.78278937181453 ], [ 14.099731244747632, 41.782583749729341 ], [ 14.099696077169057, 41.782252463466683 ], [ 14.099593654534619, 41.781986849333684 ], [ 14.09947592755376, 41.781866762341188 ], [ 14.099372092671668, 41.781772344691497 ], [ 14.100237726321252, 41.780590426240714 ], [ 14.101263507322498, 41.779197902966445 ], [ 14.101896756218798, 41.778326038134701 ], [ 14.102395451652594, 41.777517852693116 ], [ 14.10272824117914, 41.776767211478479 ], [ 14.102971945987038, 41.775639257457229 ], [ 14.10301183306513, 41.775033446749696 ], [ 14.102993497306914, 41.774656685158568 ], [ 14.102987770478208, 41.774503640300168 ], [ 14.103066701425101, 41.774480716274873 ], [ 14.103177321137588, 41.774440388061429 ], [ 14.103303086986706, 41.774441369782437 ], [ 14.103358449919922, 41.774417283063478 ], [ 14.100304096540583, 41.76895179119677 ], [ 14.099643164835523, 41.767732897145564 ], [ 14.098302894823838, 41.765352329277043 ], [ 14.09782564969915, 41.764492360457901 ], [ 14.096439657537292, 41.762018724864582 ], [ 14.095151425273555, 41.75972679751284 ], [ 14.094611290946597, 41.758733915903669 ], [ 14.094311947134161, 41.758224002025777 ], [ 14.094093444240508, 41.757833890015448 ], [ 14.093701798707643, 41.75718201105505 ], [ 14.093577352819764, 41.756810295895896 ], [ 14.093529711696874, 41.756425943932399 ], [ 14.093444978394894, 41.755745593042512 ], [ 14.093184468773906, 41.753316099053684 ], [ 14.093120892571065, 41.752808042857929 ], [ 14.093060050782455, 41.752105812782062 ], [ 14.092950448132106, 41.751517949678785 ], [ 14.093041829966319, 41.751306821343839 ], [ 14.093113541940436, 41.751236769552349 ], [ 14.093049835034758, 41.751156823288881 ], [ 14.092951640286302, 41.751014816215523 ], [ 14.092301233449387, 41.750744866793333 ], [ 14.091843809967804, 41.750582365805613 ], [ 14.091027410373192, 41.750381715393587 ], [ 14.090411129346142, 41.750200296356319 ], [ 14.089888892970999, 41.750037273352248 ], [ 14.089573600239484, 41.749827339982744 ], [ 14.089271406366729, 41.749524826808674 ], [ 14.088981595839195, 41.748763401650379 ], [ 14.088145188800645, 41.746647101267214 ], [ 14.087707069906781, 41.745540241247696 ], [ 14.087451026677662, 41.744893833695762 ], [ 14.087075120801087, 41.743972831896215 ], [ 14.087129966968332, 41.743845277229212 ], [ 14.087173463235352, 41.743686736425722 ], [ 14.08735831563695, 41.743533729081079 ], [ 14.087725085289954, 41.743435131810067 ], [ 14.088369170206203, 41.743312251421202 ], [ 14.089149525718794, 41.743137487497037 ], [ 14.089722584545811, 41.74303610242486 ], [ 14.090307551082443, 41.742925984891386 ], [ 14.090585612927748, 41.74284874319229 ], [ 14.090882599103898, 41.742683378792442 ], [ 14.091318403303255, 41.742285194404907 ], [ 14.091913619511315, 41.741446914928254 ], [ 14.092899204322299, 41.740086506079066 ], [ 14.093323043300387, 41.739280105274531 ], [ 14.093090666369696, 41.738833884741574 ], [ 14.092738636579655, 41.738175695007527 ], [ 14.092764485532017, 41.738170795873344 ], [ 14.093165822206204, 41.73812541490507 ], [ 14.093507368467568, 41.738141351668254 ], [ 14.093619810906597, 41.738106929998679 ], [ 14.094021456741052, 41.738039482989748 ], [ 14.094270096169423, 41.737957585286154 ], [ 14.094543170160046, 41.737814089306966 ], [ 14.094704917480547, 41.737625584039691 ], [ 14.0947183770867, 41.73750652445873 ], [ 14.094626958308403, 41.73730278050985 ], [ 14.094593713389921, 41.737152459128488 ], [ 14.09466670924793, 41.736989734396857 ], [ 14.095035100612085, 41.736771959059332 ], [ 14.095014259819338, 41.736577599546443 ], [ 14.094998443997632, 41.736445067715366 ], [ 14.095024488264674, 41.73626873075191 ], [ 14.095085389288416, 41.736127978156958 ], [ 14.09521196484646, 41.735925952943006 ], [ 14.095231933942948, 41.735762810232202 ], [ 14.095133754279184, 41.735620804259099 ], [ 14.094911667846777, 41.735491062727782 ], [ 14.094877679584483, 41.735393696461486 ], [ 14.094879352592333, 41.7352745439646 ], [ 14.094929460815971, 41.735063087792142 ], [ 14.094979876234845, 41.734829569058654 ], [ 14.094871034087346, 41.734608034147769 ], [ 14.094697012621127, 41.734412467711543 ], [ 14.094576944430745, 41.734151121425676 ], [ 14.094575143896204, 41.733859813238119 ], [ 14.094689439659382, 41.733692998865088 ], [ 14.094835296263577, 41.73337637404785 ], [ 14.094861156599189, 41.73321327939032 ], [ 14.0948837876397, 41.732860372720907 ], [ 14.094915412707673, 41.732706148441231 ], [ 14.095107592727466, 41.73244726238805 ], [ 14.095254314333184, 41.732068853416607 ], [ 14.095335237154243, 41.731760543190347 ], [ 14.095263355979499, 41.731424550413792 ], [ 14.095047601006396, 41.730844676919183 ], [ 14.094779630929242, 41.730207015115141 ], [ 14.094362898963608, 41.729254822106903 ], [ 14.094527479053813, 41.729282599679713 ], [ 14.095243412730643, 41.729486848239851 ], [ 14.096906408973419, 41.72980005020051 ], [ 14.097071238803796, 41.72981017279826 ], [ 14.097261919205671, 41.729657197571882 ], [ 14.097463433624384, 41.729151225773236 ], [ 14.097767004994246, 41.728509229816723 ], [ 14.09801955374127, 41.728144888461429 ], [ 14.098562517622073, 41.727235547559062 ], [ 14.09877554927734, 41.726747315775157 ], [ 14.09906351972365, 41.725955137292885 ], [ 14.099742455029741, 41.72458784503322 ], [ 14.100458183913119, 41.723114914324881 ], [ 14.100644193811283, 41.722449924583778 ], [ 14.100803378051866, 41.72201864094832 ], [ 14.100855670675388, 41.721648313895308 ], [ 14.100915266306751, 41.721176530176336 ], [ 14.101066709383435, 41.72087759203918 ], [ 14.101192682019022, 41.720715278725656 ], [ 14.10182020641561, 41.720071391190736 ], [ 14.102615651702767, 41.719212550670257 ], [ 14.10342954494971, 41.71829647233146 ], [ 14.103938546111875, 41.717700200740765 ], [ 14.10454803496685, 41.717078226636097 ], [ 14.105366539840036, 41.716250443373475 ], [ 14.10605330598062, 41.715576101020709 ], [ 14.106030643375199, 41.715086020204481 ], [ 14.105923245203526, 41.714334879449169 ], [ 14.105761920216294, 41.713649524957077 ], [ 14.105734413017853, 41.713084372886208 ], [ 14.105695739184693, 41.712475004314754 ], [ 14.105742042413466, 41.712109039437607 ], [ 14.105867050647385, 41.711589210205304 ], [ 14.106177078045715, 41.710894280474612 ], [ 14.106249382071383, 41.710351976786733 ], [ 14.106746466665877, 41.708908194217273 ], [ 14.107003466989568, 41.70821285187813 ], [ 14.107059934807546, 41.707868297425236 ], [ 14.107213893009257, 41.707335940515051 ], [ 14.107474310287971, 41.707366568301168 ], [ 14.107353645150368, 41.707332994939861 ], [ 14.10711067455482, 41.707318994757259 ], [ 14.107109431440666, 41.707317801499805 ], [ 14.107097354586061, 41.707313242091146 ], [ 14.107375569240492, 41.706768362943514 ], [ 14.107883425015538, 41.706093085150073 ], [ 14.11034569502189, 41.704346198499827 ], [ 14.111225937621699, 41.703798907508649 ], [ 14.111809275601424, 41.703372647039664 ], [ 14.112767845245219, 41.702870635428553 ], [ 14.113591070780704, 41.702564729908588 ], [ 14.113602250172114, 41.702560575415021 ], [ 14.114315643523797, 41.702359574477512 ], [ 14.114761469819225, 41.70223395728565 ], [ 14.114980551919317, 41.702120176476775 ], [ 14.115012575526302, 41.701915340433352 ], [ 14.114849366497255, 41.701772763368801 ], [ 14.113711975021637, 41.700779123655145 ], [ 14.110449380261024, 41.698138906240558 ], [ 14.110017226721293, 41.697902040757164 ], [ 14.109704564097429, 41.697829958531095 ], [ 14.109114233234312, 41.697693860954693 ], [ 14.108219551907228, 41.697487587355944 ], [ 14.107903859119638, 41.697381141866749 ], [ 14.107001436216679, 41.696952042706883 ], [ 14.106230935398244, 41.696482830661488 ], [ 14.106118211995899, 41.6964775042604 ], [ 14.105714708122221, 41.696458437130467 ], [ 14.105090779051485, 41.696358489005448 ], [ 14.104460490137065, 41.696145567625024 ], [ 14.104280922948277, 41.695974509765641 ], [ 14.104124755151364, 41.695825745325749 ], [ 14.104114656486299, 41.695597794109247 ], [ 14.103957773573258, 41.695148284338146 ], [ 14.103936497622389, 41.694871275210964 ], [ 14.103608293549927, 41.69479758055779 ], [ 14.103662880136822, 41.694726928245402 ], [ 14.103708113394822, 41.694736905782101 ], [ 14.103788465599497, 41.694143084107715 ], [ 14.103805611092467, 41.693773939102833 ], [ 14.103860429004287, 41.693287999628041 ], [ 14.103940152291715, 41.692739206797249 ], [ 14.104043279108096, 41.692235630456992 ], [ 14.104073688304396, 41.691776520730095 ], [ 14.104107473802616, 41.691074253577568 ], [ 14.104222236167285, 41.690597788109521 ], [ 14.104324606887605, 41.690148246260982 ], [ 14.104462145215127, 41.689762026166825 ], [ 14.104603431518644, 41.68910563087438 ], [ 14.104731075773616, 41.688566217497247 ], [ 14.104967347235078, 41.687991623308598 ], [ 14.105142418777689, 41.687497613020902 ], [ 14.105269056040846, 41.68703024552584 ], [ 14.105384801083302, 41.686481731696539 ], [ 14.105536211614444, 41.68596051591463 ], [ 14.105661969054468, 41.685556188694662 ], [ 14.105897222467579, 41.685053638847428 ], [ 14.106106198972745, 41.684713006619425 ], [ 14.10647160121265, 41.684355577479046 ], [ 14.106738770710603, 41.684150499025385 ], [ 14.106872292498416, 41.68405246247999 ], [ 14.107306778311312, 41.683911731444709 ], [ 14.10771848029896, 41.683680753578557 ], [ 14.108105529842081, 41.68349461686303 ], [ 14.108470167580245, 41.68319121622666 ], [ 14.108786623644876, 41.682896447350892 ], [ 14.1090428854023, 41.682610217446765 ], [ 14.109335806456343, 41.682279237159683 ], [ 14.109545004234816, 41.681920586536314 ], [ 14.109705525553647, 41.681606592283174 ], [ 14.109804985596782, 41.681364179082088 ], [ 14.109904320665191, 41.681130771636496 ], [ 14.109992759705102, 41.680816218259345 ], [ 14.110631563170948, 41.680668050850798 ], [ 14.111599910094842, 41.681017804746304 ], [ 14.112077461394414, 41.681237661546497 ], [ 14.112460520430144, 41.681339697484354 ], [ 14.112855470102694, 41.681450830817653 ], [ 14.113394579970075, 41.681563075775593 ], [ 14.11402967417337, 41.681685065519524 ], [ 14.114723725352304, 41.681888567622437 ], [ 14.115441560754936, 41.682110262367317 ], [ 14.115944147208779, 41.682258241347022 ], [ 14.116411065729345, 41.682378923255911 ], [ 14.116961587025374, 41.68253627339012 ], [ 14.117464673040914, 41.682648222277948 ], [ 14.117967760835414, 41.682760168978191 ], [ 14.118663066334168, 41.682873588718699 ], [ 14.118962543037373, 41.682938934265621 ], [ 14.119512829746368, 41.683114284026651 ], [ 14.120099160214222, 41.683289907309025 ], [ 14.12046998540367, 41.683409836471959 ], [ 14.120756962036372, 41.683511108898706 ], [ 14.121030821878856, 41.683693341608425 ], [ 14.12124449217211, 41.683884119954286 ], [ 14.121468828697466, 41.684174054514841 ], [ 14.121705058440975, 41.684473086401816 ], [ 14.121895073280777, 41.684636662153565 ], [ 14.122086314391012, 41.684710178768341 ], [ 14.122352333978675, 41.684586116512094 ], [ 14.122548719025728, 41.684281385228793 ], [ 14.122873808531608, 41.683347159137547 ], [ 14.122951275881617, 41.682951450585449 ], [ 14.123170578616183, 41.682727954557713 ], [ 14.123593252177191, 41.682569057984367 ], [ 14.124207038488361, 41.682492678796621 ], [ 14.124784660966444, 41.682425027561131 ], [ 14.125555473326017, 41.68228678993831 ], [ 14.126228712079643, 41.682255886715836 ], [ 14.127034097678047, 41.682225984090145 ], [ 14.127503107468224, 41.682193520843249 ], [ 14.128226101378193, 41.682036888342317 ], [ 14.130234519989299, 41.681889993350495 ], [ 14.131330159661305, 41.681718149181179 ], [ 14.132328718617174, 41.68161761575746 ], [ 14.133220243676934, 41.681435204434209 ], [ 14.133945977399817, 41.681296570212105 ], [ 14.134509891856371, 41.681129691547454 ], [ 14.135161140472253, 41.680945454139007 ], [ 14.135715918324982, 41.680787507560083 ], [ 14.136248113695901, 41.680521306496644 ], [ 14.136526343334499, 41.680379289417033 ], [ 14.136881227174582, 41.679895588200203 ], [ 14.137272746343974, 41.679367126886071 ], [ 14.137432404759746, 41.679107127988125 ], [ 14.137592543250847, 41.67881110512775 ], [ 14.137681085097805, 41.678478517140647 ], [ 14.137769385372881, 41.678163940918949 ], [ 14.137943336899962, 41.677732918698041 ], [ 14.138079925533386, 41.677400690967865 ], [ 14.138251347727531, 41.677158792784923 ], [ 14.138265043620532, 41.677032799849577 ], [ 14.138005335979921, 41.676913762039383 ], [ 14.137704548365381, 41.676722360527151 ], [ 14.13738225942569, 41.676566824077433 ], [ 14.13710778065701, 41.67642965961786 ], [ 14.136797868288346, 41.676247194005477 ], [ 14.136464415059354, 41.676028523209247 ], [ 14.136334690122853, 41.675847411009578 ], [ 14.136193315271786, 41.675639190526283 ], [ 14.136042208925502, 41.675484937683834 ], [ 14.135920289734688, 41.675393952100428 ], [ 14.135597046895754, 41.675310458155565 ], [ 14.135382155324612, 41.675209765376522 ], [ 14.135229255466765, 41.674965429577064 ], [ 14.135075753367628, 41.67476612322281 ], [ 14.134925013814584, 41.674584851144196 ], [ 14.134611871999549, 41.674420368961577 ], [ 14.13441030912076, 41.674445870532267 ], [ 14.134095236314423, 41.674425481808498 ], [ 14.133879624999024, 41.674378821820724 ], [ 14.133676146827472, 41.674323246111996 ], [ 14.133486977986609, 41.674096648066268 ], [ 14.133345132450202, 41.673924447848414 ], [ 14.133023714772158, 41.673705857847743 ], [ 14.132724991866636, 41.673586513558561 ], [ 14.132401278135516, 41.673539034426973 ], [ 14.132032641763244, 41.673482208055852 ], [ 14.131658000168516, 41.673425335099786 ], [ 14.131466054035828, 41.673405870025306 ], [ 14.131397376529195, 41.673153159134287 ], [ 14.131376261531619, 41.672936835281824 ], [ 14.131414841369971, 41.672747983410858 ], [ 14.13144249992302, 41.672477987361482 ], [ 14.131457783159885, 41.672234918230714 ], [ 14.131460570074792, 41.672027781953503 ], [ 14.131700679352432, 41.672038604326175 ], [ 14.131917613408989, 41.671986203141365 ], [ 14.132110887345915, 41.67190660223109 ], [ 14.132340437359277, 41.671809261368345 ], [ 14.132498523015117, 41.671666346064505 ], [ 14.132598123933338, 41.67140589989706 ], [ 14.13269736105166, 41.671172471412767 ], [ 14.132748431166959, 41.670947685973033 ], [ 14.132836139621054, 41.670678142917644 ], [ 14.132926003421545, 41.670471663964477 ], [ 14.132997970789351, 41.670256042991149 ], [ 14.13306008273047, 41.670103395487388 ], [ 14.133135172930126, 41.669878791139652 ], [ 14.133185756750045, 41.669690029163249 ], [ 14.133296758255504, 41.669474702563249 ], [ 14.133371363301203, 41.669286121758397 ], [ 14.133459912937631, 41.668953536560451 ], [ 14.133523472906107, 41.668692817526384 ], [ 14.133635438332467, 41.668405443047625 ], [ 14.133674854562241, 41.66815354862586 ], [ 14.133749698584138, 41.667946955633063 ], [ 14.133824179651054, 41.667767380392569 ], [ 14.133961595683592, 41.667597286519694 ], [ 14.134104533198192, 41.667463261500991 ], [ 14.134236063276278, 41.667284116063335 ], [ 14.134208709995768, 41.666860587922628 ], [ 14.134283067735053, 41.666690018267275 ], [ 14.1344063122466, 41.666456769047947 ], [ 14.134468658521167, 41.666286108733658 ], [ 14.134483566351516, 41.666070056643925 ], [ 14.134568725708986, 41.665989636693908 ], [ 14.134714781649999, 41.665846627515258 ], [ 14.13480042313355, 41.665730183612943 ], [ 14.134886184970945, 41.665604733698068 ], [ 14.135032842550979, 41.665416694370833 ], [ 14.135154513726761, 41.665300521528778 ], [ 14.135312335848784, 41.66517561387279 ], [ 14.135567324358878, 41.664970375665824 ], [ 14.135749647438466, 41.664809624384212 ], [ 14.135919597895505, 41.664675800287213 ], [ 14.136065406865162, 41.664550801198736 ], [ 14.136127264901793, 41.664416163662381 ], [ 14.136152610458874, 41.664317278894458 ], [ 14.136119110389568, 41.664127882974988 ], [ 14.13608488756199, 41.6639925227351 ], [ 14.1361113173884, 41.663812584425713 ], [ 14.13619707408958, 41.663687133442586 ], [ 14.136343121171922, 41.663544122053942 ], [ 14.136416746682713, 41.663427586533736 ], [ 14.136502983990685, 41.663266111499787 ], [ 14.136517522875852, 41.66307707681657 ], [ 14.136520774382614, 41.662833916124548 ], [ 14.136535674364671, 41.662617863567206 ], [ 14.136562824817689, 41.662383889379235 ], [ 14.136566678155246, 41.66209569889012 ], [ 14.136666969736183, 41.661781212748622 ], [ 14.136676353277906, 41.661303919747574 ], [ 14.136617758161497, 41.660970225486118 ], [ 14.13652457231348, 41.660753360317287 ], [ 14.136395358878989, 41.66053622417936 ], [ 14.13625942785256, 41.660147907013062 ], [ 14.136187621981716, 41.659904181740501 ], [ 14.136154726193869, 41.659669755928995 ], [ 14.136197490379331, 41.659390864830158 ], [ 14.136210110884976, 41.65912075386936 ], [ 14.136310158458445, 41.658824279765483 ], [ 14.136396991819488, 41.658617774837332 ], [ 14.136519851632981, 41.658411540683424 ], [ 14.136606442961998, 41.658223047488875 ], [ 14.136656043877661, 41.65810633109831 ], [ 14.136730264345879, 41.657944765404586 ], [ 14.136816011875135, 41.657819313747147 ], [ 14.136830548350307, 41.657630278826524 ], [ 14.136800894176373, 41.657377863736848 ], [ 14.136836807011706, 41.657161968853217 ], [ 14.136995809129306, 41.656946998871234 ], [ 14.137189873816673, 41.656804346987435 ], [ 14.137372410086902, 41.656625580720863 ], [ 14.137555546615278, 41.656401784327933 ], [ 14.137785754477697, 41.656250395937569 ], [ 14.137991102756041, 41.656161868585919 ], [ 14.138184682229376, 41.656055238824393 ], [ 14.138462561199358, 41.655931227350379 ], [ 14.138691684434084, 41.655860890806025 ], [ 14.139149089221599, 41.655783258113914 ], [ 14.139510304858494, 41.655713909879324 ], [ 14.139932521609243, 41.655572962352643 ], [ 14.140245701358262, 41.655503252092537 ], [ 14.14048742886094, 41.655387971954582 ], [ 14.140657703976599, 41.655227122385924 ], [ 14.140755927854761, 41.655065733571774 ], [ 14.140866638751431, 41.654868410589351 ], [ 14.141024783446861, 41.654716476593066 ], [ 14.141137537007006, 41.654591223579907 ], [ 14.141328583441521, 41.65444854204781 ], [ 14.141606210187854, 41.654342534769668 ], [ 14.141838206862651, 41.654281220261026 ], [ 14.14207632684189, 41.654210944148069 ], [ 14.142317089624047, 41.654167707890664 ], [ 14.142737975527668, 41.654125815644065 ], [ 14.143603165198957, 41.65408723549352 ], [ 14.1440346259404, 41.654153499812686 ], [ 14.144370260166902, 41.65420103495358 ], [ 14.14477758673714, 41.654276123568856 ], [ 14.145077674150867, 41.654287364471031 ], [ 14.145461700428203, 41.654308235993938 ], [ 14.145737652484508, 41.654328302477538 ], [ 14.145989469090459, 41.654357195718298 ], [ 14.146314168842789, 41.654323582027232 ], [ 14.146807935738822, 41.654219168427502 ], [ 14.146976883905404, 41.65415737517656 ], [ 14.147890223785888, 41.65411011346221 ], [ 14.147976419754714, 41.653948629172938 ], [ 14.148051438571123, 41.653724013789116 ], [ 14.14815047311412, 41.653499576462593 ], [ 14.148177695949151, 41.653256592736952 ], [ 14.148227984617657, 41.653085835052238 ], [ 14.148339619233045, 41.652816456595772 ], [ 14.148389313466513, 41.652690728798646 ], [ 14.148404408351521, 41.652456661937265 ], [ 14.148371827728111, 41.652195220951043 ], [ 14.14833841621634, 41.651996821923014 ], [ 14.148271356295165, 41.65161803581762 ], [ 14.148095277615401, 41.651310496140397 ], [ 14.14795688654347, 41.650877139459197 ], [ 14.147649678484985, 41.65049657122556 ], [ 14.147507726811071, 41.65033339391708 ], [ 14.147114926024621, 41.650069278363233 ], [ 14.146686106133254, 41.649804893875114 ], [ 14.146341222479972, 41.649550138520048 ], [ 14.146019284820998, 41.649376614653114 ], [ 14.145506780222425, 41.649084582887738 ], [ 14.145248123603002, 41.648893513849309 ], [ 14.144924143924035, 41.648647916662092 ], [ 14.144578915669639, 41.648420174073372 ], [ 14.144292055572702, 41.64831896164096 ], [ 14.143968936321617, 41.648235492030793 ], [ 14.1435622455898, 41.648115370882905 ], [ 14.143203345894891, 41.648013618562857 ], [ 14.142809501497062, 41.647830542404748 ], [ 14.142490105603208, 41.64769305513336 ], [ 14.141995652685006, 41.647626314503313 ], [ 14.141543225344327, 41.647559885847514 ], [ 14.141120577003731, 41.647511691852472 ], [ 14.14066851076854, 41.647418241809717 ], [ 14.140196637707193, 41.647459744953714 ], [ 14.139716358408087, 41.647456148790695 ], [ 14.139284227089176, 41.64744390454608 ], [ 14.138911410667481, 41.647486144648767 ], [ 14.138551921625696, 41.647429407801603 ], [ 14.137725483907181, 41.647270089673853 ], [ 14.136909252687351, 41.647245945518954 ], [ 14.136393797238433, 41.647179022981796 ], [ 14.135881224172712, 41.647121126699751 ], [ 14.13541019414051, 41.647099568366428 ], [ 14.134966421121893, 41.64706019961902 ], [ 14.134666972519415, 41.647003902778998 ], [ 14.134211917864167, 41.646910404841982 ], [ 14.133900463792264, 41.64685401551278 ], [ 14.133564875828446, 41.646806450175575 ], [ 14.133146086347907, 41.646695207810438 ], [ 14.13279921824077, 41.646593513822864 ], [ 14.1324403444605, 41.646491728110256 ], [ 14.132130224667661, 41.646336268372472 ], [ 14.131823108053762, 41.646180830495766 ], [ 14.131498467104402, 41.64598923176753 ], [ 14.131081139909808, 41.645769910356748 ], [ 14.130759383733078, 41.645587338240603 ], [ 14.130437750578571, 41.645395759270926 ], [ 14.130127883385967, 41.645222282268797 ], [ 14.129757378887, 41.64509337944969 ], [ 14.129386511850758, 41.644991493335944 ], [ 14.129111576388711, 41.644899340295801 ], [ 14.128848283921212, 41.644834295549536 ], [ 14.128550065781603, 41.644687923287172 ], [ 14.128300603571885, 41.644487878971042 ], [ 14.128098317689416, 41.644351240404404 ], [ 14.127885363361075, 41.644115444763486 ], [ 14.127577576251724, 41.643788859644324 ], [ 14.127307474495854, 41.643561635738656 ], [ 14.127055870542785, 41.643298524236556 ], [ 14.126806661685746, 41.643080464806829 ], [ 14.126533442332621, 41.642862222251296 ], [ 14.125889986568739, 41.642497052012629 ], [ 14.125710871079754, 41.642423633740158 ], [ 14.12541242743292, 41.64229526536743 ], [ 14.12519778282279, 41.642185548227062 ], [ 14.124935846906578, 41.64202142910662 ], [ 14.124698656008002, 41.641803456637426 ], [ 14.124474570662246, 41.641504521590456 ], [ 14.124191434918238, 41.641133080778062 ], [ 14.124037923568798, 41.640942765580483 ], [ 14.123801594341499, 41.640661749592972 ], [ 14.123601528263524, 41.640362996018766 ], [ 14.123413225265008, 41.640082345630468 ], [ 14.123224679526356, 41.639819706848129 ], [ 14.123012979835483, 41.639493842750348 ], [ 14.122945835789288, 41.639133054523604 ], [ 14.123046400285522, 41.63880056740544 ], [ 14.12311094793964, 41.638467805232729 ], [ 14.123187133567114, 41.638162152513843 ], [ 14.123167277275678, 41.6378557666362 ], [ 14.122991477187831, 41.637539183327462 ], [ 14.122658757709846, 41.637284449563033 ], [ 14.122375472347674, 41.637147182135948 ], [ 14.122108972446881, 41.637100111221436 ], [ 14.121809459212367, 41.637052787299424 ], [ 14.12161799128285, 41.637006288859965 ], [ 14.121416599775129, 41.636806597025767 ], [ 14.121322641533837, 41.636652761155915 ], [ 14.121252203752901, 41.636535132714137 ], [ 14.121160695322407, 41.636201177578691 ], [ 14.121297156034245, 41.635877973359641 ], [ 14.121372734855161, 41.63561735155119 ], [ 14.121436675599673, 41.635329619982791 ], [ 14.121452842088837, 41.635023509191818 ], [ 14.121360600121973, 41.634743589897226 ], [ 14.121171955520373, 41.63448995369771 ], [ 14.120934069770989, 41.634326009324859 ], [ 14.120683813248936, 41.634188990450269 ], [ 14.120324414879734, 41.634132197335141 ], [ 14.11996599802597, 41.634003355444015 ], [ 14.119548664622366, 41.633792998795407 ], [ 14.119358189522003, 41.633674449023275 ], [ 14.119108797970426, 41.633474385067331 ], [ 14.11863599260351, 41.632930344480037 ], [ 14.118400206985536, 41.63261329368877 ], [ 14.118235096995994, 41.632395860828019 ], [ 14.118164423660046, 41.632296242419059 ], [ 14.117939786496533, 41.632042324535938 ], [ 14.117810568622033, 41.631834173550622 ], [ 14.11765709778564, 41.631643849924103 ], [ 14.11750448842295, 41.631390484407767 ], [ 14.117447788347622, 41.631146862492308 ], [ 14.117463726427532, 41.630858764128121 ], [ 14.117733218510839, 41.630464530634249 ], [ 14.117891602110797, 41.630294615861153 ], [ 14.118169530469363, 41.630161646241952 ], [ 14.11845860176633, 41.630091809774186 ], [ 14.118938872183161, 41.630086487549896 ], [ 14.119300087107503, 41.630008195378643 ], [ 14.11966117854273, 41.629938908025693 ], [ 14.120142918601355, 41.62982550919417 ], [ 14.120541611686386, 41.629639417329074 ], [ 14.120820389159748, 41.629443399441726 ], [ 14.121171920721359, 41.629193896073858 ], [ 14.121572809513854, 41.628845693108346 ], [ 14.122300231166111, 41.628319846003016 ], [ 14.123089489595833, 41.627659362682415 ], [ 14.123683141975617, 41.627258582133322 ], [ 14.124251195038065, 41.626974693130236 ], [ 14.124542196785319, 41.626760745454327 ], [ 14.124928977271457, 41.626565540509574 ], [ 14.125231490593357, 41.626387706396272 ], [ 14.125509143648189, 41.626272730597272 ], [ 14.125689919402639, 41.62622006518891 ], [ 14.125308991154952, 41.625982985591783 ], [ 14.124999595652074, 41.625782477267755 ], [ 14.124581566553703, 41.625626174842168 ], [ 14.124319454610415, 41.625480066475966 ], [ 14.124069712680852, 41.62530703110226 ], [ 14.123807603193569, 41.625160921584609 ], [ 14.12352185558685, 41.624987610378099 ], [ 14.123188709205238, 41.624768902122277 ], [ 14.122832048398891, 41.624513985696865 ], [ 14.122476001488103, 41.624214038287441 ], [ 14.122167112292249, 41.623977498530962 ], [ 14.121798946586958, 41.623686463313049 ], [ 14.121525702752042, 41.623477215061513 ], [ 14.121228945359187, 41.623231758629728 ], [ 14.120955827708153, 41.623013503066566 ], [ 14.120659441987589, 41.622741027255636 ], [ 14.120421967717595, 41.622550063994197 ], [ 14.120207886751086, 41.622404313976354 ], [ 14.11998229472769, 41.62222244771754 ], [ 14.119649910159859, 41.621949693501755 ], [ 14.119472084639259, 41.621786206115779 ], [ 14.119270501071853, 41.621604522474222 ], [ 14.118950124735719, 41.621331858283327 ], [ 14.118724785426203, 41.62113197764463 ], [ 14.118642489529432, 41.621005249450228 ], [ 14.118429645328467, 41.620769436425761 ], [ 14.118410552086967, 41.620409013231246 ], [ 14.117298756859036, 41.620958904412682 ], [ 14.116926203190182, 41.620992068773262 ], [ 14.116482006251925, 41.620997660185651 ], [ 14.116181833241564, 41.621004358049433 ], [ 14.115555881921592, 41.621134644185062 ], [ 14.115146088133972, 41.621257585194918 ], [ 14.114578909655931, 41.621478387834188 ], [ 14.113963101912143, 41.621743847157646 ], [ 14.113443923879082, 41.621965014379668 ], [ 14.112611325581133, 41.622282834593349 ], [ 14.111935614561105, 41.622538813314499 ], [ 14.111488560924524, 41.62275152228441 ], [ 14.110884607118727, 41.623026063599362 ], [ 14.110437670592844, 41.623229762445611 ], [ 14.109726305896753, 41.623458431269093 ], [ 14.109123454779237, 41.623651909629082 ], [ 14.108569106703499, 41.623809733572926 ], [ 14.108039257903759, 41.623931717429599 ], [ 14.107593797754905, 41.624027333718274 ], [ 14.107148958061959, 41.624077918558307 ], [ 14.10669360810277, 41.62402033704798 ], [ 14.106286766915417, 41.623927103505885 ], [ 14.10581991447736, 41.623833401415517 ], [ 14.105268796914794, 41.623757054957551 ], [ 14.104742059657564, 41.623653875140853 ], [ 14.104107052700181, 41.62356786240003 ], [ 14.103639332314803, 41.623537193044932 ], [ 14.102981197735801, 41.623387945266991 ], [ 14.102454717301354, 41.623266743164237 ], [ 14.101951493167491, 41.623199761909561 ], [ 14.101340374165344, 41.623122927544429 ], [ 14.100813272955639, 41.623046747610914 ], [ 14.100297924744554, 41.622988671126848 ], [ 14.100046377486901, 41.622950673109898 ], [ 14.099477374528671, 41.623057907328359 ], [ 14.099500579982665, 41.622660251348385 ], [ 14.099527324718972, 41.622201980196472 ], [ 14.099449195059163, 41.62196193869508 ], [ 14.099263374666705, 41.621654828058873 ], [ 14.098892928984126, 41.621443061980273 ], [ 14.098531680691986, 41.62105816099173 ], [ 14.098393316522692, 41.6207565156163 ], [ 14.098431501907058, 41.620316153420163 ], [ 14.098538987563991, 41.619963525831864 ], [ 14.098604220198421, 41.619749511055446 ], [ 14.098606986686491, 41.619550856864116 ], [ 14.098481249004022, 41.619349893119079 ], [ 14.098435146894534, 41.619174612626317 ], [ 14.098397003868612, 41.619029597900585 ], [ 14.098352523373839, 41.618860478509291 ], [ 14.098180008307748, 41.618758153405359 ], [ 14.09784012997893, 41.618556558789642 ], [ 14.097483280373188, 41.618344894806491 ], [ 14.097275481394558, 41.618154774115574 ], [ 14.097039965534382, 41.618005193384555 ], [ 14.096992294802547, 41.617809678987435 ], [ 14.097073370636709, 41.617557161694037 ], [ 14.097215308474766, 41.617115078577001 ], [ 14.097241211065885, 41.616717930064461 ], [ 14.097387803288603, 41.616428709335658 ], [ 14.097669144403932, 41.616089828275101 ], [ 14.097913116745701, 41.615990340771582 ], [ 14.098000177163135, 41.615954840356871 ], [ 14.098258008543292, 41.615849701660331 ], [ 14.098550800551319, 41.615785772185745 ], [ 14.098913666373029, 41.615564471125865 ], [ 14.099066185830893, 41.615336425981106 ], [ 14.098981364693689, 41.615125766839753 ], [ 14.098980260304399, 41.615073529526882 ], [ 14.098976970988597, 41.614917999190162 ], [ 14.09897287918232, 41.614724385621095 ], [ 14.099194503775285, 41.614487710388865 ], [ 14.099522685678162, 41.614239647376536 ], [ 14.099934002475774, 41.613928739077977 ], [ 14.100092280430728, 41.613795813396948 ], [ 14.100202403232277, 41.61357717306538 ], [ 14.10016673388718, 41.613391627865838 ], [ 14.10014692021949, 41.613288556925248 ], [ 14.100125523713409, 41.613177253691234 ], [ 14.100051004804522, 41.61278960120503 ], [ 14.099964145088242, 41.612337749789432 ], [ 14.09991538201661, 41.61208408328271 ], [ 14.099841209799937, 41.61169822220284 ], [ 14.099767038312926, 41.611312369303768 ], [ 14.099697407644353, 41.610950133533152 ], [ 14.099505123920956, 41.610470615915425 ], [ 14.099287799481512, 41.610142033149025 ], [ 14.098780012613995, 41.60937427427524 ], [ 14.098677301692877, 41.609141363957576 ], [ 14.09845568272809, 41.608810807462071 ], [ 14.098423952447183, 41.608604720180494 ], [ 14.098358769295448, 41.608367324316852 ], [ 14.098264220429407, 41.60802297289716 ], [ 14.098061300243586, 41.607584887118897 ], [ 14.098270607096056, 41.607442993045503 ], [ 14.09845578803243, 41.60724237334184 ], [ 14.098588769865099, 41.607098303935786 ], [ 14.098619353464731, 41.606925161566245 ], [ 14.098501933482696, 41.60672898176221 ], [ 14.09829000605156, 41.606350345218836 ], [ 14.098191681927126, 41.606099954739086 ], [ 14.098179936078612, 41.605910546896965 ], [ 14.098264535913229, 41.605759240102877 ], [ 14.098403508862129, 41.605510683967488 ], [ 14.098666635206568, 41.605176090624774 ], [ 14.098854133486022, 41.604831586623099 ], [ 14.099138842497405, 41.604308473943142 ], [ 14.099137850544146, 41.604005353689736 ], [ 14.09911848898712, 41.603969497690244 ], [ 14.098840215912183, 41.603454119792602 ], [ 14.098626830390815, 41.603058916427145 ], [ 14.098427121592891, 41.602778440176785 ], [ 14.09841196735608, 41.602553789420817 ], [ 14.098550621641056, 41.602317105679383 ], [ 14.098712031562505, 41.602041566575636 ], [ 14.098735372791609, 41.601981807207018 ], [ 14.099110565622436, 41.601305709082418 ], [ 14.099311898274438, 41.600671591832402 ], [ 14.099373938741378, 41.600558122774963 ], [ 14.099472917938877, 41.600268604635936 ], [ 14.099515448277424, 41.599697517836205 ], [ 14.099631204283428, 41.598143106926138 ], [ 14.09967315547976, 41.597579739910678 ], [ 14.09972360776848, 41.59736629066775 ], [ 14.099919896893676, 41.597093319606863 ], [ 14.100250933281526, 41.596821402871427 ], [ 14.100792278250884, 41.596652270224808 ], [ 14.101138139592541, 41.596698314256074 ], [ 14.101600492763932, 41.596673036587966 ], [ 14.10181362443603, 41.596573564272539 ], [ 14.102179252101223, 41.596345186624539 ], [ 14.10245003753969, 41.596235994013242 ], [ 14.102912681608984, 41.59615130580832 ], [ 14.103258649618761, 41.595997779178191 ], [ 14.103452882022058, 41.595818961558201 ], [ 14.103471767245205, 41.595779328080432 ], [ 14.103474833683752, 41.595557752169888 ], [ 14.10331462507709, 41.595365467535544 ], [ 14.103083378449572, 41.595157345306909 ], [ 14.102881824565772, 41.595010585881759 ], [ 14.10278976471656, 41.594762651259444 ], [ 14.102949718185409, 41.59451824677538 ], [ 14.10371317048911, 41.594149773710861 ], [ 14.104428175581791, 41.593971952248587 ], [ 14.105395916305103, 41.593551568630609 ], [ 14.106851416024922, 41.592821670982616 ], [ 14.107600035020061, 41.592418670073243 ], [ 14.108059827797689, 41.592292335120568 ], [ 14.108571176135413, 41.592232409864728 ], [ 14.108997451100278, 41.59220790890933 ], [ 14.109348900967376, 41.592187707432814 ], [ 14.109786520845301, 41.592092658978295 ], [ 14.110552296764597, 41.591650664792823 ], [ 14.111675770470848, 41.591002191085671 ], [ 14.112566433559198, 41.59043828633115 ], [ 14.113328437068018, 41.58998718106691 ], [ 14.11409292974254, 41.589534591243549 ], [ 14.114772449873318, 41.588992525274719 ], [ 14.115337419740072, 41.588401625280795 ], [ 14.115771329917408, 41.587947790974141 ], [ 14.116305478947597, 41.587389103818005 ], [ 14.116610077661221, 41.587070505931848 ], [ 14.116935168775534, 41.586665689286782 ], [ 14.117067185628688, 41.586390110406796 ], [ 14.117186026254425, 41.586142035591571 ], [ 14.117313368962321, 41.585876206151191 ], [ 14.117568708601954, 41.585152256763422 ], [ 14.118137988068343, 41.58399128690332 ], [ 14.118619513412414, 41.583009237582012 ], [ 14.119235083861803, 41.581898309616435 ], [ 14.119344096908746, 41.581684295785458 ], [ 14.119647892185421, 41.581477372766706 ], [ 14.119925243871453, 41.581288460472308 ], [ 14.120358870976478, 41.581207724097304 ], [ 14.121140142344069, 41.581007380060811 ], [ 14.121559901756331, 41.580823373659335 ], [ 14.121878206939611, 41.58061566715044 ], [ 14.122516887642476, 41.579993543099484 ], [ 14.122810587134582, 41.579665484913193 ], [ 14.122554951322918, 41.579536457024012 ], [ 14.122543434604294, 41.579530643970429 ], [ 14.122308586656727, 41.579535571035642 ], [ 14.122098257329991, 41.579539981706915 ], [ 14.122028903896656, 41.579521973171332 ], [ 14.121845261533624, 41.579474286141043 ], [ 14.121825714701806, 41.579469209926515 ], [ 14.121615181237205, 41.579496532531756 ], [ 14.121546840839079, 41.579505400803185 ], [ 14.121220515475576, 41.579452237705212 ], [ 14.12090833755307, 41.579416900832356 ], [ 14.120107957782022, 41.57938195059468 ], [ 14.119699455782355, 41.579469347285105 ], [ 14.119557569522922, 41.579416374495288 ], [ 14.119267504553045, 41.579401513929511 ], [ 14.118913361638366, 41.579383367173882 ], [ 14.11841254749308, 41.57933438759639 ], [ 14.1181754182064, 41.579259417991508 ], [ 14.117952486663409, 41.579188934528872 ], [ 14.117602043514106, 41.579140396875829 ], [ 14.117155607718619, 41.579041451735804 ], [ 14.116753401479247, 41.579023406986011 ], [ 14.116229507379135, 41.579041978762781 ], [ 14.115786599081353, 41.579057675675436 ], [ 14.115470474144045, 41.579104913337034 ], [ 14.115011868581467, 41.579105682119724 ], [ 14.114650058812307, 41.579051317871517 ], [ 14.114368776328064, 41.57896891680042 ], [ 14.114074640296257, 41.578840476428411 ], [ 14.113743553005095, 41.578577306292239 ], [ 14.113537579249407, 41.578445709884761 ], [ 14.113350309862424, 41.578326062813531 ], [ 14.113087836523047, 41.578263863154319 ], [ 14.112838063472456, 41.57824613389387 ], [ 14.11261240737792, 41.578285983651121 ], [ 14.112327637860584, 41.578389093828854 ], [ 14.11215763756565, 41.578471596935074 ], [ 14.112015902164284, 41.578580109342305 ], [ 14.111859110344927, 41.578672252281777 ], [ 14.111706377748515, 41.578818422833805 ], [ 14.111563406313298, 41.578955252940254 ], [ 14.111343271343411, 41.578998293509216 ], [ 14.111240830182828, 41.578954519545732 ], [ 14.111096552863454, 41.578830902612474 ], [ 14.111069788544219, 41.578695299620875 ], [ 14.11100277835008, 41.578585736326936 ], [ 14.110989001075319, 41.578325021341797 ], [ 14.110979911302932, 41.578153019860203 ], [ 14.110881895613151, 41.577995374226653 ], [ 14.110807836380291, 41.578005593729991 ], [ 14.110778662629635, 41.578009619906858 ], [ 14.110542627980832, 41.577898187073345 ], [ 14.110399975937034, 41.577864844593726 ], [ 14.110210885240923, 41.577878427049392 ], [ 14.110006334705616, 41.577975703099732 ], [ 14.109872561514864, 41.577993018880569 ], [ 14.109644201731054, 41.578084655267006 ], [ 14.109384713570025, 41.578222340057394 ], [ 14.10917977386411, 41.578347551851067 ], [ 14.10906722508946, 41.578429101331544 ], [ 14.108911314495804, 41.578513106289478 ], [ 14.108713369872419, 41.578545958060701 ], [ 14.108535143909679, 41.578520173703616 ], [ 14.108202861336895, 41.57841852309091 ], [ 14.10791794690123, 41.578264661269714 ], [ 14.107858200881171, 41.57798480989176 ], [ 14.107727698976376, 41.57791759425826 ], [ 14.107599607539056, 41.577851619869193 ], [ 14.107522535357711, 41.57781191939398 ], [ 14.106743470793392, 41.578021597567528 ], [ 14.106040071687579, 41.57808355729135 ], [ 14.105881428894868, 41.578210610580406 ], [ 14.106139471756492, 41.578814691386654 ], [ 14.105725189684172, 41.578907281348478 ], [ 14.105010860110516, 41.578573783567187 ], [ 14.104602099732549, 41.578741047445632 ], [ 14.10362655422799, 41.578619588480976 ], [ 14.103368002557337, 41.578660548326695 ], [ 14.103338346490641, 41.578665246892804 ], [ 14.103336806448585, 41.578675790952836 ], [ 14.10327273051926, 41.57911210684 ], [ 14.1027332046067, 41.579095100055241 ], [ 14.10238011690473, 41.579265912568523 ], [ 14.101587190165564, 41.579259552995296 ], [ 14.101313593389008, 41.579811260095831 ], [ 14.101020630257572, 41.579698884960685 ], [ 14.10085733289435, 41.579636259168751 ], [ 14.10019873980556, 41.57958631819686 ], [ 14.1001938431561, 41.579593953659696 ], [ 14.100023648300676, 41.579858750617881 ], [ 14.10016112867679, 41.580139209742867 ], [ 14.10006444595663, 41.58033449422468 ], [ 14.100016116382729, 41.580333516389018 ], [ 14.099281041062445, 41.580318684028448 ], [ 14.099118745907626, 41.580392093462983 ], [ 14.098742693002103, 41.580562184432999 ], [ 14.098630110683418, 41.580547190170051 ], [ 14.098318278073254, 41.580505656568775 ], [ 14.097999334448698, 41.58046317167144 ], [ 14.097466351201236, 41.580409187603394 ], [ 14.096770646550073, 41.580857496439165 ], [ 14.096743463966293, 41.580861331906426 ], [ 14.09640191780621, 41.580909555987198 ], [ 14.096050245322189, 41.580318169755365 ], [ 14.095784930633082, 41.580254896006402 ], [ 14.095686747006178, 41.580231480555241 ], [ 14.095303656586406, 41.580952264929088 ], [ 14.095245201204479, 41.580973092289753 ], [ 14.094977527978269, 41.581068475729921 ], [ 14.09473585737765, 41.580925650280491 ], [ 14.094965660873616, 41.580415778644294 ], [ 14.094847814055369, 41.580231602387457 ], [ 14.094708110100987, 41.580243461132085 ], [ 14.093496596442192, 41.580346291555628 ], [ 14.093459805350465, 41.5803244004926 ], [ 14.092821124541006, 41.580014145215564 ], [ 14.092701958928886, 41.57995626020486 ], [ 14.092028871245887, 41.580161703352296 ], [ 14.091965838180608, 41.580173440227625 ], [ 14.091962425574387, 41.580171522498105 ], [ 14.091396257221136, 41.579853466478326 ], [ 14.091176342615924, 41.579882252759781 ], [ 14.090715566573206, 41.580374301675008 ], [ 14.09046542295224, 41.580558204715544 ], [ 14.090397215223625, 41.580549110479183 ], [ 14.090218315472777, 41.580525268467383 ], [ 14.0901272955498, 41.580431370544368 ], [ 14.090078943922599, 41.580396967822232 ], [ 14.090062622295056, 41.580379537296132 ], [ 14.090048770595484, 41.580350362399443 ], [ 14.089964188091527, 41.58026310486273 ], [ 14.089726282645914, 41.580304510996797 ], [ 14.089641158314661, 41.580489723302826 ], [ 14.089625522893529, 41.58076375736912 ], [ 14.089318867456974, 41.58080871798537 ], [ 14.088718656977559, 41.5805692014575 ], [ 14.088077912332889, 41.580493083017721 ], [ 14.086570553332463, 41.580415709735526 ], [ 14.085323213525722, 41.580151843082987 ], [ 14.084230218278396, 41.580394771991685 ], [ 14.084071725364991, 41.580429996764451 ], [ 14.083726364415281, 41.58023403521554 ], [ 14.083601000074466, 41.580162906684905 ], [ 14.082599301728985, 41.580592171170849 ], [ 14.082500906554221, 41.580634334236159 ], [ 14.08208099881465, 41.580319949835712 ], [ 14.082052505163103, 41.580314833987579 ], [ 14.081907518938339, 41.580288810261663 ], [ 14.081080407096174, 41.580421616930614 ], [ 14.080630941685975, 41.580558337493756 ], [ 14.080028583445822, 41.580397714485457 ], [ 14.079533727641104, 41.580378263042668 ], [ 14.079168168926264, 41.580308207456191 ], [ 14.079010486010548, 41.580245832188226 ], [ 14.078782751986042, 41.580198692432923 ], [ 14.078694974419099, 41.580187744376481 ], [ 14.078618596473254, 41.58017821691957 ], [ 14.078433935266014, 41.580206537991835 ], [ 14.078339214697753, 41.580221064085762 ], [ 14.078238015977401, 41.580274549882091 ], [ 14.078205238620432, 41.580271143586685 ], [ 14.078142943899662, 41.580264668818756 ], [ 14.078033308742075, 41.580204862534806 ], [ 14.077729064567487, 41.580038898780458 ], [ 14.077519819663777, 41.580003385376273 ], [ 14.077410501192446, 41.580009928779354 ], [ 14.077327348830279, 41.580014905265983 ], [ 14.077104073947462, 41.580071049121237 ], [ 14.076974203981752, 41.580028018447841 ], [ 14.076839596661795, 41.579983418520825 ], [ 14.076694807336192, 41.579900050952197 ], [ 14.076575204430389, 41.57985718199555 ], [ 14.0764655282065, 41.579870807969868 ], [ 14.076375344418491, 41.57984724832388 ], [ 14.076253351855062, 41.579771047426597 ], [ 14.076078406486838, 41.579795431217775 ], [ 14.07590857100061, 41.579862839512828 ], [ 14.075788644772208, 41.579842533485539 ], [ 14.075713242566039, 41.57971082943088 ], [ 14.075719076641063, 41.579502408659131 ], [ 14.075695094941258, 41.579335808291553 ], [ 14.075606751225211, 41.579074658676866 ], [ 14.075437689269545, 41.578973724844509 ], [ 14.075210643089964, 41.57883817412754 ], [ 14.075019337597793, 41.578768861341167 ], [ 14.075036531496613, 41.57819508716311 ], [ 14.074941725396217, 41.577860775473177 ], [ 14.074924742590582, 41.577775939334934 ], [ 14.074682297180638, 41.57741771539073 ], [ 14.074039260832661, 41.577000192208253 ], [ 14.074025423146514, 41.576991207946293 ], [ 14.07388513591086, 41.576900113923919 ], [ 14.073816512500766, 41.576554321873147 ], [ 14.073605647315469, 41.576410497456727 ], [ 14.073626921200811, 41.576276854146144 ], [ 14.073523107897765, 41.576142029548066 ], [ 14.073417485197954, 41.576073892083585 ], [ 14.0735848414561, 41.57568489170604 ], [ 14.073637350886351, 41.575472998150552 ], [ 14.073870320949855, 41.575069668827801 ], [ 14.073980930103458, 41.574837202638328 ], [ 14.074084033285315, 41.57435065881306 ], [ 14.074042150085495, 41.573917100931759 ], [ 14.074032743628566, 41.573873736407855 ], [ 14.073946804347257, 41.573626701244692 ], [ 14.073859057626446, 41.573482691543639 ], [ 14.073777822133316, 41.573368903602898 ], [ 14.073335274857552, 41.572918607601828 ], [ 14.072969568807691, 41.572437312119185 ], [ 14.072780773672362, 41.57219210389021 ], [ 14.072641209979174, 41.571866061641344 ], [ 14.072592755900372, 41.57173920939298 ], [ 14.072579479126302, 41.57142115709793 ], [ 14.072351133725657, 41.570522722580002 ], [ 14.072184276150244, 41.56941117162183 ], [ 14.072391950685157, 41.568512510807714 ], [ 14.072514124102026, 41.567983829001115 ], [ 14.072720356364785, 41.567270449727054 ], [ 14.072826447216, 41.566508694157278 ], [ 14.073223906055416, 41.565431867020706 ], [ 14.073362139400714, 41.564756947061568 ], [ 14.073365044733411, 41.564553612751531 ], [ 14.073396262230014, 41.564449157647424 ], [ 14.07342987203401, 41.56400840941923 ], [ 14.073588732273436, 41.563805136594276 ], [ 14.073699108443826, 41.563435802453768 ], [ 14.07418616281892, 41.563110309537002 ], [ 14.074452614880894, 41.563016532465078 ], [ 14.074527015339854, 41.562971510715414 ], [ 14.074715931686194, 41.562923857958737 ], [ 14.074826285968133, 41.562885018443595 ], [ 14.075874282766261, 41.562789676033127 ], [ 14.076547929157812, 41.562903767654277 ], [ 14.077405012191205, 41.562838195772258 ], [ 14.077974268511285, 41.562661632717159 ], [ 14.078689092152478, 41.562051271303822 ], [ 14.081314089863561, 41.561241573436355 ], [ 14.082284371405713, 41.560585949506468 ], [ 14.084094631027186, 41.559362689586223 ], [ 14.084776685670132, 41.559138659759633 ], [ 14.085503516592, 41.558899918659847 ], [ 14.086597260451612, 41.558292769056791 ], [ 14.086967615095229, 41.557679868585318 ], [ 14.087078338063201, 41.556666417347785 ], [ 14.086975603891698, 41.555795198876382 ], [ 14.086942536327768, 41.55558769180368 ], [ 14.086962178659459, 41.555472761315372 ], [ 14.087030485351828, 41.55509792222626 ], [ 14.087148382206676, 41.554563815845277 ], [ 14.087313764241904, 41.554026421295482 ], [ 14.087313850732034, 41.554025970566443 ], [ 14.087642512472216, 41.553145424876242 ], [ 14.087875104200549, 41.552878046047056 ], [ 14.087937814466141, 41.552310163247796 ], [ 14.088037324414186, 41.55218376891478 ], [ 14.089067478306488, 41.551124221984693 ], [ 14.089402427354026, 41.549863802777367 ], [ 14.089661507163918, 41.548724499797622 ], [ 14.089665454249257, 41.547585123253405 ], [ 14.089491898702851, 41.546207154624817 ], [ 14.089437363083865, 41.544938808667816 ], [ 14.088703100732516, 41.544860539649925 ], [ 14.087377060727576, 41.544859078396257 ], [ 14.086208559630901, 41.544643408492718 ], [ 14.085440620307745, 41.544544827160017 ], [ 14.08453812751894, 41.544428965951148 ], [ 14.083762180642973, 41.544395001946114 ], [ 14.08304513753583, 41.544299336304377 ], [ 14.082395393005511, 41.544212643156307 ], [ 14.081800493697646, 41.544287831334884 ], [ 14.081372758322987, 41.544068630339801 ], [ 14.080941906998452, 41.543847829987541 ], [ 14.080496740780244, 41.543810546088466 ], [ 14.080162278902606, 41.543569899817946 ], [ 14.079780418727211, 41.543295148321349 ], [ 14.07930072332076, 41.543119235623486 ], [ 14.078882966457391, 41.542826080263346 ], [ 14.078077322379491, 41.542683774539846 ], [ 14.077683809580025, 41.542381753022944 ], [ 14.077348635971408, 41.542216047476884 ], [ 14.07696406826723, 41.54222949452187 ], [ 14.076501947885944, 41.542417550252736 ], [ 14.076065450085922, 41.54259517381891 ], [ 14.075107626827755, 41.542649066896587 ], [ 14.074270933935098, 41.542481118916008 ], [ 14.072652327924466, 41.542156202415235 ], [ 14.071735580259473, 41.542033057022302 ], [ 14.071537909068882, 41.542114990856206 ], [ 14.071350541972567, 41.541859839026053 ], [ 14.070980136275008, 41.541630433892387 ], [ 14.070718989327572, 41.541347571363517 ], [ 14.070723397467841, 41.541039683365049 ], [ 14.069768875360051, 41.541194984202498 ], [ 14.069008886259338, 41.541234116557327 ], [ 14.067860079466497, 41.541487447880272 ], [ 14.067075719075065, 41.541544483317843 ], [ 14.066222165697688, 41.541383592424758 ], [ 14.065479311604287, 41.541069636162284 ], [ 14.064899024504673, 41.540660534963408 ], [ 14.064127902975894, 41.540325064429155 ], [ 14.063616012004376, 41.540102366955956 ], [ 14.06313091675583, 41.540081476483735 ], [ 14.062663000852291, 41.540061324342069 ], [ 14.062386131405136, 41.539903332030804 ], [ 14.062074858773197, 41.540211244316701 ], [ 14.06182673046936, 41.540242917578489 ], [ 14.060970398893128, 41.540352222476429 ], [ 14.060653786906849, 41.540358623378552 ], [ 14.060343903969141, 41.540670051940481 ], [ 14.060177780671113, 41.541043029734738 ], [ 14.059605686877591, 41.541702497895542 ], [ 14.059522487162877, 41.541860794892209 ], [ 14.058960657344217, 41.541867920263819 ], [ 14.058455590079744, 41.541894738235023 ], [ 14.05827569125664, 41.541924988834083 ], [ 14.057897016071982, 41.541629643122228 ], [ 14.057237255570911, 41.541406880547456 ], [ 14.056603316442779, 41.541066588151203 ], [ 14.05624844325782, 41.540601793891398 ], [ 14.055902860700616, 41.540327260952267 ], [ 14.05510033360822, 41.539976520325332 ], [ 14.054731314969649, 41.539656508218471 ], [ 14.054359794121112, 41.539508548725998 ], [ 14.053865899174257, 41.539486374171943 ], [ 14.053172608132057, 41.539765146674014 ], [ 14.052754282403498, 41.539667408449574 ], [ 14.049133111997563, 41.538821279388046 ], [ 14.049121678101951, 41.538832031020632 ], [ 14.04875956767714, 41.539172547037687 ], [ 14.047236436627854, 41.540604795478011 ], [ 14.045963196822644, 41.541621812900935 ], [ 14.045121547504589, 41.542294065926399 ], [ 14.044661396158199, 41.542435148437086 ], [ 14.043262565547915, 41.542468801064757 ], [ 14.041994087696965, 41.542440944382179 ], [ 14.039208625121887, 41.541909142404144 ], [ 14.038318922161441, 41.541739264619942 ], [ 14.036672247630937, 41.541424830506713 ], [ 14.035768665296695, 41.541382815201843 ], [ 14.034777848897907, 41.541336735084172 ], [ 14.033606690297383, 41.540857498966083 ], [ 14.032832342078693, 41.54054062757848 ], [ 14.032006637657011, 41.540644796588225 ], [ 14.030876443960613, 41.540787371088491 ], [ 14.030087574270908, 41.540738346005156 ], [ 14.030011608988328, 41.540761100707655 ], [ 14.029190447548336, 41.540837118202781 ], [ 14.028840683664376, 41.54116149266288 ], [ 14.028376167642881, 41.541592281169926 ], [ 14.028288544531019, 41.541808897879967 ], [ 14.028317191916537, 41.542206488315387 ], [ 14.028615998440801, 41.542481847245043 ], [ 14.028399448497979, 41.542452846439311 ], [ 14.02700047283615, 41.541590837660884 ], [ 14.025430352812016, 41.541282342914499 ], [ 14.024707366376699, 41.541388751099888 ], [ 14.023851441570054, 41.541514719686525 ], [ 14.022548640664503, 41.541706442674077 ], [ 14.021902865700026, 41.541871074414559 ], [ 14.021052010009047, 41.542087984137289 ], [ 14.020708299089168, 41.542134388237088 ], [ 14.020580523188746, 41.542183173308239 ], [ 14.020670684661104, 41.542255046083255 ], [ 14.021010865338097, 41.542575187451732 ], [ 14.021379077661106, 41.542954736116677 ], [ 14.021448229355908, 41.543069166993497 ], [ 14.021619063145357, 41.543311704945936 ], [ 14.021792377877695, 41.543586222029703 ], [ 14.021956099168563, 41.543912616266745 ], [ 14.022018207330092, 41.544170207870934 ], [ 14.022082759744899, 41.544427820219646 ], [ 14.022194271004512, 41.545137528796886 ], [ 14.02224843268549, 41.545760449720717 ], [ 14.022271072989442, 41.545879993037339 ], [ 14.022329596472778, 41.546051254110189 ], [ 14.022404148521137, 41.546294261900819 ], [ 14.02246347475123, 41.54641228090852 ], [ 14.022570904066773, 41.546582121450449 ], [ 14.022724076177145, 41.54679825483025 ], [ 14.022827697272819, 41.546896452290547 ], [ 14.023107743313586, 41.547289935232357 ], [ 14.023293756263698, 41.547539347674523 ], [ 14.023786948891857, 41.547958559616347 ], [ 14.023911325913714, 41.548139559756756 ], [ 14.023996987396689, 41.548294524816264 ], [ 14.0239323406401, 41.548367422668477 ], [ 14.023756901349925, 41.548656047366094 ], [ 14.023667013415437, 41.54878197954357 ], [ 14.023657830699657, 41.548904924642386 ], [ 14.023642308749048, 41.549286715195841 ], [ 14.023591577436203, 41.549672438504004 ], [ 14.02357209432572, 41.54986532914829 ], [ 14.023515395872876, 41.550086205377561 ], [ 14.023474772243448, 41.550186849434745 ], [ 14.023478898973559, 41.550399879599219 ], [ 14.023488346356677, 41.5506295579019 ], [ 14.023530896181473, 41.550842836890048 ], [ 14.023564612718442, 41.551201175315995 ], [ 14.023628236199979, 41.551846209317546 ], [ 14.023734695739085, 41.55224372477501 ], [ 14.02377670007832, 41.552376285239795 ], [ 14.023991129845115, 41.552583756029826 ], [ 14.024727441587389, 41.553197774229147 ], [ 14.02522136749962, 41.553675693045548 ], [ 14.025503166478211, 41.553955342510847 ], [ 14.025575001599615, 41.554055104170203 ], [ 14.025794266216685, 41.554429703434806 ], [ 14.02600110854195, 41.554845205977564 ], [ 14.026112789721028, 41.555194409713856 ], [ 14.026130212214973, 41.555499360409691 ], [ 14.026124763775249, 41.555699456063032 ], [ 14.026124589589063, 41.555873890097779 ], [ 14.026101011700359, 41.556141770213515 ], [ 14.026035385453619, 41.556442345065385 ], [ 14.02599920896226, 41.556572406185964 ], [ 14.025961139427999, 41.556665727995458 ], [ 14.025751291142885, 41.557128499266284 ], [ 14.025477005961777, 41.557649481176853 ], [ 14.025320798470258, 41.557958468557437 ], [ 14.025117844190943, 41.558287257136804 ], [ 14.024996141569941, 41.558414756524698 ], [ 14.024797615880471, 41.558611378376654 ], [ 14.024559427632754, 41.558844386635784 ], [ 14.024400395192044, 41.559015636560176 ], [ 14.024166475902703, 41.55918135426284 ], [ 14.024140780362103, 41.559264375521273 ], [ 14.024028238531246, 41.559595153531724 ], [ 14.023991549665851, 41.55975887255628 ], [ 14.023968486594841, 41.55988353578239 ], [ 14.023948351054344, 41.560030257795113 ], [ 14.023921392659146, 41.560305453199696 ], [ 14.023875780292032, 41.560737176006334 ], [ 14.023866402427348, 41.560872972344079 ], [ 14.023872133042737, 41.560979518364761 ], [ 14.023965309799429, 41.561123529986027 ], [ 14.024012567995538, 41.561232264682012 ], [ 14.023349569849184, 41.561263970054995 ], [ 14.022925723884136, 41.56127016178511 ], [ 14.02259804327517, 41.561275945387884 ], [ 14.022308882846007, 41.561321227061363 ], [ 14.022081979447773, 41.56134500361528 ], [ 14.021884335065542, 41.561373925067571 ], [ 14.021657302104673, 41.561406268432364 ], [ 14.021446675855964, 41.5614314063425 ], [ 14.021156216867873, 41.561454640125532 ], [ 14.020926090348512, 41.561475938739974 ], [ 14.020656815984001, 41.561499351657055 ], [ 14.020408781886449, 41.561519272591013 ], [ 14.020180321516891, 41.561538135692082 ], [ 14.020124378351737, 41.561573158041831 ], [ 14.020053528167184, 41.561623966705817 ], [ 14.019986270006239, 41.561652772010603 ], [ 14.019902678610149, 41.561683886259438 ], [ 14.01961664583366, 41.561845478004649 ], [ 14.019543092166352, 41.56196726151969 ], [ 14.019520519286095, 41.562058877069241 ], [ 14.019329059066823, 41.562325323653077 ], [ 14.01916344794164, 41.562391236850232 ], [ 14.019044984894105, 41.562464896725508 ], [ 14.018873928734454, 41.562567486259169 ], [ 14.018578796938032, 41.562683705774212 ], [ 14.018478203219038, 41.562761189911818 ], [ 14.018400535464082, 41.562831525052232 ], [ 14.017886857566056, 41.563280057916785 ], [ 14.017451788211231, 41.56359583259588 ], [ 14.017330024600902, 41.563671910686409 ], [ 14.016858917812632, 41.563784173351515 ], [ 14.016745635543359, 41.563838289420339 ], [ 14.01656010925085, 41.563927286545983 ], [ 14.0162454853411, 41.564038436862148 ], [ 14.016076403137507, 41.564117781048338 ], [ 14.01578288903765, 41.564234007169745 ], [ 14.015606381923586, 41.564265546940909 ], [ 14.015231183555217, 41.564286816034617 ], [ 14.014758371402673, 41.56429623050149 ], [ 14.014220278863382, 41.564311203860441 ], [ 14.013499680387032, 41.56432338478804 ], [ 14.012972976590056, 41.564339674131162 ], [ 14.01259249670106, 41.564386595502995 ], [ 14.012254238927818, 41.564443671207755 ], [ 14.012030170431442, 41.564494382568604 ], [ 14.011912821711059, 41.564601095487127 ], [ 14.011834771676506, 41.564695904989087 ], [ 14.011708695572997, 41.56484048998 ], [ 14.011512847011263, 41.5650713865207 ], [ 14.011225472288611, 41.565318633105662 ], [ 14.01094011710093, 41.565540190100734 ], [ 14.010640652715578, 41.565724901780285 ], [ 14.0092267576489, 41.565880428772751 ], [ 14.00787491664456, 41.566027905109316 ], [ 14.007067866454316, 41.566149469144257 ], [ 14.006338423279525, 41.566205596545458 ], [ 14.005889648405716, 41.566240888457088 ], [ 14.005475153652878, 41.566272802831008 ], [ 14.004876442998079, 41.566306793719555 ], [ 14.004404437136461, 41.566368809078497 ], [ 14.004265265853503, 41.566515720630321 ], [ 14.00419362733961, 41.566616700937139 ], [ 14.004088416378229, 41.56678104388039 ], [ 14.003976215907732, 41.566975928808667 ], [ 14.003941220467119, 41.567025813957173 ], [ 14.003866866639495, 41.56709127146523 ], [ 14.003649984745405, 41.567309731145329 ], [ 14.003359108791166, 41.5675657870094 ], [ 14.002934553582641, 41.567937615523057 ], [ 14.00254370482368, 41.568232906977101 ], [ 14.002182697115167, 41.568495405230614 ], [ 14.001721372324962, 41.568828286974174 ], [ 14.00153168508235, 41.568972281057178 ], [ 14.001401453711907, 41.569055382904786 ], [ 14.001038825860247, 41.569316639330118 ], [ 14.000962817805812, 41.569383304652511 ], [ 14.000917870172293, 41.569444119315456 ], [ 14.00086456596174, 41.569518326492101 ], [ 14.00156362888646, 41.569850011378556 ], [ 14.00196935892261, 41.570071424804595 ], [ 14.002554345505535, 41.570402113332719 ], [ 14.003381687792805, 41.570873223832933 ], [ 14.003546370324628, 41.570976251959365 ], [ 14.003673454059408, 41.571086298652666 ], [ 14.004012876873549, 41.571380576495471 ], [ 14.004315398634814, 41.571636586513556 ], [ 14.004071923083355, 41.571781370201229 ], [ 14.003785693745591, 41.571950265001519 ], [ 14.003203827711765, 41.572263488787961 ], [ 14.002314901869433, 41.572739591158332 ], [ 14.001801822453771, 41.573012717541552 ], [ 14.001393112235483, 41.5732463452213 ], [ 14.000497281814578, 41.573715187729157 ], [ 13.999472746035531, 41.574297293377946 ], [ 13.998612761123109, 41.574843174441412 ], [ 13.998542564187815, 41.574955180530146 ], [ 13.998479949456719, 41.575103975732915 ], [ 13.998391130100014, 41.575471657138529 ], [ 13.998363254234322, 41.575587704111655 ], [ 13.998287053714447, 41.575877152723265 ], [ 13.998181686482484, 41.576260603074061 ], [ 13.998030284111186, 41.576774631148893 ], [ 13.997809951398292, 41.577529206424316 ], [ 13.997668171628259, 41.578053110603761 ], [ 13.997600342162725, 41.578327942372979 ], [ 13.997526114950151, 41.578684364717098 ], [ 13.997620882990875, 41.579123687908385 ], [ 13.998180301352148, 41.579917867214355 ], [ 13.99868953501727, 41.580649240571034 ], [ 13.999136147054687, 41.581276721114932 ], [ 13.999661663505606, 41.581980257388871 ], [ 13.999842108220928, 41.582225423689323 ], [ 13.999951569770943, 41.582343738341649 ], [ 14.00046540396947, 41.582826982249955 ], [ 14.000903217118015, 41.583193122118644 ], [ 14.001223467162218, 41.583465207258904 ], [ 14.001906105643245, 41.583920381249058 ], [ 14.002303000584416, 41.584191904657089 ], [ 14.002585794773069, 41.584355939954278 ], [ 14.002815566493279, 41.584469326477254 ], [ 14.003283371899633, 41.584690724218568 ], [ 14.003390667600565, 41.584746363343903 ], [ 14.003732354996844, 41.58563359401478 ], [ 14.003792432333805, 41.585767143706036 ], [ 14.00386062450707, 41.585971597339736 ], [ 14.003972010491896, 41.586397564387738 ], [ 14.004014761706021, 41.586610435739836 ], [ 14.004053403821988, 41.586824675729503 ], [ 14.004219706357482, 41.587569646220238 ], [ 14.004267735757272, 41.588380012925619 ], [ 14.004143353459417, 41.588387573777595 ], [ 14.004016378140623, 41.588414116175301 ], [ 14.003778294612333, 41.588482886895264 ], [ 14.003505404509855, 41.588570359563967 ], [ 14.00292259459443, 41.58875880298563 ], [ 14.002536531009991, 41.58887293410762 ], [ 14.002427615853536, 41.588922090883251 ], [ 14.002295425171667, 41.588988322050866 ], [ 14.002117002588715, 41.589067972967953 ], [ 14.001943713624199, 41.589113115189726 ], [ 14.00180073587212, 41.589132605604959 ], [ 14.001648873658823, 41.589131286896944 ], [ 14.001432691557303, 41.58912249871905 ], [ 14.00098652190718, 41.589104801175132 ], [ 14.000522318059746, 41.589062758022834 ], [ 14.000209710186947, 41.589039307982098 ], [ 13.999888112112284, 41.589001957688026 ], [ 13.999547946912099, 41.588974810810285 ], [ 13.999138700622275, 41.588950516820098 ], [ 13.998704126340638, 41.588907237075375 ], [ 13.998112346723671, 41.588801637148691 ], [ 13.997551374600199, 41.588767376873726 ], [ 13.997222368832938, 41.588762779863195 ], [ 13.997038027344455, 41.588778448242444 ], [ 13.996614616940871, 41.588851633863676 ], [ 13.996480815259975, 41.588872925396899 ], [ 13.996347240931067, 41.588879533742954 ], [ 13.996234629171095, 41.588869912301853 ], [ 13.996103864270182, 41.588843719565077 ], [ 13.995999774275072, 41.588803938453239 ], [ 13.995873063317001, 41.588738908757172 ], [ 13.995732988843988, 41.588645255974257 ], [ 13.995524623666181, 41.588503496002538 ], [ 13.995461897479284, 41.588467531110396 ], [ 13.995347655256834, 41.588414703329057 ], [ 13.995175167005765, 41.588353435725814 ], [ 13.995001516916048, 41.588327886913852 ], [ 13.994823290239724, 41.588320281937854 ], [ 13.994662146213908, 41.588324055793187 ], [ 13.994506486387827, 41.588345153879366 ], [ 13.994382824734696, 41.588380352852496 ], [ 13.994211672489817, 41.588435867997674 ], [ 13.993937445324125, 41.588534535939274 ], [ 13.993712955370192, 41.588616362108382 ], [ 13.993539648598766, 41.588662355319983 ], [ 13.993466928109155, 41.588677267484584 ], [ 13.993366068267106, 41.588688909824789 ], [ 13.993245222947689, 41.588690874989972 ], [ 13.993103282009656, 41.5886805617208 ], [ 13.99292430691005, 41.588647032511638 ], [ 13.992666541148145, 41.588574804384187 ], [ 13.992280498070617, 41.588427594319747 ], [ 13.991703632168282, 41.588232062941742 ], [ 13.991055138835335, 41.587981479124167 ], [ 13.99016174295682, 41.587664601687365 ], [ 13.989273108145813, 41.587345546277014 ], [ 13.986944085376187, 41.586487621769727 ], [ 13.985824317545807, 41.586081253371738 ], [ 13.985317288510588, 41.585892136841522 ], [ 13.985121755731422, 41.585814610255433 ], [ 13.984943977018492, 41.585760563360239 ], [ 13.984807156499558, 41.585736031964132 ], [ 13.984592287916538, 41.585736077939217 ], [ 13.984498983300311, 41.585743028207489 ], [ 13.984392432036328, 41.585769297428627 ], [ 13.984205182934632, 41.585824007619827 ], [ 13.983926546696727, 41.585928443566495 ], [ 13.983629699173999, 41.586038548646073 ], [ 13.983559202119329, 41.586076797468088 ], [ 13.983457796304538, 41.586105054917638 ], [ 13.983327887226995, 41.586135003816295 ], [ 13.983203490311762, 41.586143621665599 ], [ 13.983011733277877, 41.586155530723033 ], [ 13.982897720498039, 41.586162296496752 ], [ 13.982718752959855, 41.586184036241477 ], [ 13.982607145465952, 41.586202484640431 ], [ 13.982521452713033, 41.586219218688619 ], [ 13.982422421052638, 41.586261101469304 ], [ 13.982231695336155, 41.586372142201888 ], [ 13.981990628490429, 41.586556593828149 ], [ 13.981658139972282, 41.5867927124822 ], [ 13.981490738031653, 41.586902014965418 ], [ 13.981409823868345, 41.586944057376002 ], [ 13.981271566338235, 41.587010858457582 ], [ 13.981136324773418, 41.587050475636779 ], [ 13.980975167861308, 41.58709180654899 ], [ 13.980863619464854, 41.587106366561834 ], [ 13.980692597501896, 41.587116511950356 ], [ 13.980511160486714, 41.587130451932197 ], [ 13.980404697121886, 41.587150887406871 ], [ 13.980318788508287, 41.587181223122506 ], [ 13.980021103333003, 41.587343788718869 ], [ 13.979945181072654, 41.587397536007614 ], [ 13.97975709748307, 41.587504708829002 ], [ 13.979613813131833, 41.587561745270037 ], [ 13.979533172388093, 41.587586296338259 ], [ 13.979302215966877, 41.587621174478713 ], [ 13.978894721831365, 41.587687525525084 ], [ 13.978837193282082, 41.587723943012385 ], [ 13.978751283192873, 41.587754277536703 ], [ 13.978686479125395, 41.587759532649727 ], [ 13.978620579914795, 41.587752144569286 ], [ 13.978566420811356, 41.587739029950356 ], [ 13.978518354615602, 41.587716201418651 ], [ 13.978467509035395, 41.587684914568285 ], [ 13.978365154960789, 41.587614794460784 ], [ 13.978255726731682, 41.587576893466156 ], [ 13.97817549918808, 41.587575208596334 ], [ 13.97807311633265, 41.5875830447483 ], [ 13.97790184752658, 41.587608732618129 ], [ 13.97778650685718, 41.587617425110501 ], [ 13.977679299527633, 41.587602866565355 ], [ 13.977620009781887, 41.587586790469118 ], [ 13.977340625880643, 41.587409381125866 ], [ 13.977212061153297, 41.587353816467342 ], [ 13.976954134639387, 41.587293213334803 ], [ 13.976674917788984, 41.587269348590425 ], [ 13.976395946745891, 41.587229936523478 ], [ 13.975992944835182, 41.587175813826448 ], [ 13.975469887534047, 41.587101183812592 ], [ 13.97511215450224, 41.58704940505843 ], [ 13.974544124308416, 41.58695396204741 ], [ 13.974265186781775, 41.586912601507713 ], [ 13.974148645010741, 41.586915448823142 ], [ 13.974088926060615, 41.586926577534548 ], [ 13.973995311070896, 41.586952952538525 ], [ 13.97392718048909, 41.58700482177899 ], [ 13.973879418928773, 41.587078252433784 ], [ 13.973873503440695, 41.58712484612991 ], [ 13.973869837887149, 41.587192839551903 ], [ 13.973876033792479, 41.58729201865841 ], [ 13.973908083627112, 41.587393372129995 ], [ 13.973940718234575, 41.587457802336182 ], [ 13.973996403005382, 41.587537987083472 ], [ 13.974100899779305, 41.587641930651614 ], [ 13.974210358501029, 41.587759523625834 ], [ 13.974258216872828, 41.587843525616627 ], [ 13.974290605949207, 41.587923502359573 ], [ 13.974283460160169, 41.588047829243905 ], [ 13.974264294740713, 41.588113740769629 ], [ 13.974176751457437, 41.588247068289377 ], [ 13.974007917826221, 41.58844575279754 ], [ 13.973860191390509, 41.588619358607509 ], [ 13.973807651596568, 41.58866747971323 ], [ 13.973747500057598, 41.588705814827343 ], [ 13.973570341593771, 41.588776146528701 ], [ 13.973455799997794, 41.588815939456268 ], [ 13.973354200896539, 41.588855847851619 ], [ 13.973270505810968, 41.58890952128494 ], [ 13.97322557695967, 41.588967428111587 ], [ 13.97318289779594, 41.589046734650651 ], [ 13.973164038919093, 41.589093212683302 ], [ 13.973168292071598, 41.589151558771938 ], [ 13.973213961882603, 41.589210274786055 ], [ 13.97332687231326, 41.589273478511146 ], [ 13.973445144792709, 41.58932506838687 ], [ 13.973558301938539, 41.58937272526142 ], [ 13.973720703256344, 41.589416934443165 ], [ 13.973891485973766, 41.589422346141191 ], [ 13.974098385348087, 41.589435854307595 ], [ 13.974170587854617, 41.589453991046334 ], [ 13.974229724578601, 41.589479785570042 ], [ 13.974311604588648, 41.589540767842216 ], [ 13.974406119932343, 41.589621298812261 ], [ 13.974464918554647, 41.589668469834024 ], [ 13.974495212322291, 41.589717330154421 ], [ 13.974517432867204, 41.589785554483008 ], [ 13.97451044102537, 41.589900164700431 ], [ 13.974496667702967, 41.589952519121134 ], [ 13.974459381878768, 41.590018269012667 ], [ 13.974419630444496, 41.590076222482793 ], [ 13.974351435336628, 41.590131978570675 ], [ 13.974298956182828, 41.590176213221582 ], [ 13.974256923582686, 41.590214710249874 ], [ 13.974178373852951, 41.590270373842408 ], [ 13.974136341119841, 41.590308870824487 ], [ 13.974093939085785, 41.59037068773079 ], [ 13.97407508045492, 41.590417165905365 ], [ 13.974071384085095, 41.590487102624031 ], [ 13.974073141842018, 41.590539595589483 ], [ 13.97408004602269, 41.590594078084933 ], [ 13.974115486343623, 41.590644928029519 ], [ 13.974171666295648, 41.590694019429151 ], [ 13.974277029786876, 41.590743549649211 ], [ 13.974452378056899, 41.59078787331422 ], [ 13.974697342173945, 41.590850310048253 ], [ 13.974797652110988, 41.590892020308196 ], [ 13.974856113921529, 41.590960567750727 ], [ 13.97487337325617, 41.591015142537159 ], [ 13.974872450807528, 41.591073442395576 ], [ 13.974853069785301, 41.591152957281963 ], [ 13.974771161995582, 41.591257181392393 ], [ 13.974629192648004, 41.59139391098963 ], [ 13.974547499498572, 41.591484531630741 ], [ 13.974448485466413, 41.591524464025966 ], [ 13.974399362942771, 41.591520138589026 ], [ 13.97421837394867, 41.591504918551003 ], [ 13.973998617108094, 41.591485465030452 ], [ 13.973856334674078, 41.591478364278558 ], [ 13.97362280366286, 41.591511264358232 ], [ 13.973471831600301, 41.591562393623803 ], [ 13.973307700547334, 41.591627010386496 ], [ 13.973018513541547, 41.591741043466108 ], [ 13.972567904930694, 41.591911941314841 ], [ 13.972330827510142, 41.592005058737627 ], [ 13.972171686547412, 41.592081380089674 ], [ 13.972095998910541, 41.592119575400801 ], [ 13.972006967036366, 41.592182918163772 ], [ 13.971930939968916, 41.592242489953868 ], [ 13.971788869969739, 41.592385045906312 ], [ 13.971676015033106, 41.592481216564536 ], [ 13.971615920363817, 41.592515663831087 ], [ 13.971555979877838, 41.592540394434963 ], [ 13.971423494785766, 41.592568363152964 ], [ 13.971335263897235, 41.592581178901497 ], [ 13.97127797363642, 41.59260204587008 ], [ 13.971223179436199, 41.592628765953442 ], [ 13.971181235992596, 41.592661431824503 ], [ 13.971159724179875, 41.592711772955376 ], [ 13.971145700618539, 41.592779673517747 ], [ 13.971137838240439, 41.592948696519258 ], [ 13.97112409236556, 41.592999107144408 ], [ 13.971071022250369, 41.593080263435276 ], [ 13.97104075842681, 41.593111090186788 ], [ 13.970988274588525, 41.593155323250429 ], [ 13.970944912859286, 41.593195750743092 ], [ 13.970876526241089, 41.593263164620851 ], [ 13.970851362464506, 41.593298895981683 ], [ 13.97082863300308, 41.593344367138798 ], [ 13.970829495146285, 41.59337158528168 ], [ 13.970840588627601, 41.593406669427338 ], [ 13.970864671966739, 41.593438954458058 ], [ 13.970900342780558, 41.593475230417894 ], [ 13.970960698991336, 41.593505896533003 ], [ 13.97100718774767, 41.593513115269133 ], [ 13.971065387445471, 41.59351655160237 ], [ 13.971118564045389, 41.593510224940715 ], [ 13.971213514904024, 41.593481920688433 ], [ 13.971400920233839, 41.593419458805585 ], [ 13.971617078599502, 41.593339761418498 ], [ 13.97176551381061, 41.593285696525086 ], [ 13.971909649392643, 41.59325783161195 ], [ 13.972049485526391, 41.593256166697742 ], [ 13.972154050447925, 41.593274594078181 ], [ 13.972242805745758, 41.593310372439717 ], [ 13.972311914646095, 41.593360552116692 ], [ 13.972368912078768, 41.593439777513986 ], [ 13.972402518763955, 41.593524624603496 ], [ 13.972395800074406, 41.593621744635598 ], [ 13.972315641531983, 41.593778459818367 ], [ 13.972201181659113, 41.593975683904674 ], [ 13.972168328604111, 41.594088119067528 ], [ 13.972159329080158, 41.594165782666956 ], [ 13.972160129500613, 41.594278518714269 ], [ 13.972159881587764, 41.594457327837176 ], [ 13.972151591167821, 41.594490294937366 ], [ 13.972127490716618, 41.594540613088981 ], [ 13.972077255991302, 41.594606246363909 ], [ 13.972019439916011, 41.594660150213571 ], [ 13.971935766988247, 41.594711879198066 ], [ 13.971870523681613, 41.594744336934532 ], [ 13.971831044556069, 41.594784799473601 ], [ 13.971767680440699, 41.594861976788877 ], [ 13.97173821693506, 41.594923908492888 ], [ 13.971713684134182, 41.595001433103569 ], [ 13.971717257619298, 41.595102532333492 ], [ 13.971741818964786, 41.59518632688205 ], [ 13.97177445517465, 41.595250757637324 ], [ 13.971830112902706, 41.595332886697939 ], [ 13.971916867063278, 41.595413350233997 ], [ 13.971995885905596, 41.59549180093029 ], [ 13.972026057078283, 41.595548435163771 ], [ 13.97203591883828, 41.595579620967136 ], [ 13.972032250699611, 41.595647614204552 ], [ 13.971995144033256, 41.595701703215084 ], [ 13.971947836304798, 41.595745982981178 ], [ 13.971793894075166, 41.595820406629038 ], [ 13.97171530451994, 41.595878011708507 ], [ 13.971571192452993, 41.595985564200745 ], [ 13.971460364220521, 41.596116737520092 ], [ 13.971388769002148, 41.596222994972493 ], [ 13.971359057615954, 41.596300473151274 ], [ 13.971363247764808, 41.596362705870881 ], [ 13.971382847450499, 41.596432850875821 ], [ 13.97140777912912, 41.596493325581662 ], [ 13.971480849571355, 41.596620313413759 ], [ 13.971583813964005, 41.596821425461336 ], [ 13.971623446043161, 41.596934508845024 ], [ 13.971652506886791, 41.597061102852734 ], [ 13.97164732649996, 41.597224318959263 ], [ 13.971627908684505, 41.597305776476553 ], [ 13.971539514120087, 41.597491571334103 ], [ 13.971473311215597, 41.597584271850579 ], [ 13.971412532748834, 41.59766147205989 ], [ 13.971312118515197, 41.597788851170819 ], [ 13.971259198908328, 41.597860290819341 ], [ 13.971216326079929, 41.597951256357511 ], [ 13.971191081512087, 41.598073477248327 ], [ 13.971188766529197, 41.59821922654573 ], [ 13.971222784978456, 41.598522732612977 ], [ 13.971238222063217, 41.598691963968264 ], [ 13.971251132025676, 41.598857285501531 ], [ 13.971250101920241, 41.598976483747222 ], [ 13.971245241744112, 41.599010777185114 ], [ 13.971231751788714, 41.599044993392958 ], [ 13.971211460885465, 41.59907267006826 ], [ 13.97118593036091, 41.59910418704704 ], [ 13.971159794069537, 41.599119501932627 ], [ 13.971102539088246, 41.599137777625693 ], [ 13.971054099092809, 41.599144470592321 ], [ 13.971011854303185, 41.599141500993696 ], [ 13.970974869719582, 41.599133395533372 ], [ 13.970930365342458, 41.59910967394611 ], [ 13.970873225100274, 41.599066403222686 ], [ 13.970845918595991, 41.599046722762836 ], [ 13.970832574131228, 41.599017449295999 ], [ 13.970781876304045, 41.598948969405008 ], [ 13.970705536385889, 41.598864711099822 ], [ 13.970624336177618, 41.598814746154268 ], [ 13.970584896745033, 41.598798196320104 ], [ 13.970541840709728, 41.598791979951251 ], [ 13.970469412687923, 41.598787444118393 ], [ 13.970427948762362, 41.598789664232044 ], [ 13.970351144099624, 41.598788976326219 ], [ 13.970310460760908, 41.598796386322292 ], [ 13.970272345738405, 41.598805115043092 ], [ 13.970240096448627, 41.598824910028668 ], [ 13.970146060980397, 41.598876544830496 ], [ 13.970104452789956, 41.598887833667597 ], [ 13.970049807254195, 41.598904836481587 ], [ 13.969989365771752, 41.598960659334821 ], [ 13.969964674737552, 41.599047900091847 ], [ 13.970007234131058, 41.599139630618595 ], [ 13.970060520215132, 41.599208134036928 ], [ 13.970114819454182, 41.599375770093616 ], [ 13.970197937303938, 41.599522284692284 ], [ 13.970257693125751, 41.599672477158819 ], [ 13.970282964783706, 41.599711575525752 ], [ 13.970345835124826, 41.599828754647916 ], [ 13.970386486219288, 41.599877708741424 ], [ 13.970479349164881, 41.599899920038347 ], [ 13.970686126710612, 41.599923151310719 ], [ 13.970874781637022, 41.599946219972132 ], [ 13.971024447803533, 41.599978657337104 ], [ 13.971236372889123, 41.600003877295819 ], [ 13.971411651341144, 41.600054035761033 ], [ 13.971556356093547, 41.600072822843366 ], [ 13.971757277932506, 41.600138758993367 ], [ 13.97199945869801, 41.600269850414868 ], [ 13.972188741213868, 41.600362244251734 ], [ 13.972277547070254, 41.600422641947077 ], [ 13.97238412658383, 41.600505225919733 ], [ 13.972446272376107, 41.600559554360906 ], [ 13.972463973976859, 41.60058627511598 ], [ 13.97248328854484, 41.600620136817085 ], [ 13.972495503882865, 41.600666244523303 ], [ 13.972500846068126, 41.600710347194578 ], [ 13.972555050453337, 41.600775618323318 ], [ 13.972591933259002, 41.600844621815064 ], [ 13.972612624603457, 41.600900523258225 ], [ 13.972639274802608, 41.600961660883719 ], [ 13.972650504004754, 41.601015534155508 ], [ 13.972672192031947, 41.601063022230043 ], [ 13.972670324297464, 41.60115658624769 ], [ 13.972657411088351, 41.601196782533734 ], [ 13.972620296937677, 41.601311627096024 ], [ 13.972591054799302, 41.601413872612568 ], [ 13.97256656144026, 41.601506946463147 ], [ 13.972559419679111, 41.601570229568608 ], [ 13.972556168136636, 41.601678466179095 ], [ 13.972557775091675, 41.601770621537753 ], [ 13.972577975730514, 41.60185142545572 ], [ 13.972604605717919, 41.601913858632436 ], [ 13.972640240321322, 41.601989041664318 ], [ 13.972685098798335, 41.602063155353484 ], [ 13.972737610390226, 41.60213848917725 ], [ 13.972758450667547, 41.602178987092479 ], [ 13.972767053438655, 41.602217072125242 ], [ 13.972758797638988, 41.602253854746614 ], [ 13.972741263206711, 41.602295161500948 ], [ 13.972708623614686, 41.602321360355411 ], [ 13.972656038604413, 41.602347380950434 ], [ 13.972597499195251, 41.602361830680842 ], [ 13.972546923385122, 41.602357923362376 ], [ 13.97246885878228, 41.602345707977385 ], [ 13.972411013678796, 41.602316396850426 ], [ 13.972344145805573, 41.602275487410694 ], [ 13.97223656578417, 41.602189295216192 ], [ 13.972086337636133, 41.60208314161207 ], [ 13.971979103760521, 41.602031357831535 ], [ 13.971857131868495, 41.60202235196401 ], [ 13.971800053706193, 41.602041421407954 ], [ 13.97172872840796, 41.602088005679491 ], [ 13.971684617334496, 41.602160172123206 ], [ 13.971643958677983, 41.602208182424903 ], [ 13.971609199270416, 41.602271218396844 ], [ 13.971605490726077, 41.602311496900363 ], [ 13.971625032024489, 41.602433758519361 ], [ 13.97168358659796, 41.602611653718029 ], [ 13.971779838479808, 41.602928097539689 ], [ 13.971863378237902, 41.603272069861866 ], [ 13.971885696332372, 41.603412784447528 ], [ 13.97187806003371, 41.603507160641236 ], [ 13.971864798465248, 41.603569237183564 ], [ 13.971806821480273, 41.603741482934936 ], [ 13.971644532728314, 41.604104755871234 ], [ 13.971581112378477, 41.604233185842176 ], [ 13.971572271037966, 41.604274570172699 ], [ 13.971568690349935, 41.604306787471565 ], [ 13.971574327695608, 41.604338319397932 ], [ 13.971589596356544, 41.604407561710943 ], [ 13.971618198984736, 41.604474619784966 ], [ 13.971648251246556, 41.604514816375783 ], [ 13.971687643522584, 41.604546650256225 ], [ 13.971723991591862, 41.604576921209706 ], [ 13.97183968521291, 41.604635544142525 ], [ 13.972278351305459, 41.60484217688974 ], [ 13.972418741238791, 41.604891805935814 ], [ 13.972574620780803, 41.604932359159484 ], [ 13.972736564741981, 41.604977573413322 ], [ 13.972867712850718, 41.605029422846336 ], [ 13.97295294098315, 41.605073951296504 ], [ 13.97305292809831, 41.605155467913427 ], [ 13.9731590162618, 41.605239342465438 ], [ 13.973404583624696, 41.605430424715244 ], [ 13.973540264170113, 41.605583668891704 ], [ 13.973687148521568, 41.605740084299569 ], [ 13.973783643064024, 41.605848443533922 ], [ 13.973880770537951, 41.605916880597306 ], [ 13.974018522221609, 41.606004108353581 ], [ 13.974355108962502, 41.606197536578193 ], [ 13.974570067611058, 41.606319237520694 ], [ 13.974857188131777, 41.60649251507904 ], [ 13.97496120191324, 41.606556917486259 ], [ 13.975136221558204, 41.606702832136257 ], [ 13.975400824280882, 41.606963185503943 ], [ 13.975481394139003, 41.607043759082941 ], [ 13.975740544058628, 41.607304063061626 ], [ 13.975903017178211, 41.607467269136087 ], [ 13.975962122062098, 41.607525127807456 ], [ 13.976029491384912, 41.607577941126515 ], [ 13.976099766671259, 41.607619518622393 ], [ 13.976198489745119, 41.607673634899861 ], [ 13.976335386067271, 41.607729114825275 ], [ 13.976435602862491, 41.607775053897143 ], [ 13.976505927167061, 41.607813560217032 ], [ 13.97653533440419, 41.607851702199497 ], [ 13.976559059538438, 41.607904126616454 ], [ 13.976558121122487, 41.607963497961286 ], [ 13.976538330681928, 41.608007344641251 ], [ 13.976499202775976, 41.608066375961954 ], [ 13.976453562689686, 41.608105897313528 ], [ 13.976379248048074, 41.608147210885079 ], [ 13.976299817524104, 41.608166979303498 ], [ 13.976182521131456, 41.60816593466339 ], [ 13.975860686611513, 41.608159996431148 ], [ 13.975796518016917, 41.60816351986761 ], [ 13.975591332117306, 41.608199571658069 ], [ 13.975325728859778, 41.608260679235386 ], [ 13.975157222261551, 41.608306271290964 ], [ 13.974979070797163, 41.608357919822602 ], [ 13.974883013319156, 41.608393919600601 ], [ 13.974749789613405, 41.608451087362475 ], [ 13.974660243472302, 41.60850659699463 ], [ 13.974434566665076, 41.60863050968274 ], [ 13.974068633490882, 41.60882483537074 ], [ 13.973825207179036, 41.608949612223519 ], [ 13.973686460795621, 41.609010824591508 ], [ 13.973572605658676, 41.609050759513373 ], [ 13.973469580676252, 41.609095909975082 ], [ 13.973236300347647, 41.609182896033666 ], [ 13.973015505872603, 41.609256683928052 ], [ 13.972833323290763, 41.609304197950024 ], [ 13.972608890948548, 41.609349286501917 ], [ 13.972327043022348, 41.6094020516285 ], [ 13.97212462800146, 41.609435050616987 ], [ 13.971611607299444, 41.609527721926952 ], [ 13.971356046719077, 41.609557172727463 ], [ 13.97113470896401, 41.609571703005749 ], [ 13.970934313106266, 41.609570802438668 ], [ 13.970743085043354, 41.609586494751341 ], [ 13.970633611885672, 41.609608037813004 ], [ 13.970534301429675, 41.60962810194237 ], [ 13.970342698616635, 41.60971600140369 ], [ 13.970039960949984, 41.609881190398887 ], [ 13.969764793900673, 41.610028197519121 ], [ 13.969644180037962, 41.610063972808099 ], [ 13.969433480212423, 41.610103035507464 ], [ 13.96900607332198, 41.610158582546276 ], [ 13.968752690038325, 41.610193848534557 ], [ 13.96862809410506, 41.610194095739296 ], [ 13.968543659605691, 41.6101851478386 ], [ 13.968466597386463, 41.610170123309523 ], [ 13.968357039623241, 41.610139791550885 ], [ 13.968249463684963, 41.610099239603571 ], [ 13.968024886426077, 41.609981876974857 ], [ 13.967875248485129, 41.609898630516682 ], [ 13.96774684232283, 41.609814664492788 ], [ 13.967591317274914, 41.609720444400665 ], [ 13.96750504481005, 41.609693733584614 ], [ 13.96739681878441, 41.609675015795375 ], [ 13.967310797097591, 41.609670602898056 ], [ 13.967276763082694, 41.609675757338856 ], [ 13.967164326654547, 41.609692947812725 ], [ 13.967027900139874, 41.609731763393604 ], [ 13.966721128667563, 41.609807269117496 ], [ 13.966455897443549, 41.609863126796149 ], [ 13.966209889750834, 41.609930077142941 ], [ 13.965988216670832, 41.609991785661727 ], [ 13.965866366673554, 41.610028910911232 ], [ 13.965754186648244, 41.610067943101058 ], [ 13.965673499768709, 41.610109078626664 ], [ 13.965624633703083, 41.610233010094881 ], [ 13.96556411247675, 41.610378070757967 ], [ 13.965531045131369, 41.610423881517548 ], [ 13.965481715415569, 41.610475612798368 ], [ 13.965475074789195, 41.610486473429837 ], [ 13.965426074544771, 41.610517580238024 ], [ 13.96536414191981, 41.610548570625092 ], [ 13.965304845956744, 41.610558028098296 ], [ 13.965185617073008, 41.61057124632373 ], [ 13.964934770366328, 41.610578515522775 ], [ 13.964860177668687, 41.610579034789964 ], [ 13.964732901051029, 41.610599325821291 ], [ 13.964603732991838, 41.610638654999427 ], [ 13.964539561355373, 41.610682142404528 ], [ 13.964397933942447, 41.610805917118519 ], [ 13.964310881779102, 41.610890881778957 ], [ 13.964241778199817, 41.610945043198001 ], [ 13.96415661715336, 41.611010969455251 ], [ 13.964081471424526, 41.611046021005542 ], [ 13.963977708111692, 41.611084387458384 ], [ 13.963899808070371, 41.611093212996018 ], [ 13.963809328869999, 41.611094779343524 ], [ 13.963717415458943, 41.611086805028862 ], [ 13.963590899990033, 41.611059463345399 ], [ 13.963328444615163, 41.610998739779262 ], [ 13.963217891658715, 41.610965586853119 ], [ 13.96317086328264, 41.610929433945124 ], [ 13.963138076942482, 41.610895791398647 ], [ 13.963098596849708, 41.610784676211857 ], [ 13.963014556482189, 41.610681495736848 ], [ 13.962943171614169, 41.610580811290603 ], [ 13.962903962581795, 41.610551874562759 ], [ 13.962817599676336, 41.610527673184571 ], [ 13.962561449365982, 41.610469783659418 ], [ 13.962474953127579, 41.610453917524858 ], [ 13.962393851849425, 41.610431483591441 ], [ 13.962354514102435, 41.610421600838329 ], [ 13.96231956016285, 41.610402229983357 ], [ 13.962263823914892, 41.61035938166296 ], [ 13.962215444978224, 41.610297544414102 ], [ 13.962164635635252, 41.610211336731275 ], [ 13.962085856670592, 41.61011005567633 ], [ 13.962042831073084, 41.610066263385093 ], [ 13.961899445596604, 41.609859594523193 ], [ 13.961858170080607, 41.609794645382458 ], [ 13.961773971317907, 41.609679552981873 ], [ 13.961712866212583, 41.609619717832651 ], [ 13.961646051908374, 41.609564065596331 ], [ 13.961567734214444, 41.609522071583314 ], [ 13.961510300255325, 41.609497204254623 ], [ 13.961386562869791, 41.609472796475174 ], [ 13.961192206172308, 41.609454102174567 ], [ 13.961057033336919, 41.60943911836123 ], [ 13.960841419676168, 41.609426583117447 ], [ 13.96063375843976, 41.609416589508974 ], [ 13.960400008693163, 41.609391538778304 ], [ 13.960151357085183, 41.60935753086077 ], [ 13.959717684263197, 41.609309144598662 ], [ 13.959524483799809, 41.609306337381078 ], [ 13.959388937441389, 41.609314638068213 ], [ 13.959157045077212, 41.60934959061187 ], [ 13.958920853350746, 41.609388738265288 ], [ 13.95868887537099, 41.609428982232828 ], [ 13.958345784501294, 41.609493096692326 ], [ 13.958113899492181, 41.609527517879187 ], [ 13.957793628762817, 41.60957595808452 ], [ 13.957283381257678, 41.609654022469755 ], [ 13.956971423166834, 41.60965424952397 ], [ 13.95677730611745, 41.609620729127336 ], [ 13.956462936912247, 41.609565473535014 ], [ 13.956055562002993, 41.609504608643007 ], [ 13.95580657034813, 41.609462648524051 ], [ 13.955561784456512, 41.60942231402322 ], [ 13.955435391119698, 41.609387818734071 ], [ 13.955349269618813, 41.609348925465483 ], [ 13.955280021120959, 41.609313361369544 ], [ 13.955139895651389, 41.609212047322785 ], [ 13.954897468877661, 41.609025642044124 ], [ 13.954621169847927, 41.608840516161514 ], [ 13.95446987927996, 41.608775622460911 ], [ 13.954354065293485, 41.60874122220666 ], [ 13.954240898990932, 41.608739398767277 ], [ 13.95414882355775, 41.608741736967168 ], [ 13.954061972744324, 41.608748092491226 ], [ 13.954013123930851, 41.608759557582864 ], [ 13.953866782608518, 41.608781251050637 ], [ 13.953761898668693, 41.608790618119457 ], [ 13.953691952410718, 41.608788520255658 ], [ 13.9535024364974, 41.608742205940473 ], [ 13.953335127104435, 41.608686692575581 ], [ 13.953161664044432, 41.608619213350138 ], [ 13.953064749288082, 41.608593717598112 ], [ 13.953006650278583, 41.608588424606296 ], [ 13.952937888237821, 41.608588327603911 ], [ 13.952792781829235, 41.608620881900976 ], [ 13.952663731411496, 41.608663639279939 ], [ 13.952487066594678, 41.608728723151266 ], [ 13.952372238963749, 41.608764199405122 ], [ 13.95218527872191, 41.608811721601931 ], [ 13.952102620106052, 41.608820495772846 ], [ 13.951965009893856, 41.608825593003331 ], [ 13.951783128408067, 41.608820758714799 ], [ 13.9516962130288, 41.608831081719849 ], [ 13.951615515581988, 41.60884940108572 ], [ 13.951562191044673, 41.608875909776629 ], [ 13.951463901001407, 41.608935355105189 ], [ 13.951281768891052, 41.6090766085265 ], [ 13.9511510512373, 41.609178632205627 ], [ 13.951072057177653, 41.609222373822483 ], [ 13.950982356830878, 41.609273957397804 ], [ 13.950841935449716, 41.609321902094415 ], [ 13.950741449471211, 41.609342686802698 ], [ 13.950641831571254, 41.609353422373488 ], [ 13.950563514620631, 41.609355353980952 ], [ 13.950504443186702, 41.609344757701855 ], [ 13.950461564980264, 41.609335897186497 ], [ 13.950416132054844, 41.609310604581978 ], [ 13.950346920687579, 41.609272920601391 ], [ 13.950314343940477, 41.609237688376083 ], [ 13.950219779366083, 41.609154251760074 ], [ 13.950135259022307, 41.609060320513244 ], [ 13.950050635937499, 41.608972740038176 ], [ 13.949955711609151, 41.608911531123432 ], [ 13.949888513436148, 41.60888021702921 ], [ 13.949825357479863, 41.608860584742601 ], [ 13.949756474390627, 41.608846193240147 ], [ 13.949670564331313, 41.608837997891925 ], [ 13.949587165869115, 41.608848880750195 ], [ 13.949486671661059, 41.608870193602989 ], [ 13.94940446019149, 41.608894849351231 ], [ 13.949349062170898, 41.608918691489826 ], [ 13.949316195100224, 41.608944856800989 ], [ 13.949292925520425, 41.608988047890207 ], [ 13.949254624983203, 41.609088267536137 ], [ 13.949216135367541, 41.609200130355696 ], [ 13.949180086669934, 41.609248497746847 ], [ 13.949157126107107, 41.609272636312774 ], [ 13.949115951344242, 41.609289197958809 ], [ 13.949049356048452, 41.609307644439767 ], [ 13.949012635619559, 41.609310484598886 ], [ 13.948966145887141, 41.609306883649857 ], [ 13.948866647425369, 41.609266804592714 ], [ 13.948701739618018, 41.609172137189489 ], [ 13.948604064376369, 41.609106667488746 ], [ 13.948555424498917, 41.609061760184737 ], [ 13.948465747448889, 41.609024946502061 ], [ 13.948343306160165, 41.60900794694895 ], [ 13.948260147983088, 41.609004010237975 ], [ 13.948178279788751, 41.609007495671982 ], [ 13.948042406135679, 41.609035893926475 ], [ 13.947865529425604, 41.609070268501917 ], [ 13.947537041093476, 41.609146658559744 ], [ 13.947456307721657, 41.609167091928718 ], [ 13.947310423391194, 41.609203866682002 ], [ 13.947190234806923, 41.609221821277913 ], [ 13.947058970001809, 41.609226970746441 ], [ 13.94684475342156, 41.609215480675992 ], [ 13.946561447566822, 41.609202298445389 ], [ 13.946488023862807, 41.609206918690333 ], [ 13.946363690169116, 41.609219541288169 ], [ 13.946263366642293, 41.609230266594707 ], [ 13.946172391178003, 41.609229961912767 ], [ 13.946103456868407, 41.609218743639026 ], [ 13.946038779442882, 41.609205976411651 ], [ 13.945983338162593, 41.609189059322702 ], [ 13.945764385391163, 41.609121945806677 ], [ 13.945663306556312, 41.609092435773221 ], [ 13.945547367586075, 41.609065965224502 ], [ 13.94547768530197, 41.609057386286167 ], [ 13.945221864761645, 41.609045511522631 ], [ 13.944906680941084, 41.609041031044207 ], [ 13.94449008256241, 41.609027678813206 ], [ 13.944162283592695, 41.609018316627981 ], [ 13.944081713352261, 41.6090286921509 ], [ 13.943952175829015, 41.60905767308153 ], [ 13.94383110019994, 41.609086731614148 ], [ 13.943688532707425, 41.609136235783581 ], [ 13.943105386111794, 41.609345247891056 ], [ 13.94287566678747, 41.609419356793182 ], [ 13.942511580422551, 41.60955892279258 ], [ 13.942140497423468, 41.609738121808668 ], [ 13.941768218678357, 41.609990353964449 ], [ 13.941257232778597, 41.610314352773393 ], [ 13.940893565317154, 41.610557133714231 ], [ 13.940684111494962, 41.610685414958155 ], [ 13.940609547593994, 41.610716486637791 ], [ 13.940509622957769, 41.610745736579503 ], [ 13.940403663381028, 41.610755875497759 ], [ 13.94027061736915, 41.610740357533942 ], [ 13.940001074266375, 41.610661651053874 ], [ 13.939336961912318, 41.610472911724699 ], [ 13.939214023417273, 41.610443194322244 ], [ 13.939059698801513, 41.610392014548189 ], [ 13.938917668690427, 41.610365296504042 ], [ 13.938861202240627, 41.610367951142479 ], [ 13.938776303041768, 41.610384105429851 ], [ 13.938710897273385, 41.610415789739868 ], [ 13.938652482520993, 41.610451243760032 ], [ 13.938635777513747, 41.610480731106954 ], [ 13.938607086824623, 41.610552982220661 ], [ 13.938608213299302, 41.610613334424563 ], [ 13.938628327670525, 41.610677037835757 ], [ 13.938731268425309, 41.610851073970956 ], [ 13.938786176387508, 41.61098655597187 ], [ 13.938814128726751, 41.611088442316493 ], [ 13.938808674481725, 41.611163025239932 ], [ 13.938771746940292, 41.611221438180756 ], [ 13.938733016070714, 41.611260779155856 ], [ 13.938660357940934, 41.611304570694536 ], [ 13.938564428419662, 41.611348147302479 ], [ 13.938479467119214, 41.611368005988872 ], [ 13.938422294589571, 41.611370653888528 ], [ 13.938348353685173, 41.611363619239583 ], [ 13.938276606481145, 41.611351840979196 ], [ 13.938217682926251, 41.611332241416605 ], [ 13.938007792589108, 41.611228674192198 ], [ 13.937784216882353, 41.611121010267453 ], [ 13.937694852479668, 41.611086837659727 ], [ 13.937593735341654, 41.611059702098849 ], [ 13.93749030730867, 41.611044454653687 ], [ 13.937288427563692, 41.611033060794504 ], [ 13.936902259511994, 41.611034253835712 ], [ 13.936707536670074, 41.611038010594335 ], [ 13.936557044995887, 41.611054085795914 ], [ 13.936494544661404, 41.611059065360251 ], [ 13.936450670478564, 41.611068911182919 ], [ 13.936507207817103, 41.611138954937772 ], [ 13.936564961471474, 41.611156241709054 ], [ 13.936697400524436, 41.611179245066474 ], [ 13.936762842057419, 41.611204141458813 ], [ 13.936876834897648, 41.611262991773749 ], [ 13.936982858220192, 41.61133140093969 ], [ 13.937041597491735, 41.61135665400402 ], [ 13.937096099907253, 41.611368047083303 ], [ 13.937159054403258, 41.61137449254894 ], [ 13.937305345959802, 41.611369562920537 ], [ 13.93754505128283, 41.611368323527017 ], [ 13.937634556892842, 41.611397629955292 ], [ 13.9376821233092, 41.61142361705523 ], [ 13.937854589193524, 41.611524050295266 ], [ 13.937956129596461, 41.61159367357547 ], [ 13.938013224641267, 41.61165115943416 ], [ 13.938074124201639, 41.611748886310231 ], [ 13.938113971980027, 41.6118372048293 ], [ 13.93815461655975, 41.6118769485672 ], [ 13.938324121076127, 41.611953900303682 ], [ 13.938478634311611, 41.611992182698899 ], [ 13.938624357401102, 41.612022007494886 ], [ 13.93865341339596, 41.612019762909469 ], [ 13.938806738390962, 41.611994374553966 ], [ 13.939010390967915, 41.611962749549036 ], [ 13.939114906304759, 41.611987167627845 ], [ 13.939213805217879, 41.612081894104371 ], [ 13.939272989648249, 41.612148193657994 ], [ 13.939297656152096, 41.612175434610762 ], [ 13.939327154682729, 41.612197275596337 ], [ 13.939355841991365, 41.612217538546226 ], [ 13.939476229459062, 41.612269534898111 ], [ 13.939560640028237, 41.612328947242936 ], [ 13.939619298925525, 41.612359223985905 ], [ 13.939646626234309, 41.612360313694467 ], [ 13.93967806515459, 41.612348876980349 ], [ 13.939799302028419, 41.612306438850965 ], [ 13.939879897957484, 41.612292104965817 ], [ 13.939982483927368, 41.612298076759402 ], [ 13.940098434009144, 41.612305846933502 ], [ 13.940223531151256, 41.612300299356463 ], [ 13.940277289128556, 41.6122890682472 ], [ 13.940366867440138, 41.612271466337447 ], [ 13.940471367230705, 41.612262796936051 ], [ 13.940512038053972, 41.61226694111037 ], [ 13.940571563693895, 41.612278378842163 ], [ 13.940680848457394, 41.612318335479195 ], [ 13.94082453099, 41.612387716364935 ], [ 13.940908561547426, 41.612419273259398 ], [ 13.940931654232728, 41.612440426595697 ], [ 13.940933475143961, 41.612465572059065 ], [ 13.940928696182212, 41.612484793355002 ], [ 13.940920569327899, 41.612503983804892 ], [ 13.940888760615922, 41.612538033269487 ], [ 13.940860491583422, 41.612560388619514 ], [ 13.940798702489296, 41.612584947963768 ], [ 13.940759527257169, 41.612591706769535 ], [ 13.940758856227086, 41.612598610974644 ], [ 13.940769527918492, 41.612611483061272 ], [ 13.940773868455281, 41.612619061664141 ], [ 13.940787708400181, 41.612625890177938 ], [ 13.941046324673021, 41.612645863023495 ], [ 13.941194556354167, 41.612658955216482 ], [ 13.941234306533207, 41.612685287661442 ], [ 13.941260665141909, 41.612711496749966 ], [ 13.941271441317545, 41.612735049443835 ], [ 13.941269804893698, 41.612766864040189 ], [ 13.941249320273846, 41.612790966428442 ], [ 13.941218915192895, 41.61280743883141 ], [ 13.941188578583107, 41.61281972374271 ], [ 13.941131390217411, 41.612835949414077 ], [ 13.941076570749749, 41.612843820651101 ], [ 13.941032346127299, 41.612852208279101 ], [ 13.940923333618036, 41.612863768289813 ], [ 13.940813797342656, 41.612873229313642 ], [ 13.940740461535443, 41.612887211942343 ], [ 13.940607779101429, 41.612895831256949 ], [ 13.940542203620678, 41.612913026365064 ], [ 13.940497024775972, 41.612932738416049 ], [ 13.940471184759611, 41.612955928163132 ], [ 13.94041910990625, 41.613000679787142 ], [ 13.940366028672869, 41.613038721127651 ], [ 13.940311030733477, 41.61305747944953 ], [ 13.940221547285097, 41.613069218825849 ], [ 13.940064085446517, 41.613074467967373 ], [ 13.939767181860677, 41.613075080340224 ], [ 13.939477306819878, 41.613055444440171 ], [ 13.939227605623412, 41.613121406664199 ], [ 13.93908418461872, 41.613155263206572 ], [ 13.938899703367786, 41.613191672225348 ], [ 13.938777747398778, 41.613226773556207 ], [ 13.938660586162131, 41.613267258872504 ], [ 13.938608634170853, 41.613287405637841 ], [ 13.938578723926328, 41.61329917028003 ], [ 13.938503216680669, 41.613334909616633 ], [ 13.938424420306157, 41.613409567981748 ], [ 13.93829668377384, 41.61350785592478 ], [ 13.938203760380885, 41.613559139623916 ], [ 13.938116292298444, 41.613601050388382 ], [ 13.937942363763113, 41.613657448885078 ], [ 13.937811399568664, 41.613714122602765 ], [ 13.937758189463498, 41.613751550156053 ], [ 13.937744674101396, 41.613824551327326 ], [ 13.937753266025105, 41.613927066486326 ], [ 13.937771611716768, 41.613971845139908 ], [ 13.937804948717678, 41.613997486774764 ], [ 13.937564899359979, 41.614136255159437 ], [ 13.936056765896096, 41.614867994123415 ], [ 13.935510703321745, 41.615050186642904 ], [ 13.934927569068691, 41.61516594549898 ], [ 13.934321568684727, 41.615244039779704 ], [ 13.933624796372559, 41.615688295038979 ], [ 13.933583164148867, 41.615685118442279 ], [ 13.933551868688976, 41.615684093789888 ], [ 13.933522068451316, 41.615687341977456 ], [ 13.933384162163446, 41.61571910618089 ], [ 13.933229101571801, 41.615758641525098 ], [ 13.933108099864695, 41.615750849628739 ], [ 13.933031922611752, 41.615729495241531 ], [ 13.932878394067714, 41.61567608117339 ], [ 13.932807822611796, 41.615647669223122 ], [ 13.932708474208239, 41.615584183925343 ], [ 13.932613662318003, 41.615530433508518 ], [ 13.93255202031183, 41.61548271863564 ], [ 13.932459927259671, 41.615406523570819 ], [ 13.932365298952949, 41.61530607277998 ], [ 13.932263294092337, 41.615190132960088 ], [ 13.932125807845685, 41.615088183881682 ], [ 13.932073312279718, 41.615033282607257 ], [ 13.931980017336343, 41.614958838323815 ], [ 13.931862844220444, 41.614872716904351 ], [ 13.931850785975731, 41.6148563032555 ], [ 13.931762861847989, 41.61477662169802 ], [ 13.93163356576259, 41.614678051036286 ], [ 13.931607281306748, 41.614669876228213 ], [ 13.931543319347563, 41.614667959958219 ], [ 13.931490173016517, 41.614667606843589 ], [ 13.931481837654305, 41.614585132408735 ], [ 13.931450164987268, 41.61454295687102 ], [ 13.931339643891155, 41.614476594879392 ], [ 13.931299882898177, 41.614451096548798 ], [ 13.931262072455599, 41.614408863894013 ], [ 13.931215513879597, 41.614355660796868 ], [ 13.93116243919598, 41.614291508000925 ], [ 13.931095384666536, 41.614212147980091 ], [ 13.931087742480443, 41.614167997040134 ], [ 13.931090349165, 41.614010129469435 ], [ 13.931064072338934, 41.613945388195162 ], [ 13.931047383057098, 41.613908377611473 ], [ 13.931047785353268, 41.613878945375291 ], [ 13.93105085063601, 41.6138673663622 ], [ 13.931074124474803, 41.613809786849238 ], [ 13.931070725352939, 41.61374525831679 ], [ 13.931057061156885, 41.613694036283718 ], [ 13.931039195815469, 41.613626860354586 ], [ 13.931047491002087, 41.613496268399473 ], [ 13.93104291854516, 41.613469003149497 ], [ 13.93103476307229, 41.613455944160066 ], [ 13.931018106407071, 41.61345076352503 ], [ 13.930993059181709, 41.613446761290099 ], [ 13.930954682485293, 41.613438865782385 ], [ 13.930893900384952, 41.613427516089814 ], [ 13.93087699240693, 41.61342065785211 ], [ 13.930865946760205, 41.613413644731985 ], [ 13.930856328933974, 41.613404655537884 ], [ 13.930853836368689, 41.613386623472095 ], [ 13.93085485217375, 41.613234314623433 ], [ 13.930813325915254, 41.613230936046733 ], [ 13.930488725746368, 41.613154871048991 ], [ 13.9303663342567, 41.613134676927523 ], [ 13.930243365661578, 41.61314941200645 ], [ 13.930166079990459, 41.613188214814173 ], [ 13.930212300987641, 41.61323663609204 ], [ 13.930279184890848, 41.613286661147228 ], [ 13.930310384871904, 41.613333531093978 ], [ 13.930334109284953, 41.613377508461319 ], [ 13.930354002646983, 41.613425684682952 ], [ 13.930345617602899, 41.613477832267577 ], [ 13.930316779501759, 41.613515674491161 ], [ 13.930280465736624, 41.613550624132039 ], [ 13.930225626103775, 41.613568463314337 ], [ 13.930183177373994, 41.613562069366246 ], [ 13.930088038124092, 41.613514604271835 ], [ 13.929992794046164, 41.61347348988636 ], [ 13.929883480854944, 41.613430127191201 ], [ 13.929740177698386, 41.613394916941232 ], [ 13.929650435703847, 41.61336232251886 ], [ 13.929571032080057, 41.613386990172053 ], [ 13.929495527109342, 41.613431807995447 ], [ 13.929468414019901, 41.613450610780056 ], [ 13.929432820870156, 41.613470393206853 ], [ 13.92939606233808, 41.613475343987247 ], [ 13.929365225575307, 41.613463411876289 ], [ 13.929306477965319, 41.613433223119927 ], [ 13.929224988587578, 41.613413408761971 ], [ 13.929038865406756, 41.613408498939123 ], [ 13.928988230306985, 41.613399558147862 ], [ 13.928928160073598, 41.613364063738885 ], [ 13.928877910308517, 41.613331836690676 ], [ 13.928845505671363, 41.613329417475441 ], [ 13.928752207766474, 41.613341251559824 ], [ 13.928613601199814, 41.613363249545309 ], [ 13.928550027157593, 41.613369008742559 ], [ 13.928532594069368, 41.613399546433449 ], [ 13.928478752780697, 41.613413865330259 ], [ 13.928337079822537, 41.613450655177637 ], [ 13.928304394792063, 41.613465171230494 ], [ 13.928267338293978, 41.613488115533563 ], [ 13.928233295376131, 41.613499443024132 ], [ 13.92818089941327, 41.61351165800253 ], [ 13.928144175820387, 41.613514491453586 ], [ 13.928107645005932, 41.613505681791899 ], [ 13.928069546042501, 41.613506385139431 ], [ 13.928025665168589, 41.613515503571264 ], [ 13.927991552085485, 41.613531064844295 ], [ 13.927924946638523, 41.613549498949766 ], [ 13.927866873821683, 41.613563778092995 ], [ 13.927786111462851, 41.613585255955165 ], [ 13.927695327046756, 41.61361563859959 ], [ 13.92767333395099, 41.613623373136107 ], [ 13.927658287782691, 41.613637524238598 ], [ 13.927619417258951, 41.613684799831915 ], [ 13.927573582208751, 41.613726717299478 ], [ 13.927519652767019, 41.613746328057957 ], [ 13.92745026118369, 41.613762618637445 ], [ 13.927351233014502, 41.613779691249 ], [ 13.927223803261329, 41.613808143612474 ], [ 13.92710466055912, 41.613847259454367 ], [ 13.926991054176149, 41.613892778614662 ], [ 13.92691722046963, 41.613921730929462 ], [ 13.926882773539155, 41.613957402668085 ], [ 13.926817191748531, 41.613999135479261 ], [ 13.926672099053093, 41.614071884655218 ], [ 13.926617765400351, 41.614115839634422 ], [ 13.92652950219933, 41.61416424155356 ], [ 13.926415022883697, 41.614219808943538 ], [ 13.92635609471135, 41.61424307765963 ], [ 13.926278535315207, 41.614326514049239 ], [ 13.926225427276, 41.614381595870945 ], [ 13.926218758423317, 41.614443463249096 ], [ 13.926180822748439, 41.614519330004754 ], [ 13.926112348809934, 41.61456526989673 ], [ 13.926066687757288, 41.614596602109835 ], [ 13.925976067965015, 41.614616927967937 ], [ 13.925905229503243, 41.614635321343457 ], [ 13.925831921376734, 41.614632519059157 ], [ 13.925759069938943, 41.614602196697646 ], [ 13.925627155518454, 41.614560735996193 ], [ 13.925543161246464, 41.614521840334355 ], [ 13.925382967977342, 41.614484349524176 ], [ 13.925202677225998, 41.614467843112145 ], [ 13.925176199652901, 41.614533230400653 ], [ 13.925019868800099, 41.61451800636447 ], [ 13.924932772821107, 41.614496019280026 ], [ 13.924848374732681, 41.614481467752043 ], [ 13.924765123414064, 41.61448280629191 ], [ 13.924718543620633, 41.614484487822608 ], [ 13.924417486089009, 41.614519781739794 ], [ 13.924383653020371, 41.614518406526578 ], [ 13.924315086502025, 41.61448494746643 ], [ 13.924242341495907, 41.614448273379772 ], [ 13.92421566621972, 41.61444061334344 ], [ 13.924193028784288, 41.6144446359868 ], [ 13.924191389669536, 41.614458382794908 ], [ 13.924224888498157, 41.614479868846331 ], [ 13.924291798279299, 41.614528133231509 ], [ 13.924315265771156, 41.614559053021694 ], [ 13.924313415619618, 41.614585501378173 ], [ 13.924283497257635, 41.614603218051975 ], [ 13.924250951469595, 41.614609265233995 ], [ 13.924038731266149, 41.614605672107203 ], [ 13.923869164983405, 41.614603457779531 ], [ 13.923829997178281, 41.614597448227592 ], [ 13.92377506189457, 41.614585021193172 ], [ 13.923735121291994, 41.614575242467559 ], [ 13.923697759719399, 41.614561098986293 ], [ 13.923668845495154, 41.614541391732587 ], [ 13.923648490296593, 41.614487071484682 ], [ 13.923648990613225, 41.614456980921865 ], [ 13.923658317952846, 41.614431988888036 ], [ 13.923675580863646, 41.614398711368025 ], [ 13.923726355035491, 41.614359895767826 ], [ 13.923783728567265, 41.614326157807341 ], [ 13.923909641223778, 41.614257114369224 ], [ 13.924158849197038, 41.614142409994521 ], [ 13.924401179098446, 41.614039344423759 ], [ 13.924719662671787, 41.613911911367161 ], [ 13.925136186333914, 41.61378372226622 ], [ 13.925554266071668, 41.613598551802106 ], [ 13.925964757629286, 41.613405411824679 ], [ 13.926238136389811, 41.61329912142768 ], [ 13.926285830224321, 41.613244392301176 ], [ 13.926302144035692, 41.613201073757949 ], [ 13.926305064735983, 41.613159302070699 ], [ 13.92628793739981, 41.613117343119541 ], [ 13.926225584112023, 41.612981332010285 ], [ 13.926169275969547, 41.612883832390715 ], [ 13.926125418196607, 41.612841623698841 ], [ 13.926068111998724, 41.61280430522234 ], [ 13.926001673815957, 41.612780277065347 ], [ 13.925906305315124, 41.612754306585842 ], [ 13.925801749329866, 41.612744969758545 ], [ 13.925585113561395, 41.612743363072482 ], [ 13.925358238798491, 41.612754617935799 ], [ 13.92517712580309, 41.612760448399072 ], [ 13.925014717915866, 41.612780247166398 ], [ 13.924840407089203, 41.612812474062096 ], [ 13.924749774934616, 41.612836705687251 ], [ 13.924432378641557, 41.613033117332812 ], [ 13.924361969005862, 41.613080527301292 ], [ 13.924312003110693, 41.613104303130449 ], [ 13.924233099759437, 41.613126554154952 ], [ 13.924157746049854, 41.613136298657949 ], [ 13.924099912884401, 41.61313074148574 ], [ 13.924035563760633, 41.613115091540656 ], [ 13.923989285190272, 41.613084563088954 ], [ 13.923965560074041, 41.613037526158294 ], [ 13.923962160827349, 41.612973959909453 ], [ 13.924015450581098, 41.612850733804322 ], [ 13.924080016760593, 41.612719253426079 ], [ 13.924121668309141, 41.612626013588581 ], [ 13.924147476947706, 41.612547673083704 ], [ 13.924146082828829, 41.612497501271903 ], [ 13.924135445203362, 41.612467306450768 ], [ 13.924089417079708, 41.612421732751926 ], [ 13.924043166755459, 41.612389532625052 ], [ 13.923985556543897, 41.6123706018127 ], [ 13.923885734425747, 41.612344587968465 ], [ 13.923758598432659, 41.612353429441377 ], [ 13.923568924762979, 41.612371716911532 ], [ 13.923484195175872, 41.612375939309551 ], [ 13.923370618869917, 41.612373203629815 ], [ 13.923184145764134, 41.612333001884565 ], [ 13.922990795639182, 41.612304439114475 ], [ 13.92281938719197, 41.612296145141748 ], [ 13.922721125593069, 41.612310271920855 ], [ 13.922495644387553, 41.612338253783655 ], [ 13.922401921196128, 41.612347406955237 ], [ 13.922272780130184, 41.612342852317262 ], [ 13.922070854304824, 41.612294144091919 ], [ 13.921720324949399, 41.612205586575939 ], [ 13.921538336299184, 41.612163752270568 ], [ 13.921462711922445, 41.612156354893585 ], [ 13.921249204031678, 41.612134287892829 ], [ 13.921139582261242, 41.612117096812334 ], [ 13.92109820616963, 41.612104447435222 ], [ 13.921064348026979, 41.612086295413199 ], [ 13.920945287924106, 41.612011611640881 ], [ 13.920747542435823, 41.611845903223106 ], [ 13.920474703888788, 41.611641034209356 ], [ 13.920289517227079, 41.61152392974855 ], [ 13.92007320206641, 41.611403188627769 ], [ 13.91964249481301, 41.611180114785341 ], [ 13.919519066752386, 41.611100372603161 ], [ 13.919461542751661, 41.611076424458645 ], [ 13.919355321099308, 41.611033626937477 ], [ 13.919283447996312, 41.611024034116404 ], [ 13.919194385928746, 41.611020967468299 ], [ 13.919123774582753, 41.61102476208206 ], [ 13.919053775473753, 41.611036364884434 ], [ 13.918979998740243, 41.611051833355376 ], [ 13.918931410954272, 41.611070882595541 ], [ 13.918858041659197, 41.611106418325868 ], [ 13.91876087321937, 41.611188544997376 ], [ 13.91858937617855, 41.611363602034601 ], [ 13.918487454144097, 41.611463517975025 ], [ 13.918412639935662, 41.611518824666788 ], [ 13.91835592023808, 41.611557860649043 ], [ 13.918281293181053, 41.611579729841665 ], [ 13.918229215754469, 41.611585370273303 ], [ 13.918192160579952, 41.611580841648184 ], [ 13.918132984051843, 41.611566909040441 ], [ 13.91788221057285, 41.61146423103412 ], [ 13.917428036702507, 41.611268236656379 ], [ 13.917258287650135, 41.611205332706646 ], [ 13.91708686753182, 41.61115355915495 ], [ 13.916848791012116, 41.611091125518897 ], [ 13.916529227195181, 41.611016776955353 ], [ 13.916330873252782, 41.610977009435182 ], [ 13.916076295393855, 41.610924450386918 ], [ 13.915913581623004, 41.610885018214518 ], [ 13.915842451731724, 41.610875430251966 ], [ 13.915747506148882, 41.610868961524645 ], [ 13.915526318410867, 41.610862416409724 ], [ 13.915425675657788, 41.610841403358585 ], [ 13.915354807281799, 41.610816212614203 ], [ 13.915291494566937, 41.610783290651021 ], [ 13.915206205991359, 41.610732327038917 ], [ 13.915122215783239, 41.610692522008705 ], [ 13.914926002449487, 41.610613759899174 ], [ 13.914732591417001, 41.610545055664517 ], [ 13.914643773173397, 41.610527497484732 ], [ 13.914508958159939, 41.610507275609336 ], [ 13.91442604255287, 41.610492002279607 ], [ 13.914364066107826, 41.610468009538444 ], [ 13.914293665780409, 41.610414956581884 ], [ 13.91421461740568, 41.610346216946589 ], [ 13.914001606597386, 41.610117932942835 ], [ 13.913908101858421, 41.610025649092378 ], [ 13.913830913251759, 41.609934633978334 ], [ 13.913799253752423, 41.609874144301784 ], [ 13.913789457342022, 41.609838383275836 ], [ 13.913795220992753, 41.609760412991882 ], [ 13.91381917800798, 41.609660321835335 ], [ 13.913811670514281, 41.609576652949258 ], [ 13.9137914981763, 41.609539679237216 ], [ 13.913749126394974, 41.609498037186079 ], [ 13.913700310019074, 41.609486429477649 ], [ 13.913633562068766, 41.609481340117831 ], [ 13.913572261138286, 41.609483547356525 ], [ 13.913536547538127, 41.609487668366747 ], [ 13.913505185924947, 41.609497961016729 ], [ 13.913465785182934, 41.609522667981032 ], [ 13.913420619461466, 41.609559024149853 ], [ 13.913401527325821, 41.609590443700078 ], [ 13.913391762517927, 41.609614761994493 ], [ 13.913390428468594, 41.609632304952157 ], [ 13.913395678713776, 41.609646900624583 ], [ 13.91340914872681, 41.609693842802812 ], [ 13.913435159717009, 41.609736890822795 ], [ 13.913579807412086, 41.609932205246231 ], [ 13.913624859100629, 41.610008872355749 ], [ 13.913654075240011, 41.610073351688477 ], [ 13.913710043243068, 41.610136746258952 ], [ 13.913902267228071, 41.610364611469585 ], [ 13.914131532632549, 41.610615564909629 ], [ 13.914323624945567, 41.610851453562063 ], [ 13.914430352297979, 41.610970167422138 ], [ 13.914484943454573, 41.611009472403239 ], [ 13.914546460816748, 41.611060880863938 ], [ 13.914634640795805, 41.611116553747685 ], [ 13.914701795779544, 41.61115062698709 ], [ 13.914802629262578, 41.611195718675461 ], [ 13.914908985916124, 41.611238527793255 ], [ 13.915191925547504, 41.611344076048518 ], [ 13.915366296170452, 41.611426177156886 ], [ 13.915465549997538, 41.611481190401356 ], [ 13.915542004725173, 41.611533350579094 ], [ 13.91560442414702, 41.611584059356353 ], [ 13.915673408604285, 41.611662527874287 ], [ 13.91578016810025, 41.61179411045925 ], [ 13.915878826604269, 41.611884729245482 ], [ 13.915972589161386, 41.611952879710266 ], [ 13.916035274281585, 41.611987763417723 ], [ 13.916148807935635, 41.612029721278745 ], [ 13.91674793166194, 41.612250356896936 ], [ 13.916820984237088, 41.612295889435956 ], [ 13.91687997922771, 41.612341289469455 ], [ 13.916930011744348, 41.612397156585857 ], [ 13.916969412817803, 41.61245819929195 ], [ 13.916987925922493, 41.61250717468095 ], [ 13.917088608693936, 41.612897211981455 ], [ 13.917144413414244, 41.613028313234317 ], [ 13.917201232978364, 41.613098752557292 ], [ 13.917268926901736, 41.613149510109402 ], [ 13.917366493918315, 41.613200548984054 ], [ 13.917485258178177, 41.61324519267756 ], [ 13.917604198995168, 41.61327928635275 ], [ 13.917707501174132, 41.613302681102184 ], [ 13.917846168634235, 41.613313219255723 ], [ 13.918025054259616, 41.613336006315272 ], [ 13.918105512578014, 41.613359185681681 ], [ 13.918131452440749, 41.613384489776656 ], [ 13.918146716651716, 41.613417607058977 ], [ 13.918144386422091, 41.61345187769156 ], [ 13.918133314052513, 41.613483428155419 ], [ 13.918088920162962, 41.613510708160049 ], [ 13.91802888736302, 41.61352728938585 ], [ 13.917923254354404, 41.613538165546622 ], [ 13.917771263774128, 41.61353607519019 ], [ 13.917686302016728, 41.613519447910868 ], [ 13.917605887754725, 41.613493630776837 ], [ 13.917469715931798, 41.61343893118724 ], [ 13.917205148211844, 41.613337518441263 ], [ 13.917140384072303, 41.613321740488452 ], [ 13.917051698720766, 41.613317607637583 ], [ 13.916981254788984, 41.613326176562111 ], [ 13.916860968319186, 41.613372525191323 ], [ 13.916762437551862, 41.613431608690448 ], [ 13.916657502472116, 41.613505799609563 ], [ 13.91656685684495, 41.613566276197758 ], [ 13.916364047664645, 41.613712745724463 ], [ 13.916198901543854, 41.613814066417341 ], [ 13.916092870352255, 41.613848678141082 ], [ 13.915989640544362, 41.613873424100717 ], [ 13.915870694766982, 41.613892086492626 ], [ 13.915740940357946, 41.613926474142161 ], [ 13.915600310934879, 41.61398054321959 ], [ 13.915509531110455, 41.614048931365623 ], [ 13.915203065075756, 41.614324007097878 ], [ 13.914985802724379, 41.614467370134342 ], [ 13.914885928534879, 41.614527758268423 ], [ 13.914754439868171, 41.614586858630638 ], [ 13.914682988512737, 41.614603000558738 ], [ 13.914627534977862, 41.614608412209741 ], [ 13.914551276108757, 41.614596810830641 ], [ 13.914455712370691, 41.61455732925959 ], [ 13.91430333662437, 41.61444707723814 ], [ 13.914112036822518, 41.614299856605648 ], [ 13.913921893430167, 41.614201612389834 ], [ 13.913723643804982, 41.614115161753489 ], [ 13.913597818418426, 41.614072425861487 ], [ 13.913471769096912, 41.614043042027127 ], [ 13.913369318311762, 41.614021300202779 ], [ 13.913250653825884, 41.614023145997869 ], [ 13.913169451021018, 41.614031281127176 ], [ 13.913010949355469, 41.614050555755455 ], [ 13.912866435472928, 41.61406105958288 ], [ 13.912755852977249, 41.614052594616524 ], [ 13.912635635150618, 41.614029200273222 ], [ 13.912321439561735, 41.613959456101959 ], [ 13.912210180482749, 41.613932436553952 ], [ 13.91216808831242, 41.61390755530838 ], [ 13.912128998930518, 41.613880476747262 ], [ 13.912109952880508, 41.613837265932879 ], [ 13.912099840318676, 41.613791913946173 ], [ 13.912105630247058, 41.61374151912122 ], [ 13.912142336357942, 41.61367509495178 ], [ 13.912212334287501, 41.613568922889023 ], [ 13.912376192775563, 41.613351453880313 ], [ 13.912460689059806, 41.613261897970098 ], [ 13.912521995631961, 41.613143402024292 ], [ 13.912528857786839, 41.613043866022224 ], [ 13.912507458980729, 41.612993584899129 ], [ 13.912446533120773, 41.612912882596198 ], [ 13.912356106773265, 41.612866956203327 ], [ 13.912274239976215, 41.612841142207607 ], [ 13.912140857040294, 41.612836541380595 ], [ 13.911902021187922, 41.612886028774071 ], [ 13.911415256009926, 41.612996600974768 ], [ 13.911145114749145, 41.613055806051399 ], [ 13.910893017651132, 41.613100157855428 ], [ 13.910775202254843, 41.613095702940562 ], [ 13.910693223490579, 41.613076563915669 ], [ 13.910633597017229, 41.613050959511973 ], [ 13.910398439228988, 41.612881801760679 ], [ 13.91028605552837, 41.612818972713576 ], [ 13.910161962112973, 41.61279108760727 ], [ 13.910075339268731, 41.612783589134722 ], [ 13.909808770820771, 41.612762699071354 ], [ 13.909635440991165, 41.612752708598002 ], [ 13.909497498076748, 41.612754738605304 ], [ 13.909332670582955, 41.612768198383229 ], [ 13.909145209505164, 41.6128048131811 ], [ 13.908950935635673, 41.612849709452945 ], [ 13.908761222002218, 41.612887971531194 ], [ 13.908598674296231, 41.612898113319481 ], [ 13.908415829272704, 41.612924755019044 ], [ 13.908264345058974, 41.612938339974193 ], [ 13.908072632006238, 41.612963227611942 ], [ 13.907956365402377, 41.612998847454875 ], [ 13.907855638426597, 41.613036284114884 ], [ 13.907577660602342, 41.613128647019515 ], [ 13.907329790058601, 41.613221585639025 ], [ 13.907109922749925, 41.613333007050848 ], [ 13.906639514928532, 41.613528013583291 ], [ 13.90659389467177, 41.613529248931258 ], [ 13.906553637086546, 41.613542220294683 ], [ 13.906477457106377, 41.613574881375399 ], [ 13.906078763982562, 41.613738016684408 ], [ 13.905841594353896, 41.613820058437774 ], [ 13.905566136189004, 41.613930113058025 ], [ 13.905421826421131, 41.613979652267354 ], [ 13.905263960634628, 41.614041581853755 ], [ 13.905132726356781, 41.614107103465642 ], [ 13.904986246739153, 41.614186251325897 ], [ 13.904957530459393, 41.614207261191233 ], [ 13.904862330105384, 41.614279385593193 ], [ 13.904712068959132, 41.614384788362898 ], [ 13.90457889531999, 41.614499117538081 ], [ 13.904434784616688, 41.614602491940815 ], [ 13.904383832758558, 41.614655840850247 ], [ 13.903810718443419, 41.615102336544105 ], [ 13.903735169008218, 41.615130411261084 ], [ 13.903661520753326, 41.615144732434999 ], [ 13.903608270602572, 41.615136712737311 ], [ 13.903433698700056, 41.615101244410106 ], [ 13.903310815034207, 41.615067520945033 ], [ 13.903019226703879, 41.614972093090472 ], [ 13.902919088082623, 41.614949853963559 ], [ 13.902843699575953, 41.614943813556458 ], [ 13.902763137235208, 41.614947739440922 ], [ 13.902685783646257, 41.614959207696558 ], [ 13.90252349381594, 41.615011179864268 ], [ 13.902383674508293, 41.615066183296349 ], [ 13.902281194848126, 41.615132810843377 ], [ 13.902215959365742, 41.6152166955399 ], [ 13.90219571318084, 41.61530382680273 ], [ 13.902208719506007, 41.615422261797725 ], [ 13.902305134187753, 41.615713325650596 ], [ 13.902515194310208, 41.616312519132343 ], [ 13.902517371648827, 41.616405498375251 ], [ 13.90252507849446, 41.616467544260395 ], [ 13.902595888998732, 41.616571507487336 ], [ 13.902654956437759, 41.616777706754746 ], [ 13.902650729130583, 41.616953254575279 ], [ 13.902642299607496, 41.617007634604199 ], [ 13.902607479879769, 41.617142514465236 ], [ 13.902588315908943, 41.617165805858313 ], [ 13.902540074860294, 41.61720666014341 ], [ 13.902517125795141, 41.61723179333385 ], [ 13.902500304727619, 41.617264496822834 ], [ 13.902488631199791, 41.617288798691227 ], [ 13.902488026301857, 41.617324473932669 ], [ 13.902418940072964, 41.617413955785793 ], [ 13.902338546197427, 41.617506146537231 ], [ 13.902261762030948, 41.61760682247008 ], [ 13.901845548204955, 41.618095808206824 ], [ 13.901695052351638, 41.618263385628019 ], [ 13.901601228919418, 41.618335729071759 ], [ 13.901451369231815, 41.618465753286749 ], [ 13.901246365026628, 41.618600884034983 ], [ 13.90116498783998, 41.618677101983629 ], [ 13.901076263254497, 41.618743859890635 ], [ 13.901023701101424, 41.618744296335535 ], [ 13.900977521978261, 41.61873728199587 ], [ 13.90092672327712, 41.618706982924067 ], [ 13.90093025118307, 41.618720867460873 ], [ 13.90036973750885, 41.618495786748838 ], [ 13.900277634996835, 41.618466736390836 ], [ 13.900230093401591, 41.618466281532974 ], [ 13.90016115557771, 41.618473133720947 ], [ 13.899856006626241, 41.618536880676302 ], [ 13.899596167916553, 41.618585098041954 ], [ 13.899438002957783, 41.618614569907557 ], [ 13.89931015157652, 41.618627430307093 ], [ 13.899182587554407, 41.6186233917878 ], [ 13.899059112187919, 41.618599673838361 ], [ 13.898868796442741, 41.618533061648343 ], [ 13.898678576940274, 41.618460816222715 ], [ 13.898547260019759, 41.618456741041371 ], [ 13.898010540889814, 41.618451596715623 ], [ 13.897620007916716, 41.618459119659228 ], [ 13.897319969447324, 41.618443096116891 ], [ 13.897145667625823, 41.618464898232432 ], [ 13.89694339364838, 41.618512722919597 ], [ 13.896885107305762, 41.618555356358058 ], [ 13.896774485835021, 41.618658520764285 ], [ 13.896646783526661, 41.618809408761607 ], [ 13.896559964180327, 41.618910923481195 ], [ 13.896496160616925, 41.618983550910578 ], [ 13.896440231698028, 41.619034657512778 ], [ 13.896376732028864, 41.619089447292538 ], [ 13.896240027701369, 41.619181093053811 ], [ 13.89610372328888, 41.619249268151144 ], [ 13.895860385635537, 41.61935679085385 ], [ 13.895744386551108, 41.619408259045123 ], [ 13.895436728257176, 41.619545210059961 ], [ 13.895228259384874, 41.619662456215565 ], [ 13.895024698063951, 41.619785383006494 ], [ 13.894840014990669, 41.619901918129351 ], [ 13.894336151200234, 41.620243553684375 ], [ 13.894262591428605, 41.620301062426982 ], [ 13.894126763743019, 41.620414310460831 ], [ 13.894046611042928, 41.620491474071564 ], [ 13.893836836919364, 41.620684761946819 ], [ 13.893644609573863, 41.620876340375425 ], [ 13.89339774725744, 41.621116219102959 ], [ 13.893282832615141, 41.621250324860185 ], [ 13.893093103369162, 41.621490752994355 ], [ 13.892984683589244, 41.62163524969106 ], [ 13.89294947368662, 41.621694065885073 ], [ 13.892862194938859, 41.62182186455761 ], [ 13.892781524994859, 41.621929069414456 ], [ 13.892711426262911, 41.622003511992951 ], [ 13.892654593972958, 41.62203395060331 ], [ 13.892536235922979, 41.622149712438343 ], [ 13.892733436019153, 41.622253021351511 ], [ 13.892886076561517, 41.622327731554861 ], [ 13.893011144299299, 41.622368372984617 ], [ 13.893107423619124, 41.622391131308596 ], [ 13.893170174362083, 41.622398777873343 ], [ 13.893226440781323, 41.622401432359027 ], [ 13.893285739071679, 41.622391439873859 ], [ 13.893353663328243, 41.622370966961192 ], [ 13.893434917424081, 41.622339354660141 ], [ 13.893488910425598, 41.622310296792044 ], [ 13.893522283224739, 41.622279631944352 ], [ 13.893561514955405, 41.622235643119147 ], [ 13.893592156825417, 41.622200022354257 ], [ 13.893611706715118, 41.622154435598567 ], [ 13.893676936359004, 41.622071964334971 ], [ 13.893713942065595, 41.622048376694174 ], [ 13.893822865654327, 41.621990269688361 ], [ 13.89393444771715, 41.621941343147505 ], [ 13.894081892168662, 41.6218807896432 ], [ 13.894231020594569, 41.621831519825648 ], [ 13.894276134431294, 41.621827728438234 ], [ 13.894398932310374, 41.621836421439525 ], [ 13.89444994108465, 41.621853813580159 ], [ 13.894472157215816, 41.621871867746641 ], [ 13.894477851706915, 41.621904786575058 ], [ 13.894472349918891, 41.621933841825168 ], [ 13.894464393918183, 41.621960056550648 ], [ 13.894399975146035, 41.621921878022953 ], [ 13.894357638901829, 41.621909577138339 ], [ 13.89430008560347, 41.621909023517588 ], [ 13.89425662655586, 41.621913613310724 ], [ 13.894162650594868, 41.621945260300166 ], [ 13.894058194662287, 41.622004349588792 ], [ 13.893939964950182, 41.62208834552338 ], [ 13.893868573406017, 41.622165280296656 ], [ 13.893799405527206, 41.622307338553966 ], [ 13.893744524626129, 41.622394447853821 ], [ 13.893662823566315, 41.622488810766399 ], [ 13.893498710768577, 41.622617376801614 ], [ 13.893257876098358, 41.62269552432172 ], [ 13.893099610274575, 41.622753008856769 ], [ 13.89295504388542, 41.622845493789519 ], [ 13.892738170586648, 41.622985561717243 ], [ 13.892648773910821, 41.622987382716062 ], [ 13.892546029546393, 41.622933642795637 ], [ 13.892482400755924, 41.62289190257399 ], [ 13.892345918700395, 41.622790451762334 ], [ 13.892239248949551, 41.622757237316343 ], [ 13.892005927652079, 41.622813996970855 ], [ 13.891911490333401, 41.622831862040357 ], [ 13.891842346652668, 41.62283387765639 ], [ 13.89176741465428, 41.622826002668745 ], [ 13.891658148139635, 41.622805279606226 ], [ 13.891606828653662, 41.622810149155285 ], [ 13.891531437373754, 41.622829091639979 ], [ 13.891420639643723, 41.622897760434128 ], [ 13.891338204198179, 41.622980113714284 ], [ 13.891296200892533, 41.622997589939828 ], [ 13.891213584664351, 41.623020932866943 ], [ 13.891132312891914, 41.623035348020061 ], [ 13.891065766118677, 41.623024871262416 ], [ 13.890974354342053, 41.62300521387445 ], [ 13.890919721060227, 41.622994851979115 ], [ 13.890868906955369, 41.622970221815535 ], [ 13.890750600076377, 41.622920800465572 ], [ 13.890671086638729, 41.622902151728688 ], [ 13.890491699831337, 41.622870916042814 ], [ 13.890337499953814, 41.622830088482615 ], [ 13.890210015614532, 41.622760014402267 ], [ 13.890059272076074, 41.622656635047981 ], [ 13.889971240445709, 41.622578895052428 ], [ 13.889819521065437, 41.622462988999807 ], [ 13.889632210693421, 41.622407535594668 ], [ 13.889445084727187, 41.622341354844323 ], [ 13.889225645244469, 41.622214064868103 ], [ 13.888761695602765, 41.621893080212331 ], [ 13.888557469816197, 41.621782029272488 ], [ 13.88849961712695, 41.62175107152148 ], [ 13.88848387518043, 41.621696381114248 ], [ 13.888457119692156, 41.621658571502778 ], [ 13.888394379060184, 41.621634718978775 ], [ 13.888302039819528, 41.621599851332597 ], [ 13.888237254507059, 41.621556309438937 ], [ 13.888183660656429, 41.621554896983866 ], [ 13.888134663137608, 41.62156336371914 ], [ 13.888067258317946, 41.621602944766934 ], [ 13.887954519663438, 41.621668909247312 ], [ 13.887786237108728, 41.62173135594697 ], [ 13.887652287021538, 41.621760458070959 ], [ 13.887561931147188, 41.621748854806548 ], [ 13.887390946140441, 41.621748987997755 ], [ 13.887197495157096, 41.621739068682835 ], [ 13.887040440868731, 41.621795215500256 ], [ 13.886862626474946, 41.621880665317434 ], [ 13.886604101565988, 41.621947898748616 ], [ 13.886260953710696, 41.622016546845728 ], [ 13.886175030095135, 41.622041642242543 ], [ 13.886060960840865, 41.622040536828486 ], [ 13.885977122546405, 41.622031007135206 ], [ 13.885876453187352, 41.621960964623277 ], [ 13.885803706284165, 41.62193008466798 ], [ 13.885736740616101, 41.62192675331432 ], [ 13.885345919858299, 41.621996054109424 ], [ 13.885186127608922, 41.622038090255884 ], [ 13.88513073525262, 41.622089185450029 ], [ 13.88507651350508, 41.62212419874087 ], [ 13.884954143565523, 41.622172632506576 ], [ 13.884848353111757, 41.622192393288643 ], [ 13.884760594239186, 41.622202941209068 ], [ 13.884695484669804, 41.622195603949514 ], [ 13.884578178933285, 41.622157585339814 ], [ 13.884469411702501, 41.622090815773376 ], [ 13.884326295492858, 41.621994879002358 ], [ 13.88413813189138, 41.621868329936063 ], [ 13.884062624553263, 41.621842115941213 ], [ 13.883980643188126, 41.621828579512922 ], [ 13.883813667901711, 41.621872555661994 ], [ 13.883521514112122, 41.621972312593634 ], [ 13.883281066307791, 41.622079276647639 ], [ 13.882978158788648, 41.622224287648159 ], [ 13.882726994316789, 41.622287127555389 ], [ 13.882578465747146, 41.622297753646713 ], [ 13.882451959891332, 41.622275066107477 ], [ 13.882290246977567, 41.622221190724908 ], [ 13.882183907767308, 41.622169194738127 ], [ 13.882127187415856, 41.622141821072887 ], [ 13.882039694590352, 41.622136946824497 ], [ 13.881926720670448, 41.622158646700065 ], [ 13.881821963413179, 41.622222000570282 ], [ 13.881676800310217, 41.62224472815678 ], [ 13.881501711152533, 41.622226184100299 ], [ 13.881161178736557, 41.622180567707915 ], [ 13.880941170015166, 41.622146239505916 ], [ 13.880823153196568, 41.622131756070615 ], [ 13.880730661827945, 41.622094070942076 ], [ 13.880570059362118, 41.62202629480818 ], [ 13.880503188812499, 41.621924486102749 ], [ 13.880361747305184, 41.621882645460687 ], [ 13.88025748026498, 41.621817256854847 ], [ 13.87994420302903, 41.621648674221021 ], [ 13.879683028287994, 41.621585434461736 ], [ 13.879467939747144, 41.621550231785335 ], [ 13.87921960321593, 41.621453396982027 ], [ 13.878988093134419, 41.621375731084392 ], [ 13.878734685881595, 41.62133586179047 ], [ 13.878541338441359, 41.621276617310883 ], [ 13.87824086125428, 41.621119532490745 ], [ 13.878069982980087, 41.621079240972634 ], [ 13.877890900894672, 41.621029699522254 ], [ 13.877611133264834, 41.620912429841376 ], [ 13.87749439737833, 41.620913608724571 ], [ 13.877377211628469, 41.620886715094557 ], [ 13.877287748964539, 41.620815950706366 ], [ 13.877183997234534, 41.620721136726964 ], [ 13.877011052929232, 41.620658752739622 ], [ 13.876556953323838, 41.620554997110133 ], [ 13.876342827823454, 41.620464621218069 ], [ 13.876121063576845, 41.620390723274376 ], [ 13.875952128256285, 41.62037987522752 ], [ 13.875833736004225, 41.6204006969296 ], [ 13.875492172576621, 41.620331234913508 ], [ 13.875296440178085, 41.62031092760995 ], [ 13.875042595557083, 41.620249588265473 ], [ 13.874683789409797, 41.620163310878652 ], [ 13.874371278535587, 41.620233819969457 ], [ 13.873939609888549, 41.620285228469591 ], [ 13.873712089704037, 41.620366224290891 ], [ 13.873607700491874, 41.620343590467293 ], [ 13.873485536158052, 41.620321242150226 ], [ 13.873327672285834, 41.620317642834848 ], [ 13.873075304456055, 41.620219844301829 ], [ 13.87294110614314, 41.620182099114963 ], [ 13.872456124655221, 41.620002618535857 ], [ 13.872314396598886, 41.619907427632647 ], [ 13.872091248396648, 41.619828895827993 ], [ 13.871967585491165, 41.619766082671362 ], [ 13.87185147000346, 41.619678039647752 ], [ 13.871690498357983, 41.619632318206421 ], [ 13.871472113611707, 41.619611923974361 ], [ 13.871295854284162, 41.619603889992405 ], [ 13.871141355844063, 41.619603476278265 ], [ 13.871023895837432, 41.619616732876118 ], [ 13.870799383602778, 41.619606498578648 ], [ 13.870687567319685, 41.619620622155004 ], [ 13.87052880856244, 41.619626426653028 ], [ 13.870502168949502, 41.619652302512073 ], [ 13.870155697248705, 41.619863250807235 ], [ 13.869961021738748, 41.619928456550269 ], [ 13.869877205204336, 41.619991085791696 ], [ 13.869788310455581, 41.620028871749398 ], [ 13.869393931727979, 41.620069303854223 ], [ 13.869263288986257, 41.620059839114866 ], [ 13.86921022016187, 41.620078326590779 ], [ 13.869078928586394, 41.620122555735513 ], [ 13.868989012312106, 41.620113394504614 ], [ 13.868835490022143, 41.62006222469148 ], [ 13.868614107604065, 41.620002110232349 ], [ 13.86844830419057, 41.620022548823947 ], [ 13.86824200510627, 41.619964889044603 ], [ 13.868052917965837, 41.619926234705225 ], [ 13.867868951998675, 41.619934078823881 ], [ 13.867746025086923, 41.619920453221873 ], [ 13.867612480626692, 41.619883272760205 ], [ 13.867414679835125, 41.61984132076018 ], [ 13.867256735267194, 41.619832867264201 ], [ 13.867014754335612, 41.619899453305344 ], [ 13.866893472492546, 41.619896878361097 ], [ 13.866700654760537, 41.619885321479337 ], [ 13.866613763033609, 41.619913432531447 ], [ 13.866523026215459, 41.61995116153512 ], [ 13.866373691609786, 41.61997589779007 ], [ 13.866103147399613, 41.619993920526717 ], [ 13.865798068292099, 41.619989531152235 ], [ 13.865579494754426, 41.619979097660611 ], [ 13.865381090615875, 41.619971621687633 ], [ 13.865144161705141, 41.619959626759936 ], [ 13.865050777450232, 41.619988372441242 ], [ 13.864513647855834, 41.620192780815003 ], [ 13.864226236879476, 41.620452134513137 ], [ 13.864039458876597, 41.620581867862917 ], [ 13.863934013127322, 41.62071536594177 ], [ 13.863739191228131, 41.62089052577867 ], [ 13.863641308339304, 41.620957272519348 ], [ 13.863534074813634, 41.620992077217707 ], [ 13.863431146906299, 41.620991059501179 ], [ 13.863337525059517, 41.620986598814227 ], [ 13.863031698202077, 41.621059747262628 ], [ 13.862955949946148, 41.621042915887735 ], [ 13.862832731285767, 41.621045835168275 ], [ 13.862692873676952, 41.621054107358141 ], [ 13.862554757079025, 41.621067914281205 ], [ 13.862336678384043, 41.621181689565155 ], [ 13.862202651759654, 41.621228580223836 ], [ 13.862022606502904, 41.621257145059388 ], [ 13.861792637596089, 41.621267282817676 ], [ 13.861701756160734, 41.621208447255739 ], [ 13.861574257478393, 41.621193205945133 ], [ 13.861326560853854, 41.621218525206785 ], [ 13.86116283294264, 41.621225179641904 ], [ 13.860997728177527, 41.621205611246268 ], [ 13.860752521204891, 41.621245943132607 ], [ 13.860436214580337, 41.621252463575793 ], [ 13.86033836322185, 41.621276322951864 ], [ 13.860087026092836, 41.621455913905677 ], [ 13.859818701041887, 41.621451873132145 ], [ 13.859620270355219, 41.621462470229254 ], [ 13.85946389240554, 41.621452491292025 ], [ 13.859305386091009, 41.621475747911596 ], [ 13.859026915247174, 41.621568309331352 ], [ 13.85879492757681, 41.621756654334476 ], [ 13.858411527566034, 41.621886300834682 ], [ 13.858160891758539, 41.62189082052106 ], [ 13.858039505892089, 41.621903212750119 ], [ 13.857839873756932, 41.621912954273306 ], [ 13.857774934481371, 41.621946794422577 ], [ 13.85772816012873, 41.622022203854456 ], [ 13.857640460662317, 41.622118575015939 ], [ 13.857580925601289, 41.622158676145439 ], [ 13.857505493423194, 41.622162064649721 ], [ 13.857455069404493, 41.622154666346788 ], [ 13.857360672530703, 41.622190972278659 ], [ 13.857243975665105, 41.622240850609636 ], [ 13.857210513648997, 41.622274727422727 ], [ 13.85714884803356, 41.622302168775605 ], [ 13.857106500082171, 41.622322248833363 ], [ 13.857326868078252, 41.622543767267423 ], [ 13.857414521311751, 41.622681201011197 ], [ 13.857453655223946, 41.622859534945391 ], [ 13.857475236685302, 41.622990794179223 ], [ 13.857504973951151, 41.623076613680063 ], [ 13.857622572642171, 41.623392289817062 ], [ 13.857761925142949, 41.623829570771804 ], [ 13.857803896780146, 41.623951376627446 ], [ 13.8578309080878, 41.623983371650318 ], [ 13.857876397593968, 41.624010032607138 ], [ 13.857945976914051, 41.624025897561665 ], [ 13.858148019817644, 41.624036181382273 ], [ 13.858302540322724, 41.624030819228231 ], [ 13.858558155280335, 41.624026460843311 ], [ 13.858629499900054, 41.624046481168406 ], [ 13.858669426888651, 41.624075845411561 ], [ 13.8589035380626, 41.624352673962953 ], [ 13.859251190377011, 41.624758914787172 ], [ 13.859386009337289, 41.624932679947854 ], [ 13.859390770051894, 41.624975489137924 ], [ 13.859387327478478, 41.625066496540278 ], [ 13.859375666739833, 41.625102245683031 ], [ 13.859293880628877, 41.625257308232975 ], [ 13.859266882724352, 41.625328770008736 ], [ 13.859248589095332, 41.625427906515576 ], [ 13.859319838226284, 41.625453443134518 ], [ 13.859819166972679, 41.625599098011968 ], [ 13.859971965957017, 41.625691655191851 ], [ 13.860140433961734, 41.625834026588223 ], [ 13.860351123365861, 41.626084410936279 ], [ 13.860535553647217, 41.626260046034105 ], [ 13.860687553861133, 41.626398115114846 ], [ 13.860714106226919, 41.626456313834794 ], [ 13.860772849435271, 41.626878997787756 ], [ 13.860820658772766, 41.62698292793543 ], [ 13.860861642607132, 41.62716127894744 ], [ 13.860856712233247, 41.627284687924892 ], [ 13.860841205555737, 41.627330055008379 ], [ 13.860810787037241, 41.627386999342619 ], [ 13.860718421487977, 41.627516438776368 ], [ 13.860687010825405, 41.627577511492788 ], [ 13.860658405950883, 41.627635853178013 ], [ 13.860613508563638, 41.627731967320599 ], [ 13.860585789900451, 41.627841003464056 ], [ 13.860564981483348, 41.628024564998789 ], [ 13.860567479356256, 41.628105556245501 ], [ 13.860590860545669, 41.6281705612151 ], [ 13.860665191048398, 41.628294955938458 ], [ 13.86072825675906, 41.628390532659026 ], [ 13.86076515011629, 41.628468184523015 ], [ 13.860764567014936, 41.628501301394245 ], [ 13.860731498512495, 41.628540720807742 ], [ 13.860676354332107, 41.628663832103669 ], [ 13.860619161521974, 41.628736135000452 ], [ 13.860246692699183, 41.628661780503336 ], [ 13.860058715024543, 41.628640042749417 ], [ 13.859680206562352, 41.628574459224573 ], [ 13.859102146216649, 41.628475979386955 ], [ 13.858541704383141, 41.628379879790842 ], [ 13.858162592746485, 41.628310358978055 ], [ 13.857962757643953, 41.628277205530971 ], [ 13.85786738835807, 41.628271336630341 ], [ 13.857814769503451, 41.628279562683574 ], [ 13.857701062708578, 41.628321630529832 ], [ 13.857658939537339, 41.628354567183386 ], [ 13.857618712763395, 41.628403926911666 ], [ 13.857602454970783, 41.628457899323173 ], [ 13.857607565116028, 41.628539971322681 ], [ 13.857625675618563, 41.628628734227938 ], [ 13.8576546584189, 41.628720886034323 ], [ 13.857700955851422, 41.628823052455893 ], [ 13.857773543820093, 41.628922199278797 ], [ 13.857846566304543, 41.628996744011687 ], [ 13.85803704241536, 41.629229936410816 ], [ 13.858092374489933, 41.629315788191008 ], [ 13.858113540309182, 41.629355368645186 ], [ 13.858121126671593, 41.629421060972319 ], [ 13.858102248757287, 41.629499613774918 ], [ 13.858066084930709, 41.629566511869129 ], [ 13.857995030847341, 41.6296281420233 ], [ 13.857917736900667, 41.629671665468017 ], [ 13.857796808375245, 41.629709833978609 ], [ 13.85760385530582, 41.629740724824181 ], [ 13.857290378609616, 41.629786821412402 ], [ 13.856974860294637, 41.629824694721876 ], [ 13.856766690966948, 41.629850511566396 ], [ 13.85659827656651, 41.629853757586943 ], [ 13.856412750461864, 41.62983550759968 ], [ 13.85632769667977, 41.629823178355956 ], [ 13.855931717218342, 41.629712610024995 ], [ 13.855189954694117, 41.629496890520841 ], [ 13.854778734937158, 41.629382885576653 ], [ 13.854459011300332, 41.629287835758234 ], [ 13.853965131192229, 41.629150038107277 ], [ 13.853264567795817, 41.628954402054603 ], [ 13.852783736370819, 41.628820830575741 ], [ 13.852379141587422, 41.628703602330546 ], [ 13.85199626303748, 41.628594791683419 ], [ 13.851553692354178, 41.628461597202339 ], [ 13.851317688487539, 41.628392801700208 ], [ 13.851177214557575, 41.628361870114603 ], [ 13.851048574538185, 41.628341719406471 ], [ 13.850928401947654, 41.6283372372313 ], [ 13.850822030648347, 41.62835585885103 ], [ 13.850712059799951, 41.62839248904114 ], [ 13.850570196946133, 41.628450127960704 ], [ 13.85054027386912, 41.628465531112312 ], [ 13.850446124169094, 41.628531726268541 ], [ 13.850590387411316, 41.628595505114468 ], [ 13.850627039940864, 41.628624579054183 ], [ 13.850828185198377, 41.628809497537375 ], [ 13.850906154785878, 41.628912803535336 ], [ 13.851075036202056, 41.629129387281608 ], [ 13.851273139206986, 41.629362667061535 ], [ 13.851462513954575, 41.629595039065102 ], [ 13.85162020530298, 41.629764758109026 ], [ 13.851948949501626, 41.630183069321212 ], [ 13.852050386505951, 41.630288659457101 ], [ 13.852138467257857, 41.63040764960973 ], [ 13.852460230614646, 41.630850085857709 ], [ 13.852641401450873, 41.631083194187291 ], [ 13.852848494178685, 41.631149237788009 ], [ 13.853069380046092, 41.631177278816324 ], [ 13.853468741137712, 41.631220633379009 ], [ 13.853625531084242, 41.631256646172126 ], [ 13.853695532028679, 41.631285641629482 ], [ 13.853774564190958, 41.631360248851109 ], [ 13.853910595224637, 41.631549843901453 ], [ 13.854142606409551, 41.631875730589655 ], [ 13.854268518728244, 41.632081218451901 ], [ 13.854372261446454, 41.632242193781046 ], [ 13.854450903470006, 41.632338942351545 ], [ 13.854586583863869, 41.632455944374115 ], [ 13.854754795850429, 41.63258803419334 ], [ 13.85493627793209, 41.632711643749374 ], [ 13.855005562577633, 41.632781231736509 ], [ 13.855055062979861, 41.632856774188319 ], [ 13.855142564932226, 41.633008974806827 ], [ 13.855174450275431, 41.633153239500658 ], [ 13.855195583641338, 41.633349070405394 ], [ 13.855218109602745, 41.633744226517457 ], [ 13.85523347532544, 41.633987982308923 ], [ 13.855313375717758, 41.634199162271194 ], [ 13.855321711786344, 41.634284137154133 ], [ 13.85532532477518, 41.634357992145915 ], [ 13.855317206029055, 41.634538767858579 ], [ 13.85542847165361, 41.634923734752249 ], [ 13.855431758304825, 41.635016041233825 ], [ 13.855438201034833, 41.635208034792036 ], [ 13.855467661122743, 41.63535042972984 ], [ 13.855494727083743, 41.635489109867201 ], [ 13.855536150350169, 41.635546270695087 ], [ 13.855655482686506, 41.635788293339722 ], [ 13.855744043984066, 41.635996790967319 ], [ 13.855768620930723, 41.636067625051929 ], [ 13.855756891930808, 41.636104879147616 ], [ 13.855744501951113, 41.63617949752404 ], [ 13.855707568047114, 41.636285705980946 ], [ 13.855663965267988, 41.636351708953377 ], [ 13.855581085394132, 41.636447771162345 ], [ 13.855497984899756, 41.636556288065648 ], [ 13.855426270604614, 41.63664692491853 ], [ 13.855389678732605, 41.636733759186754 ], [ 13.855356482280909, 41.636837236527093 ], [ 13.855364636266717, 41.637002026325732 ], [ 13.855368929450961, 41.637176466410445 ], [ 13.855362423770339, 41.637335573781748 ], [ 13.855356506097879, 41.637353266868544 ], [ 13.855369551181381, 41.63734119260527 ], [ 13.855463554201014, 41.637359820315588 ], [ 13.855543025407844, 41.637470733566893 ], [ 13.855819219877064, 41.637628764475103 ], [ 13.856157089556381, 41.637861673383306 ], [ 13.856754119241097, 41.638198429674688 ], [ 13.857234774318119, 41.63850026909067 ], [ 13.857517948628852, 41.638773138250748 ], [ 13.857924241107465, 41.639209262546736 ], [ 13.858395076754178, 41.6395582589602 ], [ 13.858815619065329, 41.639697462277297 ], [ 13.859229545992973, 41.639701571421199 ], [ 13.859375306267843, 41.639601747826504 ], [ 13.85955944012901, 41.639367277829152 ], [ 13.859690177681852, 41.639098521022639 ], [ 13.859830150406918, 41.638816352967105 ], [ 13.860041513054256, 41.638568649565684 ], [ 13.860263299649629, 41.638240032920081 ], [ 13.860482348756369, 41.638066669757656 ], [ 13.860693587518892, 41.63782571523555 ], [ 13.860854008857524, 41.637915072884432 ], [ 13.860802835793233, 41.638265635943362 ], [ 13.86076942087487, 41.638629877678206 ], [ 13.860640115683616, 41.638817633745184 ], [ 13.860699655548805, 41.639014013108984 ], [ 13.860958110468534, 41.63915835312843 ], [ 13.861063594380237, 41.639301176810577 ], [ 13.86128994580791, 41.6397355059799 ], [ 13.861571835757143, 41.640082617268085 ], [ 13.862097638922767, 41.640378132180345 ], [ 13.862122140484271, 41.64052015307999 ], [ 13.861813428173988, 41.641185479805941 ], [ 13.861837097812707, 41.641374751941747 ], [ 13.861996460452721, 41.641524859614385 ], [ 13.86252382060707, 41.641732620441388 ], [ 13.862557559722079, 41.641861229947381 ], [ 13.862518240498657, 41.642049878538266 ], [ 13.862569977288887, 41.642178666153903 ], [ 13.863031030151054, 41.64257480613243 ], [ 13.863063583954727, 41.64277091721469 ], [ 13.863286775508971, 41.642874395044124 ], [ 13.863365511114557, 41.643003449311131 ], [ 13.863759801664434, 41.643101866841064 ], [ 13.864109217434471, 41.643193088180496 ], [ 13.864404640648695, 41.643283774996569 ], [ 13.864617770598278, 41.64344791294296 ], [ 13.864933918692143, 41.643383522169579 ], [ 13.865292928882308, 41.643441077935307 ], [ 13.865579237571124, 41.64353842309491 ], [ 13.866066483783948, 41.643468966522001 ], [ 13.865752704231088, 41.643398356859237 ], [ 13.865289733628728, 41.643110230411139 ], [ 13.865257646688992, 41.64288711917407 ], [ 13.865342189616289, 41.642685413430655 ], [ 13.865526548544247, 41.641924331051904 ], [ 13.865804797584333, 41.641454482839379 ], [ 13.866044089209609, 41.641153033281583 ], [ 13.866354657412339, 41.640892794356738 ], [ 13.866565884001584, 41.640651828998791 ], [ 13.866603652687619, 41.64055093120443 ], [ 13.866758993658879, 41.640417435958618 ], [ 13.867041968694862, 41.640190679809926 ], [ 13.867200500089858, 41.639874928933345 ], [ 13.867404967648005, 41.639505619682936 ], [ 13.867761994827514, 41.639279886036981 ], [ 13.868039201237924, 41.639242278175061 ], [ 13.868284072040064, 41.639296553146274 ], [ 13.868595447992119, 41.639501310360679 ], [ 13.868816573060577, 41.639595688772758 ], [ 13.869113497571622, 41.639748438786782 ], [ 13.869571012193218, 41.639943105944027 ], [ 13.869748271364074, 41.639910273518659 ], [ 13.869879849182427, 41.63985394118275 ], [ 13.870051138544149, 41.639723085077797 ], [ 13.870144815866082, 41.639637566727828 ], [ 13.870592203434599, 41.639532474112009 ], [ 13.870769259801406, 41.639511163349482 ], [ 13.871018937524788, 41.639622563715115 ], [ 13.872139055139371, 41.640259760657408 ], [ 13.872705257419321, 41.640537101353502 ], [ 13.873469662561295, 41.640825592344626 ], [ 13.873337417761707, 41.640952480577468 ], [ 13.873217298159862, 41.641073736652174 ], [ 13.87301852132963, 41.641151529857588 ], [ 13.872717923846123, 41.641262499294591 ], [ 13.872706186497131, 41.641332578790511 ], [ 13.872760931347688, 41.64155284451278 ], [ 13.872756664488328, 41.641797643303285 ], [ 13.87296640593282, 41.641768310383839 ], [ 13.873041825304652, 41.641762771952585 ], [ 13.87312161797313, 41.641855961476594 ], [ 13.873686848399757, 41.641882201293939 ], [ 13.875307580448625, 41.64196757646674 ], [ 13.875741795592084, 41.642032580603306 ], [ 13.87587754153842, 41.642058893632779 ], [ 13.875424958265443, 41.642204154157753 ], [ 13.875307227592288, 41.642278947035216 ], [ 13.875321024996055, 41.642358824175069 ], [ 13.875404888780016, 41.642484953843542 ], [ 13.875459705201527, 41.642534854366957 ], [ 13.875528781526738, 41.642638055793732 ], [ 13.875522531912734, 41.642706345038562 ], [ 13.875536065604683, 41.64280140854283 ], [ 13.875627302061247, 41.642794706642462 ], [ 13.875734777135211, 41.642863582938901 ], [ 13.875755922838801, 41.642938636004743 ], [ 13.875715106956811, 41.642990629103281 ], [ 13.875614823463438, 41.643019586567135 ], [ 13.87549313417678, 41.642988457534294 ], [ 13.875218981065409, 41.642974547958168 ], [ 13.874946508485859, 41.643007433065478 ], [ 13.874735524917922, 41.643090505175728 ], [ 13.87464994488508, 41.643134574993546 ], [ 13.874556426669242, 41.643204763190603 ], [ 13.874446901755119, 41.64333467152661 ], [ 13.874376220616384, 41.643382629353894 ], [ 13.874205189450867, 41.64346328502377 ], [ 13.874071895035108, 41.643525598574932 ], [ 13.873976142135382, 41.6435807951583 ], [ 13.87380458866115, 41.643691383592184 ], [ 13.873673461651366, 41.643772429465614 ], [ 13.873509813144945, 41.643858769904369 ], [ 13.873369328265932, 41.643904171760646 ], [ 13.873201081984005, 41.643968012825496 ], [ 13.872862029102002, 41.644099411412384 ], [ 13.872561039028184, 41.644193759280263 ], [ 13.872399882115879, 41.644280122566734 ], [ 13.872334088815411, 41.644333740542329 ], [ 13.872290775176255, 41.644385707895744 ], [ 13.871982757450693, 41.644453789116376 ], [ 13.871751306435741, 41.64456565772069 ], [ 13.871620599493429, 41.644622380340451 ], [ 13.87144162214673, 41.644729150013454 ], [ 13.87132913709274, 41.644885222418864 ], [ 13.871329214852199, 41.645023688621833 ], [ 13.871304351042594, 41.645161909884365 ], [ 13.871252933068313, 41.645249349181711 ], [ 13.871119620549123, 41.645371863488535 ], [ 13.87044661115562, 41.645446225314984 ], [ 13.870142233388345, 41.64570415035417 ], [ 13.869788309371492, 41.646051558681691 ], [ 13.869114032923193, 41.646197877269998 ], [ 13.868942670382353, 41.64639412790013 ], [ 13.869034365876214, 41.646637952810259 ], [ 13.868983404293507, 41.646808396815885 ], [ 13.868574539469465, 41.646867352444602 ], [ 13.868111560412219, 41.647276661780936 ], [ 13.867650465926364, 41.647578022220927 ], [ 13.867390888304556, 41.648016323786514 ], [ 13.867086643818805, 41.648265244740742 ], [ 13.866913535481688, 41.648560443444531 ], [ 13.866803388116415, 41.648685317249246 ], [ 13.866466942966991, 41.64871798796537 ], [ 13.866177209026327, 41.648823095543548 ], [ 13.865783778520401, 41.648784662509577 ], [ 13.865705435351074, 41.648715696955762 ], [ 13.865593976097573, 41.648590998175699 ], [ 13.865555402848765, 41.648522425055788 ], [ 13.865557197259541, 41.648420154195243 ], [ 13.865656546275057, 41.648263439909087 ], [ 13.86600542307632, 41.647810846137162 ], [ 13.866052315554423, 41.647721769888832 ], [ 13.866005878895056, 41.647561229783143 ], [ 13.866013046042813, 41.647376194845172 ], [ 13.866021716636027, 41.647205799403444 ], [ 13.866112894390483, 41.647075882795988 ], [ 13.866308459893622, 41.646689921142382 ], [ 13.866153495421742, 41.646632979467611 ], [ 13.866007925925063, 41.646508403296615 ], [ 13.865935465285053, 41.646427647343351 ], [ 13.865544331489277, 41.646263705266655 ], [ 13.864956347882984, 41.646070108275993 ], [ 13.864732656067245, 41.645865452704363 ], [ 13.864608799151373, 41.64547638486949 ], [ 13.864463635189942, 41.645330041848169 ], [ 13.864131895161028, 41.64513071055557 ], [ 13.863792304798707, 41.645054899451402 ], [ 13.863215684756407, 41.644887240598202 ], [ 13.862848965591736, 41.644738703934365 ], [ 13.862674427951866, 41.644647474358536 ], [ 13.862355108534784, 41.644388592479316 ], [ 13.86210291345308, 41.644190042666906 ], [ 13.861869487726937, 41.643893651557406 ], [ 13.861733389734699, 41.643555603651762 ], [ 13.861699173957403, 41.643239874797466 ], [ 13.861610755261751, 41.643098352169353 ], [ 13.861426512607663, 41.642913259966825 ], [ 13.861139340541678, 41.642765505837438 ], [ 13.860663576398695, 41.642679812028717 ], [ 13.860339618799577, 41.642685124216115 ], [ 13.859964759042827, 41.642677144514593 ], [ 13.860067093453198, 41.642195146718961 ], [ 13.860016483785786, 41.641806753634604 ], [ 13.859955931943132, 41.641516773924415 ], [ 13.859785874991298, 41.641385789925863 ], [ 13.859716792495151, 41.641114196451269 ], [ 13.859532386787613, 41.640866086661198 ], [ 13.859405101355406, 41.640637014449567 ], [ 13.859251894835538, 41.640481568858981 ], [ 13.859040267349183, 41.640380956156079 ], [ 13.858920104795473, 41.640213524139206 ], [ 13.859020969784982, 41.640079071419294 ], [ 13.858989274102038, 41.639999434999517 ], [ 13.85942190103968, 41.639952584752464 ], [ 13.859423404014274, 41.639867359089799 ], [ 13.858426479842013, 41.639695504455233 ], [ 13.858176100692306, 41.639584277802996 ], [ 13.858090508633762, 41.639413007896017 ], [ 13.857640864925408, 41.639066648398284 ], [ 13.857570822338412, 41.638957986542295 ], [ 13.857390631603799, 41.63897418961421 ], [ 13.857086481835667, 41.638539302865304 ], [ 13.855757285295834, 41.637743326481129 ], [ 13.85537019299232, 41.637503856188502 ], [ 13.855302524931163, 41.637419711192969 ], [ 13.855275950700401, 41.637426063542726 ], [ 13.855221580674652, 41.637422753807343 ], [ 13.855042827329013, 41.637410592454728 ], [ 13.854770177553775, 41.637387114473114 ], [ 13.854496596051211, 41.637360005401646 ], [ 13.853790989194971, 41.637305380041127 ], [ 13.853686135152888, 41.637287725052353 ], [ 13.853407731559757, 41.63727664340437 ], [ 13.85325062735747, 41.637257544022532 ], [ 13.853027442466237, 41.637253932905018 ], [ 13.852725928373886, 41.63726497633494 ], [ 13.85237054828715, 41.637292128431305 ], [ 13.851964344454908, 41.637308833344363 ], [ 13.85154744076821, 41.637304668323672 ], [ 13.85147131635544, 41.637331589759725 ], [ 13.851366464541478, 41.637417740589989 ], [ 13.851280673988086, 41.637469479195637 ], [ 13.851105919237432, 41.637543858274313 ], [ 13.850814283204194, 41.637654439344288 ], [ 13.850680258762054, 41.637720920376218 ], [ 13.85052931185947, 41.637805225378521 ], [ 13.850471559868094, 41.637836482205472 ], [ 13.85039924681592, 41.637856520518902 ], [ 13.850317759305931, 41.637873698805144 ], [ 13.850225277219675, 41.637886614731464 ], [ 13.850134467608397, 41.637909236052629 ], [ 13.850019430490139, 41.637945455948689 ], [ 13.849827160444169, 41.638018965765767 ], [ 13.849695262006636, 41.638069549705051 ], [ 13.849507590747077, 41.638143797062526 ], [ 13.849389884248403, 41.638174453183595 ], [ 13.849251405496821, 41.638231891260411 ], [ 13.849111819455862, 41.638299698869979 ], [ 13.848930246342746, 41.638394075865364 ], [ 13.848786023144926, 41.638463220739339 ], [ 13.84871165477341, 41.638495002291805 ], [ 13.848651084923718, 41.638528998179972 ], [ 13.84832854457845, 41.638716773193607 ], [ 13.848185180789685, 41.63878938617988 ], [ 13.848086361756364, 41.638847220283381 ], [ 13.847942972760547, 41.638921216816676 ], [ 13.847870080479996, 41.638921870254343 ], [ 13.847835079531608, 41.63891875118091 ], [ 13.847803669476788, 41.638921204514723 ], [ 13.847740528860728, 41.638944101307224 ], [ 13.847719805153364, 41.638968115378411 ], [ 13.847556478435985, 41.639073745949581 ], [ 13.847473020622289, 41.639097822976787 ], [ 13.847325511745934, 41.639144095323026 ], [ 13.847091555413474, 41.639226871184093 ], [ 13.846595916671582, 41.639486918425632 ], [ 13.846140351557818, 41.639643975963843 ], [ 13.846053384626883, 41.639709539864334 ], [ 13.845982745368987, 41.639751910874701 ], [ 13.845936210260186, 41.639761824404559 ], [ 13.845890579914373, 41.639759809098351 ], [ 13.845764831621679, 41.639749722659772 ], [ 13.845601841339661, 41.639810370404334 ], [ 13.845488715279295, 41.639868404578458 ], [ 13.845383946100949, 41.639923408357774 ], [ 13.845216081549211, 41.640024491641846 ], [ 13.845022867075263, 41.640150233817828 ], [ 13.844905311090349, 41.640223794069641 ], [ 13.844741428934542, 41.640334259379401 ], [ 13.84486107841682, 41.64037594703246 ], [ 13.845193853851519, 41.640455589865084 ], [ 13.845549237139949, 41.640547915762014 ], [ 13.846107121588719, 41.640692101541802 ], [ 13.846359542756197, 41.640738234777544 ], [ 13.846568825087846, 41.640759020661591 ], [ 13.846636980184103, 41.640778390031741 ], [ 13.846723258713626, 41.64082908356864 ], [ 13.846804501544074, 41.640871162368462 ], [ 13.846861641351385, 41.640926234783642 ], [ 13.846960710187597, 41.641132768211058 ], [ 13.847051605937525, 41.641273820630161 ], [ 13.847130007909634, 41.64141708332933 ], [ 13.847173749383938, 41.641583355078247 ], [ 13.84719852077756, 41.641765786265516 ], [ 13.847215484161715, 41.642036894808378 ], [ 13.847218713363166, 41.64220509585197 ], [ 13.847194162807597, 41.642301390868489 ], [ 13.847171413100428, 41.642354883221067 ], [ 13.847144609580734, 41.642402884996194 ], [ 13.847109684596445, 41.642440684037382 ], [ 13.847056771239563, 41.64249776658253 ], [ 13.846954626476357, 41.642580047636898 ], [ 13.846873555325201, 41.642644633187949 ], [ 13.846362201690889, 41.64309106551022 ], [ 13.846114346950804, 41.643312023654666 ], [ 13.845768799242101, 41.643598177649821 ], [ 13.845664408859964, 41.643689777680706 ], [ 13.845505541040161, 41.643809637057863 ], [ 13.845430044791655, 41.643852477936562 ], [ 13.845343174881817, 41.643892868825908 ], [ 13.84526198012284, 41.64390606712815 ], [ 13.845179900492079, 41.643910692340668 ], [ 13.845134225547181, 41.643911011954337 ], [ 13.845055537206559, 41.643900099988848 ], [ 13.844969751482171, 41.643879773943802 ], [ 13.844848103425615, 41.64383339497374 ], [ 13.844704746260167, 41.643782126307535 ], [ 13.84448442061184, 41.643681813040423 ], [ 13.844406386448995, 41.643634314968125 ], [ 13.844251189268821, 41.643548670124225 ], [ 13.844192956052749, 41.643496699672177 ], [ 13.84411200389029, 41.643438272238562 ], [ 13.844083030569703, 41.643433309496402 ], [ 13.844048590251413, 41.643443862927903 ], [ 13.844023211316813, 41.643470078654147 ], [ 13.844030831447366, 41.643508304653345 ], [ 13.844047638229783, 41.643555187190103 ], [ 13.844061512685315, 41.643591918974238 ], [ 13.844078472566048, 41.643630238904578 ], [ 13.844129574943544, 41.643732743987144 ], [ 13.844204957393478, 41.643870528338759 ], [ 13.844258080008732, 41.64397616791031 ], [ 13.844279908890028, 41.644032443610655 ], [ 13.844278197720346, 41.644128189066571 ], [ 13.844267138484867, 41.64416622721054 ], [ 13.844256287920139, 41.644192589078337 ], [ 13.844200488140286, 41.64429479763097 ], [ 13.844169210555593, 41.644360660533764 ], [ 13.844146018127145, 41.644380669805649 ], [ 13.844125040340819, 41.644392915763724 ], [ 13.844096066593107, 41.644387953020207 ], [ 13.843977050379632, 41.644310457272439 ], [ 13.843902170867333, 41.644260654917545 ], [ 13.843683488900307, 41.644184491959628 ], [ 13.843345096362331, 41.644069753106557 ], [ 13.843077766729872, 41.643986092380601 ], [ 13.842717193540635, 41.643892928033928 ], [ 13.842427668675013, 41.643831620492755 ], [ 13.842296334469587, 41.643804605223465 ], [ 13.842249635799373, 41.643804134820421 ], [ 13.842213077688651, 41.643817002041011 ], [ 13.8421867437425, 41.643838536387925 ], [ 13.842151954474247, 41.6438685496883 ], [ 13.842106620420777, 41.643907799442104 ], [ 13.84207917896015, 41.64393321539697 ], [ 13.842054000470439, 41.644006146193369 ], [ 13.842021237054537, 41.644096907400268 ], [ 13.842008915719829, 41.644147389537871 ], [ 13.841989991470275, 41.644218826215223 ], [ 13.841965683239085, 41.644301108454144 ], [ 13.841935482966601, 41.644364645923069 ], [ 13.841898255319983, 41.644414877084529 ], [ 13.841873661953203, 41.644455114289997 ], [ 13.841860517893972, 41.644551523045649 ], [ 13.841830560481176, 41.644659440741712 ], [ 13.841811948653216, 41.644771365550383 ], [ 13.841806473103546, 41.644845273387716 ], [ 13.84178498489424, 41.644943933715581 ], [ 13.84175042391877, 41.645019105553267 ], [ 13.841710646130837, 41.645095781920062 ], [ 13.841652752058371, 41.645198746658529 ], [ 13.841646009501094, 41.645227485348727 ], [ 13.841620620819661, 41.645312092283099 ], [ 13.841644113084698, 41.645333350122428 ], [ 13.841658321185678, 41.645351400154311 ], [ 13.841693262808256, 41.645428829550625 ], [ 13.841767749579372, 41.645616434135874 ], [ 13.841875479712476, 41.645860429827067 ], [ 13.841916891680347, 41.645982302150905 ], [ 13.841986000777379, 41.646141824309275 ], [ 13.842100502480482, 41.646394192618359 ], [ 13.842168311516744, 41.646626366959097 ], [ 13.842107822628964, 41.646990122621965 ], [ 13.842065485256425, 41.647267641199534 ], [ 13.842047765167184, 41.64732974728593 ], [ 13.842013231038756, 41.647403362325107 ], [ 13.841995761798874, 41.647451456890352 ], [ 13.84204309663045, 41.647474511986886 ], [ 13.842090612715491, 41.647487447639683 ], [ 13.842151690013452, 41.647496627105561 ], [ 13.842212781267932, 41.64750502812192 ], [ 13.842263633840444, 41.647505540390839 ], [ 13.842306044579409, 41.647513753180085 ], [ 13.842368946691956, 41.647536964951001 ], [ 13.842498400626681, 41.64761145322516 ], [ 13.842771434736532, 41.64778314974658 ], [ 13.842899656792644, 41.647868524972061 ], [ 13.842989041177654, 41.647920031097691 ], [ 13.843101215860472, 41.64797410223872 ], [ 13.843418175665454, 41.648127553990051 ], [ 13.843544894460655, 41.648180992502205 ], [ 13.844070606338143, 41.648425038838866 ], [ 13.844156744447186, 41.648484037463007 ], [ 13.844193345417942, 41.648526966703216 ], [ 13.844217362659643, 41.648577035922969 ], [ 13.844230346896175, 41.648624918032809 ], [ 13.844224796391055, 41.648780573741398 ], [ 13.844215317166876, 41.648923733015046 ], [ 13.84422810821254, 41.649059849706781 ], [ 13.844246879702627, 41.649171112692478 ], [ 13.844267498856386, 41.649256442334803 ], [ 13.84428751348524, 41.649298166670377 ], [ 13.844306443920994, 41.649342475291689 ], [ 13.844333946092235, 41.649371817989994 ], [ 13.844386953672336, 41.649426071463239 ], [ 13.844518762094141, 41.649543401792627 ], [ 13.844834734975954, 41.649868900913134 ], [ 13.844866338001291, 41.64990113941154 ], [ 13.844866143293149, 41.649912037259547 ], [ 13.844832918275127, 41.649912481873102 ], [ 13.844763215607214, 41.649921123951827 ], [ 13.844719459107086, 41.649930026804846 ], [ 13.84465044649567, 41.649958139688607 ], [ 13.844601250318867, 41.649981001847443 ], [ 13.844541341741692, 41.650022441665953 ], [ 13.844328028638644, 41.650167444248389 ], [ 13.843939764546311, 41.650401777961946 ], [ 13.843765643069238, 41.650502795932219 ], [ 13.843635166771207, 41.650601138553412 ], [ 13.843533889379204, 41.650691989266804 ], [ 13.843376449222362, 41.65084689494816 ], [ 13.843319276621953, 41.650909382701116 ], [ 13.843263336759454, 41.650960983029663 ], [ 13.843233677683736, 41.650994162476486 ], [ 13.843209096474002, 41.651033621484089 ], [ 13.8431357566079, 41.651129424376485 ], [ 13.843065961956219, 41.651201127632831 ], [ 13.843003118761423, 41.651232415849137 ], [ 13.842866635529614, 41.651318240189958 ], [ 13.842812868221424, 41.651364412266972 ], [ 13.842715879298389, 41.651447519848624 ], [ 13.84266083700683, 41.651506914486966 ], [ 13.842610015783659, 41.651562458820592 ], [ 13.842538666549686, 41.651662952709188 ], [ 13.842520861991577, 41.651729729313324 ], [ 13.842516187430183, 41.651816880638023 ], [ 13.842490665145155, 41.651850880106352 ], [ 13.842368194489858, 41.651965651583396 ], [ 13.842261946799924, 41.652043994165901 ], [ 13.842151672799236, 41.652115289071219 ], [ 13.842092163039682, 41.652310861372875 ], [ 13.842111951893942, 41.652628173646072 ], [ 13.842294641574288, 41.652978163251539 ], [ 13.842623016347247, 41.653389802891333 ], [ 13.842840863826963, 41.654026220522482 ], [ 13.843007132042349, 41.654413777423485 ], [ 13.843080560549463, 41.654865348957422 ], [ 13.843173369502829, 41.655087878619049 ], [ 13.843347674995806, 41.65531123006442 ], [ 13.843484825114341, 41.655618259240114 ], [ 13.843480922243783, 41.655896546684481 ], [ 13.843382555057671, 41.656269925008068 ], [ 13.843440279375315, 41.656464750749045 ], [ 13.84389440575009, 41.656929031530183 ], [ 13.84417300700132, 41.657303842271745 ], [ 13.844370187136649, 41.657657889680777 ], [ 13.844522220976959, 41.657884523523542 ], [ 13.844791243636113, 41.658283413090047 ], [ 13.845033395085563, 41.658506449949066 ], [ 13.845287238528302, 41.658971216619989 ], [ 13.845342383242738, 41.65924489823341 ], [ 13.845310439157034, 41.659688784715243 ], [ 13.845023737732914, 41.660278680515354 ], [ 13.845028674005347, 41.660562362522839 ], [ 13.845075755352108, 41.660615360190278 ], [ 13.84514300592698, 41.660659556314691 ], [ 13.845250326800961, 41.660701153628992 ], [ 13.84530333049986, 41.660758712811216 ], [ 13.845411354676179, 41.660909817105392 ], [ 13.845489805756927, 41.661102522275804 ], [ 13.845576982772668, 41.661280872753579 ], [ 13.845603954681259, 41.661376872484858 ], [ 13.845626266054257, 41.66141259154513 ], [ 13.845649315805968, 41.661460508201408 ], [ 13.845720699667959, 41.661559463733056 ], [ 13.845787497663029, 41.661620727007083 ], [ 13.845828719100123, 41.661668467593323 ], [ 13.845985325080733, 41.661787639686132 ], [ 13.846066701290885, 41.661835783396235 ], [ 13.846094691832878, 41.661874786200691 ], [ 13.846185091242413, 41.661953137348121 ], [ 13.846298487578768, 41.662028851010582 ], [ 13.846324387034597, 41.662077871740472 ], [ 13.846340649093499, 41.662131098137294 ], [ 13.846357115951761, 41.662172853474011 ], [ 13.846401804080424, 41.662240706600095 ], [ 13.846518308831005, 41.662356607141582 ], [ 13.846677539299064, 41.662543209164028 ], [ 13.846623359561777, 41.662578518903501 ], [ 13.846528128988005, 41.662663611469 ], [ 13.846444396642024, 41.662747385229942 ], [ 13.846392000772134, 41.662789883459098 ], [ 13.846177806601521, 41.662896727726498 ], [ 13.845973659013067, 41.662976423836504 ], [ 13.845808061363178, 41.663039297084069 ], [ 13.845673211587791, 41.663093874104113 ], [ 13.845553684471165, 41.663147170748871 ], [ 13.8453452498568, 41.663252637168739 ], [ 13.845201956277863, 41.663351587097587 ], [ 13.845050911084675, 41.663456195498284 ], [ 13.844857541344011, 41.66357471966915 ], [ 13.844606677489743, 41.663699836192841 ], [ 13.844374370321347, 41.663856689814878 ], [ 13.844159476852916, 41.664002244991821 ], [ 13.843892748142862, 41.664158751424551 ], [ 13.843708781199899, 41.664285973058128 ], [ 13.843561350517678, 41.664402088946701 ], [ 13.843387071543916, 41.664522236851688 ], [ 13.843233620790686, 41.664654067246296 ], [ 13.843158326174196, 41.664693465207868 ], [ 13.84303512368143, 41.664738117377013 ], [ 13.842919800918867, 41.664769941504666 ], [ 13.842839154517796, 41.664787773296844 ], [ 13.842746701010027, 41.664824129934793 ], [ 13.842630838640288, 41.664886065241248 ], [ 13.842547457932495, 41.664949761715313 ], [ 13.842356427042192, 41.665115153693442 ], [ 13.842256862290579, 41.66519255026072 ], [ 13.842231840762661, 41.665201381062346 ], [ 13.842206293152081, 41.665203991959828 ], [ 13.84217122727402, 41.665204116725953 ], [ 13.842149662533235, 41.6651979238856 ], [ 13.842132524467699, 41.665184843973229 ], [ 13.841949340476923, 41.665001221189648 ], [ 13.841852368820213, 41.664889456805042 ], [ 13.841736711108563, 41.664939920163292 ], [ 13.841622429541287, 41.664993624086222 ], [ 13.841433166608521, 41.665069159684059 ], [ 13.841384058107147, 41.665088025460221 ], [ 13.841305977119378, 41.665122733160032 ], [ 13.841223593564449, 41.66515739742308 ], [ 13.841149622032431, 41.665202902487877 ], [ 13.841037648491939, 41.665287821601297 ], [ 13.840992572160346, 41.66532178632194 ], [ 13.840975390156053, 41.665346710453612 ], [ 13.840947176529522, 41.665400206084172 ], [ 13.840922755152581, 41.665455532627625 ], [ 13.840898541720835, 41.665525919711797 ], [ 13.840883666313838, 41.665555528041537 ], [ 13.840876418505083, 41.665639710546699 ], [ 13.840879081283919, 41.665731163700421 ], [ 13.840895288248701, 41.665787258546111 ], [ 13.840924422118432, 41.665842408164274 ], [ 13.841010975301867, 41.666055174966701 ], [ 13.841038270142052, 41.666132893679119 ], [ 13.841049145661193, 41.666166347061782 ], [ 13.8410839394143, 41.666225856128513 ], [ 13.841104564956657, 41.666275541879209 ], [ 13.841117117206425, 41.666348809488447 ], [ 13.841114373764961, 41.666448454402179 ], [ 13.841105970694366, 41.666543739827922 ], [ 13.841091093288886, 41.666626769791087 ], [ 13.841081625866227, 41.666741405338271 ], [ 13.84108447518566, 41.666782486264786 ], [ 13.84108879499521, 41.66679489926539 ], [ 13.841114768057526, 41.666829199488539 ], [ 13.841194955075316, 41.666896163784692 ], [ 13.841296766732492, 41.666977705436395 ], [ 13.841370722832943, 41.667010759680863 ], [ 13.841431965881991, 41.667066250449189 ], [ 13.841544998426377, 41.667170469737911 ], [ 13.841736741539661, 41.667347791967465 ], [ 13.842010819349253, 41.667510558494023 ], [ 13.842295045570165, 41.6676795806192 ], [ 13.842373756989279, 41.667752683242497 ], [ 13.842455000709759, 41.667913506080161 ], [ 13.842541642889543, 41.66800207351524 ], [ 13.842639259037973, 41.66805075028455 ], [ 13.842728228638212, 41.668123955971794 ], [ 13.842772369132, 41.668179786629118 ], [ 13.842834131760439, 41.668397337685327 ], [ 13.842855100181151, 41.668486782079391 ], [ 13.842824643829651, 41.668583401188229 ], [ 13.842836813077247, 41.668820453402596 ], [ 13.842948556210352, 41.668996968015009 ], [ 13.843036577750713, 41.669008623737732 ], [ 13.84312267131015, 41.669127955287578 ], [ 13.843192242979866, 41.669253274477512 ], [ 13.843252934383065, 41.669301579024577 ], [ 13.843323305107052, 41.669382289552267 ], [ 13.843369030327485, 41.669464290494773 ], [ 13.843464074614012, 41.669542172254474 ], [ 13.843629738362502, 41.669686920237972 ], [ 13.843815064741015, 41.669879559433362 ], [ 13.843957722919983, 41.670048691549916 ], [ 13.844056046180803, 41.67017276092475 ], [ 13.844175463106417, 41.670264733782922 ], [ 13.844243729442084, 41.670348499582531 ], [ 13.844350012241895, 41.670486495288081 ], [ 13.844431374251409, 41.670641163850512 ], [ 13.844514568105376, 41.670808158802878 ], [ 13.844602800830994, 41.670922895218233 ], [ 13.844732285173686, 41.671025738236409 ], [ 13.844936660289008, 41.671186258509131 ], [ 13.845039310270906, 41.671298062485583 ], [ 13.845142675534085, 41.671369872456879 ], [ 13.845223996104185, 41.671412229245902 ], [ 13.845344819089332, 41.671425751312299 ], [ 13.845614967402357, 41.671465389409718 ], [ 13.845700693889738, 41.671490866577372 ], [ 13.845799929563263, 41.671564172982137 ], [ 13.845817679270068, 41.671604352351437 ], [ 13.845849166558024, 41.671909292342036 ], [ 13.845891150775813, 41.671971254139081 ], [ 13.845925285922293, 41.672013136547626 ], [ 13.845938905154044, 41.672054812919136 ], [ 13.845971529073617, 41.672181297841902 ], [ 13.845987419792893, 41.672210688987434 ], [ 13.846080886735525, 41.672262398163255 ], [ 13.846096640147081, 41.672299480433274 ], [ 13.846193798419851, 41.672374304136831 ], [ 13.846487600865267, 41.672583413080183 ], [ 13.84656257675285, 41.672636474759173 ], [ 13.846598572050352, 41.672689145160767 ], [ 13.846758260733235, 41.672824597605555 ], [ 13.846841965318982, 41.672848515127853 ], [ 13.847087006939859, 41.672915590900288 ], [ 13.847161901356035, 41.672973266880945 ], [ 13.847185697363091, 41.673019660701954 ], [ 13.847227573774688, 41.673087774937237 ], [ 13.847272160662484, 41.673118992259845 ], [ 13.847325971351522, 41.673179533650824 ], [ 13.847399969142785, 41.673258739531086 ], [ 13.847437284636325, 41.673323730936417 ], [ 13.847516289974315, 41.673381063288303 ], [ 13.847589675627992, 41.673408338413168 ], [ 13.847644308459696, 41.673451579733765 ], [ 13.847849181564341, 41.673527482102415 ], [ 13.847903629494743, 41.673581106344216 ], [ 13.847972765354596, 41.67367410964183 ], [ 13.848109766356705, 41.673845102964059 ], [ 13.848162223467847, 41.673924092432813 ], [ 13.848219708336462, 41.673980054717468 ], [ 13.848299677998876, 41.674069704764342 ], [ 13.848329157139672, 41.674142694481958 ], [ 13.848373081543453, 41.674182366504368 ], [ 13.848403157252436, 41.674221899732778 ], [ 13.848445645834307, 41.674255787951303 ], [ 13.84854166173457, 41.674308674540178 ], [ 13.848675838195668, 41.674379251534724 ], [ 13.848852095881524, 41.674420249098056 ], [ 13.848988181692484, 41.674470075059411 ], [ 13.849053382103804, 41.674524960325648 ], [ 13.849137928764895, 41.674616963380906 ], [ 13.84935792532219, 41.67479455572925 ], [ 13.849547188814865, 41.67496953223224 ], [ 13.849607119275351, 41.675028563371846 ], [ 13.849646108075683, 41.674988773574135 ], [ 13.849651660699402, 41.674979809081272 ], [ 13.849689332955373, 41.674926066113017 ], [ 13.849690814829904, 41.674842850755688 ], [ 13.84967877332155, 41.674766675046357 ], [ 13.849653144599367, 41.674701125850568 ], [ 13.849609566142178, 41.67462248193344 ], [ 13.849581806700177, 41.674569108919385 ], [ 13.849461122287957, 41.674440544163481 ], [ 13.849412532934494, 41.674388038812836 ], [ 13.849396678616518, 41.674378193801743 ], [ 13.84934052901027, 41.674320321149033 ], [ 13.849315074929487, 41.674298720602422 ], [ 13.849257552123563, 41.674250789495012 ], [ 13.849205594821248, 41.674206053161903 ], [ 13.849188219501421, 41.674187582870005 ], [ 13.849146299121196, 41.674150211725788 ], [ 13.849129823141276, 41.674134979189155 ], [ 13.849112945443684, 41.674115437616685 ], [ 13.849096718710232, 41.67408621628784 ], [ 13.849085818406682, 41.674053460792649 ], [ 13.849076934002269, 41.674014985471999 ], [ 13.849077321518124, 41.673966378610587 ], [ 13.849081526389794, 41.673831081956479 ], [ 13.849086194007581, 41.673783952962665 ], [ 13.849090050341728, 41.673674931315837 ], [ 13.84910251434264, 41.673579628405989 ], [ 13.849113134840415, 41.673534083717591 ], [ 13.849149522666277, 41.67342538785595 ], [ 13.849196420827347, 41.673371327370091 ], [ 13.849282409102948, 41.673271738176503 ], [ 13.849348903193638, 41.673192043779054 ], [ 13.849489647527712, 41.673026992500446 ], [ 13.849696015752626, 41.672831027854549 ], [ 13.849887840227659, 41.672591867159532 ], [ 13.850209637364063, 41.672147366040399 ], [ 13.850311288537945, 41.672027842701212 ], [ 13.850277074479077, 41.671937525566506 ], [ 13.85032236565293, 41.671728037674015 ], [ 13.850329307760763, 41.6715530366235 ], [ 13.85031948597843, 41.671459663095796 ], [ 13.850288844847691, 41.671353166243186 ], [ 13.850251773728091, 41.671285350163345 ], [ 13.850152678901276, 41.671153773314124 ], [ 13.85010234085183, 41.671078649418092 ], [ 13.850062360554416, 41.671066769330459 ], [ 13.850026130759316, 41.671059231772041 ], [ 13.849918946320665, 41.671059594156858 ], [ 13.849780276555654, 41.671108431455387 ], [ 13.849710877731264, 41.671136436911908 ], [ 13.849635942562882, 41.671152906873246 ], [ 13.849547586924711, 41.671170677439136 ], [ 13.84941131570158, 41.671192273222694 ], [ 13.849342325495249, 41.671197322480253 ], [ 13.84921075019942, 41.671170174903516 ], [ 13.849157630718052, 41.671143812885148 ], [ 13.849127448356615, 41.671119115554554 ], [ 13.849080350764794, 41.671077028761253 ], [ 13.848984548956411, 41.670975618974502 ], [ 13.848921277721599, 41.670874534949945 ], [ 13.84885754652344, 41.670799276357862 ], [ 13.848780537687311, 41.670663614542697 ], [ 13.848756712112477, 41.670631267645327 ], [ 13.848730380585398, 41.670578446827442 ], [ 13.848710379947015, 41.670519411283841 ], [ 13.848699998145047, 41.670457602092263 ], [ 13.848706258132264, 41.670213714071899 ], [ 13.848733204862713, 41.670097748673378 ], [ 13.848751525906966, 41.670036227023097 ], [ 13.848769591258995, 41.669989052851825 ], [ 13.848812945741356, 41.669885359645654 ], [ 13.848836361282657, 41.669826579645459 ], [ 13.848858139865179, 41.669792537069689 ], [ 13.848887603985188, 41.669723234487648 ], [ 13.848911307427171, 41.669681856783527 ], [ 13.8490084999885, 41.669517087241694 ], [ 13.849055855413159, 41.669437201268451 ], [ 13.849161462323179, 41.669202918135461 ], [ 13.849264490564236, 41.669005919194845 ], [ 13.849307813887794, 41.668937472771795 ], [ 13.849339170712055, 41.66889617160502 ], [ 13.849391984655052, 41.668832125188722 ], [ 13.849634312422479, 41.668658045580941 ], [ 13.849717409470076, 41.668612957205681 ], [ 13.849821733445726, 41.668558036186504 ], [ 13.850055179429518, 41.668452747017476 ], [ 13.850101664583425, 41.668421642050561 ], [ 13.850125034814104, 41.668398915812908 ], [ 13.850140853273487, 41.668370373990641 ], [ 13.850143456154152, 41.668331654902339 ], [ 13.850126847729916, 41.668297048605957 ], [ 13.850109983979971, 41.668276789801247 ], [ 13.850062709022032, 41.668244746654089 ], [ 13.850268802652026, 41.668093487402629 ], [ 13.850372946623608, 41.668048609108574 ], [ 13.850550822965413, 41.667947068020013 ], [ 13.8507372197155, 41.667904447067258 ], [ 13.850808196323587, 41.667895111808129 ], [ 13.850963186478003, 41.667896661579 ], [ 13.851069982994797, 41.667917819403115 ], [ 13.851136469364334, 41.667945749180738 ], [ 13.851197062348906, 41.667982230037332 ], [ 13.851247960545138, 41.668025788978262 ], [ 13.851325341435109, 41.668140645351087 ], [ 13.851350076442454, 41.668202597798121 ], [ 13.851382822718548, 41.668298352927799 ], [ 13.851411244783158, 41.668422047424585 ], [ 13.851445075822445, 41.668564451035031 ], [ 13.851468203993683, 41.668662980018375 ], [ 13.851483741720221, 41.66870403294233 ], [ 13.851500478494755, 41.66873146530078 ], [ 13.851521998994967, 41.668758945463722 ], [ 13.851556837403997, 41.668790863728411 ], [ 13.851620352645504, 41.668824503552734 ], [ 13.851710466935833, 41.668848902215977 ], [ 13.85173384022316, 41.668852902647615 ], [ 13.851764481593802, 41.668858500386811 ], [ 13.851788770125475, 41.668858115249591 ], [ 13.851838737528647, 41.668846416938457 ], [ 13.851890312122647, 41.668825048379169 ], [ 13.851964924632544, 41.668772698586821 ], [ 13.852034759685017, 41.668719942271146 ], [ 13.852164594408965, 41.668629398826184 ], [ 13.852235303049415, 41.668581314878011 ], [ 13.852311586363466, 41.668542614091102 ], [ 13.852376988680756, 41.668523894663437 ], [ 13.852451971091064, 41.668504553358744 ], [ 13.85251149275244, 41.668493667659888 ], [ 13.852744733211606, 41.668507476376092 ], [ 13.85298497103102, 41.668531399494256 ], [ 13.853094307589013, 41.668544329511988 ], [ 13.853188520984485, 41.668546704724214 ], [ 13.853240241328113, 41.668517085731558 ], [ 13.853280646274291, 41.668478026274443 ], [ 13.853293120228017, 41.668422185546241 ], [ 13.853304860085263, 41.66816507802745 ], [ 13.853312649332967, 41.668022731489799 ], [ 13.853337586130568, 41.667965580101146 ], [ 13.853395185386233, 41.667901220817441 ], [ 13.853554084454261, 41.667709439140886 ], [ 13.85358466794003, 41.667630639571009 ], [ 13.853592643305543, 41.667601321640568 ], [ 13.853593998520157, 41.667524940033736 ], [ 13.853577197215063, 41.667464460487786 ], [ 13.853564045943605, 41.667437523985974 ], [ 13.853542358313184, 41.667413182854816 ], [ 13.853529517128928, 41.667393955968251 ], [ 13.853503176502606, 41.667354825491216 ], [ 13.853472448837893, 41.667323692832618 ], [ 13.853449739445875, 41.66729398042834 ], [ 13.853440148094545, 41.667280482082539 ], [ 13.853439634995022, 41.667259032716714 ], [ 13.853442672345876, 41.667238959038606 ], [ 13.853451035368883, 41.667220948891782 ], [ 13.853470204290687, 41.667198355622276 ], [ 13.853498166098513, 41.667183891663683 ], [ 13.853529607012284, 41.667174823468102 ], [ 13.853577894719821, 41.667173294783531 ], [ 13.853617163649991, 41.667176367042686 ], [ 13.853648259817767, 41.667186729224589 ], [ 13.853687083007882, 41.667214926990781 ], [ 13.85371502152123, 41.667214368001069 ], [ 13.853742590515779, 41.667209449456173 ], [ 13.853754867482447, 41.667197509520115 ], [ 13.853768585809364, 41.667179887830684 ], [ 13.853774523609923, 41.667147445616905 ], [ 13.853788472890773, 41.667097911156702 ], [ 13.853799205031118, 41.667040805614064 ], [ 13.85383779343797, 41.666943686163734 ], [ 13.853870912132022, 41.666890405844683 ], [ 13.853911393101509, 41.666825136548177 ], [ 13.853977321216348, 41.666735996223139 ], [ 13.854055687540455, 41.666651000683693 ], [ 13.854133602147426, 41.666591465631768 ], [ 13.854175346973808, 41.666555694683289 ], [ 13.854233056801512, 41.666526784219108 ], [ 13.854271132299584, 41.666496337714605 ], [ 13.854296721866714, 41.666464426454809 ], [ 13.854333010205096, 41.666433962112357 ], [ 13.854369536095438, 41.666390097469609 ], [ 13.854410016240349, 41.666324827981541 ], [ 13.854415852661646, 41.666298080847461 ], [ 13.854464676896757, 41.66631666112189 ], [ 13.854498244890951, 41.666326210047465 ], [ 13.85454122114144, 41.666336971044984 ], [ 13.854583296353015, 41.666342973434524 ], [ 13.854634174984875, 41.666346496123872 ], [ 13.854686024362161, 41.666345672601715 ], [ 13.854714736567672, 41.66633925741597 ], [ 13.854750787133751, 41.666322193227728 ], [ 13.85477621014471, 41.666299662059657 ], [ 13.854801514390068, 41.666283831030931 ], [ 13.854833848232389, 41.666274771373359 ], [ 13.854874951271617, 41.666275180946663 ], [ 13.854912456387007, 41.66627689492114 ], [ 13.854962661096284, 41.666268013291983 ], [ 13.855011007468288, 41.666263133923152 ], [ 13.855014066738159, 41.666317445165241 ], [ 13.855026558840688, 41.666419429819562 ], [ 13.855017605832078, 41.666521200812241 ], [ 13.855023994368921, 41.66656415296351 ], [ 13.855040868052592, 41.666620612234055 ], [ 13.855010419236024, 41.666674589629061 ], [ 13.855005381590148, 41.666706705813198 ], [ 13.855023769322441, 41.666778593224457 ], [ 13.855069236726189, 41.666835337367395 ], [ 13.855133816280391, 41.666923098000417 ], [ 13.855175123645655, 41.667038102210206 ], [ 13.855187003125296, 41.667143822720071 ], [ 13.855239053633465, 41.66712245738573 ], [ 13.855276344863338, 41.667096998747702 ], [ 13.855366044103317, 41.667056994542051 ], [ 13.855489850995387, 41.666982172315237 ], [ 13.855631924148209, 41.666902509327315 ], [ 13.855812367182377, 41.666817488165186 ], [ 13.855881949299359, 41.666778718266052 ], [ 13.856004557033176, 41.666717516093186 ], [ 13.856065299904753, 41.666691573141335 ], [ 13.856183022148119, 41.66663606216845 ], [ 13.856236200064885, 41.666605021311426 ], [ 13.856295897143657, 41.666584090348195 ], [ 13.856471288265395, 41.666514085424993 ], [ 13.856588182390508, 41.666478297121891 ], [ 13.856718093514255, 41.666436898174609 ], [ 13.856876927844313, 41.666383230480633 ], [ 13.856968820194023, 41.666354368122974 ], [ 13.857026742978627, 41.666325526598662 ], [ 13.857112708417308, 41.666280102611573 ], [ 13.857244302439232, 41.666170557025787 ], [ 13.857281998306448, 41.666122141659322 ], [ 13.857336364044068, 41.666050931934926 ], [ 13.857381323845265, 41.665997566238566 ], [ 13.857423397607537, 41.665945068709163 ], [ 13.857447634123357, 41.665913739540628 ], [ 13.857476578018249, 41.665886762183945 ], [ 13.85749639335096, 41.665875479133305 ], [ 13.857525858136064, 41.665859628238266 ], [ 13.857544086197427, 41.665856939435251 ], [ 13.857580440850622, 41.665857300835576 ], [ 13.857611948583367, 41.665861201558329 ], [ 13.857640497438046, 41.665870095381116 ], [ 13.857666087420037, 41.665883982306177 ], [ 13.857684879042647, 41.665903541674446 ], [ 13.857693197677674, 41.665920126928576 ], [ 13.857698532072185, 41.665943140045954 ], [ 13.857694159938433, 41.66597394921471 ], [ 13.857650182478569, 41.666025889793232 ], [ 13.857537606678683, 41.666115176081064 ], [ 13.857467899411018, 41.666161120776806 ], [ 13.857359238752506, 41.666245423289766 ], [ 13.857237095084042, 41.666334614146464 ], [ 13.857169650981247, 41.666374303012624 ], [ 13.857107398910612, 41.666417989739067 ], [ 13.856983620328579, 41.666491378999723 ], [ 13.856782568381774, 41.666605614618298 ], [ 13.85654268859156, 41.666751033679724 ], [ 13.856389367058716, 41.666844577170217 ], [ 13.856294237559039, 41.666921120779307 ], [ 13.85618148053884, 41.667020448951234 ], [ 13.856074666695346, 41.66710835612399 ], [ 13.855955965455498, 41.667219104944969 ], [ 13.855869995621394, 41.667318699466833 ], [ 13.855752698923425, 41.667458162163868 ], [ 13.855623107834621, 41.667643422482961 ], [ 13.855525198725003, 41.667768727942175 ], [ 13.855453467727532, 41.667928734162786 ], [ 13.855351948522522, 41.668257774255508 ], [ 13.855277471195626, 41.668572733552544 ], [ 13.855245743920083, 41.66874318312226 ], [ 13.855241288349642, 41.668886639246423 ], [ 13.855242097152223, 41.669165038277342 ], [ 13.855252769872608, 41.66929178377989 ], [ 13.855266939171852, 41.669437219172607 ], [ 13.855292026857855, 41.669560520741506 ], [ 13.855290069481276, 41.669670996620333 ], [ 13.855283210427265, 41.669734068511723 ], [ 13.855249333313377, 41.669809786315049 ], [ 13.855222839840117, 41.669846832529387 ], [ 13.855182926269894, 41.669885180054109 ], [ 13.855109425158171, 41.669942386143681 ], [ 13.855019215545124, 41.669997452583779 ], [ 13.854949229695682, 41.670018280346653 ], [ 13.854783471305787, 41.670084073854888 ], [ 13.854299792399468, 41.670270108446758 ], [ 13.854172608731602, 41.670319065577267 ], [ 13.854057295391058, 41.670373163449646 ], [ 13.853941058079361, 41.670452364571432 ], [ 13.853907866209468, 41.670489343674774 ], [ 13.853831201951747, 41.670603379445872 ], [ 13.853734027351619, 41.670794700828843 ], [ 13.853643178361633, 41.670953080119212 ], [ 13.853633203270496, 41.670975940685807 ], [ 13.853434714642502, 41.671268136422427 ], [ 13.853407402791367, 41.671297281515606 ], [ 13.853337816124005, 41.671389862487494 ], [ 13.853208783070944, 41.671542837893362 ], [ 13.85319399834011, 41.671567085427419 ], [ 13.853120825896726, 41.671645997938207 ], [ 13.853070514269392, 41.671730878577804 ], [ 13.853054237741921, 41.671785246293119 ], [ 13.853031456275955, 41.671882599208701 ], [ 13.8530251073075, 41.672024601256339 ], [ 13.853015876732716, 41.672221104696561 ], [ 13.852999880237533, 41.672259690148969 ], [ 13.852968243831173, 41.672316774548101 ], [ 13.852922917615519, 41.672428904809571 ], [ 13.852886815708375, 41.672477221633507 ], [ 13.852871435550224, 41.672507665196179 ], [ 13.85291901368606, 41.672544300307791 ], [ 13.852920053516938, 41.672590206317267 ], [ 13.852882319115304, 41.672625989853337 ], [ 13.852829772378389, 41.672660234737947 ], [ 13.852802584023836, 41.672676652648825 ], [ 13.852804686238198, 41.672688842930135 ], [ 13.852803969476987, 41.672703091235476 ], [ 13.852801830880168, 41.672719063817944 ], [ 13.852813527893142, 41.672739346845908 ], [ 13.852835289547397, 41.672767379613639 ], [ 13.852847728700262, 41.672798100870992 ], [ 13.852842908285149, 41.672860637699706 ], [ 13.852853196521052, 41.672908026804059 ], [ 13.852880448066038, 41.672940286693567 ], [ 13.852917046872127, 41.672968467548522 ], [ 13.853021551155118, 41.673037658681416 ], [ 13.853109536745418, 41.673096949427645 ], [ 13.853197399071947, 41.673163192758921 ], [ 13.853246684404443, 41.673208189428387 ], [ 13.853268322983563, 41.67324317476735 ], [ 13.853275223190195, 41.67327244992903 ], [ 13.853274482682854, 41.67331416583562 ], [ 13.853251437084314, 41.673358440719511 ], [ 13.8532223137481, 41.673406058745037 ], [ 13.853247306084304, 41.673415902628733 ], [ 13.853287059221215, 41.67344069437673 ], [ 13.853384681368636, 41.673494046095762 ], [ 13.85344905710827, 41.673533433498442 ], [ 13.853472608217359, 41.673554476022588 ], [ 13.853498162093773, 41.67357051600947 ], [ 13.853558710719767, 41.673609865168821 ], [ 13.853601156310894, 41.673644728694818 ], [ 13.853835226300122, 41.673828591461472 ], [ 13.85397300001857, 41.673938308280533 ], [ 13.853981331409702, 41.67395417640666 ], [ 13.854304314373667, 41.674197042511608 ], [ 13.854383911510546, 41.674241603653194 ], [ 13.85448454619047, 41.674287091947441 ], [ 13.854566362505095, 41.67431445503901 ], [ 13.854660693944966, 41.674337637794551 ], [ 13.85474941167949, 41.674353589509415 ], [ 13.854878341607961, 41.674368506859963 ], [ 13.855013994817643, 41.674382056049687 ], [ 13.855142158753862, 41.674386202944582 ], [ 13.855402225015681, 41.674399556053267 ], [ 13.855530875589107, 41.674430254930783 ], [ 13.855606875321746, 41.674461864366158 ], [ 13.855677989321407, 41.674499165115613 ], [ 13.855736601085272, 41.674539928843849 ], [ 13.855796169753196, 41.674580702069669 ], [ 13.855924083967039, 41.674653008283471 ], [ 13.856013238414757, 41.67469838094717 ], [ 13.856137668760061, 41.674751279691797 ], [ 13.856266053662232, 41.674797042641408 ], [ 13.856434524180912, 41.674848944366843 ], [ 13.856540129317501, 41.674877286906153 ], [ 13.856630258423522, 41.674901475858178 ], [ 13.856705958598564, 41.674923036560543 ], [ 13.856859060956648, 41.674951107207747 ], [ 13.857228790356615, 41.675040884697246 ], [ 13.857739371814027, 41.675175111234957 ], [ 13.858101144691892, 41.675282026877952 ], [ 13.858287569767715, 41.67534701932879 ], [ 13.858506982474973, 41.675427227315353 ], [ 13.858525154511028, 41.675441399104741 ], [ 13.858551063704073, 41.675450983980674 ], [ 13.858580595929578, 41.675458631706469 ], [ 13.858639159783408, 41.675459730305931 ], [ 13.858707463307702, 41.675455048606452 ], [ 13.858773244728679, 41.675469334422516 ], [ 13.858812202853008, 41.675485147590933 ], [ 13.858831513997924, 41.675502559402091 ], [ 13.858867268941005, 41.675510089472084 ], [ 13.858908609749275, 41.675553550088495 ], [ 13.858929907535149, 41.675593941668247 ], [ 13.858941272509032, 41.675627777101482 ], [ 13.858930630012537, 41.675661394013716 ], [ 13.858817392547643, 41.675678924620613 ], [ 13.858623323503117, 41.675721482380617 ], [ 13.858540831762285, 41.675732143062291 ], [ 13.858445020190084, 41.675738366359752 ], [ 13.858156204285581, 41.67572688697355 ], [ 13.857946078297214, 41.675703273877552 ], [ 13.857816048544628, 41.675696241552622 ], [ 13.857687640731962, 41.675705727744067 ], [ 13.857529697497416, 41.675707745147484 ], [ 13.857379782153746, 41.675742847236201 ], [ 13.857318163186605, 41.675763759598837 ], [ 13.857235277763841, 41.67579665798214 ], [ 13.857094087938671, 41.675825388948866 ], [ 13.856971357402802, 41.675838518310087 ], [ 13.856842885725001, 41.675851590429453 ], [ 13.85666105899857, 41.675851216546036 ], [ 13.856575044172661, 41.675844620721094 ], [ 13.856500689345941, 41.675828095832159 ], [ 13.856420872877653, 41.675795731506788 ], [ 13.856273128815634, 41.675708160959758 ], [ 13.855999869267274, 41.675574855682804 ], [ 13.855892161236804, 41.675496293215787 ], [ 13.855782488954304, 41.675420581096837 ], [ 13.85573676384492, 41.67540864578239 ], [ 13.855607370446378, 41.675365742207831 ], [ 13.85533335100371, 41.675275477883957 ], [ 13.855071202259667, 41.675271431387024 ], [ 13.855034613460251, 41.675283981877875 ], [ 13.85460855532901, 41.675348616294166 ], [ 13.85405399960155, 41.675427752874697 ], [ 13.85395987272017, 41.67544690426211 ], [ 13.853751310784428, 41.675551014397819 ], [ 13.85370864952327, 41.675582158938347 ], [ 13.853679485891366, 41.675607698090957 ], [ 13.853650449547708, 41.675626063489069 ], [ 13.853534864236204, 41.675667960521402 ], [ 13.853459619104765, 41.675701649900468 ], [ 13.853388506898844, 41.675718160427273 ], [ 13.85324640973738, 41.675744007601743 ], [ 13.853118090432901, 41.675748467055222 ], [ 13.852978008706566, 41.675768593998178 ], [ 13.852801948934244, 41.675766836565522 ], [ 13.852716036612156, 41.675754498862766 ], [ 13.852563298015863, 41.675732883844425 ], [ 13.85182741837891, 41.675567683473687 ], [ 13.851712903252789, 41.675549319226889 ], [ 13.8512745671011, 41.67544305319241 ], [ 13.851078350988395, 41.675390866521262 ], [ 13.850891384553838, 41.675356709547515 ], [ 13.850791337545227, 41.675332031540151 ], [ 13.850780859534488, 41.675361222942911 ], [ 13.850743588183304, 41.675456900760921 ], [ 13.850715520659888, 41.675477389855558 ], [ 13.850648798834404, 41.675507877244272 ], [ 13.850557661720929, 41.675526581613546 ], [ 13.850460595266886, 41.675532533947418 ], [ 13.850161414387902, 41.675566464878585 ], [ 13.849951646975015, 41.675592058859287 ], [ 13.849783180049986, 41.675631912370555 ], [ 13.849710384673706, 41.675657722911893 ], [ 13.849645036619052, 41.67569745448418 ], [ 13.849538242844497, 41.675774272116243 ], [ 13.849465097880266, 41.675819694914374 ], [ 13.84939778040545, 41.675840367652135 ], [ 13.849336813282738, 41.67585014210249 ], [ 13.849259863551831, 41.675849948521268 ], [ 13.849172296455736, 41.67584099448333 ], [ 13.849038462946494, 41.675837346390651 ], [ 13.848959851099767, 41.675844059224787 ], [ 13.848897242328022, 41.675859586384604 ], [ 13.848842214393557, 41.67588153577428 ], [ 13.848801640441279, 41.675912860950326 ], [ 13.848619944809593, 41.676047198156795 ], [ 13.84842126834482, 41.676227519993184 ], [ 13.848314132847255, 41.676323372021983 ], [ 13.848196922815239, 41.676423161542573 ], [ 13.848150254716094, 41.676450963771643 ], [ 13.848027967007704, 41.676533394065601 ], [ 13.847982129887166, 41.676557742924402 ], [ 13.847957852551959, 41.676559807301103 ], [ 13.847914944934278, 41.676570915915164 ], [ 13.847878510348773, 41.676585839510231 ], [ 13.847858509877765, 41.676606985715104 ], [ 13.847885980906865, 41.676641588973581 ], [ 13.847905685904079, 41.676680152937195 ], [ 13.847971926302355, 41.676784665937561 ], [ 13.848051602818693, 41.676847774014043 ], [ 13.848213965029448, 41.676967096899169 ], [ 13.848326964707733, 41.677038760143027 ], [ 13.848441919486957, 41.677097894455422 ], [ 13.848985893430518, 41.677275993057904 ], [ 13.849233494746274, 41.677373234926009 ], [ 13.849348443257311, 41.677432800972873 ], [ 13.84938761302984, 41.677469540293103 ], [ 13.849407624242307, 41.677512578335858 ], [ 13.84939998278522, 41.677552743283634 ], [ 13.849378630566587, 41.677584982281161 ], [ 13.849317368580824, 41.677622014103271 ], [ 13.849251282939919, 41.677638227805531 ], [ 13.849119319694948, 41.677658974175586 ], [ 13.848938767496616, 41.677685724270624 ], [ 13.848777512677387, 41.677698388176104 ], [ 13.848564414733605, 41.677705339965783 ], [ 13.848365420802416, 41.677698153478246 ], [ 13.848121670684593, 41.677676238810804 ], [ 13.847993748116799, 41.677664571603188 ], [ 13.847905411353988, 41.677666282241141 ], [ 13.847659073602205, 41.677692370772554 ], [ 13.847494425659303, 41.677701104517034 ], [ 13.847065137852372, 41.677694202137573 ], [ 13.846950717405923, 41.677702140902682 ], [ 13.846870619429996, 41.677727299415082 ], [ 13.846767668359551, 41.677771700203905 ], [ 13.84635909324348, 41.677962315959938 ], [ 13.846125304914695, 41.678061221408754 ], [ 13.845882952655062, 41.678154847925178 ], [ 13.845620080468517, 41.678233988575194 ], [ 13.845398849286823, 41.678308354564606 ], [ 13.845281814643505, 41.678365593620548 ], [ 13.845183939068617, 41.678416534535522 ], [ 13.845143494801366, 41.678451177095603 ], [ 13.844985295763506, 41.678583292597565 ], [ 13.844647494305651, 41.678882356745412 ], [ 13.844400897682021, 41.679116133416663 ], [ 13.8442929010351, 41.679248752768942 ], [ 13.844245182480195, 41.679302793510637 ], [ 13.844216646714939, 41.679349238502191 ], [ 13.844085609019995, 41.679511482459681 ], [ 13.843936212860935, 41.679731956559223 ], [ 13.843811657186672, 41.679918929503216 ], [ 13.843761114410011, 41.680033952822654 ], [ 13.843664071752235, 41.680231587302707 ], [ 13.84358861694999, 41.680384005066173 ], [ 13.843487459932177, 41.680617945074196 ], [ 13.843422601026568, 41.68075878635922 ], [ 13.843373276768851, 41.680902380182694 ], [ 13.843327345096277, 41.681049902460266 ], [ 13.843286188609291, 41.681220838768944 ], [ 13.843263274587615, 41.681340034273425 ], [ 13.843238443214041, 41.681469595352951 ], [ 13.843216668146933, 41.681525194901916 ], [ 13.843170306284216, 41.681600018591638 ], [ 13.843126187095432, 41.681646306412567 ], [ 13.843071703350651, 41.681691191758759 ], [ 13.842982640202454, 41.681733132700685 ], [ 13.842895284977745, 41.681776388880657 ], [ 13.842649172421554, 41.681885547926377 ], [ 13.842467745181432, 41.681960309058006 ], [ 13.842200413510497, 41.682093917486128 ], [ 13.842044442735535, 41.682197492845674 ], [ 13.841889900191894, 41.682317957815293 ], [ 13.841772226680357, 41.682410235762809 ], [ 13.841583033595922, 41.682531649172375 ], [ 13.841462548576231, 41.682587551375114 ], [ 13.841377132075705, 41.682619142944546 ], [ 13.840985676325916, 41.682721640439418 ], [ 13.840667027973648, 41.682819678710537 ], [ 13.840365621969031, 41.682921784422497 ], [ 13.84015302540177, 41.682996227326626 ], [ 13.839881423387425, 41.683077862816944 ], [ 13.839747704443855, 41.683105472985275 ], [ 13.839511172087951, 41.683141525592056 ], [ 13.839167887378919, 41.683182649941678 ], [ 13.838925008552787, 41.683229400721999 ], [ 13.838603341793982, 41.683323021627423 ], [ 13.83828768825486, 41.683424390627579 ], [ 13.838076790991201, 41.683517592172215 ], [ 13.837950474384762, 41.683583971117905 ], [ 13.83779497576915, 41.683676194696929 ], [ 13.837530797510425, 41.683828946496334 ], [ 13.83723281068688, 41.684025702949079 ], [ 13.837055971115097, 41.684163838817767 ], [ 13.836920396661244, 41.68428855330248 ], [ 13.836849006840533, 41.684380089205696 ], [ 13.836762845536102, 41.684494540156876 ], [ 13.836669700504411, 41.684655049581806 ], [ 13.836532434574666, 41.684873542590267 ], [ 13.836474124304496, 41.684922156719047 ], [ 13.836384968024651, 41.68497507139724 ], [ 13.836300467421328, 41.684997280327387 ], [ 13.836176488114452, 41.6850241038414 ], [ 13.835759152378703, 41.685099432152555 ], [ 13.83551022232775, 41.685139963799301 ], [ 13.835257134795125, 41.685183528047979 ], [ 13.835129232671928, 41.685223747886766 ], [ 13.834962155975017, 41.685275102727864 ], [ 13.834690580947544, 41.685376908649467 ], [ 13.834495483822856, 41.685446430347234 ], [ 13.834294594472947, 41.685495903621053 ], [ 13.833855566002436, 41.685612922794064 ], [ 13.833445637076874, 41.685708708722849 ], [ 13.833285168800909, 41.685734757125644 ], [ 13.83314573701365, 41.685731803739777 ], [ 13.833043471059462, 41.685715388848301 ], [ 13.832959718602986, 41.685696086606875 ], [ 13.83301126313544, 41.685795019091273 ], [ 13.83307325671017, 41.685883294175163 ], [ 13.833138602112829, 41.686013119562141 ], [ 13.833171800295556, 41.686105715110656 ], [ 13.833189313743507, 41.686158172728263 ], [ 13.833202753217138, 41.686209051335759 ], [ 13.833246039380048, 41.686310975135676 ], [ 13.833378616211922, 41.686579870650938 ], [ 13.8335905922671, 41.686995647825817 ], [ 13.833759949693004, 41.687272604414801 ], [ 13.833831450616053, 41.687402491857206 ], [ 13.833938841352007, 41.687589636145397 ], [ 13.834043709806096, 41.687802894623367 ], [ 13.834139045950096, 41.68797607763895 ], [ 13.834133889174762, 41.68803445565284 ], [ 13.834065236175897, 41.68808757650622 ], [ 13.833967869722017, 41.688140405959594 ], [ 13.83380417836285, 41.688231003247388 ], [ 13.833733779394825, 41.688267192137609 ], [ 13.833611578718743, 41.688332070356005 ], [ 13.83347892856284, 41.688407605847154 ], [ 13.833360690399624, 41.68848021222194 ], [ 13.833260938442749, 41.688551468532452 ], [ 13.833151292619263, 41.688602634967879 ], [ 13.832930533060814, 41.688672662171541 ], [ 13.832816645872956, 41.688731473409113 ], [ 13.832743916902601, 41.688783014420856 ], [ 13.832585958175928, 41.688896732785757 ], [ 13.832511122258863, 41.688951327522602 ], [ 13.832438253790608, 41.689010555120234 ], [ 13.832335007554578, 41.689085875484743 ], [ 13.832207304596583, 41.689190162372441 ], [ 13.832141853899582, 41.689255103174723 ], [ 13.832043494541953, 41.689324834925294 ], [ 13.831971262530942, 41.689386631422771 ], [ 13.83175630390604, 41.689551536436028 ], [ 13.831654893715948, 41.689638663415749 ], [ 13.831568672317681, 41.689717744001904 ], [ 13.83145794996417, 41.689790424811882 ], [ 13.831351607653929, 41.689847773662052 ], [ 13.831159747995317, 41.689945256309095 ], [ 13.831064529455146, 41.68999246710721 ], [ 13.830863431625385, 41.690071403603042 ], [ 13.830739350002144, 41.690126521208036 ], [ 13.830623323720049, 41.690189921397078 ], [ 13.830562418004446, 41.690230305300389 ], [ 13.830472686561919, 41.690276546352173 ], [ 13.83037183054126, 41.690332925030987 ], [ 13.830316523905925, 41.690366190141994 ], [ 13.83025524643735, 41.690427071955916 ], [ 13.830179076572687, 41.690479601384382 ], [ 13.830142726901258, 41.690523310325837 ], [ 13.830095698382298, 41.690552559232827 ], [ 13.829974899972381, 41.690652813519144 ], [ 13.829915230742071, 41.690700385314443 ], [ 13.829813797687054, 41.690788535500644 ], [ 13.829759560484364, 41.690838212715953 ], [ 13.829694031331945, 41.690907251667007 ], [ 13.82959363055584, 41.691013863838855 ], [ 13.829547745814819, 41.691055425281462 ], [ 13.82945728776934, 41.691141636748064 ], [ 13.829362950399746, 41.691215507507536 ], [ 13.829268464125818, 41.691297577413323 ], [ 13.829197297220174, 41.691375784469045 ], [ 13.829125208892892, 41.691429379864104 ], [ 13.829016880980776, 41.691520534352669 ], [ 13.828919640480583, 41.691603600990895 ], [ 13.828836556896988, 41.691660159423023 ], [ 13.828772951115653, 41.691698464656255 ], [ 13.828687151125608, 41.691753970198825 ], [ 13.828639823510086, 41.691799616933707 ], [ 13.828594979522302, 41.691859127718146 ], [ 13.82856670208265, 41.691910094083603 ], [ 13.828543089541556, 41.691967771100678 ], [ 13.828513454320863, 41.692093555371954 ], [ 13.828489874390177, 41.69218711094981 ], [ 13.828467331470037, 41.692261200334571 ], [ 13.828443462806362, 41.692295297586476 ], [ 13.828380265608105, 41.692386399029189 ], [ 13.828198007554951, 41.692594684547423 ], [ 13.828183110403907, 41.692624260314091 ], [ 13.828017185176448, 41.692912156757224 ], [ 13.827984544094843, 41.692977429756517 ], [ 13.827967660778356, 41.69300339741136 ], [ 13.827925624555725, 41.693058836186971 ], [ 13.827877537291684, 41.693108575215071 ], [ 13.82771388008824, 41.693271433054484 ], [ 13.827687517182596, 41.693367522784349 ], [ 13.827583608257894, 41.693817503272726 ], [ 13.827598508080397, 41.694051376332723 ], [ 13.827626366344257, 41.694249503365818 ], [ 13.827655201310062, 41.694469167286705 ], [ 13.827692604675098, 41.694593585038561 ], [ 13.827715502751133, 41.694732549373882 ], [ 13.827731076623197, 41.69488510369429 ], [ 13.827731550651389, 41.694934312951524 ], [ 13.827715326643586, 41.695024355541143 ], [ 13.827661992058259, 41.6951495560414 ], [ 13.827596142596995, 41.695260960931492 ], [ 13.827447203199942, 41.695428923091697 ], [ 13.827311721093622, 41.695558752290118 ], [ 13.827126016711084, 41.695742740282959 ], [ 13.827001472992835, 41.695872680753752 ], [ 13.826861895421038, 41.696027069804913 ], [ 13.826805805892189, 41.696103037344237 ], [ 13.82675713359024, 41.696172246641687 ], [ 13.826693601593902, 41.696256338868203 ], [ 13.826609839279042, 41.69634979199941 ], [ 13.826516935381264, 41.696444518499263 ], [ 13.826452483513425, 41.696579172387061 ], [ 13.826397371525207, 41.696701620526959 ], [ 13.826348524387424, 41.696780395379044 ], [ 13.826237892606814, 41.696947380385232 ], [ 13.826168392168416, 41.697058747117545 ], [ 13.826036824070965, 41.697173580066675 ], [ 13.825893594686551, 41.69732793058467 ], [ 13.825798666102365, 41.697433570103861 ], [ 13.8256757656935, 41.697573093398255 ], [ 13.825458813397621, 41.69787020271545 ], [ 13.825337402900161, 41.698078080294245 ], [ 13.825235232458821, 41.698230799503285 ], [ 13.825161680417887, 41.698314105006709 ], [ 13.825081957897128, 41.698385729665951 ], [ 13.825026610501295, 41.698420700228191 ], [ 13.824824150585853, 41.698522505728754 ], [ 13.824665260650402, 41.698585119672714 ], [ 13.824580088747512, 41.698605433671389 ], [ 13.824538064389696, 41.69860978754096 ], [ 13.824247982193741, 41.698716162787044 ], [ 13.82380578779992, 41.698863350798732 ], [ 13.823478463694341, 41.699011713309567 ], [ 13.82314660458159, 41.699158661644887 ], [ 13.822913104656054, 41.699262196020882 ], [ 13.822813769970747, 41.69930901599048 ], [ 13.822634432627479, 41.699392602842416 ], [ 13.822501940107752, 41.699457534429285 ], [ 13.822422686971551, 41.699503193053097 ], [ 13.822308365519275, 41.699571727603434 ], [ 13.822093210246463, 41.699719185532174 ], [ 13.821918206350054, 41.69983965037548 ], [ 13.821187344373323, 41.700290625398949 ], [ 13.82050808516856, 41.700700452731617 ], [ 13.820354918293532, 41.700831914392801 ], [ 13.820265329151864, 41.700943982397199 ], [ 13.820014977021964, 41.701336868972014 ], [ 13.81984983192253, 41.701790768780128 ], [ 13.819704335306254, 41.702167418856575 ], [ 13.819592609194201, 41.702492477731113 ], [ 13.819511108343574, 41.702693924963128 ], [ 13.819456136586654, 41.702774456230991 ], [ 13.819392172837727, 41.702814802657208 ], [ 13.819338417576578, 41.70282882938929 ], [ 13.819278667385872, 41.702838238536984 ], [ 13.819237351959469, 41.702836902793919 ], [ 13.819061332816011, 41.702821426007418 ], [ 13.818869293557881, 41.702817629766599 ], [ 13.818783964649338, 41.702829509298446 ], [ 13.818706961815085, 41.702851497470341 ], [ 13.818621315954072, 41.70288068625964 ], [ 13.818530390432485, 41.702932600483777 ], [ 13.818466192435242, 41.702985700662374 ], [ 13.818324238271476, 41.703168301553738 ], [ 13.818263786937248, 41.703215972998471 ], [ 13.818154506670888, 41.703340593456197 ], [ 13.818111636836228, 41.703490499079656 ], [ 13.818047118445076, 41.70362742532032 ], [ 13.817952591926655, 41.703743085424215 ], [ 13.817897353334322, 41.703857887881284 ], [ 13.817637836833953, 41.704066053486393 ], [ 13.817386233348813, 41.704260281502947 ], [ 13.817197048814155, 41.704365854775801 ], [ 13.816897717557801, 41.704510386072535 ], [ 13.816698304859038, 41.704643188933467 ], [ 13.816592118799264, 41.704731392082458 ], [ 13.816406992245399, 41.704880743002121 ], [ 13.816253138516897, 41.705048639617758 ], [ 13.815733844531154, 41.70565014178716 ], [ 13.815343159868581, 41.706001478903836 ], [ 13.815186701959515, 41.706178459103484 ], [ 13.814971253105002, 41.706389455953754 ], [ 13.814807164234523, 41.706584580733171 ], [ 13.814512341928275, 41.707144655163532 ], [ 13.814401017967606, 41.707247382270907 ], [ 13.813830306396881, 41.707733534960497 ], [ 13.81313519591588, 41.70837147984124 ], [ 13.812750014083502, 41.708686417123431 ], [ 13.812565957225722, 41.708842606678921 ], [ 13.812529006553023, 41.708868193734482 ], [ 13.812490433425522, 41.708882829726527 ], [ 13.812452686152216, 41.708885628767497 ], [ 13.812421227292305, 41.70887710291241 ], [ 13.812365696393174, 41.708855115981095 ], [ 13.812253427336216, 41.70881067396342 ], [ 13.812203476485635, 41.708782821898218 ], [ 13.812142135317385, 41.708746195750479 ], [ 13.811954792085043, 41.708618514574916 ], [ 13.811487216675923, 41.708323009340305 ], [ 13.811280608648813, 41.708185104697876 ], [ 13.811022211356832, 41.708020239271271 ], [ 13.810903061589293, 41.707953400570091 ], [ 13.810806440253312, 41.707917775380807 ], [ 13.810633586601949, 41.707927831752137 ], [ 13.810600543245883, 41.707939335185316 ], [ 13.81056964585532, 41.707966351059206 ], [ 13.810431399911762, 41.708077907495863 ], [ 13.810291853749588, 41.708194006251489 ], [ 13.810085799759996, 41.708355886806565 ], [ 13.810040907015908, 41.708416471638984 ], [ 13.809998787689826, 41.708524467068962 ], [ 13.809914884688366, 41.708722237548045 ], [ 13.809820414791519, 41.708965458012003 ], [ 13.809659034949679, 41.709407991468176 ], [ 13.809573054078005, 41.709520543865523 ], [ 13.809274519481315, 41.709685565090147 ], [ 13.808866714775531, 41.709841252112142 ], [ 13.808578097531338, 41.709971153978429 ], [ 13.808472272360882, 41.71000972185319 ], [ 13.808301600887166, 41.709997185576668 ], [ 13.807901774925112, 41.709904074613021 ], [ 13.807706844841304, 41.709853887115479 ], [ 13.807600407736205, 41.70984371625994 ], [ 13.807518627475245, 41.709849667300524 ], [ 13.807389005888265, 41.709866454649955 ], [ 13.807274275044666, 41.709895862643876 ], [ 13.807215009593255, 41.709924713029295 ], [ 13.806874454369641, 41.710129703030766 ], [ 13.80661785975437, 41.710265299945938 ], [ 13.806502560449839, 41.710284501628799 ], [ 13.806372055900622, 41.710308078408872 ], [ 13.806255061749491, 41.710309885086829 ], [ 13.805867676242494, 41.710320970310192 ], [ 13.80564161274849, 41.710332220177769 ], [ 13.805517870729805, 41.710371732372408 ], [ 13.805448845133109, 41.710396702735203 ], [ 13.805311690899892, 41.710507094915876 ], [ 13.80500005421302, 41.710783399638814 ], [ 13.804871215047623, 41.710880278255054 ], [ 13.804707736271654, 41.710996440108786 ], [ 13.80444269095387, 41.711152343469152 ], [ 13.804336980470705, 41.711198086224165 ], [ 13.804203351014692, 41.711226916707474 ], [ 13.804086131139401, 41.711240807270812 ], [ 13.803880086178454, 41.711259817297176 ], [ 13.803540971578757, 41.711277441372658 ], [ 13.803328401342048, 41.711322070412642 ], [ 13.803279563996522, 41.711345738663219 ], [ 13.803181833144173, 41.711396096628476 ], [ 13.802890179307012, 41.711572874002535 ], [ 13.802278162882651, 41.711951815190716 ], [ 13.802002902333523, 41.712060008129285 ], [ 13.801841854596463, 41.712099127364766 ], [ 13.801411609472916, 41.712191347589403 ], [ 13.80131306428965, 41.712231118065674 ], [ 13.801250769091997, 41.71227353324231 ], [ 13.801191399903939, 41.71232126760794 ], [ 13.801150148686945, 41.712370702040104 ], [ 13.801095620730809, 41.712483462257879 ], [ 13.800959406858158, 41.713139350007332 ], [ 13.800868952775515, 41.713448927906796 ], [ 13.800648724251777, 41.71406767300514 ], [ 13.800543608549429, 41.714352165140482 ], [ 13.80050943362656, 41.714400539900581 ], [ 13.800473936058363, 41.714438701220224 ], [ 13.800443270120718, 41.714461046893689 ], [ 13.800406808111802, 41.714469732550157 ], [ 13.800361357021032, 41.714473791176715 ], [ 13.800216729829081, 41.714485276279156 ], [ 13.799810189755732, 41.714506567107705 ], [ 13.79963275313032, 41.714531912521103 ], [ 13.799383693316567, 41.714585974837547 ], [ 13.798941672706668, 41.714686751235526 ], [ 13.798555455648568, 41.714796042492431 ], [ 13.79785533059486, 41.715030110446243 ], [ 13.796986348300425, 41.715315670930046 ], [ 13.796674308948994, 41.715421199302881 ], [ 13.796534273202939, 41.715468464135142 ], [ 13.796367894724829, 41.715549451567817 ], [ 13.796123100997098, 41.715698747907332 ], [ 13.795926922805666, 41.715809517623057 ], [ 13.795778276164064, 41.715894845411583 ], [ 13.795574682472465, 41.71598866335809 ], [ 13.795356239931047, 41.716022638614028 ], [ 13.795050611286047, 41.716054565863331 ], [ 13.794924363745075, 41.71606533025264 ], [ 13.794837484356709, 41.716073863097229 ], [ 13.794687198823958, 41.716102885503311 ], [ 13.794480542973249, 41.716153604332703 ], [ 13.794178468677103, 41.716238075683343 ], [ 13.793705607054754, 41.716396305997137 ], [ 13.793248958841376, 41.716550171479582 ], [ 13.792966253175022, 41.716677152563122 ], [ 13.792819547981145, 41.716757208200505 ], [ 13.792573375662471, 41.716871728184799 ], [ 13.792451170086448, 41.716935796974667 ], [ 13.792240068908585, 41.717035196521195 ], [ 13.792151385636025, 41.717059196668139 ], [ 13.792109965028658, 41.717063294391394 ], [ 13.79204122429428, 41.71707239356445 ], [ 13.791965425295784, 41.717068007882901 ], [ 13.791889182346408, 41.717060406493921 ], [ 13.791714627827091, 41.717012106067131 ], [ 13.791407651088923, 41.716927280515314 ], [ 13.791091219248063, 41.716862753887945 ], [ 13.790990652786791, 41.716861695719544 ], [ 13.790964071114235, 41.716867649107392 ], [ 13.790886711307865, 41.716879301237427 ], [ 13.790856913893602, 41.716895420372879 ], [ 13.790749565396247, 41.716933389137928 ], [ 13.790579216643266, 41.717064191123306 ], [ 13.790454426986338, 41.717185272857428 ], [ 13.790211555929556, 41.717432606347465 ], [ 13.79010219759161, 41.717577649261962 ], [ 13.790047021689094, 41.717616166742161 ], [ 13.789996892768418, 41.717627538382224 ], [ 13.789928711948628, 41.717633620077095 ], [ 13.789858198896736, 41.717643077037927 ], [ 13.789790177501867, 41.717640660653359 ], [ 13.789616017739768, 41.717611627132584 ], [ 13.78945757772741, 41.717591258646891 ], [ 13.789280671262748, 41.71758769470749 ], [ 13.789130635120532, 41.71760311296552 ], [ 13.788952707452461, 41.717653935684694 ], [ 13.78870155091303, 41.717737984839118 ], [ 13.788553623129479, 41.717761924244464 ], [ 13.788259641428704, 41.71779055631405 ], [ 13.788078006020038, 41.717797140258369 ], [ 13.787806505980662, 41.717796542758528 ], [ 13.786829381203102, 41.717755630834944 ], [ 13.78654604951927, 41.71774073930294 ], [ 13.786203514575856, 41.717737121195405 ], [ 13.785885804591201, 41.717740564134097 ], [ 13.785471571824834, 41.717809283390885 ], [ 13.785330288073157, 41.717841788546352 ], [ 13.785081362697499, 41.717927553289066 ], [ 13.784950748363805, 41.71799586942447 ], [ 13.784568041602991, 41.718197513708716 ], [ 13.784323426543365, 41.71829522193616 ], [ 13.783887234251205, 41.718445299971123 ], [ 13.783526636805624, 41.718557078236927 ], [ 13.783350970749218, 41.718607916195573 ], [ 13.78315168976132, 41.718707801884257 ], [ 13.7829030104546, 41.718840312678431 ], [ 13.782719575363853, 41.718942065398657 ], [ 13.782525418174707, 41.719070903157387 ], [ 13.782457310654365, 41.719133079017737 ], [ 13.782437290521441, 41.719171965352992 ], [ 13.782410796966936, 41.719253281439983 ], [ 13.78237240562513, 41.719484065641126 ], [ 13.782355393234981, 41.719664078368446 ], [ 13.782347412892035, 41.719966582060572 ], [ 13.782365413108488, 41.720214963188404 ], [ 13.782384353779118, 41.720293360877569 ], [ 13.782459741488697, 41.720506651521205 ], [ 13.782460886986478, 41.72056616134595 ], [ 13.78238026872342, 41.720629904498338 ], [ 13.782036488804273, 41.720811553514061 ], [ 13.781552912283438, 41.721066516134307 ], [ 13.781454882655542, 41.721090975507138 ], [ 13.780981107677809, 41.721067250539349 ], [ 13.780822533689912, 41.721053668450679 ], [ 13.780643574917809, 41.721038169872287 ], [ 13.780278851992055, 41.721007099634143 ], [ 13.779964037583769, 41.720976558212435 ], [ 13.779444804275624, 41.720897096353518 ], [ 13.779156762979371, 41.720890636203848 ], [ 13.778998921912175, 41.720898308556251 ], [ 13.778831588241246, 41.72092797893508 ], [ 13.778779025400157, 41.720947819458608 ], [ 13.778576810219239, 41.721022166941296 ], [ 13.778385840767253, 41.721101733436143 ], [ 13.778067058752605, 41.721220738769631 ], [ 13.777853667117956, 41.721345964106419 ], [ 13.777536884319678, 41.721538936319753 ], [ 13.777415851166074, 41.721639644475587 ], [ 13.777228713032438, 41.721816145987546 ], [ 13.777113807806145, 41.721952617629263 ], [ 13.776814602048066, 41.722474711927077 ], [ 13.776582658835009, 41.722859827076867 ], [ 13.776501586162468, 41.72300685792105 ], [ 13.776470185848529, 41.723047321923303 ], [ 13.776426571662828, 41.723133554027996 ], [ 13.776370582207305, 41.723274052163447 ], [ 13.776306120117559, 41.723442508917138 ], [ 13.776251463392656, 41.72363231922445 ], [ 13.776208910250313, 41.723722387385671 ], [ 13.776161954107263, 41.723775435097309 ], [ 13.77607737162797, 41.723838281570181 ], [ 13.775833358761975, 41.723962220650563 ], [ 13.774951029581709, 41.724159995498361 ], [ 13.774880782383956, 41.724162433841826 ], [ 13.774836390612219, 41.724147617301632 ], [ 13.774748273197391, 41.724082930169629 ], [ 13.774662494767199, 41.724007112109135 ], [ 13.774374620661289, 41.723707615875725 ], [ 13.774192916254691, 41.723530371877459 ], [ 13.774071043436686, 41.723450980900822 ], [ 13.773925381824208, 41.723392053865183 ], [ 13.773700966797337, 41.723335473485541 ], [ 13.773575513538514, 41.723332540728542 ], [ 13.773473303999419, 41.723337824403664 ], [ 13.773238593806663, 41.723375160729312 ], [ 13.773048334818705, 41.723424127083447 ], [ 13.772794027643171, 41.723485158519239 ], [ 13.772436539424223, 41.72360245973082 ], [ 13.771605069908544, 41.723921872426757 ], [ 13.770989286600882, 41.724197369550993 ], [ 13.77073491437972, 41.724373141116864 ], [ 13.770570325325119, 41.724525967588839 ], [ 13.770370733074154, 41.724729417161932 ], [ 13.770224798020834, 41.724907941741591 ], [ 13.770017030230269, 41.725093772626771 ], [ 13.76962871518527, 41.72548803634799 ], [ 13.769364670900341, 41.72572426129782 ], [ 13.769202110795117, 41.725881888545501 ], [ 13.769068355812474, 41.725979264116965 ], [ 13.769012842863257, 41.725989825150847 ], [ 13.768917192133138, 41.725985612914904 ], [ 13.768806274440315, 41.725961935887128 ], [ 13.768673447902705, 41.725938377721505 ], [ 13.768519521595964, 41.725866605792632 ], [ 13.768376169349876, 41.725798134380831 ], [ 13.768198543261338, 41.725742044819732 ], [ 13.768060598212582, 41.725724628927587 ], [ 13.767816338007801, 41.725704479041063 ], [ 13.767356985658669, 41.725696364360417 ], [ 13.767291295052932, 41.725682910085602 ], [ 13.767191969918246, 41.725648376964159 ], [ 13.767019574116441, 41.725541343763808 ], [ 13.766920584526181, 41.725489283466828 ], [ 13.766791727020697, 41.725441683556475 ], [ 13.766668854217652, 41.725414865658671 ], [ 13.766501194652815, 41.725393941546407 ], [ 13.766242294373718, 41.725391063083606 ], [ 13.766039702659922, 41.725386595474852 ], [ 13.765727852345965, 41.72539679207528 ], [ 13.765211361699414, 41.725428693960339 ], [ 13.764633434628083, 41.725447183467864 ], [ 13.764096386360441, 41.725497186673884 ], [ 13.763846762213579, 41.7254943648311 ], [ 13.76352044367413, 41.725467615747938 ], [ 13.763207758501265, 41.725465843878219 ], [ 13.762781399821916, 41.725512251369238 ], [ 13.762250699911368, 41.725563907985858 ], [ 13.761956605847242, 41.725591019325698 ], [ 13.761788304973717, 41.72560354881697 ], [ 13.761560267063938, 41.725624996276132 ], [ 13.761229647724905, 41.725670836259077 ], [ 13.760884170199315, 41.725714921358829 ], [ 13.760541401076829, 41.725728754618636 ], [ 13.759967013298084, 41.725728931435846 ], [ 13.759803609145669, 41.725708043479855 ], [ 13.759634326795311, 41.725771557139822 ], [ 13.759493962546573, 41.725880005964733 ], [ 13.759070597727877, 41.726323259531455 ], [ 13.758743450429913, 41.726630494144402 ], [ 13.758441690720625, 41.726834412646376 ], [ 13.757822793020249, 41.727230393950286 ], [ 13.757610640931839, 41.727347095135748 ], [ 13.757456107825426, 41.727417671006677 ], [ 13.757280366166531, 41.727484829899673 ], [ 13.757082059374136, 41.727545369672832 ], [ 13.757020553924546, 41.727572328142159 ], [ 13.756778084459757, 41.727643014158531 ], [ 13.756512824352088, 41.727718765277466 ], [ 13.756315117751328, 41.727768581402586 ], [ 13.756321906083738, 41.727775333405248 ], [ 13.75639135777352, 41.727839633025482 ], [ 13.756411705537261, 41.72788766380026 ], [ 13.756452175785757, 41.727995409917497 ], [ 13.756520084034069, 41.7281512635127 ], [ 13.756659793612643, 41.728261146043877 ], [ 13.756782078069737, 41.728392088973678 ], [ 13.756836626806029, 41.728505299569591 ], [ 13.756842226358144, 41.728656228921331 ], [ 13.756857726722883, 41.728735018387226 ], [ 13.756899580061972, 41.72891821367832 ], [ 13.756903490705682, 41.729009627207645 ], [ 13.756924704225671, 41.729086353563424 ], [ 13.756910943353862, 41.729211574480658 ], [ 13.756821551750217, 41.729287104080761 ], [ 13.75678888061217, 41.729363247385137 ], [ 13.756798708985915, 41.729441975474252 ], [ 13.756902873639827, 41.729630094804463 ], [ 13.756916468177149, 41.730101972292431 ], [ 13.756908552569058, 41.730365375682418 ], [ 13.756853233271393, 41.730439149027603 ], [ 13.756770986918065, 41.730438259068393 ], [ 13.756568461275124, 41.7304474002188 ], [ 13.756448195607312, 41.730456723104915 ], [ 13.756204825449361, 41.730426464803152 ], [ 13.75591430812508, 41.730340447767034 ], [ 13.755638792069719, 41.730212094245523 ], [ 13.755399073474727, 41.729992756666256 ], [ 13.755138801234432, 41.729662700479679 ], [ 13.75490056341193, 41.729366881074419 ], [ 13.754666932847561, 41.729126358811961 ], [ 13.75442048238409, 41.728962193909354 ], [ 13.754117066732302, 41.728810160228718 ], [ 13.753796143751869, 41.728683434790973 ], [ 13.753536381749756, 41.728621119370061 ], [ 13.753106460591267, 41.728556956778696 ], [ 13.75256581336253, 41.728497965155604 ], [ 13.751925304990655, 41.72842017863185 ], [ 13.751471589157607, 41.728364251087008 ], [ 13.751139368684093, 41.728333016493437 ], [ 13.750481985235423, 41.728247955456339 ], [ 13.750311744208339, 41.728250353667462 ], [ 13.750167315258798, 41.728238158042053 ], [ 13.750016843720568, 41.72824502069831 ], [ 13.749680921244453, 41.728307237722376 ], [ 13.749555355272708, 41.728346244482552 ], [ 13.749283752799489, 41.728455908418788 ], [ 13.748738838499442, 41.728690090113638 ], [ 13.748442219918699, 41.72884622764353 ], [ 13.748317183401328, 41.728930924400636 ], [ 13.747958035912962, 41.729239373026104 ], [ 13.747870232154147, 41.729378660263812 ], [ 13.747795932889071, 41.7294798462203 ], [ 13.747752278302984, 41.729536743011984 ], [ 13.747647147942853, 41.729691778048981 ], [ 13.747571238382472, 41.729875817822709 ], [ 13.74750253641507, 41.730126870803012 ], [ 13.747372214920638, 41.730702363236617 ], [ 13.747314651179478, 41.730818074462427 ], [ 13.747308167855889, 41.730932748936532 ], [ 13.747264533465682, 41.731098016174919 ], [ 13.747154825968995, 41.7313789017362 ], [ 13.747110612098275, 41.731464478449965 ], [ 13.746985806638071, 41.731646390861087 ], [ 13.746710575391189, 41.73201471682048 ], [ 13.746525341123252, 41.732240592601912 ], [ 13.746341674904528, 41.732495171464976 ], [ 13.746174559379025, 41.732773835878341 ], [ 13.746077699938859, 41.733050079479433 ], [ 13.746002514062406, 41.733305841683148 ], [ 13.74599594286742, 41.733643630555086 ], [ 13.746023828643521, 41.734069448006636 ], [ 13.746064621294561, 41.734597401927672 ], [ 13.746098311960411, 41.734943598569785 ], [ 13.746183974498413, 41.735352515966113 ], [ 13.746170506586875, 41.735607358030869 ], [ 13.74608083018525, 41.735842244167323 ], [ 13.745893965778464, 41.736066153124668 ], [ 13.745806566667182, 41.736135321026175 ], [ 13.745727061625095, 41.73618757577561 ], [ 13.745644540972894, 41.73624900548073 ], [ 13.745566298092792, 41.736284982933292 ], [ 13.74546519910491, 41.73632921038606 ], [ 13.745364265393297, 41.736364939920648 ], [ 13.745231103772143, 41.736404567202356 ], [ 13.745110759318457, 41.736433473686596 ], [ 13.74505198552383, 41.736440859129111 ], [ 13.744938238059218, 41.736454727033944 ], [ 13.74493169608329, 41.736466932814999 ], [ 13.744915262413953, 41.736469114295907 ], [ 13.744593066483372, 41.736503842365266 ], [ 13.744299123216813, 41.736544544752462 ], [ 13.744073362092541, 41.736580325339787 ], [ 13.743786319258758, 41.736655100375472 ], [ 13.743268792877522, 41.736813766624969 ], [ 13.742894530591199, 41.736996663915342 ], [ 13.742608987504388, 41.737155976514991 ], [ 13.742394589764087, 41.737287735106236 ], [ 13.742028158844803, 41.737585932481934 ], [ 13.741844465306039, 41.737780986449032 ], [ 13.741789548456486, 41.737838308429978 ], [ 13.741728551995461, 41.737905637433464 ], [ 13.741650280119309, 41.737996702070951 ], [ 13.741573713431649, 41.738086526126736 ], [ 13.741404927863959, 41.73833588844785 ], [ 13.741203894096824, 41.738686892713801 ], [ 13.741099834228285, 41.738850078640745 ], [ 13.740872169781792, 41.739144126284813 ], [ 13.740679309587987, 41.739334670635714 ], [ 13.740579392337173, 41.739414794010486 ], [ 13.740405434457729, 41.739541325697338 ], [ 13.74028275098429, 41.739624976812593 ], [ 13.740129700754492, 41.739713961205638 ], [ 13.739971792086884, 41.73979344807713 ], [ 13.739765904220858, 41.739876186044583 ], [ 13.739570174965364, 41.739955257481107 ], [ 13.739201554708153, 41.740106094761515 ], [ 13.738639759507793, 41.740334139923831 ], [ 13.73834996182444, 41.740451841339222 ], [ 13.73806294327956, 41.740556350906637 ], [ 13.737829685675418, 41.740619896682446 ], [ 13.737723308518495, 41.74064328240582 ], [ 13.737450263717101, 41.740678058167006 ], [ 13.73732725004227, 41.740692446266522 ], [ 13.737205929545842, 41.740706223243322 ], [ 13.737039163127722, 41.740722648511387 ], [ 13.736894223609024, 41.74074057271865 ], [ 13.736783594337028, 41.740766429226625 ], [ 13.736634749901098, 41.740812012646828 ], [ 13.736506125414801, 41.740855299844903 ], [ 13.736386400120395, 41.740916313628929 ], [ 13.736256824793207, 41.741008069421042 ], [ 13.736198760608115, 41.741054021223718 ], [ 13.736121515052432, 41.741135019674843 ], [ 13.736044096457851, 41.741224830592486 ], [ 13.735986626337507, 41.741326193769993 ], [ 13.735922335287315, 41.741518144506657 ], [ 13.73586612900325, 41.74181217962682 ], [ 13.735814149960341, 41.742147814925765 ], [ 13.735744073743174, 41.742377477967132 ], [ 13.735617414278078, 41.742663182369398 ], [ 13.73551329666115, 41.742828251236851 ], [ 13.735368465001013, 41.74301175988014 ], [ 13.73523957655056, 41.743153890155845 ], [ 13.735121662921376, 41.743250809810583 ], [ 13.73494768398643, 41.743377332857683 ], [ 13.734656976008369, 41.743540346114635 ], [ 13.734375758959702, 41.743733684051854 ], [ 13.734201628879367, 41.743867759502017 ], [ 13.734103438947098, 41.74398756105645 ], [ 13.73396838971162, 41.744186286103478 ], [ 13.733889628599643, 41.744344077651817 ], [ 13.733840828106228, 41.744517309779624 ], [ 13.733816425932337, 41.744732364473251 ], [ 13.733789203304571, 41.74509093715033 ], [ 13.733722749252737, 41.745392413276086 ], [ 13.733663787100655, 41.74556931089645 ], [ 13.733578718455654, 41.745791251979291 ], [ 13.733437061543439, 41.746069233227935 ], [ 13.733117550841444, 41.746670127267073 ], [ 13.732970698217972, 41.746955605804239 ], [ 13.732777155604225, 41.747306677228096 ], [ 13.732615653216836, 41.747567439238487 ], [ 13.732440256623615, 41.747807900475358 ], [ 13.73239442007405, 41.747872873218689 ], [ 13.73233328030806, 41.747946491492513 ], [ 13.73220935642702, 41.748091820989487 ], [ 13.732153532012578, 41.748151646602679 ], [ 13.732082181293594, 41.748231448056828 ], [ 13.731982510129599, 41.748340528118348 ], [ 13.731927810785951, 41.748385885216983 ], [ 13.731742609802689, 41.74856894344601 ], [ 13.73162438347191, 41.748680966346427 ], [ 13.731514834899871, 41.748779233722104 ], [ 13.731413815463306, 41.748871299166979 ], [ 13.731293708561662, 41.748993374563867 ], [ 13.73117325408707, 41.749133074813159 ], [ 13.73108664455226, 41.749261815955883 ], [ 13.730980823225465, 41.749426861651365 ], [ 13.730831634007036, 41.749659425010123 ], [ 13.730661922857403, 41.749909390232595 ], [ 13.730591011982337, 41.750009342806138 ], [ 13.730520472997592, 41.75009041142463 ], [ 13.730413364635075, 41.750235295124973 ], [ 13.730275176384618, 41.750421388850839 ], [ 13.730152589159763, 41.750583730030357 ], [ 13.730035268127327, 41.750734796479229 ], [ 13.729936662637868, 41.750874736905175 ], [ 13.729869633107585, 41.750948288699853 ], [ 13.729663989653476, 41.751229335120016 ], [ 13.729520703889806, 41.751417889928859 ], [ 13.729372001283407, 41.751625272650699 ], [ 13.729221889705549, 41.751818788375523 ], [ 13.729123330421302, 41.751956210177696 ], [ 13.728995966972398, 41.752104646018552 ], [ 13.728908537223573, 41.752189304331644 ], [ 13.728826473772932, 41.752257652346998 ], [ 13.728724111604389, 41.752332071678957 ], [ 13.728623579474501, 41.752398955967273 ], [ 13.728525076213392, 41.752448233812679 ], [ 13.7284300097495, 41.752493772011846 ], [ 13.728331655312273, 41.752535496133319 ], [ 13.728184347118381, 41.752586751825021 ], [ 13.728045593847678, 41.752630546844223 ], [ 13.727927338000766, 41.752658199059518 ], [ 13.727782207684013, 41.75268429433757 ], [ 13.727637226450799, 41.752702835879717 ], [ 13.727268694916001, 41.75271638237782 ], [ 13.727114015990869, 41.75271508834463 ], [ 13.726843773695625, 41.752690267550705 ], [ 13.726706973252517, 41.752663567363633 ], [ 13.726606976829666, 41.752646509114385 ], [ 13.726535133193364, 41.752623047125546 ], [ 13.726328124753223, 41.752546879109694 ], [ 13.726183483131088, 41.752491549486557 ], [ 13.725988314252763, 41.752383612392478 ], [ 13.725881979506031, 41.75231863360149 ], [ 13.72571417553803, 41.752187494462675 ], [ 13.725612689831948, 41.752104100934496 ], [ 13.725535629281691, 41.752032730827487 ], [ 13.725371396852777, 41.751834473443651 ], [ 13.725205388898983, 41.751612691040584 ], [ 13.724857878973218, 41.751196935758571 ], [ 13.724772867151501, 41.751112045402813 ], [ 13.724699478151223, 41.75104407335364 ], [ 13.724527296514223, 41.750907847069193 ], [ 13.72431905163827, 41.750781293675317 ], [ 13.724034728584961, 41.750647179197912 ], [ 13.723736891075914, 41.750516271747735 ], [ 13.723470169970986, 41.750399140764621 ], [ 13.723216898937668, 41.750282158647607 ], [ 13.722974089217415, 41.750165292262068 ], [ 13.722783626580348, 41.750046768779313 ], [ 13.722629990506878, 41.749955517415856 ], [ 13.722520962973498, 41.749875954801176 ], [ 13.722212686791359, 41.749668815625057 ], [ 13.721888019436227, 41.749459254681113 ], [ 13.721386567813404, 41.74912012633532 ], [ 13.721011632539458, 41.748883140469005 ], [ 13.72065911459398, 41.748646403023521 ], [ 13.720345006471838, 41.748432478141197 ], [ 13.720135750418782, 41.748282400806708 ], [ 13.719959569857041, 41.748122618022911 ], [ 13.71977475798133, 41.74794594943328 ], [ 13.719665555132709, 41.747800344045288 ], [ 13.719521557574096, 41.747600624816883 ], [ 13.719426390091094, 41.747439449686787 ], [ 13.719341334618948, 41.747253652553816 ], [ 13.719275565131358, 41.747074301224465 ], [ 13.719207601136585, 41.746865848014721 ], [ 13.719113864076801, 41.746558798187444 ], [ 13.719031966391846, 41.746307265759832 ], [ 13.718976805681399, 41.746105878335825 ], [ 13.718938368536945, 41.745993294133008 ], [ 13.718858710312452, 41.745815172296219 ], [ 13.718751463154948, 41.745629819527309 ], [ 13.718650867157161, 41.745481926039517 ], [ 13.718548065249371, 41.745352008137779 ], [ 13.718465073623237, 41.745248619236307 ], [ 13.718310557119382, 41.745116047266727 ], [ 13.718151599138283, 41.744974425389373 ], [ 13.717996049540865, 41.744847380015912 ], [ 13.717876131951078, 41.744741501657366 ], [ 13.717767484435615, 41.744626748819435 ], [ 13.717651276974035, 41.744473833968271 ], [ 13.717562507186134, 41.744335763978299 ], [ 13.717517397372182, 41.744233489569588 ], [ 13.717483626210292, 41.744118879987674 ], [ 13.717485651354954, 41.744017131752983 ], [ 13.717505857575969, 41.743930817492675 ], [ 13.71754959596513, 41.743823304042088 ], [ 13.717571347385846, 41.743752238027611 ], [ 13.717663554747888, 41.743531725303363 ], [ 13.717800602232668, 41.743194711088364 ], [ 13.717902518147149, 41.742950767663572 ], [ 13.717923372210537, 41.742878306918023 ], [ 13.717951423882671, 41.742722848231324 ], [ 13.717956923065522, 41.742585830470155 ], [ 13.717940654847228, 41.742427800225997 ], [ 13.717890992108433, 41.742275628165977 ], [ 13.71780011322846, 41.742104303472374 ], [ 13.717710850426121, 41.741991151529497 ], [ 13.717620968105123, 41.741909146951883 ], [ 13.717511802245573, 41.741820696166307 ], [ 13.717374994040355, 41.741727782752996 ], [ 13.717237690223369, 41.741659787124014 ], [ 13.717020190206435, 41.741580510976036 ], [ 13.716796814909534, 41.741517784446991 ], [ 13.71655357752093, 41.741477682117988 ], [ 13.716442800859507, 41.741470213635559 ], [ 13.716186301583766, 41.741469424537051 ], [ 13.715974679897602, 41.741477963523636 ], [ 13.71579056609955, 41.741497713637472 ], [ 13.714903999856046, 41.741629552199853 ], [ 13.71455580938853, 41.741672388326535 ], [ 13.714394143751885, 41.741696281663152 ], [ 13.71428154574833, 41.741710598757265 ], [ 13.714157557637641, 41.741722451681248 ], [ 13.713978356736458, 41.741739138438184 ], [ 13.713835281757669, 41.741743378194833 ], [ 13.713749599958907, 41.741737745774408 ], [ 13.71362036746666, 41.741725784212264 ], [ 13.713524459738998, 41.741711469676453 ], [ 13.713429180728088, 41.741691710090954 ], [ 13.713342382594343, 41.741663867393591 ], [ 13.713563983165304, 41.741502788701681 ], [ 13.713661982879897, 41.741360186600666 ], [ 13.713725559503501, 41.741291239263582 ], [ 13.71375670189421, 41.741254932899473 ], [ 13.713767362801937, 41.74124833460202 ], [ 13.713798726614918, 41.741200931968329 ], [ 13.713859314994448, 41.74112537947849 ], [ 13.714046150385411, 41.740908416940343 ], [ 13.714159243239557, 41.7407519638802 ], [ 13.714312173179051, 41.740592451667411 ], [ 13.714494152189467, 41.740384196185978 ], [ 13.714595686470316, 41.740220603611057 ], [ 13.714595269210507, 41.740124215154658 ], [ 13.71458923199344, 41.739957666514599 ], [ 13.714567691574757, 41.739864546576669 ], [ 13.714510468378808, 41.73980081872562 ], [ 13.714402480856579, 41.739701474135877 ], [ 13.714317256947053, 41.73963392798241 ], [ 13.714236467016342, 41.739578698418121 ], [ 13.714141327174232, 41.739539080079226 ], [ 13.713843652740406, 41.739448126317654 ], [ 13.713634310482098, 41.739386199795881 ], [ 13.713448321956545, 41.73935215194097 ], [ 13.713362167467372, 41.739351187098883 ], [ 13.713239373780929, 41.739361629466323 ], [ 13.713050908906313, 41.739378608463859 ], [ 13.712850255044479, 41.739398177737485 ], [ 13.712351381126572, 41.739460766069861 ], [ 13.712230777899697, 41.7394830495506 ], [ 13.712123685953317, 41.73949730292415 ], [ 13.712072648586618, 41.739500366974191 ], [ 13.711986312307376, 41.739508489555099 ], [ 13.711932811705976, 41.739513344025532 ], [ 13.711824506204113, 41.739527583513514 ], [ 13.711693127009589, 41.739542473204921 ], [ 13.711488831944017, 41.739561999264524 ], [ 13.711215152198626, 41.739591655211854 ], [ 13.710993759524355, 41.739616442882351 ], [ 13.710799117082052, 41.739638803163267 ], [ 13.710608151223495, 41.739659386278746 ], [ 13.710442776778926, 41.739674802041606 ], [ 13.710216911731898, 41.739680447976134 ], [ 13.710113389295406, 41.739667922592766 ], [ 13.709734947653773, 41.7395650411123 ], [ 13.709485102033584, 41.739495419717066 ], [ 13.709321996909559, 41.739458134500815 ], [ 13.709217055321465, 41.739425593283087 ], [ 13.708899221690405, 41.739357024817707 ], [ 13.708526793062466, 41.739287387235159 ], [ 13.708431065691082, 41.739219041434914 ], [ 13.708318714707442, 41.739132327666844 ], [ 13.708244574599911, 41.739076951109809 ], [ 13.708089269223251, 41.738953392162117 ], [ 13.707879458547819, 41.738763768441302 ], [ 13.707746032762842, 41.738638637007675 ], [ 13.707567262817683, 41.738474815242888 ], [ 13.707424167312746, 41.73834775655159 ], [ 13.707300049580343, 41.738242728407052 ], [ 13.7071590173283, 41.738133873587046 ], [ 13.707029536257627, 41.738054238176389 ], [ 13.706894837156897, 41.73799272487549 ], [ 13.706750722793767, 41.737916560640528 ], [ 13.706587230662521, 41.737838359967235 ], [ 13.706404470299786, 41.737752669710055 ], [ 13.7062193200988, 41.737665134150376 ], [ 13.706007220003585, 41.737590021442088 ], [ 13.705813950907617, 41.737544210056683 ], [ 13.705639695027083, 41.737518611647694 ], [ 13.705437257159327, 41.737506331156816 ], [ 13.705301501863337, 41.737497528953192 ], [ 13.705152307864418, 41.737493120372605 ], [ 13.70497743152286, 41.737498421645853 ], [ 13.704860725529313, 41.737508014636489 ], [ 13.704764446477913, 41.737527837349454 ], [ 13.704714477690294, 41.737538182576195 ], [ 13.704665594431811, 41.737554903366004 ], [ 13.704627558735094, 41.737575382642618 ], [ 13.704517438813054, 41.737619593419012 ], [ 13.704283686589376, 41.737716043700431 ], [ 13.704098963474779, 41.737788502227225 ], [ 13.703974792346617, 41.737847401787093 ], [ 13.703921705567888, 41.737871953265177 ], [ 13.703887580124849, 41.737899142769244 ], [ 13.703777923144202, 41.737980629073768 ], [ 13.70352414247143, 41.738197755366222 ], [ 13.703454929568482, 41.738259698675932 ], [ 13.703323646745149, 41.738390483657113 ], [ 13.702904121016807, 41.738792092786042 ], [ 13.702785381880323, 41.738902565151996 ], [ 13.702666669777402, 41.739011674123653 ], [ 13.702553801952426, 41.739101758941786 ], [ 13.702469461819037, 41.739176484751688 ], [ 13.702409538320294, 41.739213988007648 ], [ 13.702333315710753, 41.739247216407882 ], [ 13.702182448801533, 41.739235285408519 ], [ 13.702150939277415, 41.73921788478183 ], [ 13.702126669200918, 41.73920261129237 ], [ 13.7021125335192, 41.739181316208629 ], [ 13.702099458922554, 41.739152533456277 ], [ 13.702093788485975, 41.73911769826983 ], [ 13.702102222174608, 41.73906052345999 ], [ 13.702141625805188, 41.739002334948182 ], [ 13.702305477075647, 41.738821467003596 ], [ 13.702347331838665, 41.738731943911361 ], [ 13.702353168018075, 41.738622923940206 ], [ 13.702370638628032, 41.738478582462484 ], [ 13.702392944529537, 41.738335204641345 ], [ 13.702417865888725, 41.738242763106456 ], [ 13.702430470039548, 41.738159272940493 ], [ 13.70245388509916, 41.738081359168916 ], [ 13.702479507362449, 41.738014378910286 ], [ 13.702494117380724, 41.73795181952007 ], [ 13.702590550533117, 41.73780382451438 ], [ 13.702649026024227, 41.737732669977021 ], [ 13.70245606338602, 41.737792306120468 ], [ 13.702323898989025, 41.737846265349972 ], [ 13.702230027223273, 41.737867022173681 ], [ 13.702115490815475, 41.737889363567831 ], [ 13.702058405610837, 41.737891445797324 ], [ 13.701966942216695, 41.737913138663643 ], [ 13.701920338372377, 41.737937156428444 ], [ 13.701877136758791, 41.737973030256391 ], [ 13.701852892055781, 41.738031844502515 ], [ 13.701788554887038, 41.738152930094181 ], [ 13.701708759368966, 41.73831838436378 ], [ 13.701640543352033, 41.738451243669424 ], [ 13.701592852898202, 41.738514110866333 ], [ 13.701555955858183, 41.738538238183033 ], [ 13.701492254839074, 41.73858251613855 ], [ 13.701441816576828, 41.738601036070854 ], [ 13.70137847251865, 41.738627591540379 ], [ 13.701262608921738, 41.738685597249543 ], [ 13.701196397134462, 41.738718938066874 ], [ 13.701126352676892, 41.738761780528876 ], [ 13.701071144013788, 41.738791154951855 ], [ 13.701023490635945, 41.738806979038699 ], [ 13.700964971343152, 41.738819953095252 ], [ 13.70091778506573, 41.738812601669686 ], [ 13.700832925462359, 41.738777552734348 ], [ 13.700750793019242, 41.738697536651394 ], [ 13.700622134332431, 41.73857745066185 ], [ 13.700518215795697, 41.738494460856096 ], [ 13.700422848387198, 41.738438839158164 ], [ 13.700330846489033, 41.738396891190298 ], [ 13.700297352802082, 41.738387649050424 ], [ 13.700268687181795, 41.738409823714818 ], [ 13.700287512694132, 41.738469352142857 ], [ 13.700267078864387, 41.738489574573379 ], [ 13.70023172655088, 41.738527354674858 ], [ 13.700192651445557, 41.73856918336611 ], [ 13.700161918118452, 41.73860360677066 ], [ 13.700141789373918, 41.738653831247483 ], [ 13.70012365945788, 41.738695215108351 ], [ 13.700105337043718, 41.73874614180243 ], [ 13.700095493943941, 41.73878284691402 ], [ 13.700085980794066, 41.73880319287607 ], [ 13.700062857828273, 41.73882133948095 ], [ 13.70003921239079, 41.738865388065101 ], [ 13.700011305296385, 41.738895070899574 ], [ 13.699964080422619, 41.738934761929656 ], [ 13.699913448955826, 41.738962824015225 ], [ 13.69982145163687, 41.739010871539683 ], [ 13.699770902559967, 41.739034843773943 ], [ 13.699727812814434, 41.739050037183908 ], [ 13.699659199727606, 41.739066987050698 ], [ 13.699590641620674, 41.739081210351898 ], [ 13.699481212683432, 41.739090880232958 ], [ 13.699441941950715, 41.739097253540216 ], [ 13.699405995125069, 41.739119345557405 ], [ 13.699132731204863, 41.73926351756905 ], [ 13.698791003771209, 41.739417140309676 ], [ 13.698542887532376, 41.73953296069115 ], [ 13.698358226846668, 41.739616773744757 ], [ 13.698219855955069, 41.739707247107098 ], [ 13.698089923286414, 41.739785543767276 ], [ 13.697905250118074, 41.739836118849176 ], [ 13.697665713322362, 41.739898855206746 ], [ 13.697500854532223, 41.739948631570734 ], [ 13.697395864257828, 41.739975053551049 ], [ 13.697344651272395, 41.739975495545963 ], [ 13.697291369926406, 41.739976936743965 ], [ 13.697176492440544, 41.739985860852421 ], [ 13.69700413481281, 41.740001291689438 ], [ 13.696949571005824, 41.739998627464338 ], [ 13.696748917764623, 41.739995328741905 ], [ 13.69655550378401, 41.739971658208837 ], [ 13.696415350603795, 41.739947569030107 ], [ 13.696199081393623, 41.739906253002609 ], [ 13.69603288767069, 41.739886981223904 ], [ 13.695882641067127, 41.739889366505395 ], [ 13.695779264478775, 41.739802287874049 ], [ 13.695694544634138, 41.739737919919165 ], [ 13.695547898585058, 41.739629896228543 ], [ 13.695177552536141, 41.739341896909814 ], [ 13.695072171513104, 41.739252749514108 ], [ 13.694951061646364, 41.739131208934033 ], [ 13.694889064489919, 41.739057383044027 ], [ 13.694796653597981, 41.738934634301593 ], [ 13.694735991641622, 41.738828609081459 ], [ 13.694617760924251, 41.738598696789687 ], [ 13.694555653400466, 41.738429248890483 ], [ 13.694534185574891, 41.738376848272345 ], [ 13.694398888913975, 41.738281735569565 ], [ 13.694397490822929, 41.738350750576153 ], [ 13.694381666033024, 41.738424203688922 ], [ 13.694374466750634, 41.738476278546948 ], [ 13.694316287770361, 41.738719526498905 ], [ 13.694284109541043, 41.738892505016224 ], [ 13.694265335710663, 41.739010411159995 ], [ 13.694274174188482, 41.739130165150307 ], [ 13.694282019932327, 41.739248373835032 ], [ 13.694278741773276, 41.739410175647564 ], [ 13.694270178208953, 41.739428486553081 ], [ 13.694247032337479, 41.739458903875949 ], [ 13.694221963065834, 41.739483163254278 ], [ 13.694164952817237, 41.739517030700988 ], [ 13.694129847106964, 41.739531204851872 ], [ 13.694064259320086, 41.739533527347533 ], [ 13.694005001033792, 41.73952671764178 ], [ 13.693968127330351, 41.739527065468693 ], [ 13.693924164465045, 41.73952349764113 ], [ 13.693830655227258, 41.739488686102625 ], [ 13.693678509658376, 41.739416391294711 ], [ 13.693631477451303, 41.739362165808963 ], [ 13.693459428728245, 41.73931188767115 ], [ 13.693240517174035, 41.739249571094824 ], [ 13.692926747374232, 41.739168533686851 ], [ 13.692668000780953, 41.739101160740681 ], [ 13.692532469155234, 41.739068170973063 ], [ 13.692422611198742, 41.739031638208814 ], [ 13.692324202197881, 41.738986031540726 ], [ 13.692196693643576, 41.738910947161543 ], [ 13.692122483346877, 41.738884024022262 ], [ 13.692028711470993, 41.738862247194923 ], [ 13.69192248254171, 41.738848765563354 ], [ 13.691830945222263, 41.738817809899977 ], [ 13.691637153640308, 41.738728930962523 ], [ 13.691471317199365, 41.738625029912832 ], [ 13.691355909373973, 41.738559286544188 ], [ 13.691078520799994, 41.738300712226312 ], [ 13.690958933536315, 41.738138277600349 ], [ 13.690857822212305, 41.737973752357085 ], [ 13.690728694680557, 41.737827315979473 ], [ 13.690635349854254, 41.737734210964383 ], [ 13.690519617292484, 41.737684570259454 ], [ 13.690436642168107, 41.737685925493992 ], [ 13.690378705868557, 41.737664555802432 ], [ 13.690312724042631, 41.737585568621405 ], [ 13.690286109761766, 41.737534642563013 ], [ 13.690333910605103, 41.737450049392883 ], [ 13.690462783173494, 41.737306553564167 ], [ 13.690466882893508, 41.737255977639464 ], [ 13.690437056992959, 41.737211918094886 ], [ 13.690363623890494, 41.737197274837605 ], [ 13.69028948960511, 41.737217138987305 ], [ 13.690104115914409, 41.737419817196603 ], [ 13.689890166763924, 41.737630222838902 ], [ 13.689854794937888, 41.737670087483487 ], [ 13.689820249379975, 41.737707085252751 ], [ 13.689796223721318, 41.737717741145723 ], [ 13.689776271168354, 41.737716938338082 ], [ 13.689754061817128, 41.737713808759096 ], [ 13.689727420718125, 41.737701999770579 ], [ 13.689699711615367, 41.737667168299154 ], [ 13.689618923125238, 41.737560974748433 ], [ 13.68957382246634, 41.7375127139562 ], [ 13.689409805987509, 41.73749588630821 ], [ 13.689255003830944, 41.737479163554404 ], [ 13.689205077936338, 41.737460473321882 ], [ 13.689168233104532, 41.737402814818914 ], [ 13.689136101126794, 41.737283369906464 ], [ 13.689052193541999, 41.736990756956203 ], [ 13.688968841825888, 41.73672748840702 ], [ 13.68882605550648, 41.736441106441873 ], [ 13.688769606055599, 41.736327855523463 ], [ 13.688691230542325, 41.736358024873866 ], [ 13.688585239068653, 41.736386584609257 ], [ 13.688475707863381, 41.736390943022833 ], [ 13.688352390648944, 41.736393418165591 ], [ 13.68823750444702, 41.736377868830751 ], [ 13.687786233284491, 41.736305410210086 ], [ 13.687751658192134, 41.736475866758433 ], [ 13.687654044553012, 41.736687021749233 ], [ 13.687482129680292, 41.736982753535472 ], [ 13.687370113285127, 41.7372222189558 ], [ 13.687278828034527, 41.737461921138944 ], [ 13.687223782429328, 41.737619200293956 ], [ 13.687176016267035, 41.737758441996604 ], [ 13.687139828496942, 41.737838276858199 ], [ 13.68709381530924, 41.737919725194345 ], [ 13.687013174015412, 41.738032704540437 ], [ 13.686964320298834, 41.738083919350139 ], [ 13.686856057813396, 41.738223763797258 ], [ 13.686722037709631, 41.738355547725291 ], [ 13.686609566868272, 41.738447453658829 ], [ 13.686485397441048, 41.738519810795026 ], [ 13.686345994984837, 41.738576461668423 ], [ 13.686299162563332, 41.738584986452025 ], [ 13.686257856130458, 41.738576748134477 ], [ 13.686186281991283, 41.738612170843119 ], [ 13.686169994092005, 41.738648225778647 ], [ 13.686015423970405, 41.738770713551304 ], [ 13.685895961430978, 41.738866421793034 ], [ 13.685679375903309, 41.739148696472824 ], [ 13.685602010670927, 41.739213822115708 ], [ 13.685396938421201, 41.739355146155596 ], [ 13.685238264334828, 41.739424518429018 ], [ 13.684178063168769, 41.739889987512548 ], [ 13.683885849082367, 41.739982420563571 ], [ 13.683628796788557, 41.74004548621609 ], [ 13.683458183611112, 41.740106953239717 ], [ 13.683412548726903, 41.74014137712777 ], [ 13.683384296906748, 41.740170822902954 ], [ 13.68334172084332, 41.740224696740853 ], [ 13.683307651210548, 41.74028513969656 ], [ 13.683264519774255, 41.740366188031018 ], [ 13.683210819331252, 41.740541601161979 ], [ 13.683160406413712, 41.740640686586495 ], [ 13.683107304685072, 41.740702205650685 ], [ 13.683037216224164, 41.740749292354792 ], [ 13.682939113364416, 41.740814178445802 ], [ 13.682813339779401, 41.74088004152658 ], [ 13.682593738010873, 41.740970715107359 ], [ 13.682277063580745, 41.741075806808695 ], [ 13.682127973442823, 41.741098688864405 ], [ 13.681932154260247, 41.741124917592316 ], [ 13.681834843802504, 41.741150981984539 ], [ 13.681608408137784, 41.741237692274439 ], [ 13.681349733491398, 41.741379688172024 ], [ 13.681150225655564, 41.741501653481471 ], [ 13.681056958782843, 41.741583419725373 ], [ 13.681028360938207, 41.74162968719736 ], [ 13.681008190037945, 41.741686406035328 ], [ 13.681006733297634, 41.741757577336728 ], [ 13.681021329798389, 41.741804340719746 ], [ 13.681114760999375, 41.742136761264796 ], [ 13.681224623645644, 41.742510788824802 ], [ 13.681138405307273, 41.742670295683503 ], [ 13.68112365212005, 41.742842271877628 ], [ 13.681179504444932, 41.742899863471948 ], [ 13.68120101206998, 41.743115615899129 ], [ 13.681303459271122, 41.743303175055644 ], [ 13.681375362315103, 41.743463202657743 ], [ 13.681464678139037, 41.743722446107888 ], [ 13.681463188700134, 41.743795234926438 ], [ 13.681459345816476, 41.743856347786789 ], [ 13.681453611263763, 41.743946561299531 ], [ 13.681436725248371, 41.744201673546272 ], [ 13.681572778156692, 41.74426730421942 ], [ 13.681593934445356, 41.744310259813894 ], [ 13.681582723736375, 41.744478070113658 ], [ 13.681588563249326, 41.744699467076749 ], [ 13.681658313538113, 41.744838113368345 ], [ 13.681573560348657, 41.744878397415732 ], [ 13.681305019231253, 41.744984524066055 ], [ 13.681038313359192, 41.745048443734852 ], [ 13.680917243400865, 41.745073991840712 ], [ 13.680818795867529, 41.745086694532503 ], [ 13.680721618291853, 41.745084850544686 ], [ 13.680576500314586, 41.745050421291523 ], [ 13.680446632144671, 41.744983404366074 ], [ 13.680334482460209, 41.744905669946377 ], [ 13.680217038247674, 41.744801664469712 ], [ 13.680060379216986, 41.744618820634727 ], [ 13.680004243009893, 41.744543428251646 ], [ 13.67994314022949, 41.744457391580724 ], [ 13.679903654362448, 41.744356192694319 ], [ 13.679841840283474, 41.744348383802226 ], [ 13.679791847668636, 41.744368558985357 ], [ 13.67974006158278, 41.744405094862785 ], [ 13.679729419732196, 41.744444920228318 ], [ 13.679758171317697, 41.744588773849152 ], [ 13.67974555008213, 41.744706574355646 ], [ 13.679126476478602, 41.745000000640154 ], [ 13.679088097419505, 41.745063092383916 ], [ 13.679027085967661, 41.745099538577762 ], [ 13.678889013343806, 41.745186480473464 ], [ 13.678830424870773, 41.745195180427807 ], [ 13.678697054330165, 41.74518843892541 ], [ 13.67865399499661, 41.745185860622577 ], [ 13.678600669086368, 41.745209202337072 ], [ 13.678551065843541, 41.74525445886988 ], [ 13.678162587066382, 41.745532619845036 ], [ 13.677720897272859, 41.745853392310003 ], [ 13.677348198936919, 41.746062379345346 ], [ 13.677205265835372, 41.746114892916019 ], [ 13.677032578028093, 41.746194143297316 ], [ 13.676953261146178, 41.74626405353213 ], [ 13.676859119995301, 41.746310879431611 ], [ 13.676565347574495, 41.746360613283521 ], [ 13.676532159548982, 41.746385227540394 ], [ 13.67649732441159, 41.746422321106664 ], [ 13.676421568261672, 41.74645425634435 ], [ 13.676376711332285, 41.746505294990044 ], [ 13.676350689131324, 41.746553426058192 ], [ 13.676297243609165, 41.746582493698682 ], [ 13.676248621714135, 41.746613699945094 ], [ 13.676177122052044, 41.746641517968143 ], [ 13.676132425263587, 41.746684746927308 ], [ 13.676064754386996, 41.746729273394116 ], [ 13.675954094140877, 41.747136464372538 ], [ 13.676081292342788, 41.747582646079088 ], [ 13.676115076313803, 41.747608031996556 ], [ 13.676124844941299, 41.747628975057353 ], [ 13.67611951821465, 41.747685155986872 ], [ 13.676100886167454, 41.747712020902213 ], [ 13.676083302192973, 41.747755562281917 ], [ 13.676081847187001, 41.74782636916779 ], [ 13.676081290484509, 41.747921141463998 ], [ 13.676120671288803, 41.748102820521112 ], [ 13.676148608352962, 41.748164592396648 ], [ 13.676188310690547, 41.748262953190576 ], [ 13.676189123183816, 41.748358782782972 ], [ 13.676158446961216, 41.748497993528211 ], [ 13.676104367754416, 41.748693176868947 ], [ 13.67607989497256, 41.748801213349665 ], [ 13.676066374655976, 41.748917708238494 ], [ 13.676097734484248, 41.749015972908694 ], [ 13.676106272294135, 41.749053110501357 ], [ 13.676121297165109, 41.749096051233245 ], [ 13.67613032188895, 41.749147935694026 ], [ 13.676118495984836, 41.749371957736706 ], [ 13.676089255073991, 41.749500509357617 ], [ 13.676047774967421, 41.749635767109275 ], [ 13.676009245329791, 41.74981536432567 ], [ 13.67600665670261, 41.750017455233355 ], [ 13.675996355437849, 41.7501380230945 ], [ 13.676009145588253, 41.750277018657805 ], [ 13.676016444162263, 41.750480199929441 ], [ 13.675989328983446, 41.750530661710599 ], [ 13.675970733339424, 41.750572629104767 ], [ 13.675941997364312, 41.75065119333658 ], [ 13.67593658990395, 41.750711279012187 ], [ 13.675946215694328, 41.750801221384265 ], [ 13.675936554603314, 41.751068260881254 ], [ 13.675896731845629, 41.751127949883106 ], [ 13.675880526725011, 41.751155103098142 ], [ 13.675821691088299, 41.751226290065965 ], [ 13.675701468712328, 41.751340513359217 ], [ 13.675554932007815, 41.751516924565394 ], [ 13.675414394933805, 41.751705903038278 ], [ 13.675345433484294, 41.75181290556219 ], [ 13.6748020932384, 41.752608408831115 ], [ 13.674436198448735, 41.752767114939552 ], [ 13.673747216957649, 41.752933371371398 ], [ 13.673457651720337, 41.753013610248956 ], [ 13.673099475740836, 41.753132894186514 ], [ 13.672838132002001, 41.753210332894881 ], [ 13.672637824150689, 41.753261917423949 ], [ 13.672220713948331, 41.753355521075214 ], [ 13.671963636587995, 41.753428320242087 ], [ 13.671847788023086, 41.753481660886351 ], [ 13.671763593250637, 41.753500736760657 ], [ 13.67160825417894, 41.753529925906832 ], [ 13.671520476819413, 41.753537243039816 ], [ 13.671388029554215, 41.753552375670566 ], [ 13.671112842364227, 41.753609601009458 ], [ 13.670689953766697, 41.75367969796914 ], [ 13.670601292051947, 41.753684921118953 ], [ 13.670503345548235, 41.753690731094757 ], [ 13.670426998312001, 41.753705817508553 ], [ 13.670088245148357, 41.753810214723302 ], [ 13.669953954941281, 41.753847196343798 ], [ 13.669803300278621, 41.753868365474489 ], [ 13.669641219871396, 41.753903983410979 ], [ 13.669529135363238, 41.753943304734094 ], [ 13.669185153677844, 41.754098673339691 ], [ 13.66870420498058, 41.754285782425022 ], [ 13.668642825799788, 41.754294444798361 ], [ 13.668362049305664, 41.754352640267051 ], [ 13.668061653457867, 41.754417898232205 ], [ 13.667633981668537, 41.754517091080679 ], [ 13.667227954695047, 41.754645696086534 ], [ 13.666877894494373, 41.754758284783286 ], [ 13.666584275841211, 41.754831949698023 ], [ 13.666408306988215, 41.754866360321216 ], [ 13.66603547717042, 41.755003678647647 ], [ 13.665773257788528, 41.755105827197454 ], [ 13.665526722475541, 41.755189409935056 ], [ 13.665328157333782, 41.755240220762616 ], [ 13.665290524884472, 41.755243949620649 ], [ 13.665124266870253, 41.755279512617257 ], [ 13.664812112851894, 41.75537482956868 ], [ 13.663852035896296, 41.755424335435478 ], [ 13.663658900992893, 41.755431202206843 ], [ 13.663575092248413, 41.755448193501913 ], [ 13.663510251038343, 41.755456031706956 ], [ 13.663370025616842, 41.755477053328256 ], [ 13.663213815461223, 41.75551429274612 ], [ 13.663083954507714, 41.75553855919248 ], [ 13.662925052905463, 41.755554676065955 ], [ 13.662430406623418, 41.755612971306462 ], [ 13.662098114900035, 41.755639566290796 ], [ 13.661942520158499, 41.755647127757136 ], [ 13.661871550647772, 41.755648644520242 ], [ 13.661787038964977, 41.755649222343358 ], [ 13.661605236138888, 41.755612734111679 ], [ 13.661160305313217, 41.755437260578375 ], [ 13.660643209659652, 41.755624669610334 ], [ 13.660609682296007, 41.755632753747584 ], [ 13.660509962649456, 41.755615533055746 ], [ 13.660201238043019, 41.75556554311683 ], [ 13.659942803900107, 41.75556074449436 ], [ 13.659785781309973, 41.755549099475736 ], [ 13.659617181761126, 41.755521261188171 ], [ 13.65934085965856, 41.755460049582787 ], [ 13.659153704114832, 41.75540790709568 ], [ 13.658990389598033, 41.755355150505437 ], [ 13.658821806963502, 41.75526932411988 ], [ 13.658733458384402, 41.755221010804782 ], [ 13.658599399864846, 41.755136479292105 ], [ 13.658398656423195, 41.754993181721254 ], [ 13.658182448186151, 41.754848811053172 ], [ 13.65810867254266, 41.754787285829948 ], [ 13.658012507798475, 41.754713901585177 ], [ 13.657875881543553, 41.754581165304451 ], [ 13.657748468612002, 41.754463702377272 ], [ 13.657513446465165, 41.75425041816537 ], [ 13.657407525622066, 41.754096451095378 ], [ 13.657352777879526, 41.753979480113671 ], [ 13.657320944657643, 41.753906311890603 ], [ 13.657304217839965, 41.753809530629105 ], [ 13.657306716521031, 41.753689660270801 ], [ 13.657327518810346, 41.753606164029229 ], [ 13.657338297380401, 41.753576790908056 ], [ 13.657356518974936, 41.753495167664568 ], [ 13.65736962033861, 41.753476289110516 ], [ 13.657437706201311, 41.753319121920185 ], [ 13.65746766073376, 41.753284263388544 ], [ 13.657529097924643, 41.753202193567653 ], [ 13.657588053496191, 41.753117239961192 ], [ 13.657710689195069, 41.752964516368571 ], [ 13.657806824779149, 41.752863820142792 ], [ 13.658027014945999, 41.752648955620664 ], [ 13.658064457825398, 41.752620607596803 ], [ 13.65811205834291, 41.752562165419008 ], [ 13.658137743906982, 41.752518692583337 ], [ 13.658162724846662, 41.752478542055393 ], [ 13.658168351648467, 41.752452439217585 ], [ 13.658174851478066, 41.752414927567742 ], [ 13.658174312085427, 41.752318811274293 ], [ 13.658161645020858, 41.752255858765423 ], [ 13.658120855581391, 41.752180524363169 ], [ 13.658093422824603, 41.752114703212413 ], [ 13.658063747880627, 41.752075183023599 ], [ 13.657991938062617, 41.751984260861143 ], [ 13.657916040265492, 41.751926913534462 ], [ 13.657806515144784, 41.751857119872589 ], [ 13.657662609556557, 41.751811031177013 ], [ 13.657530919564273, 41.751788557463414 ], [ 13.657391844947741, 41.751754578283304 ], [ 13.657333523558153, 41.751748187145516 ], [ 13.657046998562356, 41.751716290422436 ], [ 13.656716841901206, 41.7516642167298 ], [ 13.656567167559579, 41.751610446535523 ], [ 13.656503552592961, 41.751573542378758 ], [ 13.656379829769342, 41.75149406547402 ], [ 13.656303589758664, 41.751412606281818 ], [ 13.656256318424688, 41.75132323883016 ], [ 13.656176333727103, 41.751258864265282 ], [ 13.655746769177025, 41.751058446536334 ], [ 13.655165982341378, 41.750907510077056 ], [ 13.65530200554967, 41.75101811192777 ], [ 13.655383902430055, 41.751158239721732 ], [ 13.655435428117928, 41.751337978519466 ], [ 13.655431452091433, 41.751482810664712 ], [ 13.655387814304662, 41.751655726105817 ], [ 13.655379342400542, 41.751741983198563 ], [ 13.655368622254343, 41.75184462879885 ], [ 13.655371554512133, 41.751932446748249 ], [ 13.655431998795791, 41.75209587509304 ], [ 13.655449878383084, 41.752243817776517 ], [ 13.6554475104106, 41.752357266450737 ], [ 13.65542553486338, 41.752451216053842 ], [ 13.655408472567824, 41.752515248264721 ], [ 13.655347929068217, 41.752607675890083 ], [ 13.655303107650765, 41.752666030496655 ], [ 13.655205749187116, 41.75274143385591 ], [ 13.655165919205853, 41.752766125084285 ], [ 13.655102785562793, 41.752777161830771 ], [ 13.655001585829016, 41.752831109406308 ], [ 13.654791950677415, 41.752908944666167 ], [ 13.654613033919313, 41.752953417551936 ], [ 13.654496156201741, 41.753005040000566 ], [ 13.654375838446168, 41.753084455860439 ], [ 13.654307586708303, 41.753237812941279 ], [ 13.654244406861681, 41.753285246751126 ], [ 13.654140525951956, 41.753330597895527 ], [ 13.65407178628217, 41.753336215734869 ], [ 13.653965754024796, 41.753343403822086 ], [ 13.653895080087954, 41.753338962656578 ], [ 13.653789232767174, 41.753324474480578 ], [ 13.653694703993159, 41.753307107985464 ], [ 13.653502342633448, 41.753276551256029 ], [ 13.653352115101349, 41.753230831600895 ], [ 13.653164316896893, 41.753135895170367 ], [ 13.652917403417639, 41.753022200022194 ], [ 13.652763822542351, 41.752983064191255 ], [ 13.652640087363988, 41.752977999959604 ], [ 13.652292900163838, 41.752967905636723 ], [ 13.652014476164123, 41.752976682385274 ], [ 13.651775847166144, 41.753005195078899 ], [ 13.651672561505119, 41.753022048069418 ], [ 13.651532116911392, 41.753046895224664 ], [ 13.651293084103186, 41.753094671742453 ], [ 13.650935915231818, 41.753177190925904 ], [ 13.65068203177583, 41.753242856987697 ], [ 13.650423096961076, 41.753319302274328 ], [ 13.65014663400385, 41.753387913475137 ], [ 13.649897850379238, 41.753440389893726 ], [ 13.649810073354329, 41.75345902926729 ], [ 13.649649602343045, 41.753492872067376 ], [ 13.64937977160694, 41.753551924592109 ], [ 13.649303308809282, 41.753567886454192 ], [ 13.649184896340294, 41.75359017963202 ], [ 13.64910995722558, 41.753610173774504 ], [ 13.648958170638759, 41.753638898888582 ], [ 13.648823636374086, 41.753663009332818 ], [ 13.648735959788668, 41.753676831672749 ], [ 13.648667177262983, 41.753684453016078 ], [ 13.648603712442528, 41.753694144121468 ], [ 13.648497694479616, 41.753713370801528 ], [ 13.648369333627192, 41.753724305515426 ], [ 13.648244615118882, 41.753740501785572 ], [ 13.648097098882456, 41.753770078906406 ], [ 13.648054572686242, 41.753786840755204 ], [ 13.648017438237092, 41.753793629812435 ], [ 13.647885613733637, 41.753841858000889 ], [ 13.64767780759747, 41.753934153923858 ], [ 13.647458910365618, 41.754043982648845 ], [ 13.647220986636848, 41.754140740523837 ], [ 13.647052747516888, 41.754186933130065 ], [ 13.646832125228704, 41.75424267850773 ], [ 13.646709971646393, 41.754272820223932 ], [ 13.646609471060174, 41.75429304686579 ], [ 13.646473705211921, 41.754324633755758 ], [ 13.646321603509604, 41.754351210597378 ], [ 13.646077914029082, 41.754382060483316 ], [ 13.645984840815844, 41.754388992476002 ], [ 13.645875921535778, 41.754401625527088 ], [ 13.645678374353285, 41.754413748904902 ], [ 13.645432911784926, 41.754426912753352 ], [ 13.645358475627997, 41.754431387668077 ], [ 13.645277286856784, 41.754439708182588 ], [ 13.645117060711232, 41.754456017569581 ], [ 13.644865250222017, 41.754499080203779 ], [ 13.644615710982983, 41.754536102739586 ], [ 13.644336121960443, 41.754597035485297 ], [ 13.644133549661756, 41.754666727152006 ], [ 13.643914267382105, 41.754760486571357 ], [ 13.643701339067546, 41.754869308020709 ], [ 13.643603987042528, 41.754920971438395 ], [ 13.643384724285259, 41.755058978677866 ], [ 13.643202030652898, 41.755180288922816 ], [ 13.642989180758383, 41.755330503820453 ], [ 13.642823060450393, 41.755434167049856 ], [ 13.642626221830183, 41.75554817237883 ], [ 13.642537549137277, 41.755594941625553 ], [ 13.642447587133656, 41.755612434393257 ], [ 13.642386139600921, 41.75561860719106 ], [ 13.642267772973147, 41.755596987122928 ], [ 13.642151099858756, 41.755570391140509 ], [ 13.64201893660327, 41.755525056060975 ], [ 13.641627986305689, 41.7554126670898 ], [ 13.641116790376705, 41.755382891108752 ], [ 13.640401227871845, 41.755338204751347 ], [ 13.640312152575754, 41.755336258366633 ], [ 13.640069164863117, 41.755333560487472 ], [ 13.639896344542407, 41.755359348258047 ], [ 13.639718185092656, 41.75537227316682 ], [ 13.63934828782714, 41.755450276358644 ], [ 13.639032164111141, 41.75552575083757 ], [ 13.638751512612076, 41.755613955887434 ], [ 13.638397591495618, 41.755718955570075 ], [ 13.638317323042708, 41.755728709436355 ], [ 13.638276858809858, 41.755715383417943 ], [ 13.638235225491805, 41.755689732425871 ], [ 13.63820223603334, 41.755660972296688 ], [ 13.638178718233098, 41.755623760198468 ], [ 13.638152904259757, 41.755551460999605 ], [ 13.638133841921055, 41.75546412059213 ], [ 13.638146329867181, 41.755279200667715 ], [ 13.638153804164292, 41.75520461976744 ], [ 13.638160739676101, 41.755079449907385 ], [ 13.638094441017659, 41.754969469801793 ], [ 13.637924723357504, 41.754882350409851 ], [ 13.637785875316768, 41.75485661707387 ], [ 13.637689125575301, 41.754868316127897 ], [ 13.637490930560332, 41.754910927849593 ], [ 13.637316183003582, 41.75496024055348 ], [ 13.637163078617379, 41.755000174982541 ], [ 13.636987103867877, 41.755006116136762 ], [ 13.636815892689278, 41.754989632407074 ], [ 13.636597718359742, 41.754962956274831 ], [ 13.636499741886277, 41.754931283278651 ], [ 13.636269587892349, 41.754862713640918 ], [ 13.636132032356469, 41.754775973409338 ], [ 13.636041882078239, 41.754678555309852 ], [ 13.635732161882789, 41.754417950143875 ], [ 13.635494933973174, 41.754480970208263 ], [ 13.635433713195683, 41.754536445861682 ], [ 13.635321105612267, 41.754588099446664 ], [ 13.635067270123971, 41.754726393731715 ], [ 13.63480475565092, 41.754869401694577 ], [ 13.634617550879959, 41.755000457821694 ], [ 13.634392978957401, 41.755174425916195 ], [ 13.634162994456801, 41.755401320461324 ], [ 13.633945600911005, 41.755540045509747 ], [ 13.633444314488706, 41.755820266932332 ], [ 13.633370887294758, 41.755855128640469 ], [ 13.633287672676635, 41.755901419082278 ], [ 13.633144872133284, 41.755987683662624 ], [ 13.632904029927802, 41.756154587501904 ], [ 13.632703474798969, 41.756316692533879 ], [ 13.632507556831566, 41.756451693645317 ], [ 13.632458060664531, 41.756479802550572 ], [ 13.632432067877092, 41.756581292664187 ], [ 13.63244233128037, 41.756681161913008 ], [ 13.632437254810183, 41.756712768376779 ], [ 13.632450967420477, 41.756813869858668 ], [ 13.632448891864362, 41.756994610353679 ], [ 13.63244034797029, 41.757023536629134 ], [ 13.632419654167412, 41.757043741808921 ], [ 13.632210006008158, 41.757165934162146 ], [ 13.632051322428635, 41.757253107779022 ], [ 13.631943169583165, 41.7573257092427 ], [ 13.631896678441743, 41.757357482184645 ], [ 13.631891169121017, 41.757367972202239 ], [ 13.631866070739603, 41.7573881248234 ], [ 13.631817021004663, 41.757415908898388 ], [ 13.631755737274448, 41.757438929147774 ], [ 13.631643111384591, 41.757473212885074 ], [ 13.631549263731868, 41.757494525671518 ], [ 13.631473858033297, 41.757518696993543 ], [ 13.631373982251093, 41.757574903348093 ], [ 13.631310109511926, 41.757636816399916 ], [ 13.631104665396656, 41.757768292976863 ], [ 13.63100245236333, 41.757851519953768 ], [ 13.630955834197952, 41.757889228537408 ], [ 13.63093772616625, 41.757912103169033 ], [ 13.63089902169536, 41.757950565770322 ], [ 13.630882843613433, 41.75796554667226 ], [ 13.630853562207191, 41.75801665637546 ], [ 13.630805765985166, 41.758109767910362 ], [ 13.630769563697639, 41.758154857558246 ], [ 13.63068098076492, 41.758260017687512 ], [ 13.630653231178631, 41.758404826802412 ], [ 13.630619836877267, 41.758483595938884 ], [ 13.630526561716717, 41.758560771572618 ], [ 13.630275286007112, 41.758665091259914 ], [ 13.629962598593051, 41.758784511427194 ], [ 13.629870388643404, 41.7588115599929 ], [ 13.629806478979397, 41.758833668234594 ], [ 13.629754576269345, 41.758843604764387 ], [ 13.629492259820911, 41.758969781918637 ], [ 13.629156444128022, 41.759182165309902 ], [ 13.629038838446307, 41.759243215927036 ], [ 13.628872160103505, 41.7593467828437 ], [ 13.628815436805807, 41.759399177124607 ], [ 13.628801083330586, 41.759447972170598 ], [ 13.628783799229778, 41.759468877107984 ], [ 13.62874422708699, 41.759524994621941 ], [ 13.628656823511564, 41.759638890279746 ], [ 13.628605195603129, 41.759691052069108 ], [ 13.628551670053207, 41.759749568536101 ], [ 13.628494209836102, 41.759792864288755 ], [ 13.628432615113955, 41.759851009472179 ], [ 13.628368480481257, 41.759893950583027 ], [ 13.62835934143378, 41.759909345033151 ], [ 13.628254591157456, 41.759987261404973 ], [ 13.627989755502721, 41.760196860402509 ], [ 13.627781279077041, 41.760366558851665 ], [ 13.627584632775241, 41.760518585637293 ], [ 13.627496699688372, 41.760613525246661 ], [ 13.627485397891711, 41.760647695988055 ], [ 13.627431112242048, 41.760693558079112 ], [ 13.627433286299501, 41.760756917795085 ], [ 13.627426623199943, 41.760821491371665 ], [ 13.627396662915974, 41.760904258913776 ], [ 13.62737028241331, 41.760984430316441 ], [ 13.627357968247789, 41.761066089247471 ], [ 13.627316649529405, 41.761185665717747 ], [ 13.627271272735797, 41.761330263278751 ], [ 13.627249008938366, 41.761437752531421 ], [ 13.62723112742774, 41.761615225140595 ], [ 13.627229202170852, 41.761815758938916 ], [ 13.627205722339017, 41.762035387113649 ], [ 13.627192051306794, 41.76223578052727 ], [ 13.627180067526071, 41.762357026945303 ], [ 13.627214865881522, 41.762598462800717 ], [ 13.627204443778965, 41.762756672545535 ], [ 13.627236177633529, 41.76284794739373 ], [ 13.627246123608151, 41.762932511206209 ], [ 13.627256281521394, 41.763117355930156 ], [ 13.627261066218685, 41.76333380329276 ], [ 13.627240698014742, 41.763407449216523 ], [ 13.627165844340478, 41.76353849989129 ], [ 13.627089153685509, 41.763645485206595 ], [ 13.627020493403673, 41.76374318367845 ], [ 13.62699357727101, 41.763793294361008 ], [ 13.626944900514541, 41.763847640845967 ], [ 13.626935463223639, 41.763873917085633 ], [ 13.626890716818956, 41.763939843515466 ], [ 13.626868132570108, 41.763970458507984 ], [ 13.626838256366975, 41.764000204431163 ], [ 13.626819609773646, 41.764017574225342 ], [ 13.626818837672349, 41.764029293459096 ], [ 13.626798190413288, 41.764042534371349 ], [ 13.626726976080056, 41.764131405779352 ], [ 13.62669075262562, 41.764158827826655 ], [ 13.62663217574748, 41.764224393329989 ], [ 13.62660692765076, 41.764251360144691 ], [ 13.626518150050433, 41.764337382527913 ], [ 13.626446229386561, 41.764404254442631 ], [ 13.626364592796254, 41.764485963917544 ], [ 13.626268560518612, 41.76458157533164 ], [ 13.626194252576733, 41.764650177804242 ], [ 13.626160387825839, 41.764695513793654 ], [ 13.626093555103157, 41.764771682495642 ], [ 13.626060643443605, 41.764799876978628 ], [ 13.625848607158094, 41.76503220311389 ], [ 13.625804968872407, 41.765067526188297 ], [ 13.625748638473553, 41.765133264705995 ], [ 13.625603185229206, 41.765301074049191 ], [ 13.625524781319402, 41.765382601677537 ], [ 13.625417439976491, 41.765498748450135 ], [ 13.625270532902654, 41.765652025990981 ], [ 13.625168620453245, 41.765740858871901 ], [ 13.625136962569064, 41.76577907393041 ], [ 13.625104261706623, 41.765824863343383 ], [ 13.625047295653397, 41.765892792982349 ], [ 13.625013840461163, 41.765932635807026 ], [ 13.624952204929908, 41.765992262931384 ], [ 13.624918101074266, 41.766021212486777 ], [ 13.624810181787101, 41.766152855310146 ], [ 13.624800008077711, 41.766200563632076 ], [ 13.624781681461105, 41.766270128554432 ], [ 13.624765256610297, 41.766379006574859 ], [ 13.624741664471172, 41.766456718369525 ], [ 13.624722144685837, 41.766563800058016 ], [ 13.62472321661402, 41.766623628024178 ], [ 13.624712297498407, 41.766658096244136 ], [ 13.624700162831598, 41.766676130069385 ], [ 13.624652350477017, 41.766714261527468 ], [ 13.624653910768084, 41.76675122484864 ], [ 13.624684546616772, 41.766857147761691 ], [ 13.624731948199951, 41.767058271890228 ], [ 13.624727983393219, 41.767133872965758 ], [ 13.624711012266165, 41.767158299537137 ], [ 13.624619521805027, 41.767261000960893 ], [ 13.624480593843488, 41.767384245494561 ], [ 13.624454150136579, 41.767412077132562 ], [ 13.62439489113031, 41.767435997257785 ], [ 13.624347604152359, 41.767449505116971 ], [ 13.624251131820966, 41.767455386820835 ], [ 13.624156933619485, 41.767464814218471 ], [ 13.624055524554835, 41.767481778660951 ], [ 13.623953864828676, 41.767510468466106 ], [ 13.623916682906728, 41.767527615733684 ], [ 13.623858839437395, 41.767558589611312 ], [ 13.623803019404299, 41.767604834692634 ], [ 13.623770955706659, 41.767639049490775 ], [ 13.623731273947032, 41.767663203820369 ], [ 13.623690239001947, 41.76767737273633 ], [ 13.623684600373654, 41.767721286881986 ], [ 13.623690175927994, 41.767753606935671 ], [ 13.623704616350995, 41.767774304748045 ], [ 13.623761488664334, 41.767825418496436 ], [ 13.623795381563351, 41.767852213580518 ], [ 13.62385979074697, 41.767880547089767 ], [ 13.623919244512246, 41.76788419144544 ], [ 13.623986147255739, 41.767869159474088 ], [ 13.624120792181895, 41.767873117987001 ], [ 13.624157103558133, 41.767933368027812 ], [ 13.624194636768761, 41.768046410735266 ], [ 13.624190896754802, 41.768111458861455 ], [ 13.624177439807903, 41.768154692964991 ], [ 13.624132150820268, 41.768221295916582 ], [ 13.624126387106768, 41.768234421391249 ], [ 13.624113753910958, 41.768257433770039 ], [ 13.624098411124747, 41.768278947635288 ], [ 13.624066328441742, 41.76831404191816 ], [ 13.624046650287641, 41.768355149005849 ], [ 13.623994413164933, 41.768453628707725 ], [ 13.623943742116968, 41.768552127144346 ], [ 13.62392645702603, 41.768591210397283 ], [ 13.623915468110784, 41.768665554431827 ], [ 13.623910806795111, 41.768737042153511 ], [ 13.623861469913212, 41.768809753935244 ], [ 13.62382642352609, 41.768836895935927 ], [ 13.623803111417701, 41.768864764932239 ], [ 13.623762551600789, 41.768929958329046 ], [ 13.623756737427591, 41.76898208028237 ], [ 13.623755653137366, 41.769069444259927 ], [ 13.623765112938349, 41.769139928309151 ], [ 13.623770199852803, 41.769195112978672 ], [ 13.623778187603758, 41.769224529808078 ], [ 13.623795528858276, 41.769292762588634 ], [ 13.623793316994137, 41.769359588263058 ], [ 13.623773688278357, 41.769435001607917 ], [ 13.62377211556811, 41.76947192738718 ], [ 13.623783793410212, 41.769511944031443 ], [ 13.623797350849379, 41.769537322629098 ], [ 13.623833174048029, 41.769620437388717 ], [ 13.62382328769195, 41.76964318942597 ], [ 13.623816659185769, 41.769660116267325 ], [ 13.623798396482856, 41.769671625920935 ], [ 13.623745337534924, 41.769698552088073 ], [ 13.623691163496453, 41.769704353658582 ], [ 13.623620167621013, 41.769727546318272 ], [ 13.623578160167163, 41.769750499870455 ], [ 13.62355398728174, 41.769769757632524 ], [ 13.623534448310854, 41.769804317903109 ], [ 13.623535366919642, 41.769834627407867 ], [ 13.623545584633566, 41.769906293392999 ], [ 13.623547563929122, 41.769960267981787 ], [ 13.623563908880639, 41.770038458033 ], [ 13.623564089703093, 41.770139911292063 ], [ 13.623545413149387, 41.770170767887052 ], [ 13.623506086643195, 41.770214864745157 ], [ 13.623431192853495, 41.770273782345761 ], [ 13.623405405251383, 41.770307485811301 ], [ 13.623402366308291, 41.770339702628249 ], [ 13.623408900567256, 41.770363824256613 ], [ 13.623417511782053, 41.770382399761338 ], [ 13.623445720338713, 41.770400330482872 ], [ 13.623500903417947, 41.770420636922111 ], [ 13.623600844699459, 41.770435908640671 ], [ 13.623626569014963, 41.770478439294102 ], [ 13.623636780924221, 41.770513747002241 ], [ 13.623616015759328, 41.770825474930795 ], [ 13.623603709838939, 41.770961377479175 ], [ 13.623590427347304, 41.770996403667212 ], [ 13.623553374584976, 41.771044046313598 ], [ 13.623500282685987, 41.771109089418857 ], [ 13.623446426728957, 41.771136592309134 ], [ 13.623374050935855, 41.771150971933551 ], [ 13.623297001284433, 41.771164122650973 ], [ 13.62318736021391, 41.771162808542293 ], [ 13.623006733983797, 41.771184100304197 ], [ 13.62274776746959, 41.771205625364004 ], [ 13.622708434318556, 41.771213363671478 ], [ 13.62258182014785, 41.771236475211388 ], [ 13.622439392310012, 41.771266434034487 ], [ 13.622303041350225, 41.771305261900189 ], [ 13.622465437567133, 41.771476978790965 ], [ 13.622681669200642, 41.771768677915396 ], [ 13.622758889771513, 41.771857420540599 ], [ 13.622822715307336, 41.771949814262612 ], [ 13.622808924958374, 41.771971932973308 ], [ 13.622395744883653, 41.772098043843862 ], [ 13.622305100448191, 41.77214240443827 ], [ 13.622211116189092, 41.772196400867848 ], [ 13.622059299445661, 41.772262311559601 ], [ 13.622035032711178, 41.772298085423692 ], [ 13.621899149788302, 41.772497891311801 ], [ 13.621812937158341, 41.772627922324133 ], [ 13.621774681974397, 41.772768204656856 ], [ 13.621765897027865, 41.772958979671131 ], [ 13.621651493108322, 41.773070199995118 ], [ 13.621507383817129, 41.773123594348569 ], [ 13.621360923601344, 41.773167870760929 ], [ 13.621122114759912, 41.773235374978 ], [ 13.620897119972215, 41.773316239046977 ], [ 13.620457249288034, 41.773499198576268 ], [ 13.620066961568291, 41.773671316843753 ], [ 13.619613843044934, 41.773869067726608 ], [ 13.619454976458487, 41.773989427463 ], [ 13.619382452781807, 41.774083556166545 ], [ 13.619319817571288, 41.774154933223038 ], [ 13.619275846646712, 41.774232692025429 ], [ 13.619200581832885, 41.774399797194043 ], [ 13.619210335099362, 41.774547692769083 ], [ 13.619189552528921, 41.774585267159061 ], [ 13.619202555772544, 41.774636442179236 ], [ 13.619258875277721, 41.774695174947844 ], [ 13.619367602417752, 41.774721111561867 ], [ 13.619415189329198, 41.774803489380481 ], [ 13.61946494267351, 41.774949226783328 ], [ 13.619477003108633, 41.775044372082164 ], [ 13.619473834297221, 41.775192112316297 ], [ 13.619467027888389, 41.775345086624768 ], [ 13.619443492457538, 41.775620568640115 ], [ 13.61942182425064, 41.775808989438609 ], [ 13.619356751264162, 41.775966541197462 ], [ 13.619277715858278, 41.776055973456614 ], [ 13.619197851897386, 41.776101853881002 ], [ 13.619143568343215, 41.776146722317215 ], [ 13.619011041157062, 41.776244087744203 ], [ 13.618980545559584, 41.776268790633679 ], [ 13.618952095213027, 41.77628032361536 ], [ 13.618899348929817, 41.776356217467502 ], [ 13.618860169727888, 41.776539149788803 ], [ 13.618686147328885, 41.776680877148387 ], [ 13.61857534512578, 41.776915725989454 ], [ 13.61848471295548, 41.777032066913492 ], [ 13.618377137584535, 41.777116537197458 ], [ 13.618141836511901, 41.77732086016038 ], [ 13.618011520835001, 41.777397139828807 ], [ 13.617945212650216, 41.777447800528243 ], [ 13.617827260625281, 41.777522909294241 ], [ 13.617707262748667, 41.77761118780365 ], [ 13.617549293623101, 41.777743870443196 ], [ 13.617438763395249, 41.777883721106676 ], [ 13.617279599282385, 41.778117546700145 ], [ 13.617168477236287, 41.778257536572269 ], [ 13.617133887980549, 41.77829948911026 ], [ 13.617101085610466, 41.778331200773771 ], [ 13.616912653234102, 41.778532420276363 ], [ 13.61687559519099, 41.778652776881195 ], [ 13.616876880056788, 41.778811712573315 ], [ 13.616895757277366, 41.779099872814221 ], [ 13.616892743520063, 41.779422368310144 ], [ 13.616944133316974, 41.779619438265371 ], [ 13.616974192913942, 41.779715386889464 ], [ 13.616971190066749, 41.779782202771216 ], [ 13.616857210595604, 41.77994561474226 ], [ 13.616751487655426, 41.780016471450701 ], [ 13.616631260684342, 41.78006956074114 ], [ 13.616530539327153, 41.780126403367959 ], [ 13.61628435230195, 41.780229228018783 ], [ 13.616071421315821, 41.780345472003646 ], [ 13.615974527079301, 41.780406465197032 ], [ 13.615990304245246, 41.780424292586403 ], [ 13.616210007600158, 41.780622759673058 ], [ 13.616184313635628, 41.780669950252296 ], [ 13.616150986528865, 41.780694105131246 ], [ 13.615940819212536, 41.780849027003107 ], [ 13.615531246327517, 41.780991509858055 ], [ 13.615284534026332, 41.781176592883831 ], [ 13.61512516013549, 41.781260732222989 ], [ 13.615152767044032, 41.781363062335259 ], [ 13.615149818287225, 41.781500085583403 ], [ 13.61508843090134, 41.781582218313794 ], [ 13.615005551371908, 41.781673652704505 ], [ 13.614905506803868, 41.78177125742274 ], [ 13.61482585362085, 41.781910544102523 ], [ 13.614770170475328, 41.782123429052973 ], [ 13.614710020158487, 41.782345823125787 ], [ 13.614732546357839, 41.782486339778714 ], [ 13.614838509194644, 41.782707550891523 ], [ 13.61482621887915, 41.782882710827543 ], [ 13.614737640762247, 41.783041013103173 ], [ 13.614603878654529, 41.7833198919963 ], [ 13.614359077458122, 41.783613367829453 ], [ 13.614179235222638, 41.783856630993363 ], [ 13.614008727952314, 41.784061754931592 ], [ 13.613795922159506, 41.784253618357646 ], [ 13.613635232661972, 41.784398301315889 ], [ 13.613375658474824, 41.784586412699767 ], [ 13.612932593424885, 41.784791432802109 ], [ 13.612722528685042, 41.784855832171459 ], [ 13.612657084303223, 41.784928352610059 ], [ 13.612615537024174, 41.785077659277675 ], [ 13.612591430291626, 41.785208051631869 ], [ 13.612481898741409, 41.785350162440743 ], [ 13.612334596070058, 41.785466316712395 ], [ 13.612282816584338, 41.785497565894119 ], [ 13.612140322078361, 41.785588278429422 ], [ 13.612035320596165, 41.785717694847513 ], [ 13.611886435049156, 41.785907140806799 ], [ 13.611798048709305, 41.786055881091833 ], [ 13.611714471046191, 41.786179179305435 ], [ 13.611733423249294, 41.786287780709095 ], [ 13.611695992175338, 41.78644351191749 ], [ 13.611616876902474, 41.786557302609495 ], [ 13.611374868594847, 41.786720122114303 ], [ 13.611100242180411, 41.78681561102308 ], [ 13.610880483512945, 41.786934075644652 ], [ 13.610618423296852, 41.787039277837529 ], [ 13.610556749443663, 41.787134154352252 ], [ 13.610665456805526, 41.787227905062437 ], [ 13.610836653448173, 41.787386159245486 ], [ 13.610974818875892, 41.78749620246613 ], [ 13.61090840732861, 41.787613333024737 ], [ 13.610628830608173, 41.787740635087403 ], [ 13.610224330846298, 41.787933361235218 ], [ 13.61003959117792, 41.788007623412042 ], [ 13.609799986298711, 41.788058911207287 ], [ 13.609465948143642, 41.788144115152875 ], [ 13.609319391274996, 41.788225213565852 ], [ 13.609200708989887, 41.788395896107865 ], [ 13.608947761464576, 41.788670138640491 ], [ 13.608772969767902, 41.788875202662183 ], [ 13.608633410351667, 41.7890265089816 ], [ 13.608438771017676, 41.789164396416027 ], [ 13.608280733025222, 41.789382414058707 ], [ 13.60818492096324, 41.789480062362038 ], [ 13.608119811432266, 41.789536646005352 ], [ 13.607887540516771, 41.78964220340189 ], [ 13.607671542797869, 41.789783018503115 ], [ 13.607497362532055, 41.789959401631123 ], [ 13.607292755796374, 41.790164104068367 ], [ 13.607091300911263, 41.790419841793472 ], [ 13.60698147216511, 41.79057469278635 ], [ 13.606937718596273, 41.790628348535805 ], [ 13.606799393251944, 41.790722292726898 ], [ 13.606626451107303, 41.790841316912079 ], [ 13.606457905000237, 41.790954017907332 ], [ 13.606165737131439, 41.791071594831685 ], [ 13.605933734477427, 41.79116440115714 ], [ 13.605529544657877, 41.79134117778203 ], [ 13.605293072759872, 41.791443492107604 ], [ 13.605119779706083, 41.791578446257574 ], [ 13.604994156477883, 41.791675729804197 ], [ 13.604992152502293, 41.791768138951205 ], [ 13.605089120538356, 41.791813941622337 ], [ 13.605283469433736, 41.791886424056024 ], [ 13.605478166366558, 41.791942973863492 ], [ 13.605613112415057, 41.792005173150805 ], [ 13.605730265813964, 41.792102217750092 ], [ 13.605821387030417, 41.792221259034356 ], [ 13.605899873637796, 41.792333770637057 ], [ 13.605989200075724, 41.792535660467337 ], [ 13.60605896424523, 41.792657629109286 ], [ 13.606093491007556, 41.792833356455191 ], [ 13.606074224628843, 41.793132739134037 ], [ 13.606012606360292, 41.793224426994051 ], [ 13.605933889040076, 41.793319094041948 ], [ 13.605791644454728, 41.793397051217646 ], [ 13.605693292048905, 41.793414982264544 ], [ 13.605600442502498, 41.793375605263009 ], [ 13.605490697696041, 41.793329650104624 ], [ 13.605338509749069, 41.793276803235933 ], [ 13.605155822089953, 41.7932554615737 ], [ 13.604916122666012, 41.79330992301626 ], [ 13.604760824141261, 41.793400472321665 ], [ 13.604623321343007, 41.793456174517495 ], [ 13.604456421814755, 41.793492396659218 ], [ 13.604306765305664, 41.793519264523226 ], [ 13.604097354421295, 41.793551781163764 ], [ 13.603916920273674, 41.79362289891943 ], [ 13.603735312035749, 41.793748187925118 ], [ 13.603648210088275, 41.793836376302679 ], [ 13.603607465811075, 41.793947439882324 ], [ 13.603482494606114, 41.794210475456595 ], [ 13.603393041437416, 41.794407007196519 ], [ 13.603408757679571, 41.794467759250118 ], [ 13.603442271048804, 41.794493664613135 ], [ 13.60351033407612, 41.794497680563126 ], [ 13.603566037218393, 41.794482421836932 ], [ 13.603704029569483, 41.794404413557132 ], [ 13.603916760343047, 41.794218941399969 ], [ 13.604206971177506, 41.793996162775031 ], [ 13.604332533999093, 41.793902066714004 ], [ 13.604418734132757, 41.793855302903246 ], [ 13.604495242067722, 41.793862607079845 ], [ 13.604553682350488, 41.793917503451979 ], [ 13.604543852762543, 41.793977944995397 ], [ 13.604457376004582, 41.794037455301329 ], [ 13.604386754475057, 41.794151343998827 ], [ 13.604283313514733, 41.794207459641392 ], [ 13.604160903146507, 41.794352591903092 ], [ 13.604067884535358, 41.794517208359437 ], [ 13.603956379233953, 41.794748533404309 ], [ 13.603919822316298, 41.79486283637516 ], [ 13.603834281075175, 41.795075351951589 ], [ 13.603640278205624, 41.79537898509485 ], [ 13.603551446443975, 41.795546838199364 ], [ 13.60352561932546, 41.795559273951497 ], [ 13.603540162727127, 41.795674198057426 ], [ 13.603602030331324, 41.795767383648595 ], [ 13.603587109663177, 41.795866013019996 ], [ 13.603551658391684, 41.795929329705686 ], [ 13.603456454151489, 41.795998294475815 ], [ 13.603378421529127, 41.796061095009506 ], [ 13.603277919258916, 41.796177806388521 ], [ 13.60323793396898, 41.796253817595165 ], [ 13.603084532464859, 41.79645275974385 ], [ 13.602980461514306, 41.796537552780968 ], [ 13.602858528163152, 41.79666037991413 ], [ 13.60280514510657, 41.79676491425537 ], [ 13.602760137658237, 41.796875926710662 ], [ 13.602749889787523, 41.796955486236122 ], [ 13.602659979151271, 41.796976703550378 ], [ 13.602546422361984, 41.797106007398497 ], [ 13.602472645051733, 41.797168857422349 ], [ 13.602386680293295, 41.797400491569611 ], [ 13.602219319695259, 41.797653448419666 ], [ 13.60209319446067, 41.797773035291975 ], [ 13.601924345007454, 41.797898475483883 ], [ 13.601859773298422, 41.797929564143608 ], [ 13.601727485773532, 41.797940703513312 ], [ 13.601573142302865, 41.797986635604488 ], [ 13.601334352710637, 41.798194097024762 ], [ 13.601184545401216, 41.798227333525126 ], [ 13.601106158351032, 41.798306064662931 ], [ 13.601031756617299, 41.79839759238984 ], [ 13.600939624412284, 41.798520778750557 ], [ 13.600783684434004, 41.79864000098231 ], [ 13.600622030170596, 41.798826088883487 ], [ 13.600556973730528, 41.798879482546745 ], [ 13.600391751858695, 41.799033651993248 ], [ 13.600163969053122, 41.799126498393569 ], [ 13.599986664864476, 41.799248645891375 ], [ 13.599767398262433, 41.799341594752761 ], [ 13.599478468452876, 41.799503816562748 ], [ 13.599237003658928, 41.799637931918447 ], [ 13.598877341309096, 41.799722790506074 ], [ 13.598598175039076, 41.799827758341038 ], [ 13.59822950552657, 41.799934818285763 ], [ 13.597855746310612, 41.80008006414711 ], [ 13.597656792561866, 41.80021787965682 ], [ 13.597427125220957, 41.800396757946274 ], [ 13.597367437248474, 41.800399217448977 ], [ 13.597250020887145, 41.800509342258422 ], [ 13.597102864299629, 41.800615916941922 ], [ 13.596965893517314, 41.80064611629053 ], [ 13.596668920622186, 41.800785923262126 ], [ 13.59647966219047, 41.800869669434107 ], [ 13.596366572957766, 41.800976659451713 ], [ 13.5962495045528, 41.801070850978768 ], [ 13.596098085787045, 41.801177372263794 ], [ 13.596052646141416, 41.801307499920682 ], [ 13.596071366861969, 41.801425663736239 ], [ 13.59598542662393, 41.801459674605262 ], [ 13.59588999736161, 41.801538192131169 ], [ 13.595744019135552, 41.801590593179334 ], [ 13.595437895022986, 41.801758971269273 ], [ 13.595222466506199, 41.802065513852249 ], [ 13.594988747539741, 41.802429206921069 ], [ 13.594652119810627, 41.802823512783768 ], [ 13.594531063976998, 41.80290490563263 ], [ 13.594331888283664, 41.803052276091528 ], [ 13.594107783228122, 41.803170653179933 ], [ 13.593990150074044, 41.803290334908581 ], [ 13.593984436554409, 41.803551631006513 ], [ 13.594076178456765, 41.803642003299338 ], [ 13.594189144387929, 41.803735819847624 ], [ 13.594267066618139, 41.803873831186152 ], [ 13.594421232118705, 41.804031900978259 ], [ 13.594592988206371, 41.804164685785942 ], [ 13.594733250566099, 41.804179152288036 ], [ 13.594893207148607, 41.804267169575603 ], [ 13.595075014775452, 41.804329954456307 ], [ 13.594942991621561, 41.804328339449761 ], [ 13.594718107325013, 41.804287338389074 ], [ 13.594527224791417, 41.8042499419169 ], [ 13.594336691532703, 41.80419661237007 ], [ 13.594227424503824, 41.80412833961627 ], [ 13.594117879761891, 41.804072812545407 ], [ 13.594003238156478, 41.804055472734539 ], [ 13.593930141316871, 41.804086450861668 ], [ 13.593784016333148, 41.80414522271878 ], [ 13.593631542938368, 41.804299538844027 ], [ 13.593486189240881, 41.804517688973192 ], [ 13.593251610125199, 41.804725184763718 ], [ 13.59301025899275, 41.80504734415549 ], [ 13.592891643279652, 41.805211635358852 ], [ 13.592876703643764, 41.805310262345266 ], [ 13.592874890478608, 41.805393112568339 ], [ 13.592979202759414, 41.805493200505254 ], [ 13.59311716667516, 41.805612823784223 ], [ 13.593145725444275, 41.805670546025354 ], [ 13.593131762230968, 41.805724561211981 ], [ 13.593023895286059, 41.805786987440371 ], [ 13.592859823007535, 41.805886974172296 ], [ 13.592640384028135, 41.805986283895223 ], [ 13.592476659468934, 41.806070336208037 ], [ 13.592337930770091, 41.806180196299302 ], [ 13.592202275073713, 41.80634427790276 ], [ 13.592097057195826, 41.806480046252062 ], [ 13.592013065616166, 41.806619261460028 ], [ 13.591930122645856, 41.806710680035295 ], [ 13.591889277470171, 41.806824925740457 ], [ 13.591903522134343, 41.806952597117167 ], [ 13.591918046752712, 41.807067521643674 ], [ 13.591880876906414, 41.807143739673954 ], [ 13.591797961180129, 41.807125723998659 ], [ 13.591484171064927, 41.806929214776432 ], [ 13.591019945256869, 41.806685528589398 ], [ 13.59073557914097, 41.806529045201358 ], [ 13.590463997228129, 41.806480380180737 ], [ 13.590193284531559, 41.806392059915247 ], [ 13.589659310187201, 41.80622117606292 ], [ 13.589381278928457, 41.806121431475212 ], [ 13.589108443005429, 41.806475068762239 ], [ 13.588796504544852, 41.806884890378207 ], [ 13.588501447414041, 41.807215586944579 ], [ 13.588383519326134, 41.807412466114634 ], [ 13.588226613751919, 41.807659861652148 ], [ 13.587932667662036, 41.807939572554716 ], [ 13.58770723938613, 41.808203125604663 ], [ 13.587193460501853, 41.808491465366387 ], [ 13.587067084127966, 41.808727902252954 ], [ 13.587093758854063, 41.808892559053071 ], [ 13.58696080474996, 41.809083583092914 ], [ 13.586902821308367, 41.80930952920766 ], [ 13.586824488327775, 41.809427561145057 ], [ 13.586631330083854, 41.809600846568387 ], [ 13.586360584558696, 41.809858172643246 ], [ 13.585997351926052, 41.810188022832143 ], [ 13.585838092060872, 41.810197396173031 ], [ 13.585675840254028, 41.810342727239771 ], [ 13.585318336705001, 41.810411988201871 ], [ 13.58494443906352, 41.810537712019666 ], [ 13.584646013663548, 41.810675696687007 ], [ 13.584479015872182, 41.810799893936903 ], [ 13.584393901309253, 41.810795658145892 ], [ 13.584298183366892, 41.810692481705075 ], [ 13.584163641736827, 41.810611137632151 ], [ 13.584006891674568, 41.810570957687929 ], [ 13.583803429142554, 41.810523824762619 ], [ 13.583684451319911, 41.810509607911776 ], [ 13.583463111693572, 41.810500503076085 ], [ 13.583313266922389, 41.81053371615787 ], [ 13.583158388854963, 41.810601929356338 ], [ 13.583006995513992, 41.810705244992732 ], [ 13.582886472174129, 41.810761130305444 ], [ 13.582749894173872, 41.810772194752083 ], [ 13.582528273493448, 41.810775834908213 ], [ 13.582155678625542, 41.810863671118312 ], [ 13.581839369781511, 41.810910763602827 ], [ 13.581727996018342, 41.810938076149547 ], [ 13.581613557582576, 41.810911163494055 ], [ 13.58135145187218, 41.81081867881089 ], [ 13.580950830170941, 41.810632047440002 ], [ 13.579729764097392, 41.810170719581862 ], [ 13.578855291578735, 41.809834787740627 ], [ 13.578428918515684, 41.809657391911074 ], [ 13.578251230349959, 41.809601004654368 ], [ 13.578176821442799, 41.809498088556772 ], [ 13.578129093132498, 41.809344501660476 ], [ 13.578033248719301, 41.809247693576445 ], [ 13.577830499920383, 41.809168686004568 ], [ 13.577550876662469, 41.809098287331942 ], [ 13.577355803707242, 41.809057622034551 ], [ 13.57720757845172, 41.809017537865678 ], [ 13.576551831675944, 41.808617362004448 ], [ 13.576362994846203, 41.808487525402064 ], [ 13.576219102566178, 41.808444305276986 ], [ 13.575973274996, 41.808387073630279 ], [ 13.575820865344404, 41.808343746302342 ], [ 13.575664409441735, 41.808290808367843 ], [ 13.575431500325955, 41.808227358987629 ], [ 13.575131459701593, 41.808309697770127 ], [ 13.575002837252434, 41.808346349494464 ], [ 13.574826590637141, 41.808417473081093 ], [ 13.574591351183926, 41.808459178091681 ], [ 13.574429366032554, 41.808463541096827 ], [ 13.57422506955097, 41.808454631663338 ], [ 13.574038306680851, 41.8084236252217 ], [ 13.573852319317032, 41.808357568453225 ], [ 13.573708147043632, 41.808327091973496 ], [ 13.573589033654894, 41.808319238122664 ], [ 13.573459423383833, 41.808400500120811 ], [ 13.573428125136161, 41.808467047233144 ], [ 13.573438497910226, 41.808575547814876 ], [ 13.573473576787794, 41.808722602750869 ], [ 13.573435613848496, 41.808897438269405 ], [ 13.573430012853617, 41.808957929424224 ], [ 13.573509805201953, 41.809009918243653 ], [ 13.573639435161905, 41.809119899939375 ], [ 13.57375124899316, 41.809264720993539 ], [ 13.573850852502067, 41.809383892543451 ], [ 13.573902969527728, 41.809531159449037 ], [ 13.573963252144912, 41.809694465267093 ], [ 13.574032760713168, 41.80982601104386 ], [ 13.574169710546521, 41.809990268601076 ], [ 13.574312332755916, 41.810090849499801 ], [ 13.574505569655233, 41.810214367825466 ], [ 13.574748859412047, 41.810386319620108 ], [ 13.574903202545366, 41.810534855686889 ], [ 13.575082323344349, 41.810718758596181 ], [ 13.575166306905055, 41.810773987748092 ], [ 13.575279259171118, 41.810867822577869 ], [ 13.575328038041258, 41.81097361263501 ], [ 13.575341261782857, 41.811145895824886 ], [ 13.575359170658986, 41.811299112285681 ], [ 13.575390983278325, 41.811401503465937 ], [ 13.575482288083268, 41.811511007672607 ], [ 13.575569545121228, 41.811610899734291 ], [ 13.575741704912277, 41.811724593241848 ], [ 13.575893981301135, 41.811774292503458 ], [ 13.575918337735233, 41.81182878008493 ], [ 13.575862354262918, 41.812048015490682 ], [ 13.575813101295902, 41.812155776440783 ], [ 13.575740643621947, 41.812349309721348 ], [ 13.575698356053884, 41.812527279556498 ], [ 13.575693907877437, 41.812728029111852 ], [ 13.575831596451682, 41.813051664852757 ], [ 13.575943799872762, 41.813371794384643 ], [ 13.575976415971637, 41.813630377984644 ], [ 13.576002845471752, 41.813783701585315 ], [ 13.576036873869162, 41.813978553043476 ], [ 13.576155738353545, 41.814190395457928 ], [ 13.576254791330358, 41.81433505579632 ], [ 13.576383658013416, 41.814480086155385 ], [ 13.576424983398677, 41.814537972334186 ], [ 13.57635883231136, 41.814639148889832 ], [ 13.576273172391293, 41.81485164195167 ], [ 13.576252393155261, 41.815020316678115 ], [ 13.576229707993511, 41.815275026192225 ], [ 13.576269857373296, 41.81557832725143 ], [ 13.57637785282428, 41.815703973487565 ], [ 13.576581350316733, 41.815942363859293 ], [ 13.576790167971131, 41.816133006631922 ], [ 13.577019505948858, 41.816358966732295 ], [ 13.577069326621316, 41.816482299514796 ], [ 13.577398905000942, 41.816992114397557 ], [ 13.577485718880771, 41.817138817615493 ], [ 13.577535733515131, 41.817314146375679 ], [ 13.577644862742211, 41.817456606590888 ], [ 13.577781301856788, 41.817582608144548 ], [ 13.578187998723379, 41.817876581898403 ], [ 13.578528052352937, 41.818122754563724 ], [ 13.57863629331418, 41.818176183641491 ], [ 13.578731655013184, 41.818233705332631 ], [ 13.578850112333177, 41.818339349523015 ], [ 13.578866315072053, 41.818377818896863 ], [ 13.578903027161484, 41.818452687900916 ], [ 13.578904413329314, 41.818518613941336 ], [ 13.578918864071914, 41.818571944794606 ], [ 13.578944401165906, 41.81863816966397 ], [ 13.578991728390317, 41.818747187861142 ], [ 13.579004433093818, 41.818815379164732 ], [ 13.579023054033918, 41.818873014247046 ], [ 13.579040053617767, 41.819003979731967 ], [ 13.579044021702702, 41.819081631390013 ], [ 13.579045147308815, 41.8191592484281 ], [ 13.579070822802878, 41.81921909655577 ], [ 13.579099321007806, 41.819280042212036 ], [ 13.579153599834445, 41.819331740003854 ], [ 13.579198311493677, 41.819366311024645 ], [ 13.579282920765635, 41.819396060326923 ], [ 13.579354744453415, 41.819425650862648 ], [ 13.579413897785184, 41.819449769371978 ], [ 13.579547293198445, 41.819522643990183 ], [ 13.579601548339856, 41.81957540553811 ], [ 13.579623869665822, 41.81965859886536 ], [ 13.579628097607324, 41.819724559482303 ], [ 13.57962221345638, 41.819797837169126 ], [ 13.579567157375825, 41.819909839840442 ], [ 13.579559465666122, 41.819936321551261 ], [ 13.579571933306095, 41.820015141465589 ], [ 13.579629092871901, 41.820129593497029 ], [ 13.579695373827452, 41.820281366208768 ], [ 13.579754585935673, 41.820367142593284 ], [ 13.579811804040256, 41.820543252575796 ], [ 13.579841416100122, 41.820618033461969 ], [ 13.579928268829274, 41.820739232575825 ], [ 13.57995813949295, 41.820802320751831 ], [ 13.580020454038841, 41.820876441128142 ], [ 13.580078094100807, 41.820904793230198 ], [ 13.580105546554668, 41.820948717860794 ], [ 13.580106931735562, 41.821014643851534 ], [ 13.580080206119106, 41.821066403944819 ], [ 13.580048339884266, 41.821093649409441 ], [ 13.580053647810544, 41.821110723420055 ], [ 13.580063769074448, 41.821167188417647 ], [ 13.580095555538241, 41.821207978248495 ], [ 13.580241998926812, 41.821397947932709 ], [ 13.580258532633101, 41.821421540775646 ], [ 13.580284681913012, 41.821460133443907 ], [ 13.580308223428469, 41.821488063904965 ], [ 13.580357457503546, 41.821510996147211 ], [ 13.580468502045594, 41.821566583369169 ], [ 13.580538790370866, 41.821601470542099 ], [ 13.580583361278787, 41.821642417696815 ], [ 13.580646464463648, 41.821745250083424 ], [ 13.580665662804071, 41.821841161425965 ], [ 13.58065021231832, 41.821897311984799 ], [ 13.580620880379177, 41.821938408922435 ], [ 13.580577364046011, 41.821978266283345 ], [ 13.58053841563247, 41.82200436118697 ], [ 13.580509553839871, 41.82202420287841 ], [ 13.580502721961766, 41.822076207294479 ], [ 13.580796713839778, 41.822728300845654 ], [ 13.580886095231852, 41.82279956682617 ], [ 13.580921451784484, 41.822807444737599 ], [ 13.581023749994182, 41.822808708721581 ], [ 13.581112931107185, 41.822824693165728 ], [ 13.581254425695086, 41.822853018026677 ], [ 13.581371154935526, 41.822908674598239 ], [ 13.581436290820152, 41.82298389220329 ], [ 13.581501121095185, 41.823072927091772 ], [ 13.581536076851759, 41.823098871405108 ], [ 13.581577975385935, 41.823132344133569 ], [ 13.581641323284808, 41.82315970113352 ], [ 13.581741357375423, 41.823199207571513 ], [ 13.581859250610473, 41.823266572244364 ], [ 13.582187517953946, 41.823654385224685 ], [ 13.582326032340521, 41.823817856155024 ], [ 13.58231236470146, 41.823836113549028 ], [ 13.58228957024483, 41.823838667079308 ], [ 13.582226833625656, 41.823847814533657 ], [ 13.582188414053512, 41.823871436723188 ], [ 13.582177504334865, 41.823936500638908 ], [ 13.5821906563708, 41.824027378020588 ], [ 13.582208351614138, 41.82408429143225 ], [ 13.582242408564335, 41.824172591416435 ], [ 13.582290475118437, 41.824227044278011 ], [ 13.582329382808815, 41.824267213345507 ], [ 13.582386860692614, 41.824324617803143 ], [ 13.582444398229859, 41.824379189704551 ], [ 13.582527992574718, 41.824455343654733 ], [ 13.582566024598002, 41.82453518676374 ], [ 13.582613281141011, 41.824626483356496 ], [ 13.582640572766943, 41.824677846406836 ], [ 13.582686463768711, 41.824745030732103 ], [ 13.582777969908522, 41.824892152204164 ], [ 13.582876124184223, 41.824995415865047 ], [ 13.582972764005959, 41.825081652379403 ], [ 13.583036163655498, 41.82521425228154 ], [ 13.583045530263879, 41.825305080647162 ], [ 13.583049618355121, 41.825377418328742 ], [ 13.583078774268028, 41.825430223652255 ], [ 13.583135503872027, 41.825521636895949 ], [ 13.583140407480652, 41.825557131322832 ], [ 13.583118629473114, 41.825599384678462 ], [ 13.583096791127705, 41.825644472747094 ], [ 13.583054484981391, 41.825672298260628 ], [ 13.583019416958061, 41.825715805355891 ], [ 13.583051374225933, 41.825727538745255 ], [ 13.583157464843143, 41.825728847632071 ], [ 13.583196998197693, 41.825740674996403 ], [ 13.583204015520527, 41.825766273577635 ], [ 13.583171339511853, 41.825787131480133 ], [ 13.583142359589173, 41.825812288165089 ], [ 13.583108069858209, 41.825820368760795 ], [ 13.583068191992993, 41.82582412830785 ], [ 13.583039555801703, 41.825833696365876 ], [ 13.583012970771648, 41.825836203818241 ], [ 13.583008933827562, 41.825847493108348 ], [ 13.583025669870024, 41.825861874161959 ], [ 13.583076697929259, 41.825868173016254 ], [ 13.583117424011922, 41.82585771238513 ], [ 13.583285076469354, 41.82585978064715 ], [ 13.583375382477769, 41.825838496774573 ], [ 13.583599551272787, 41.825993571300501 ], [ 13.583794869962123, 41.826099012071523 ], [ 13.584191892309452, 41.826292054268542 ], [ 13.584705707967336, 41.826620923693959 ], [ 13.584781079217926, 41.826733844453067 ], [ 13.58486155426607, 41.826887144050723 ], [ 13.584876359142793, 41.827030675610445 ], [ 13.584902649094607, 41.827196748719167 ], [ 13.584983122009218, 41.827350049845471 ], [ 13.585091957169364, 41.827575374630364 ], [ 13.585231321962889, 41.827774196243176 ], [ 13.58534222734378, 41.827905474166933 ], [ 13.586269959656081, 41.828750117615449 ], [ 13.586441636922071, 41.828841823266941 ], [ 13.586546952903838, 41.828955111964312 ], [ 13.586684674525859, 41.828956806904742 ], [ 13.586828579563305, 41.828949617865263 ], [ 13.587070358316021, 41.828849560172465 ], [ 13.587196298094169, 41.828842151841208 ], [ 13.587470654136892, 41.828894801969859 ], [ 13.587624172369139, 41.828995242410663 ], [ 13.587734988496582, 41.829130996596852 ], [ 13.587792800369904, 41.829225780168223 ], [ 13.587789256231215, 41.829387005489117 ], [ 13.587858746627155, 41.82949537221095 ], [ 13.587946300128246, 41.829599480758745 ], [ 13.588184438100186, 41.829665123442346 ], [ 13.588524075829556, 41.829745452730521 ], [ 13.588695857366064, 41.829832678818015 ], [ 13.589128647896716, 41.830035101189985 ], [ 13.589502642477283, 41.830187524481616 ], [ 13.590084744194575, 41.830409696238114 ], [ 13.590451969159114, 41.830597870740093 ], [ 13.590825284716423, 41.830781640775591 ], [ 13.591489264380263, 41.83109440303712 ], [ 13.591654669913826, 41.831199464105609 ], [ 13.591872793458721, 41.831358928000093 ], [ 13.592013758670912, 41.831486086156801 ], [ 13.592231488542383, 41.831663463794051 ], [ 13.59249801068054, 41.831801120290258 ], [ 13.592794276904757, 41.831948100536664 ], [ 13.593103696345556, 41.832041485597834 ], [ 13.593365802911991, 41.832107411178264 ], [ 13.593563411669923, 41.832109831389289 ], [ 13.593713801591841, 41.832080315880155 ], [ 13.593858497368259, 41.832037290327456 ], [ 13.594055517839783, 41.832066579992748 ], [ 13.594499726814476, 41.832296001630162 ], [ 13.594677021741646, 41.832405683530794 ], [ 13.594751928100196, 41.832540989300831 ], [ 13.594896636623254, 41.83277122390782 ], [ 13.59489831509754, 41.832968351260028 ], [ 13.594942008578705, 41.833161510229573 ], [ 13.594911588421978, 41.833456796598931 ], [ 13.594818238018904, 41.833616923818596 ], [ 13.594765530847262, 41.833835782955134 ], [ 13.594813841090234, 41.8340917155301 ], [ 13.594897787209392, 41.834361522013005 ], [ 13.595036609777194, 41.834587204149493 ], [ 13.595215283135268, 41.834634187175446 ], [ 13.595441176148192, 41.834713104617563 ], [ 13.59561239075359, 41.834827190364685 ], [ 13.595823861898577, 41.835017923090867 ], [ 13.596069600829821, 41.835285226609081 ], [ 13.596089441744466, 41.835473616010241 ], [ 13.596092101925141, 41.835625957434893 ], [ 13.596154061185445, 41.835805901797521 ], [ 13.596247233585769, 41.835927992453854 ], [ 13.596377903410959, 41.835978866569711 ], [ 13.596513094798782, 41.836096988697335 ], [ 13.596780525095843, 41.836194330922957 ], [ 13.597201797663351, 41.83637866452581 ], [ 13.597475411474674, 41.836467119121679 ], [ 13.597630332502254, 41.836504848415359 ], [ 13.597812750730913, 41.836654905070901 ], [ 13.597846334933079, 41.8367628272796 ], [ 13.597849488828221, 41.836892777406447 ], [ 13.597912919964784, 41.837005543677698 ], [ 13.598036431611625, 41.837110083489087 ], [ 13.598179180294895, 41.837156623340142 ], [ 13.598266959275637, 41.837251767375491 ], [ 13.598216117751807, 41.837385535883215 ], [ 13.598135135702343, 41.837527896886485 ], [ 13.598068863473767, 41.837636840681874 ], [ 13.598160337593582, 41.837837054005625 ], [ 13.598272930786951, 41.838045488831114 ], [ 13.598331769197474, 41.838277158308607 ], [ 13.598483477244447, 41.838645347424674 ], [ 13.598688817813649, 41.839484058236323 ], [ 13.598368890217184, 41.839504046428338 ], [ 13.59779378798213, 41.839504989602581 ], [ 13.597006790776174, 41.839455557486183 ], [ 13.596381066388513, 41.839336418698508 ], [ 13.595798975010345, 41.839170025595685 ], [ 13.595180417068873, 41.839210242764388 ], [ 13.594741807680803, 41.839300443698868 ], [ 13.595325316464496, 41.839888943508562 ], [ 13.595648404573575, 41.840211447936092 ], [ 13.596717691439299, 41.840989049634707 ], [ 13.597323916054281, 41.841514106983027 ], [ 13.59833618394905, 41.842466201146465 ], [ 13.600107639537901, 41.84376999043856 ], [ 13.603115163371731, 41.846028528134909 ], [ 13.604007082534562, 41.846644625523624 ], [ 13.604851659429091, 41.846989371363726 ], [ 13.605681794093064, 41.847509141252218 ], [ 13.606168430358911, 41.848152156518751 ], [ 13.605998850785245, 41.848604036900923 ], [ 13.605589025316286, 41.848837977712158 ], [ 13.60479100548265, 41.849290186826678 ], [ 13.603991938545919, 41.849790163070246 ], [ 13.602976938756548, 41.850422890773466 ], [ 13.60245560340188, 41.850640530504286 ], [ 13.602023291446656, 41.850683050612517 ], [ 13.601694673569529, 41.850732806134197 ], [ 13.601357678620053, 41.850800376788669 ], [ 13.600868157163008, 41.850901925498839 ], [ 13.600657902435701, 41.851018822014289 ], [ 13.600471868560971, 41.851124066278715 ], [ 13.600270641862272, 41.851193288298028 ], [ 13.599901173815445, 41.851284349640075 ], [ 13.599450669296713, 41.851428178529886 ], [ 13.599169181462495, 41.851514338897076 ], [ 13.598743805351397, 41.851604715029659 ], [ 13.598334011190584, 41.851713198423603 ], [ 13.597859667067594, 41.851850756801653 ], [ 13.597663552651895, 41.852051439330758 ], [ 13.597430895478606, 41.852096381168863 ], [ 13.597188945858733, 41.852200937657315 ], [ 13.596898162235583, 41.852346707503678 ], [ 13.596606332156499, 41.852540247054158 ], [ 13.596427750111548, 41.85266946711581 ], [ 13.596274434220172, 41.852739267669115 ], [ 13.595968849298437, 41.852831097172789 ], [ 13.595615209900991, 41.852928313073356 ], [ 13.595294038431936, 41.853002030959672 ], [ 13.594963835467439, 41.853123422318454 ], [ 13.594672519051771, 41.853293070745956 ], [ 13.594443658539729, 41.853529185862257 ], [ 13.594289816149276, 41.853622868084571 ], [ 13.594073122851649, 41.853667999047225 ], [ 13.59383967336071, 41.853748759497165 ], [ 13.593645633137498, 41.853853896751389 ], [ 13.593419774319861, 41.853952669040837 ], [ 13.592962951332863, 41.854018747112065 ], [ 13.592731462236731, 41.854009937228554 ], [ 13.592347957295813, 41.854011210026144 ], [ 13.591916140894261, 41.854029806695472 ], [ 13.591546778485357, 41.854114871265708 ], [ 13.591057217227846, 41.854216377465406 ], [ 13.590735903285479, 41.854296053492888 ], [ 13.59055115513339, 41.854341569822139 ], [ 13.590189252078046, 41.854450611792913 ], [ 13.589697455813734, 41.854653623287916 ], [ 13.58940782476102, 41.8547456328211 ], [ 13.58912565319317, 41.854861622946387 ], [ 13.588899786279425, 41.854960386193511 ], [ 13.588529626878522, 41.855081267930849 ], [ 13.588235393854024, 41.855382268237925 ], [ 13.588112567430555, 41.855518133921557 ], [ 13.587853301899376, 41.855682185710613 ], [ 13.587546900722273, 41.855809821534429 ], [ 13.587271528086307, 41.855979647114914 ], [ 13.586764656169372, 41.85614064996458 ], [ 13.586442803647643, 41.856244200241029 ], [ 13.586169923282327, 41.856300570489125 ], [ 13.586024180866671, 41.856388368019076 ], [ 13.585598443685612, 41.856809999491645 ], [ 13.585488323328846, 41.856912795477378 ], [ 13.585495679291823, 41.85698679958238 ], [ 13.58518816748094, 41.857073725209666 ], [ 13.585015662014408, 41.857152232383704 ], [ 13.584761026047836, 41.857286844502248 ], [ 13.584389131977415, 41.857440167658439 ], [ 13.583831246461731, 41.857671830332215 ], [ 13.583608352539679, 41.857793391811718 ], [ 13.583449174913278, 41.857878781308607 ], [ 13.583350700931756, 41.857860767107198 ], [ 13.583188365133104, 41.857885643867128 ], [ 13.583109982894699, 41.857975389059561 ], [ 13.582974009038038, 41.858027465965989 ], [ 13.582877359436271, 41.858130427285282 ], [ 13.582617629394051, 41.85829184801068 ], [ 13.582371523580424, 41.858446716580879 ], [ 13.582122187898486, 41.858544431211335 ], [ 13.581895611060853, 41.85862898629837 ], [ 13.581606374273418, 41.858651032523142 ], [ 13.581453789095733, 41.858691984477218 ], [ 13.581300704026699, 41.858755607025842 ], [ 13.581159400468, 41.858743783195003 ], [ 13.580987099957724, 41.858761812300905 ], [ 13.580803297075226, 41.858842695041979 ], [ 13.58058434727382, 41.858988656801749 ], [ 13.580426943476347, 41.859095062127999 ], [ 13.580338496207235, 41.859131765650034 ], [ 13.580029231016162, 41.859246373030722 ], [ 13.579692895667771, 41.85936568456782 ], [ 13.579247443761121, 41.859541599134879 ], [ 13.57902629101536, 41.859634615322982 ], [ 13.578821984178983, 41.859727839573118 ], [ 13.578584595952565, 41.859792934985713 ], [ 13.578323226506081, 41.8598753734545 ], [ 13.578054725851956, 41.859975361820148 ], [ 13.577738545351913, 41.860097435427001 ], [ 13.577524296673104, 41.86018297394093 ], [ 13.577215971036486, 41.860254748559257 ], [ 13.577106852523569, 41.860311351604174 ], [ 13.576869570697568, 41.860371407154744 ], [ 13.576703670144152, 41.86040462746697 ], [ 13.57657483570895, 41.860438307563427 ], [ 13.576397818355581, 41.860516747401363 ], [ 13.576163178474555, 41.860609590827245 ], [ 13.575789312364103, 41.860748584187803 ], [ 13.575578314894026, 41.860839199182386 ], [ 13.575452681924368, 41.860880477994591 ], [ 13.575232917503691, 41.86091050858176 ], [ 13.575005739475401, 41.860970685075131 ], [ 13.574906952234619, 41.861017334593257 ], [ 13.574767224717068, 41.861086153951888 ], [ 13.574678209792138, 41.861148045099277 ], [ 13.574535950393742, 41.861179037450249 ], [ 13.57442783533979, 41.86119029372022 ], [ 13.574326013175035, 41.861221786718531 ], [ 13.574204868131311, 41.861212722302575 ], [ 13.573975716951969, 41.861209876791811 ], [ 13.573957357047881, 41.86127768460414 ], [ 13.573976008669405, 41.861348470307476 ], [ 13.573938661951356, 41.861360606587319 ], [ 13.57382852022597, 41.861311361573485 ], [ 13.573680136070731, 41.861314558373657 ], [ 13.573605103672588, 41.861353943755859 ], [ 13.573481774464039, 41.861443123934194 ], [ 13.573310536278175, 41.861564467524133 ], [ 13.573159967006037, 41.861665907885524 ], [ 13.573039894532341, 41.861760167859742 ], [ 13.572929761397102, 41.861862112046737 ], [ 13.572826872963047, 41.861941465366336 ], [ 13.572581215475667, 41.862074481872824 ], [ 13.572413515015587, 41.862188307811536 ], [ 13.572395543273796, 41.862238481393426 ], [ 13.572362070232071, 41.862227985065296 ], [ 13.572191886037755, 41.862150275217665 ], [ 13.57211572474149, 41.862088852652008 ], [ 13.572002944190624, 41.862006816504675 ], [ 13.571899711052286, 41.861950098591684 ], [ 13.571790018487276, 41.861880699068273 ], [ 13.571629108464958, 41.861840900671517 ], [ 13.571412987363383, 41.861858370265011 ], [ 13.57128425955656, 41.861887005912429 ], [ 13.571124754320353, 41.861935418235092 ], [ 13.570921440309986, 41.861983283482665 ], [ 13.570765248504014, 41.862034254796079 ], [ 13.570643316166954, 41.86206045604596 ], [ 13.570430677098853, 41.862072927318358 ], [ 13.570343230412526, 41.86206427999749 ], [ 13.570168221967418, 41.86205202078537 ], [ 13.569979901965425, 41.862032037465397 ], [ 13.569737438938478, 41.862021457439468 ], [ 13.56958585081666, 41.86201704931689 ], [ 13.569403318574302, 41.862039973890475 ], [ 13.569149341309208, 41.862092245154528 ], [ 13.568932098150841, 41.862160091445219 ], [ 13.568530913539673, 41.862313838918411 ], [ 13.568401621584211, 41.862367662791954 ], [ 13.568113101774896, 41.862457298024445 ], [ 13.56787203975132, 41.862534925448898 ], [ 13.567644289288975, 41.862620279225396 ], [ 13.567446980367983, 41.862700969768035 ], [ 13.567330602971035, 41.862780152039996 ], [ 13.567200240319867, 41.86288183828146 ], [ 13.567110203190035, 41.86298906519179 ], [ 13.567057966941114, 41.863064007739595 ], [ 13.566949118385036, 41.86310800600387 ], [ 13.566618351830353, 41.863277742203344 ], [ 13.566546346010748, 41.863332280694145 ], [ 13.56647782275253, 41.863381820607614 ], [ 13.566395987181288, 41.863423636215416 ], [ 13.566301122977544, 41.863445130409836 ], [ 13.566247260312783, 41.863441937436576 ], [ 13.566126674664464, 41.86340767352835 ], [ 13.566037261993964, 41.863336002965248 ], [ 13.56594173018577, 41.863236537513764 ], [ 13.565843672439783, 41.863099243516729 ], [ 13.565754598345777, 41.863012458633492 ], [ 13.565655641092128, 41.862915470060926 ], [ 13.565525067433128, 41.862724853824773 ], [ 13.565427239580087, 41.862577482169478 ], [ 13.565319073820847, 41.862440063083994 ], [ 13.565136321325449, 41.862321868946118 ], [ 13.564892969424276, 41.862200396720119 ], [ 13.564591371950904, 41.862121033180365 ], [ 13.564376714456516, 41.862072992487661 ], [ 13.564245571476265, 41.862058754402511 ], [ 13.564121675886431, 41.862021928200427 ], [ 13.563961444165386, 41.861951888693994 ], [ 13.563879792947072, 41.861834956874759 ], [ 13.563829934768735, 41.861652908410917 ], [ 13.563735480177742, 41.861505577494313 ], [ 13.563650063017763, 41.861406238286122 ], [ 13.563450805923161, 41.861272714484173 ], [ 13.563186902345802, 41.861166102061745 ], [ 13.562760686308112, 41.861082653895089 ], [ 13.562340475400797, 41.861032036996114 ], [ 13.561937115597017, 41.860981630695619 ], [ 13.561542907059337, 41.860974173249559 ], [ 13.560980207022816, 41.860964603068318 ], [ 13.560650249919643, 41.860947867008207 ], [ 13.560229985214169, 41.860899763268556 ], [ 13.559799613640489, 41.860851529581566 ], [ 13.559465664784618, 41.86086245900384 ], [ 13.559185859445916, 41.860863988311017 ], [ 13.558742040384937, 41.860964249696977 ], [ 13.558443009626634, 41.861071368572084 ], [ 13.558221480718146, 41.861179458142793 ], [ 13.558012866242304, 41.861312907950399 ], [ 13.557861764412984, 41.861437000072982 ], [ 13.557703581602096, 41.861576122477032 ], [ 13.5575015914636, 41.861714693251891 ], [ 13.557375378616909, 41.861781142884531 ], [ 13.55712499210726, 41.861823352461208 ], [ 13.556953015248228, 41.861826231173893 ], [ 13.556784581274517, 41.861821594445757 ], [ 13.556568627682585, 41.861831480117488 ], [ 13.5563960862954, 41.861859548288031 ], [ 13.556246397029147, 41.861920661722216 ], [ 13.556173307250365, 41.86202305328888 ], [ 13.556170359767165, 41.862154047370993 ], [ 13.556207282550341, 41.862310737952406 ], [ 13.556214332530272, 41.862446895890081 ], [ 13.556118162855299, 41.862526320832458 ], [ 13.555837636133468, 41.862709257682944 ], [ 13.55563753412623, 41.862913364160669 ], [ 13.555430690720032, 41.863117387119416 ], [ 13.555215857324386, 41.863376742632632 ], [ 13.555124835348508, 41.863526785476189 ], [ 13.555030898183844, 41.863656632885181 ], [ 13.555004869783556, 41.863764655672597 ], [ 13.555059492565613, 41.863883774068114 ], [ 13.555161235613069, 41.864006005246679 ], [ 13.555312966211309, 41.864154062083564 ], [ 13.555487887515053, 41.86432005087407 ], [ 13.555576664220082, 41.864419439991067 ], [ 13.555542736317026, 41.864429091166386 ], [ 13.55551610462201, 41.864464173868853 ], [ 13.555407558958498, 41.864494165313246 ], [ 13.555275050380773, 41.864523855712676 ], [ 13.555112685686181, 41.864548691735656 ], [ 13.554890611921413, 41.864563815166868 ], [ 13.55468092592201, 41.864561176068051 ], [ 13.55440382176573, 41.864624881959337 ], [ 13.554180235320455, 41.864707180718042 ], [ 13.554011374069617, 41.864754331045454 ], [ 13.553918883510313, 41.864869635920414 ], [ 13.553862440174056, 41.864980916159453 ], [ 13.553926324387199, 41.865071314107844 ], [ 13.554216760735519, 41.865213840269668 ], [ 13.55443052284002, 41.865301645300526 ], [ 13.55457667002104, 41.865464751106479 ], [ 13.554669702981805, 41.865591352695311 ], [ 13.554792694439671, 41.865718329618318 ], [ 13.554861460819, 41.865858064005891 ], [ 13.554840865995343, 41.86597427551375 ], [ 13.55481814975033, 41.866184532803153 ], [ 13.554739497448983, 41.866483678898071 ], [ 13.55466653075605, 41.866796336512408 ], [ 13.554674579398471, 41.866971143296787 ], [ 13.554717768098074, 41.867182230058845 ], [ 13.554822078758448, 41.8673403309352 ], [ 13.554938880678934, 41.867476189608617 ], [ 13.555146561257009, 41.867568396406533 ], [ 13.5555093098382, 41.867693909497696 ], [ 13.556039114309884, 41.867852880913595 ], [ 13.556527888556381, 41.867971017335215 ], [ 13.556957354292056, 41.868061527404784 ], [ 13.557303446465795, 41.868128592920705 ], [ 13.557578647148706, 41.868149967729991 ], [ 13.557931436632837, 41.868185755796006 ], [ 13.558146121874964, 41.868233248731251 ], [ 13.558216307202761, 41.868310284470418 ], [ 13.558157149730981, 41.868542483557114 ], [ 13.558000317077713, 41.868854087914102 ], [ 13.557792481168779, 41.869035142966126 ], [ 13.557510728247784, 41.869304862989438 ], [ 13.557144892843304, 41.869582483413943 ], [ 13.556863739291581, 41.869825329851132 ], [ 13.556625333048245, 41.870032875814701 ], [ 13.556468927369302, 41.870197866254699 ], [ 13.55640393022254, 41.870373063938729 ], [ 13.556396562753509, 41.870506614531756 ], [ 13.556337615551106, 41.870606919549815 ], [ 13.556210373367378, 41.870641174953931 ], [ 13.555960550211843, 41.870696705782429 ], [ 13.555691889293168, 41.870813929620105 ], [ 13.555470233258227, 41.870974118506453 ], [ 13.555260259828328, 41.871196386644556 ], [ 13.555147817107988, 41.87134817007184 ], [ 13.555065303282346, 41.871526406901552 ], [ 13.554956997932381, 41.871688022746973 ], [ 13.554855619515022, 41.871735640292698 ], [ 13.554772637561369, 41.871741114414 ], [ 13.55466836649582, 41.871723503979872 ], [ 13.554346255361036, 41.871696631939834 ], [ 13.554176590828222, 41.871678198828583 ], [ 13.553757094562849, 41.871715290263808 ], [ 13.553463590065327, 41.871773524159536 ], [ 13.5531125251792, 41.871870147065245 ], [ 13.552875846577585, 41.871922576409759 ], [ 13.55255182055064, 41.871980424950195 ], [ 13.552394868722752, 41.871978446344819 ], [ 13.552011277277396, 41.87197034934826 ], [ 13.551528292196952, 41.871921883337151 ], [ 13.551048123059866, 41.87194190093912 ], [ 13.550724834638615, 41.871967157103867 ], [ 13.550330167362736, 41.872063221684705 ], [ 13.549697856815182, 41.872254070914451 ], [ 13.549340804674298, 41.872422314891914 ], [ 13.549075969703781, 41.872562390748627 ], [ 13.548867221632571, 41.872729248953753 ], [ 13.548455560967371, 41.872997848247678 ], [ 13.548236689478841, 41.873226509961825 ], [ 13.548155029861746, 41.87317332427061 ], [ 13.548040483680596, 41.873031714238969 ], [ 13.547949511021898, 41.872812174864364 ], [ 13.547911821080382, 41.87274324649615 ], [ 13.547823140137695, 41.872615003150514 ], [ 13.547656647225805, 41.872456438864837 ], [ 13.54751697817232, 41.872268878054392 ], [ 13.547414629986068, 41.872166537282673 ], [ 13.547252571755751, 41.872004768141018 ], [ 13.546951592898573, 41.871815165641699 ], [ 13.546805203356065, 41.87173182369169 ], [ 13.546610269241711, 41.871673944543261 ], [ 13.546405431497972, 41.871668092905878 ], [ 13.546209757237781, 41.871642798573916 ], [ 13.546070318198295, 41.871637772684501 ], [ 13.545948614481938, 41.871619933598311 ], [ 13.545892675689609, 41.871586630351047 ], [ 13.545877229608365, 41.871498426299581 ], [ 13.545848335276556, 41.871426350467395 ], [ 13.545743036069567, 41.871454353043099 ], [ 13.545576479849581, 41.871491358524423 ], [ 13.545400980025077, 41.871538028814896 ], [ 13.5452298401049, 41.871584753524239 ], [ 13.545053970235886, 41.871647716025201 ], [ 13.544939802944954, 41.871682124574662 ], [ 13.544678510460079, 41.871665775544301 ], [ 13.54441773574856, 41.87162661487001 ], [ 13.544104275823969, 41.871603081933465 ], [ 13.543729777855635, 41.871578776234678 ], [ 13.543533882332863, 41.87156325398584 ], [ 13.543407743933184, 41.871548615772646 ], [ 13.543290550075396, 41.871524311997469 ], [ 13.543217097539664, 41.871494043978458 ], [ 13.543192419816421, 41.871428539515897 ], [ 13.543220205714615, 41.871357182134901 ], [ 13.543265284760505, 41.871292562672245 ], [ 13.543336593209967, 41.871225017773689 ], [ 13.543473226231207, 41.871161559646104 ], [ 13.543561974769485, 41.871094234178898 ], [ 13.54368213010026, 41.870988192481427 ], [ 13.543832951375544, 41.870876021571114 ], [ 13.543900714544369, 41.870772575571991 ], [ 13.543980446830947, 41.870718173054513 ], [ 13.544059366122779, 41.870699617054399 ], [ 13.544125501697719, 41.870667860747538 ], [ 13.544288807157299, 41.870581922749849 ], [ 13.54448396203737, 41.870437716491374 ], [ 13.544665961950923, 41.87029660298127 ], [ 13.544818480020291, 41.870109483065775 ], [ 13.544957104858684, 41.869958039927262 ], [ 13.545060923491009, 41.8698028974257 ], [ 13.54510777324996, 41.86966007063382 ], [ 13.545103488196304, 41.869464442694969 ], [ 13.54509388168745, 41.869311121652018 ], [ 13.545071641614609, 41.869138084921168 ], [ 13.545004326119964, 41.869029666777116 ], [ 13.544884622593042, 41.868923843439077 ], [ 13.544764843329162, 41.868821278833316 ], [ 13.544476078594263, 41.868670938022177 ], [ 13.544208224556755, 41.868559977212399 ], [ 13.544009902492716, 41.868459676919599 ], [ 13.543828871341425, 41.868366114098094 ], [ 13.543695130372473, 41.868302485282491 ], [ 13.543532795191052, 41.86815374770444 ], [ 13.54341368761043, 41.868021854045168 ], [ 13.543295765065094, 41.86783782425519 ], [ 13.543243308661854, 41.867651362889468 ], [ 13.543222620686118, 41.867602207553638 ], [ 13.543140826541052, 41.867555536760399 ], [ 13.54295691293258, 41.867589058448701 ], [ 13.542715953013222, 41.867638152207221 ], [ 13.542531522960067, 41.86769448373353 ], [ 13.542356697842724, 41.867711822925394 ], [ 13.542209583945276, 41.867661060790866 ], [ 13.541963461900073, 41.867553631016996 ], [ 13.541781769777005, 41.867489391089919 ], [ 13.541499069406635, 41.867456466106731 ], [ 13.541193976639491, 41.867449330090359 ], [ 13.540654364291468, 41.86740009952873 ], [ 13.540336640177776, 41.867373243991828 ], [ 13.540137215748514, 41.86732181532296 ], [ 13.539833461800299, 41.867256020393448 ], [ 13.539534214431397, 41.867183765093671 ], [ 13.539273609710101, 41.867138076395854 ], [ 13.538896711213493, 41.867028975797517 ], [ 13.538454940215992, 41.866896230088287 ], [ 13.538117131362416, 41.866794143559709 ], [ 13.537804808844054, 41.866721715644758 ], [ 13.537613439659886, 41.866699721882277 ], [ 13.537400568841104, 41.866664414105443 ], [ 13.537039330792549, 41.866633736466866 ], [ 13.536851430203516, 41.866650899039875 ], [ 13.536732312595163, 41.866711313828716 ], [ 13.536283311299892, 41.867086959008738 ], [ 13.536021047025699, 41.867305264974483 ], [ 13.535668018340077, 41.867678870889399 ], [ 13.5356210034243, 41.867828210789689 ], [ 13.535486722234795, 41.86797969749923 ], [ 13.535161079457239, 41.868490552915929 ], [ 13.535019012091604, 41.868791879171994 ], [ 13.53494464664713, 41.868993023016323 ], [ 13.534863345481808, 41.869115848772971 ], [ 13.534834955995267, 41.86921327275639 ], [ 13.534720115814302, 41.869276998156892 ], [ 13.534518606692187, 41.869316800827811 ], [ 13.534181725240723, 41.869364653998829 ], [ 13.533915491381421, 41.869374292642412 ], [ 13.533691512025612, 41.869443143096213 ], [ 13.533423191903216, 41.869544021091052 ], [ 13.533189076535677, 41.869674673191433 ], [ 13.533087164861357, 41.869745081728588 ], [ 13.532968112579146, 41.869802230821307 ], [ 13.5328493603353, 41.869846348210459 ], [ 13.532708881754637, 41.869886926932132 ], [ 13.532550668458221, 41.869940318643934 ], [ 13.53237825519324, 41.870042419819143 ], [ 13.532065825223787, 41.870165005855227 ], [ 13.5318600863573, 41.870262334145444 ], [ 13.531507730985838, 41.870414287961069 ], [ 13.531180120811875, 41.870501364784268 ], [ 13.530933888224736, 41.870589481296349 ], [ 13.530772261257473, 41.870791679993935 ], [ 13.530721579683233, 41.870973565695031 ], [ 13.530658771351247, 41.871177026449942 ], [ 13.530515179602876, 41.871353378132298 ], [ 13.53036647086636, 41.871499241770863 ], [ 13.530176670090894, 41.871661961220198 ], [ 13.529851278462315, 41.871905522664839 ], [ 13.529719324772088, 41.872081297800975 ], [ 13.529480428671436, 41.872356385843055 ], [ 13.529429939099556, 41.872529581268459 ], [ 13.52945642704497, 41.872726944048516 ], [ 13.529413820466473, 41.87289444586149 ], [ 13.52938069237047, 41.87298673713876 ], [ 13.529332063709621, 41.873078830972034 ], [ 13.529252428871875, 41.873170525985188 ], [ 13.529203931243067, 41.873256826888024 ], [ 13.529116411788115, 41.873354215906929 ], [ 13.529076729474525, 41.873394271072556 ], [ 13.528960597808565, 41.873386988773966 ], [ 13.528806245307091, 41.873356036799706 ], [ 13.528466800394542, 41.873282151378554 ], [ 13.528244285101666, 41.873180787721829 ], [ 13.528036072999075, 41.873131760148055 ], [ 13.527836014310944, 41.873065454731019 ], [ 13.527620453492105, 41.872998947433956 ], [ 13.527357988513497, 41.872949223482323 ], [ 13.527219671816582, 41.872895295739383 ], [ 13.527058632082896, 41.872817899789588 ], [ 13.526866725161897, 41.872734310305646 ], [ 13.526697272691566, 41.872685777570986 ], [ 13.526513247985616, 41.872596496281929 ], [ 13.526375598226497, 41.872513602229006 ], [ 13.526369444021526, 41.872443987538539 ], [ 13.526526720751137, 41.87234749414413 ], [ 13.526667167628803, 41.872308732841923 ], [ 13.52684689742714, 41.872247297708981 ], [ 13.527042261639865, 41.872180266102653 ], [ 13.526797697747654, 41.872026465289025 ], [ 13.526511186894561, 41.872011199849155 ], [ 13.526241375745366, 41.871943993777592 ], [ 13.525925861296781, 41.871841434146766 ], [ 13.52581026545227, 41.871810975693379 ], [ 13.52558589533073, 41.871790710638493 ], [ 13.525392128977717, 41.871788222378086 ], [ 13.525199691638859, 41.871727802601235 ], [ 13.524851179366363, 41.871711736105027 ], [ 13.524612238139479, 41.871650720094124 ], [ 13.524325732592846, 41.871635448722721 ], [ 13.524100963032451, 41.871632559836527 ], [ 13.524016504808442, 41.871596705255818 ], [ 13.524081576557663, 41.871464263173586 ], [ 13.524209850432994, 41.871280479675093 ], [ 13.524154503998922, 41.871158801763301 ], [ 13.52381723837934, 41.870906741438972 ], [ 13.523283036603965, 41.87062172354355 ], [ 13.522793741653373, 41.870406818265693 ], [ 13.522458396081372, 41.870324274645512 ], [ 13.522312574213023, 41.870344129488714 ], [ 13.522055506427147, 41.870397318519117 ], [ 13.521903370149259, 41.870438820721141 ], [ 13.521440445535065, 41.870593665114654 ], [ 13.521149200607052, 41.870615991855232 ], [ 13.520876596376223, 41.870586403174919 ], [ 13.520619526464539, 41.87063959115126 ], [ 13.520233770157981, 41.870725887507326 ], [ 13.519696275258879, 41.870836303853046 ], [ 13.519566987755912, 41.870895481161128 ], [ 13.519344591734018, 41.870957804870734 ], [ 13.51905694856886, 41.871075784186566 ], [ 13.518880756806276, 41.871151741054256 ], [ 13.518655750562173, 41.871327027043009 ], [ 13.51843355288465, 41.871380659984688 ], [ 13.518286422849961, 41.871456990361438 ], [ 13.518127265794165, 41.871550550078361 ], [ 13.5179689091427, 41.871609350958707 ], [ 13.51785043984904, 41.87170343488944 ], [ 13.517595863343889, 41.871900068413595 ], [ 13.517323341944207, 41.872118198790311 ], [ 13.517106353774642, 41.872197972154162 ], [ 13.516900787271142, 41.872286584179768 ], [ 13.516724084395195, 41.872384261343036 ], [ 13.516482533949713, 41.872520214300209 ], [ 13.51633449455583, 41.872635644279676 ], [ 13.516128625517858, 41.872737290242391 ], [ 13.515994220785425, 41.872765975567027 ], [ 13.515852594719616, 41.872855412065562 ], [ 13.515772099282726, 41.873067329031748 ], [ 13.515923240318944, 41.873069282622751 ], [ 13.51601524529223, 41.87311393167451 ], [ 13.515984269146463, 41.873196107336227 ], [ 13.515819288398319, 41.873289587983372 ], [ 13.515912098526789, 41.873299480792554 ], [ 13.516093211068938, 41.873262706012767 ], [ 13.51616625253302, 41.873467235280295 ], [ 13.516076609710105, 41.873524748995017 ], [ 13.515985945974743, 41.87362625358633 ], [ 13.515912595231027, 41.873686422317924 ], [ 13.515840648005117, 41.873827282027001 ], [ 13.515703526650467, 41.873957521973047 ], [ 13.515687335285355, 41.874091769116902 ], [ 13.515701480166191, 41.874187293442191 ], [ 13.51565631271273, 41.874301607690064 ], [ 13.515611485155638, 41.874401259915544 ], [ 13.51551174600162, 41.874470864464527 ], [ 13.515346495090508, 41.874544512687805 ], [ 13.515241516930049, 41.874557823311207 ], [ 13.515106827946454, 41.87458297307974 ], [ 13.514945129093388, 41.87464444264544 ], [ 13.514762564268597, 41.874759425639681 ], [ 13.51456083246458, 41.874854602071899 ], [ 13.514411986155379, 41.874926016579721 ], [ 13.51421736066724, 41.874996837973434 ], [ 13.514137408866715, 41.875059364711433 ], [ 13.514037837688692, 41.875121636940762 ], [ 13.513948473058054, 41.875166928554414 ], [ 13.513842588262019, 41.875219341670565 ], [ 13.513654840147568, 41.875275581975764 ], [ 13.513504872213607, 41.875254083362961 ], [ 13.51336556591237, 41.875196053864826 ], [ 13.513203709990496, 41.875123062519641 ], [ 13.513080980980574, 41.875055467903003 ], [ 13.512953055832551, 41.875070923848206 ], [ 13.512824960653383, 41.875093710094816 ], [ 13.512697998785326, 41.875067620338044 ], [ 13.512550564774477, 41.875077932318128 ], [ 13.512333614634477, 41.875124014383211 ], [ 13.512249483946539, 41.875225600614101 ], [ 13.512144674906326, 41.875231577393095 ], [ 13.511991041636849, 41.875227140281794 ], [ 13.511855612903377, 41.875284057299318 ], [ 13.511755074395982, 41.87538787508884 ], [ 13.511663325863708, 41.875535810294622 ], [ 13.511611155216011, 41.875669590973835 ], [ 13.511507536540565, 41.875624243636132 ], [ 13.51139112281691, 41.875566506315927 ], [ 13.511250966912492, 41.875545132516969 ], [ 13.511076918580352, 41.875574656371548 ], [ 13.510862780953699, 41.875640330415642 ], [ 13.510681114188175, 41.875716201361421 ], [ 13.51052700599875, 41.875873106196906 ], [ 13.510326206362222, 41.876068518910174 ], [ 13.510129529246282, 41.876227313837511 ], [ 13.509990200085412, 41.876311069513967 ], [ 13.509736647946735, 41.876383563149432 ], [ 13.509477835874154, 41.876541552124912 ], [ 13.509175775489116, 41.876730757435958 ], [ 13.508816700473695, 41.876980339868823 ], [ 13.508494444938721, 41.877193728537669 ], [ 13.508318005752189, 41.877325891157255 ], [ 13.508196928078691, 41.877468554417796 ], [ 13.508068742115626, 41.877635569887772 ], [ 13.507967653508757, 41.877903169517197 ], [ 13.507895286677856, 41.878061131235505 ], [ 13.507853031303272, 41.878190148159923 ], [ 13.507784160586441, 41.878338377461979 ], [ 13.507745515300831, 41.878452773226947 ], [ 13.507706699925658, 41.878574503803975 ], [ 13.507655544344004, 41.878664291139458 ], [ 13.507428823308199, 41.878707791180382 ], [ 13.507310983476364, 41.878711149550547 ], [ 13.50716055772248, 41.87870919387683 ], [ 13.506983513516408, 41.878726448524581 ], [ 13.506742745654666, 41.878811325708185 ], [ 13.506573463785404, 41.878916688840292 ], [ 13.506440152020369, 41.87902251961917 ], [ 13.506213852581213, 41.879188257209833 ], [ 13.505949789981788, 41.879289942256946 ], [ 13.50575209989235, 41.879350930426604 ], [ 13.50549491709066, 41.879438035377014 ], [ 13.505198038331326, 41.879544180147889 ], [ 13.50486501445336, 41.879657188320166 ], [ 13.504469742171153, 41.879774273355338 ], [ 13.504306874253743, 41.879832859560757 ], [ 13.504109166558541, 41.87999833267807 ], [ 13.503925338780764, 41.880233520744049 ], [ 13.503779861056442, 41.880486594061452 ], [ 13.503631410386806, 41.880867112081674 ], [ 13.503500351366627, 41.881166731406495 ], [ 13.503410754955725, 41.881350995350132 ], [ 13.503153055815686, 41.881428761259642 ], [ 13.502803414062374, 41.881458971439102 ], [ 13.502351781781856, 41.881540001089405 ], [ 13.502062394197585, 41.881646327177883 ], [ 13.501656050650951, 41.88178009847654 ], [ 13.501209458918328, 41.881977085579756 ], [ 13.500886758097986, 41.882181483651401 ], [ 13.500574650861097, 41.882264330084929 ], [ 13.500310545818293, 41.882284059482991 ], [ 13.499936424561474, 41.882366092516826 ], [ 13.499537010446874, 41.882534715648077 ], [ 13.499375059200501, 41.882828131314625 ], [ 13.499185645014203, 41.8833008232222 ], [ 13.498899520594529, 41.88359841007918 ], [ 13.49862385902513, 41.883780236878621 ], [ 13.498241025414416, 41.883902713776848 ], [ 13.497766657327498, 41.883960250872335 ], [ 13.49722401287427, 41.883953149800469 ], [ 13.496559653236984, 41.884176242505021 ], [ 13.49611792868483, 41.884494961786075 ], [ 13.495742976601218, 41.884942039875149 ], [ 13.495588889643736, 41.885229756861278 ], [ 13.495906606835687, 41.885900313914149 ], [ 13.495762035670543, 41.886112825214077 ], [ 13.495690501638869, 41.886517519311219 ], [ 13.495598566350539, 41.886800255984298 ], [ 13.495576264432623, 41.88708970116685 ], [ 13.495546074139396, 41.887384837495887 ], [ 13.495498474318447, 41.887760871257257 ], [ 13.495414423016495, 41.888037915948942 ], [ 13.495397288745259, 41.888437527509346 ], [ 13.495428166935438, 41.88877402623163 ], [ 13.495546771926879, 41.889007369701915 ], [ 13.495849536623878, 41.889324253014287 ], [ 13.496318248972827, 41.889840327809139 ], [ 13.495559708422324, 41.890438837583375 ], [ 13.495222799905294, 41.890585085088077 ], [ 13.494877049111142, 41.890777573524225 ], [ 13.494234644177974, 41.891053092985601 ], [ 13.493661196934768, 41.891364280144131 ], [ 13.493172342323628, 41.891705548349904 ], [ 13.49273653015246, 41.892099665885532 ], [ 13.492402726838028, 41.892442966684598 ], [ 13.492114077100327, 41.89284480692389 ], [ 13.491802438367841, 41.893234754823652 ], [ 13.491392028048447, 41.893866781060375 ], [ 13.49111682573615, 41.894355716997524 ], [ 13.490955214050731, 41.894631738700426 ], [ 13.490711041533801, 41.894790782834811 ], [ 13.49030118001572, 41.895069334419716 ], [ 13.490080405878826, 41.895383760383012 ], [ 13.489956894326943, 41.89562660079001 ], [ 13.489830322501838, 41.895813987593044 ], [ 13.489466534359554, 41.896255758030833 ], [ 13.489261303277933, 41.896448629949276 ], [ 13.489042371916101, 41.896667396792935 ], [ 13.488691676202883, 41.89692354414079 ], [ 13.488439387185373, 41.897076679779346 ], [ 13.488054946508475, 41.897283486171197 ], [ 13.487802885936256, 41.897426846219567 ], [ 13.487594286176082, 41.89757729726049 ], [ 13.487442458476831, 41.897725234969954 ], [ 13.487205993774632, 41.897947027581559 ], [ 13.486919089019601, 41.898272458977203 ], [ 13.48680322935734, 41.898375236031207 ], [ 13.486686752963745, 41.898504082625699 ], [ 13.486618942569297, 41.89860423411875 ], [ 13.486506135373018, 41.898762464269851 ], [ 13.486457670333298, 41.898967175233992 ], [ 13.486497362063988, 41.899133934684556 ], [ 13.486458083746697, 41.899319209637838 ], [ 13.486393711876074, 41.899458521613937 ], [ 13.486303247338713, 41.899594229196978 ], [ 13.486191411077582, 41.89989588944443 ], [ 13.485952431717184, 41.900223580622821 ], [ 13.485944665072864, 41.900306053168094 ], [ 13.486000666420193, 41.900398057582642 ], [ 13.485894240225436, 41.900470538111072 ], [ 13.485763836850767, 41.900573122258002 ], [ 13.485696373243123, 41.900719998291272 ], [ 13.485701742730956, 41.90098517642565 ], [ 13.485679123911268, 41.901449904012992 ], [ 13.485739298614847, 41.901611501571274 ], [ 13.485770700638916, 41.901759681000939 ], [ 13.485785991394311, 41.901851149109021 ], [ 13.485690475757661, 41.901954194916463 ], [ 13.48563047195387, 41.902031631836074 ], [ 13.485646480592473, 41.90209268728298 ], [ 13.485703612429711, 41.902136901054043 ], [ 13.485765017690163, 41.902246361468087 ], [ 13.485849376311885, 41.902369163729638 ], [ 13.485852215329167, 41.902495236314216 ], [ 13.485854437628998, 41.902647375784881 ], [ 13.485833397794181, 41.902799210658529 ], [ 13.485749308332148, 41.90291109867966 ], [ 13.485764599296354, 41.903002566227329 ], [ 13.485878448255395, 41.903108371676751 ], [ 13.486137967335434, 41.903450785175046 ], [ 13.485850323949398, 41.903559989022135 ], [ 13.485620530833343, 41.903682993288854 ], [ 13.485367984972163, 41.903783967375368 ], [ 13.484910860189233, 41.903925699316154 ], [ 13.484523930546093, 41.904050974149918 ], [ 13.484637617188856, 41.903917748721788 ], [ 13.484728142991219, 41.903779869278061 ], [ 13.484737761230603, 41.903619192408321 ], [ 13.484502190334986, 41.903494395070176 ], [ 13.484259059580294, 41.903443379221351 ], [ 13.483836664548432, 41.903346535439226 ], [ 13.483558538358237, 41.903299402522279 ], [ 13.483156014927335, 41.903346236245326 ], [ 13.482968470913283, 41.903404601990154 ], [ 13.48271551280987, 41.90352294941183 ], [ 13.482501205469221, 41.903728726976318 ], [ 13.482357405971438, 41.903905013508748 ], [ 13.482209746829584, 41.903998674476696 ], [ 13.482086173952059, 41.904057885008676 ], [ 13.481915042735041, 41.904159926196066 ], [ 13.481627287752966, 41.90427346395321 ], [ 13.48139686408188, 41.904422528581101 ], [ 13.481153060461519, 41.90464529583538 ], [ 13.480628543790013, 41.904929539846648 ], [ 13.480182102093325, 41.905110509497135 ], [ 13.47997607177383, 41.905212087957416 ], [ 13.479869014498487, 41.905310629440415 ], [ 13.479791035072367, 41.905409554755487 ], [ 13.479907767351508, 41.905393717421909 ], [ 13.480031138653311, 41.9053431980795 ], [ 13.480241647633258, 41.905298178682244 ], [ 13.480399088836208, 41.905282878622344 ], [ 13.480571918444619, 41.905354702900389 ], [ 13.480603928276196, 41.905476815012598 ], [ 13.480411074305771, 41.905513377270097 ], [ 13.480274320623607, 41.905637599965324 ], [ 13.480237362236792, 41.905724032172699 ], [ 13.480330727402848, 41.905712230554052 ], [ 13.480464804958402, 41.905700967165885 ], [ 13.48054406447207, 41.905793282533665 ], [ 13.480536599098507, 41.905862721099858 ], [ 13.480558214367335, 41.90593254234323 ], [ 13.480661768555969, 41.905981718990247 ], [ 13.480713392598625, 41.906012825927647 ], [ 13.480811233338638, 41.906057580814966 ], [ 13.480826311780646, 41.906157739274029 ], [ 13.480823633221281, 41.906270699163962 ], [ 13.480880043404099, 41.906345328974254 ], [ 13.48080227024907, 41.906435566207037 ], [ 13.480655736348893, 41.906481433269882 ], [ 13.48072315965568, 41.906582284998919 ], [ 13.480844060130837, 41.90663603594421 ], [ 13.480932537632389, 41.906585055568854 ], [ 13.48109070217493, 41.906539342028339 ], [ 13.481171613845319, 41.90656214145173 ], [ 13.481278823400794, 41.906702633894319 ], [ 13.481188592770712, 41.906827474720664 ], [ 13.480853004048317, 41.907240253835553 ], [ 13.480261028106787, 41.907914745260598 ], [ 13.479569439920155, 41.90861833700346 ], [ 13.479408587112227, 41.90877700973428 ], [ 13.478977809998506, 41.909032065304295 ], [ 13.478222593911124, 41.90947404489313 ], [ 13.477756189108664, 41.909759044003501 ], [ 13.477207317102609, 41.910086409148093 ], [ 13.476711304145081, 41.910392744036358 ], [ 13.476149755802032, 41.91076339598149 ], [ 13.475646054375551, 41.911147852362731 ], [ 13.474940810674592, 41.911688258265045 ], [ 13.474601014982557, 41.91227480311256 ], [ 13.474086452410642, 41.913032865623862 ], [ 13.47370372443017, 41.913792677937494 ], [ 13.473117680564194, 41.914619322182006 ], [ 13.472596430695324, 41.915330930507089 ], [ 13.471986951574902, 41.916163051372564 ], [ 13.471828656102577, 41.916294221567412 ], [ 13.471364420614037, 41.916566187179882 ], [ 13.470760298806113, 41.916847875488372 ], [ 13.470407131744894, 41.917017013012078 ], [ 13.470396055443901, 41.917155937647976 ], [ 13.47020756015333, 41.917251935133805 ], [ 13.470134296105844, 41.917395827181515 ], [ 13.470185682507111, 41.917518200128761 ], [ 13.470089979695949, 41.91762702287847 ], [ 13.46993416794775, 41.917653920455493 ], [ 13.469877660805595, 41.917745883036176 ], [ 13.470158123906167, 41.917697468180926 ], [ 13.470398561754299, 41.91770067198145 ], [ 13.470478059431267, 41.917620604982169 ], [ 13.47068303603063, 41.917484263520635 ], [ 13.470786076196262, 41.917392921483156 ], [ 13.470926930224655, 41.917342645002606 ], [ 13.47094507035872, 41.9172327863117 ], [ 13.47101708762491, 41.917141031411326 ], [ 13.471095337681108, 41.917113099987702 ], [ 13.471181345581224, 41.917085271821691 ], [ 13.471321919881417, 41.917046580110636 ], [ 13.471407097982095, 41.917053509330245 ], [ 13.471428983158058, 41.917111747854413 ], [ 13.471546427766867, 41.917066953955597 ], [ 13.47164836226364, 41.917021954551863 ], [ 13.471797109476851, 41.916965987583083 ], [ 13.471968983820613, 41.916916122189896 ], [ 13.472070641397433, 41.916882707158628 ], [ 13.47218670318553, 41.916895841325392 ], [ 13.472195149863357, 41.916866979620544 ], [ 13.472235035972385, 41.916821154477624 ], [ 13.472313562970747, 41.916781636368263 ], [ 13.472638619979728, 41.916814935032733 ], [ 13.472737790465626, 41.916885789396936 ], [ 13.472829067290849, 41.916962335361426 ], [ 13.47288446444553, 41.916916714129414 ], [ 13.472979606031787, 41.916831060625185 ], [ 13.473048858400333, 41.916855158623108 ], [ 13.473057718983643, 41.916808920527615 ], [ 13.473221283875898, 41.916782122354739 ], [ 13.473312836602888, 41.916847082069872 ], [ 13.473319902589703, 41.916876147953076 ], [ 13.473429315089296, 41.916842835941885 ], [ 13.473476539584757, 41.916814490326303 ], [ 13.47362459445211, 41.916787485341082 ], [ 13.473663788505446, 41.916770621864686 ], [ 13.473786639777963, 41.916824407786024 ], [ 13.473896880978327, 41.916756336634073 ], [ 13.473852691477139, 41.916657240060545 ], [ 13.473800470397318, 41.916569624584682 ], [ 13.473749215059584, 41.916441460465911 ], [ 13.473687996133693, 41.916405877958681 ], [ 13.473921914769237, 41.916356835042649 ], [ 13.474162212191205, 41.916365824118408 ], [ 13.474315259120567, 41.916454779414984 ], [ 13.474344627188129, 41.916524704729717 ], [ 13.474420392684912, 41.916601043300567 ], [ 13.474543658240732, 41.916637449887624 ], [ 13.474683128814993, 41.916645097531131 ], [ 13.474907636560893, 41.916665464797696 ], [ 13.474969546897588, 41.916672081720918 ], [ 13.475099327231472, 41.916760725249844 ], [ 13.475183126191324, 41.916825580486915 ], [ 13.475212909098895, 41.916878128706344 ], [ 13.475290881250425, 41.916861780260007 ], [ 13.475407083878329, 41.916869117998047 ], [ 13.475645863885294, 41.916941824355327 ], [ 13.475831179443649, 41.916979052897922 ], [ 13.475937971603983, 41.91705580238785 ], [ 13.476005294689978, 41.917160999756085 ], [ 13.475888264258597, 41.917188420244806 ], [ 13.475648104226671, 41.917173642104714 ], [ 13.475583574124894, 41.917277090538434 ], [ 13.475620699676041, 41.917347119081008 ], [ 13.475703672629223, 41.917446731578593 ], [ 13.475809360252478, 41.917569822466831 ], [ 13.475744556437299, 41.917684856886332 ], [ 13.475627800772138, 41.917700689016542 ], [ 13.475534313123793, 41.917716832206196 ], [ 13.475647621666141, 41.917845821128978 ], [ 13.475730733213503, 41.917939638749282 ], [ 13.475899160612222, 41.918034591183499 ], [ 13.476054801394408, 41.918177901482963 ], [ 13.477038043322656, 41.919407836246897 ], [ 13.477899954369688, 41.920358007272206 ], [ 13.479172409221084, 41.92117453900061 ], [ 13.479883448731885, 41.921618558527925 ], [ 13.480206481346631, 41.921983556115109 ], [ 13.481806435523973, 41.922243757436355 ], [ 13.482002168420484, 41.922333264773378 ], [ 13.48202327526184, 41.922424811629973 ], [ 13.482130718293718, 41.922556611334272 ], [ 13.482197130253645, 41.922700908127673 ], [ 13.482250979839844, 41.922884153942952 ], [ 13.482282691724414, 41.923019298804277 ], [ 13.482401566798295, 41.923159944142569 ], [ 13.482455828531108, 41.923325809081021 ], [ 13.482452327399518, 41.923473527515007 ], [ 13.482471478743038, 41.923647621416201 ], [ 13.48250391219084, 41.923752355357323 ], [ 13.482489704140704, 41.92386081766076 ], [ 13.48253958985852, 41.923965781184855 ], [ 13.482629687206858, 41.92409300786283 ], [ 13.482760610655079, 41.924216426395972 ], [ 13.482926955233747, 41.924318583401082 ], [ 13.483117908388616, 41.924364566721856 ], [ 13.483309583012637, 41.924380136677122 ], [ 13.483588832052497, 41.924383825668833 ], [ 13.483751519950173, 41.924394667636236 ], [ 13.483908343135704, 41.924571303507491 ], [ 13.484021954887883, 41.924688696937352 ], [ 13.484247394493204, 41.924998793207358 ], [ 13.484553834652779, 41.925165090060872 ], [ 13.484840924317677, 41.925493381885829 ], [ 13.485166938730043, 41.925816393233461 ], [ 13.485365881531385, 41.925934911277942 ], [ 13.485511978159304, 41.926319288168287 ], [ 13.48551644686647, 41.926458420880572 ], [ 13.486072669087489, 41.927219067278386 ], [ 13.486124641461721, 41.927318261145274 ], [ 13.486267918890821, 41.927493991152446 ], [ 13.486287767126987, 41.927639119445026 ], [ 13.486260111286985, 41.927824186605157 ], [ 13.486402297452592, 41.928046257939215 ], [ 13.48642894222802, 41.928232041060866 ], [ 13.486714684853411, 41.928618255761087 ], [ 13.486725817840695, 41.928803834320298 ], [ 13.486785413435507, 41.928908923394864 ], [ 13.486968853609918, 41.929027234291127 ], [ 13.487074446915416, 41.929156110144312 ], [ 13.487187935549693, 41.929279293809323 ], [ 13.487426638623514, 41.929357770816566 ], [ 13.487645080692596, 41.929308496224706 ], [ 13.4877148988288, 41.929309415992513 ], [ 13.488095700421887, 41.929285458306516 ], [ 13.488463450118168, 41.929157023452987 ], [ 13.488777440465379, 41.929004701232067 ], [ 13.488982008261702, 41.928885704302743 ], [ 13.489324702276352, 41.928832269048776 ], [ 13.489643305653182, 41.928813282191783 ], [ 13.489964231864525, 41.92869581432555 ], [ 13.490206898428346, 41.928606292069098 ], [ 13.490616296421933, 41.928356708826946 ], [ 13.490754180650633, 41.928103554306361 ], [ 13.490854097681986, 41.927815134664478 ], [ 13.491013203421709, 41.927649179954855 ], [ 13.491225927916393, 41.927512902172303 ], [ 13.491468997768306, 41.927405998493477 ], [ 13.491710294812583, 41.927374400458497 ], [ 13.492012827596898, 41.927378374901657 ], [ 13.49225480642262, 41.927317812780302 ], [ 13.492564414016272, 41.927350852232586 ], [ 13.492771678886069, 41.927446288237306 ], [ 13.492909811316604, 41.927511843865616 ], [ 13.493195741556351, 41.927561953144078 ], [ 13.493387765101209, 41.927645600106104 ], [ 13.493578699418514, 41.927775588366671 ], [ 13.49372418232632, 41.927858623487552 ], [ 13.493960844381801, 41.928023979680376 ], [ 13.494183627777405, 41.928119617823064 ], [ 13.494624082978135, 41.928215496794081 ], [ 13.494736998347042, 41.928239794216459 ], [ 13.495136988428676, 41.928306968559568 ], [ 13.495471296912687, 41.928383059501904 ], [ 13.495905892288969, 41.928463724355716 ], [ 13.496162193724928, 41.928515974413607 ], [ 13.496270518892524, 41.928549989532506 ], [ 13.49633505339003, 41.928589947781624 ], [ 13.496465423596451, 41.928614472682995 ], [ 13.496562111354685, 41.928586403174386 ], [ 13.496746758781606, 41.928530149620045 ], [ 13.496785572007328, 41.928550215980565 ], [ 13.496880040017944, 41.928616641907013 ], [ 13.497013551108193, 41.928693359363471 ], [ 13.497148440258485, 41.928711421448142 ], [ 13.497330563405793, 41.928762699990664 ], [ 13.497447463136051, 41.928803343045544 ], [ 13.497634177970667, 41.928844901871393 ], [ 13.49758510499764, 41.928704099628114 ], [ 13.497565734012033, 41.928599542553172 ], [ 13.497531891523945, 41.928367673514771 ], [ 13.49748113046611, 41.928112767873422 ], [ 13.497534559413003, 41.927882041568814 ], [ 13.497500023605674, 41.927493707234106 ], [ 13.497431427776663, 41.927254864258792 ], [ 13.497479647085799, 41.926874132014198 ], [ 13.49750245331064, 41.926646264652391 ], [ 13.497623013871074, 41.926344707198162 ], [ 13.497674987822082, 41.926175893127471 ], [ 13.497731173052665, 41.926013653146327 ], [ 13.497693431531159, 41.92594796695969 ], [ 13.49776446963404, 41.925896745588688 ], [ 13.49782739254451, 41.925819340846182 ], [ 13.497835577564876, 41.925656471052605 ], [ 13.49791181843403, 41.925569462834993 ], [ 13.498223547175842, 41.92604942947348 ], [ 13.498441121657308, 41.926449937295459 ], [ 13.49859875619731, 41.926800766287819 ], [ 13.49864591964981, 41.927023031605479 ], [ 13.498692322256245, 41.927277879790246 ], [ 13.498732965667347, 41.927468006212216 ], [ 13.498735942161101, 41.927837456696295 ], [ 13.498811892744037, 41.928073136383411 ], [ 13.498929283409606, 41.928278934193571 ], [ 13.498919901229998, 41.928430921138464 ], [ 13.498938586938175, 41.928626736783968 ], [ 13.498981365295974, 41.928788098853715 ], [ 13.499094568729687, 41.928924306204223 ], [ 13.499295190304176, 41.929117610097087 ], [ 13.499487426642172, 41.929296135583002 ], [ 13.499658230321003, 41.929458085043123 ], [ 13.499944104446604, 41.929738880583223 ], [ 13.500062773497321, 41.929890368302928 ], [ 13.500190323842887, 41.930035453473963 ], [ 13.500291082011376, 41.930206263968415 ], [ 13.500360686015433, 41.930402744521587 ], [ 13.500405815853231, 41.930525928084847 ], [ 13.500512251002622, 41.930620032402437 ], [ 13.500572413795458, 41.930701944367719 ], [ 13.500639113020121, 41.930836093166114 ], [ 13.500668651821565, 41.930900221084038 ], [ 13.500752221752192, 41.930976644174763 ], [ 13.500859745738046, 41.931024404283924 ], [ 13.501139026011453, 41.931028051061396 ], [ 13.501294858552495, 41.931001113700056 ], [ 13.501468324855406, 41.931008267321694 ], [ 13.501458681972977, 41.931047256028435 ], [ 13.501509901128363, 41.931096815236387 ], [ 13.501600321005149, 41.931150148073229 ], [ 13.501726260396619, 41.931177869503394 ], [ 13.501882209746361, 41.931228797026705 ], [ 13.502024993662138, 41.931282812872759 ], [ 13.502283465508629, 41.93142960400737 ], [ 13.50268763825075, 41.931692377906579 ], [ 13.502901638520283, 41.931874441845885 ], [ 13.503137913651633, 41.932037239367766 ], [ 13.50361422380985, 41.932388956330392 ], [ 13.503695231836415, 41.932471500627834 ], [ 13.503775326053882, 41.932593145885036 ], [ 13.5039248613711, 41.932731994422582 ], [ 13.504061917546148, 41.932844605229043 ], [ 13.504245831998729, 41.933006718131352 ], [ 13.504427288082793, 41.933087310333477 ], [ 13.504625590415712, 41.933194197161058 ], [ 13.504756813692397, 41.933182868977127 ], [ 13.504800984671302, 41.933160626961872 ], [ 13.504889784660865, 41.933096593481402 ], [ 13.504972089106586, 41.933123742498665 ], [ 13.504996066724752, 41.933218578950438 ], [ 13.505106559722741, 41.933347140358094 ], [ 13.505251204936176, 41.933508740273993 ], [ 13.505375702750957, 41.933598367001139 ], [ 13.50557324743113, 41.93373783844627 ], [ 13.505731976565436, 41.933857247847008 ], [ 13.505968799419296, 41.933997229874258 ], [ 13.50607284955116, 41.93402791978982 ], [ 13.506229950142984, 41.934029964141729 ], [ 13.50646560547708, 41.934033030324038 ], [ 13.506605707274066, 41.934015294340441 ], [ 13.506807211927583, 41.933985321627624 ], [ 13.506951222472438, 41.933987194724807 ], [ 13.507107639717173, 41.934018564780267 ], [ 13.507180914473441, 41.934058630596468 ], [ 13.507167139706162, 41.934087787260985 ], [ 13.507101376771972, 41.934099970058213 ], [ 13.50700980791332, 41.934095520515378 ], [ 13.506835173089607, 41.934096507840785 ], [ 13.506707629019807, 41.93413722369614 ], [ 13.506569611122014, 41.934252769769827 ], [ 13.506414588673051, 41.934348537422885 ], [ 13.506258503221916, 41.934489926803387 ], [ 13.5061252269305, 41.934589235696755 ], [ 13.505996540494152, 41.934678828685598 ], [ 13.505903376442394, 41.93474280675337 ], [ 13.505849181346647, 41.934820329414357 ], [ 13.505851720756201, 41.934898590499607 ], [ 13.505899116644999, 41.93492528283997 ], [ 13.505982032408763, 41.934926361979663 ], [ 13.506091894253009, 41.934895197812942 ], [ 13.50632937493882, 41.934820059454402 ], [ 13.506443675393706, 41.934785692375904 ], [ 13.506561884649221, 41.934770931944342 ], [ 13.506622449864301, 41.934794536635344 ], [ 13.506760348562022, 41.934871298729405 ], [ 13.506889065658678, 41.934967498795181 ], [ 13.507698484805823, 41.935450652844388 ], [ 13.508466022773598, 41.935858289328102 ], [ 13.509758596419958, 41.93640311667744 ], [ 13.509901095224217, 41.936470156487808 ], [ 13.510052626012245, 41.936524275894044 ], [ 13.510287150248498, 41.936576212367797 ], [ 13.510599095412825, 41.936678046219498 ], [ 13.510811647985244, 41.936736215004927 ], [ 13.511009063381918, 41.936882194412746 ], [ 13.511207161183902, 41.936998846545734 ], [ 13.511481696290691, 41.937207754982154 ], [ 13.511756606876778, 41.937400372047016 ], [ 13.511988638485413, 41.937559835991607 ], [ 13.512263706575322, 41.937745934330174 ], [ 13.512555778007377, 41.937951809333669 ], [ 13.51287749274054, 41.938197180522792 ], [ 13.513135260541443, 41.938376534197971 ], [ 13.513319743803436, 41.938515823119914 ], [ 13.513509652197605, 41.938609548437078 ], [ 13.513837934614749, 41.938760475633217 ], [ 13.514019646289197, 41.938831278860285 ], [ 13.514275172779703, 41.938919333296454 ], [ 13.514543339400412, 41.939027108832605 ], [ 13.51490149420508, 41.939207755867457 ], [ 13.515094562639451, 41.939353672003335 ], [ 13.515254001786674, 41.939443741626825 ], [ 13.515423000889502, 41.939498079883329 ], [ 13.515678456486825, 41.939589388408407 ], [ 13.516189977233589, 41.939745938928631 ], [ 13.516788256250527, 41.939926424950841 ], [ 13.517213398023284, 41.940042741360905 ], [ 13.517534024059513, 41.940147927193259 ], [ 13.517824175528563, 41.94024945888517 ], [ 13.518040508584804, 41.940333740217532 ], [ 13.518182874082711, 41.940407287033707 ], [ 13.518305764773302, 41.940442011413914 ], [ 13.518697148553368, 41.940633941062295 ], [ 13.519141309352333, 41.940809167316687 ], [ 13.519433366879412, 41.941017196544216 ], [ 13.519644358375189, 41.941206795646707 ], [ 13.51981582274172, 41.941343734339149 ], [ 13.520008954329819, 41.94155048647648 ], [ 13.520169787307793, 41.941643825920963 ], [ 13.520513621829904, 41.941878597498118 ], [ 13.520691412202002, 41.94199388531009 ], [ 13.520931709089719, 41.942175168232069 ], [ 13.521177724870148, 41.942360869223485 ], [ 13.521359728523235, 41.942545747371064 ], [ 13.521970953094828, 41.943301674984134 ], [ 13.522124242006766, 41.943469883861752 ], [ 13.522213490317347, 41.943575338461841 ], [ 13.522315306449263, 41.943703769344054 ], [ 13.52242562752166, 41.943653036870323 ], [ 13.522699546768449, 41.943513143806136 ], [ 13.522814456402518, 41.943452692332158 ], [ 13.523053003541365, 41.94333190023022 ], [ 13.523303967839247, 41.943240604233402 ], [ 13.523492700584365, 41.943197398381912 ], [ 13.523611297957299, 41.943166327659505 ], [ 13.523813122950308, 41.943123291310428 ], [ 13.524015548324687, 41.943054184676306 ], [ 13.524266961935519, 41.942943332589714 ], [ 13.524417538696609, 41.942850744110203 ], [ 13.524624551467376, 41.942771916585784 ], [ 13.524822912638985, 41.942689718830799 ], [ 13.524938344669286, 41.942606455146866 ], [ 13.524932094490389, 41.94249881104782 ], [ 13.524995901079739, 41.942382287813516 ], [ 13.525106142662118, 41.942334812041373 ], [ 13.525198400924793, 41.942309920254274 ], [ 13.525243622833495, 41.942242051993055 ], [ 13.525211260760511, 41.942130813762624 ], [ 13.525208772749394, 41.94204929345814 ], [ 13.525242103668752, 41.941929118216137 ], [ 13.525288003350086, 41.941831923407371 ], [ 13.525390188384439, 41.941755008072668 ], [ 13.525492526294975, 41.941671575606954 ], [ 13.525660328127996, 41.941588983842529 ], [ 13.525765078345529, 41.941590329137902 ], [ 13.525895412835006, 41.941618078333924 ], [ 13.526021983786125, 41.941619703599351 ], [ 13.526145015492373, 41.941585428498087 ], [ 13.526306652485662, 41.941580985208709 ], [ 13.526433973818401, 41.941550023542071 ], [ 13.526544137880204, 41.94150580515506 ], [ 13.526685526685752, 41.941432650531404 ], [ 13.52680125410332, 41.941336351277279 ], [ 13.526895760785145, 41.941213701929478 ], [ 13.526998468000238, 41.941113975061455 ], [ 13.527161531035178, 41.941047618058974 ], [ 13.527398712033534, 41.940985470871169 ], [ 13.527656740567169, 41.940965963278238 ], [ 13.527883694799124, 41.940968873949949 ], [ 13.528071065763326, 41.940984314637412 ], [ 13.52821975953839, 41.940973183131561 ], [ 13.528387930810199, 41.940874294304614 ], [ 13.528521638499281, 41.940755406455111 ], [ 13.528712306358489, 41.940627469720802 ], [ 13.528906664779573, 41.940528915752637 ], [ 13.528977844828873, 41.940471156316001 ], [ 13.528997100323302, 41.940393175010897 ], [ 13.52906030031888, 41.94030271879069 ], [ 13.529157891181637, 41.940235518323675 ], [ 13.529268048925434, 41.940191297767676 ], [ 13.529391601906051, 41.940134209050427 ], [ 13.529468417367749, 41.940021110230973 ], [ 13.529467196920319, 41.939884194944639 ], [ 13.529447922801115, 41.939773125504274 ], [ 13.529394256500135, 41.93963879703351 ], [ 13.529362110097976, 41.939517783338658 ], [ 13.529398599824669, 41.939449800421457 ], [ 13.529527712508388, 41.939340631824471 ], [ 13.52964742077719, 41.939260676774325 ], [ 13.529798130910834, 41.9391615616303 ], [ 13.529865092877939, 41.939097229145098 ], [ 13.529942879337732, 41.938941768603144 ], [ 13.529989218798905, 41.938825019351071 ], [ 13.530020143644228, 41.938809118663578 ], [ 13.530169577586124, 41.938765398506604 ], [ 13.530332180189962, 41.938718588067751 ], [ 13.530486278438895, 41.938661889197782 ], [ 13.530627658719133, 41.938588728990005 ], [ 13.530760232987495, 41.93851871842719 ], [ 13.530884679828848, 41.938422524921386 ], [ 13.531018002274324, 41.938319925298146 ], [ 13.531075560358321, 41.938284809210423 ], [ 13.53116788532275, 41.938256654755861 ], [ 13.531321832173123, 41.93820647182384 ], [ 13.531357418719342, 41.938177591299187 ], [ 13.531459144216631, 41.938120221066171 ], [ 13.531649349718903, 41.938011831561148 ], [ 13.531725111940201, 41.937944349654323 ], [ 13.531824118227107, 41.937815235227262 ], [ 13.531856460283837, 41.937737420764336 ], [ 13.531861020291437, 41.937538649060699 ], [ 13.531887953219874, 41.937506399014524 ], [ 13.531954689334345, 41.937451839530404 ], [ 13.532020974630147, 41.937416832366388 ], [ 13.532130666907637, 41.937392702107317 ], [ 13.532171798304324, 41.937375843464984 ], [ 13.532319165622663, 41.937295155208481 ], [ 13.532439330135714, 41.937131541591818 ], [ 13.532443016479672, 41.936970785948496 ], [ 13.532510113105287, 41.93683691805515 ], [ 13.53262918265532, 41.936721096844195 ], [ 13.532806042334155, 41.936623398701968 ], [ 13.533019207611988, 41.936465320147654 ], [ 13.533143793434684, 41.936362608551612 ], [ 13.533270074553597, 41.936186034714638 ], [ 13.533503282205253, 41.935915214586515 ], [ 13.533688744316864, 41.935695936753625 ], [ 13.533848339954632, 41.935589324993281 ], [ 13.534087012165255, 41.935588026439589 ], [ 13.53426058220662, 41.935633702256887 ], [ 13.534446187363752, 41.935662147429632 ], [ 13.534522330865858, 41.935641390552981 ], [ 13.534587631070657, 41.935585726599435 ], [ 13.534682919765375, 41.935491329131288 ], [ 13.534882748985984, 41.935406960061144 ], [ 13.535099636313438, 41.935340190698163 ], [ 13.535328358863083, 41.935264881010617 ], [ 13.535488947104845, 41.935114820083534 ], [ 13.535587218260964, 41.93489008020606 ], [ 13.535643760613832, 41.934708267481554 ], [ 13.535775451170336, 41.934549144394047 ], [ 13.535920621021901, 41.934564033949357 ], [ 13.536090658022944, 41.934509704846612 ], [ 13.536210211342423, 41.934372157067166 ], [ 13.536411426781886, 41.934226957206107 ], [ 13.536564302994616, 41.934159369478969 ], [ 13.536724087960991, 41.934044064610283 ], [ 13.536928737057062, 41.93400321126321 ], [ 13.537111997198581, 41.933879512463719 ], [ 13.537207478158221, 41.933776425483657 ], [ 13.537209364784609, 41.933693874797278 ], [ 13.537247254727408, 41.933563976216021 ], [ 13.537378543241775, 41.933422230704466 ], [ 13.537561699360779, 41.933302875851446 ], [ 13.537733913911064, 41.933152957613544 ], [ 13.537853463325233, 41.933015408572679 ], [ 13.537803377411763, 41.932914811304364 ], [ 13.537765922790207, 41.93277091535294 ], [ 13.537768801154977, 41.932644917721454 ], [ 13.537789333614755, 41.932510453481903 ], [ 13.537873869089681, 41.932376802777156 ], [ 13.537944387585622, 41.932347278839643 ], [ 13.538038377867414, 41.932309360654649 ], [ 13.538280609839225, 41.932151642291039 ], [ 13.538503299656243, 41.932084942494917 ], [ 13.538748570973496, 41.932048949579837 ], [ 13.539042966802866, 41.931900586136443 ], [ 13.539290716551825, 41.931755973871425 ], [ 13.539344967306015, 41.931674089388395 ], [ 13.539457895971422, 41.931571222473835 ], [ 13.539478226240719, 41.931445446247388 ], [ 13.539525599315633, 41.931154865068024 ], [ 13.539436270278202, 41.930988578494556 ], [ 13.539502355202025, 41.930898153563177 ], [ 13.539609465347569, 41.930795210257912 ], [ 13.539658886905158, 41.930669804606076 ], [ 13.539754361095289, 41.930566715338855 ], [ 13.539877141483011, 41.930542199868235 ], [ 13.54004587412255, 41.930544345843543 ], [ 13.540285023108691, 41.930521311439243 ], [ 13.540478614909789, 41.930454237222051 ], [ 13.540602285596808, 41.930390617081549 ], [ 13.540726749059351, 41.930292242082274 ], [ 13.540851907635261, 41.930163452043047 ], [ 13.540953987511564, 41.930025677070262 ], [ 13.54109097831347, 41.929888344017876 ], [ 13.541332599578325, 41.929756688513521 ], [ 13.541432994863756, 41.929692773368309 ], [ 13.541325713631197, 41.929547991292246 ], [ 13.541205609718439, 41.92945519778177 ], [ 13.541242002951417, 41.929390471137239 ], [ 13.541363715687369, 41.929157330755245 ], [ 13.5415740851065, 41.928864474575192 ], [ 13.541729714291508, 41.928675226437512 ], [ 13.541827160698348, 41.928485239066035 ], [ 13.541924901948198, 41.928282215657269 ], [ 13.542017814593811, 41.928035672888051 ], [ 13.542115754583294, 41.927823960892106 ], [ 13.542255112401127, 41.9275823542837 ], [ 13.542257684628627, 41.927469390012007 ], [ 13.542255625203817, 41.927304214196788 ], [ 13.54223502407666, 41.927186609097014 ], [ 13.542199046453014, 41.926977542415941 ], [ 13.542181314566921, 41.926733940942178 ], [ 13.542185667640849, 41.9265427709934 ], [ 13.542272857562628, 41.926291807051314 ], [ 13.542336281724216, 41.926062274099806 ], [ 13.542392005882707, 41.925915215992575 ], [ 13.54244161945806, 41.925768349080627 ], [ 13.542189455163916, 41.925623168946785 ], [ 13.542250464507466, 41.925552954516142 ], [ 13.542306564600677, 41.925176539179937 ], [ 13.542442281100142, 41.924956422568634 ], [ 13.54309899034015, 41.924033029804299 ], [ 13.543378268303876, 41.923508594626554 ], [ 13.543634967886144, 41.923454174004888 ], [ 13.543836499191093, 41.923474476757335 ], [ 13.543839525374558, 41.923341412429984 ], [ 13.543871441732525, 41.923244206655419 ], [ 13.543956304264173, 41.923169857653079 ], [ 13.544063513276695, 41.923157907177867 ], [ 13.544207063641325, 41.923115360402718 ], [ 13.544285585375988, 41.923058676530459 ], [ 13.544440307784193, 41.923047328719967 ], [ 13.544642643903941, 41.923032145942258 ], [ 13.544785185570685, 41.92303395286266 ], [ 13.544904876517112, 41.922995538392982 ], [ 13.545042587665177, 41.922948479836712 ], [ 13.545121711657877, 41.922865183793526 ], [ 13.545225600330873, 41.922737832103152 ], [ 13.545358279248555, 41.92265077780452 ], [ 13.5455429967345, 41.922626496747505 ], [ 13.545679296214425, 41.922641535284178 ], [ 13.545864217967464, 41.922608382854307 ], [ 13.545989543660971, 41.922583349331859 ], [ 13.54633562785293, 41.922516742875885 ], [ 13.546622219295781, 41.922453818945023 ], [ 13.54699950646881, 41.922321055221573 ], [ 13.547227711549196, 41.922213023021285 ], [ 13.547355854227861, 41.922063793230848 ], [ 13.547484098389166, 41.921910127853685 ], [ 13.54761898370168, 41.921725488738453 ], [ 13.547655725066887, 41.921677149053032 ], [ 13.547751556013123, 41.921642865366202 ], [ 13.547980258089318, 41.921512654869268 ], [ 13.548138496154703, 41.921346058475777 ], [ 13.548426689450146, 41.921212161595456 ], [ 13.548618850937418, 41.921121417191259 ], [ 13.548871005073222, 41.92100481155223 ], [ 13.549068199691012, 41.920954062716596 ], [ 13.549158891616441, 41.920884220208187 ], [ 13.549321556007618, 41.920784228392868 ], [ 13.549405909516722, 41.920732053585709 ], [ 13.549629070190884, 41.920584021750287 ], [ 13.549814483414217, 41.920528684958924 ], [ 13.550101464427332, 41.920448010854841 ], [ 13.550351404968929, 41.920428982454744 ], [ 13.55060668115879, 41.92043664176591 ], [ 13.550783945850567, 41.920478810655609 ], [ 13.550980033352408, 41.920476849609123 ], [ 13.551248494372599, 41.920426996493937 ], [ 13.551544037205215, 41.920492839817044 ], [ 13.551761274341811, 41.920606502401206 ], [ 13.552003169216228, 41.920680541215404 ], [ 13.552287438587575, 41.920719620641243 ], [ 13.552607245251561, 41.920763585780584 ], [ 13.55289675269348, 41.920833786257646 ], [ 13.553114994964689, 41.92090308951267 ], [ 13.553310081735146, 41.920945479118338 ], [ 13.553506872090701, 41.920912464445713 ], [ 13.553633595025021, 41.920825325462232 ], [ 13.553816275251165, 41.920627969283622 ], [ 13.554328703186243, 41.921086562858754 ], [ 13.555004169005207, 41.921659094151998 ], [ 13.555517558300895, 41.922009962525031 ], [ 13.55614992953203, 41.922419725420212 ], [ 13.557383143854118, 41.923156486754976 ], [ 13.559617698116508, 41.924542206055726 ], [ 13.56026471949497, 41.924897224869881 ], [ 13.561396924921038, 41.92552286421364 ], [ 13.562568569992715, 41.926178936706769 ], [ 13.563299486357161, 41.926520014139285 ], [ 13.56442986263003, 41.927080712723281 ], [ 13.566034334931429, 41.927961782219221 ], [ 13.566789662269645, 41.928557703308577 ], [ 13.567757997344474, 41.930239411974981 ], [ 13.56867646563474, 41.931811927955295 ], [ 13.568903667929922, 41.932014415621175 ], [ 13.569236006792577, 41.932298077463869 ], [ 13.569286337593315, 41.932638118977124 ], [ 13.56914999447741, 41.933155525692001 ], [ 13.568927585406104, 41.933735082708282 ], [ 13.568945004387109, 41.93455056147674 ], [ 13.569701629297242, 41.935591546134425 ], [ 13.570041627360288, 41.936530836717125 ], [ 13.570159909097153, 41.937021466915667 ], [ 13.570423500119606, 41.938389064801747 ], [ 13.570462336490371, 41.93844611640877 ], [ 13.570943974028873, 41.939031115141397 ], [ 13.571362426789651, 41.939252617080605 ], [ 13.572251548074286, 41.939752835436124 ], [ 13.573250516757717, 41.94032429196114 ], [ 13.575775583168513, 41.942016115554402 ], [ 13.575862856180096, 41.942146995931708 ], [ 13.57632388381548, 41.942951994051498 ], [ 13.576652514391292, 41.943376744478606 ], [ 13.577107428388819, 41.943824091231242 ], [ 13.57773375771745, 41.944164885077548 ], [ 13.579056162071732, 41.944244362286405 ], [ 13.58036704843404, 41.944207998010441 ], [ 13.581491360016798, 41.944327064932352 ], [ 13.582391587373362, 41.944784822429774 ], [ 13.583014981153191, 41.945259860903363 ], [ 13.583490358044516, 41.945620671979853 ], [ 13.585036452810197, 41.946296384138016 ], [ 13.586353803915927, 41.946566990663456 ], [ 13.58744077578732, 41.946864325178097 ], [ 13.588748923127145, 41.947193949173588 ], [ 13.591220836298755, 41.947934196759256 ], [ 13.591529132178668, 41.948328418778367 ], [ 13.591668606195862, 41.948472108076274 ], [ 13.591934059845041, 41.948652834597858 ], [ 13.592127559446128, 41.948862259064974 ], [ 13.591967030738166, 41.94895494093371 ], [ 13.590143508750751, 41.950074294935177 ], [ 13.59013269007446, 41.950565166460812 ], [ 13.590367235938682, 41.95071002436498 ], [ 13.590584377811625, 41.950925655469355 ], [ 13.590976232250719, 41.950764826769131 ], [ 13.591943320295572, 41.950392171536663 ], [ 13.593091837164232, 41.950057224984533 ], [ 13.594001629213524, 41.94976666995791 ], [ 13.595227788389334, 41.949503643564931 ], [ 13.600190470260666, 41.948510528816691 ], [ 13.604977990151347, 41.947548344303023 ], [ 13.60598034428244, 41.947369738820093 ], [ 13.606893568092925, 41.947190042938502 ], [ 13.607381863408236, 41.947077977744158 ], [ 13.607912365965584, 41.946972105221114 ], [ 13.609127705734066, 41.946734771379518 ], [ 13.609567693550812, 41.946640273991711 ], [ 13.610037653728098, 41.946551128653674 ], [ 13.610551546361927, 41.946440051399904 ], [ 13.611172385512864, 41.946330265761624 ], [ 13.611578840585478, 41.946240346319996 ], [ 13.612361073259413, 41.94608758540079 ], [ 13.612888057046785, 41.945989133788544 ], [ 13.613690550312727, 41.945826625841285 ], [ 13.614489591007878, 41.94566906032334 ], [ 13.615009667352549, 41.94558049997628 ], [ 13.615399241019727, 41.94549784925519 ], [ 13.615634482493229, 41.945440789834578 ], [ 13.615813017114817, 41.945378054803342 ], [ 13.61616339827123, 41.945252502729197 ], [ 13.616460090151509, 41.945136284174623 ], [ 13.616785461391714, 41.944930566703512 ], [ 13.616955098484516, 41.944815313745416 ], [ 13.617239281549471, 41.944659011420718 ], [ 13.617562865915158, 41.944535629046925 ], [ 13.617993612212601, 41.944403551498311 ], [ 13.617951135316483, 41.944358117705022 ], [ 13.617889039035465, 41.944292482168279 ], [ 13.617843813907442, 41.944219561560566 ], [ 13.617838531226187, 41.944154610023006 ], [ 13.617879874921265, 41.944097705835269 ], [ 13.618005362783979, 41.944014363159305 ], [ 13.618299725831536, 41.943850695851893 ], [ 13.618574037732856, 41.943686784843372 ], [ 13.618854655209862, 41.943540417766286 ], [ 13.619145404221969, 41.943389182683916 ], [ 13.61946612259276, 41.943243298101045 ], [ 13.619831308928388, 41.943050528581104 ], [ 13.620155903311261, 41.942879732297143 ], [ 13.620412419314828, 41.942765516748146 ], [ 13.620557092268317, 41.942722332854821 ], [ 13.620724726828955, 41.942699390188153 ], [ 13.620892415775621, 41.942673952788468 ], [ 13.621153787705081, 41.942644647944498 ], [ 13.621449329770199, 41.942580814273391 ], [ 13.621765030335691, 41.942512228829685 ], [ 13.622009744618987, 41.942480226900415 ], [ 13.622213925810009, 41.942467703507411 ], [ 13.622418103986284, 41.942455179714685 ], [ 13.622589295480246, 41.942422294238632 ], [ 13.622896527069376, 41.942281227916396 ], [ 13.623115793135716, 41.942189023405028 ], [ 13.623307944671501, 41.942113960946187 ], [ 13.623382811524605, 41.942052465373983 ], [ 13.623465325186817, 41.941946140651012 ], [ 13.623496903668697, 41.94187663829841 ], [ 13.623575915507624, 41.941777757476878 ], [ 13.623634497881353, 41.941696103149887 ], [ 13.623739815056918, 41.941617501479392 ], [ 13.623878281655854, 41.941551778846524 ], [ 13.624053669571374, 41.941479010410838 ], [ 13.624209005142543, 41.941406000839507 ], [ 13.624442062930081, 41.941293991869806 ], [ 13.624543391546045, 41.941245290509386 ], [ 13.624685252038095, 41.94117711076693 ], [ 13.624850881277871, 41.941091746280442 ], [ 13.625039633523585, 41.941019136414496 ], [ 13.6251297577865, 41.941025207204127 ], [ 13.625389564738905, 41.941068249550646 ], [ 13.625605232746437, 41.941143205767098 ], [ 13.625841166721127, 41.941208423601097 ], [ 13.626093970519698, 41.941266354676351 ], [ 13.626337069073047, 41.941309194911796 ], [ 13.626593751850889, 41.941342214933712 ], [ 13.627184622999405, 41.941379230736842 ], [ 13.627538275934091, 41.941410912540015 ], [ 13.627858721553347, 41.941432212474105 ], [ 13.627918126357306, 41.94146786219509 ], [ 13.628329340224351, 41.941465289838376 ], [ 13.628610004696082, 41.941471138187033 ], [ 13.629054693107854, 41.941466466876456 ], [ 13.629258867804843, 41.941453930854415 ], [ 13.629731196496392, 41.941407160739082 ], [ 13.630266862209563, 41.941368630941305 ], [ 13.630704970039471, 41.941358883330153 ], [ 13.63117623045644, 41.941362006717945 ], [ 13.631509831359933, 41.941393437737915 ], [ 13.631726681638442, 41.941413491878464 ], [ 13.632100228690005, 41.941452883272405 ], [ 13.632402846380247, 41.941526368178948 ], [ 13.632531528582627, 41.941605268678877 ], [ 13.632731616416921, 41.941627617489388 ], [ 13.633281218686932, 41.941719015620365 ], [ 13.633617686541239, 41.941772934784318 ], [ 13.633901004820252, 41.941811246336258 ], [ 13.634114727000441, 41.941821277623063 ], [ 13.634421972388008, 41.941834915651242 ], [ 13.634969673519453, 41.941858898288494 ], [ 13.635336860882289, 41.94188322937854 ], [ 13.635769395162887, 41.941978215827326 ], [ 13.63623561808344, 41.942061122401405 ], [ 13.63680475025742, 41.942177693159834 ], [ 13.637067488673546, 41.942240709445656 ], [ 13.637180901824705, 41.942252038657401 ], [ 13.637254796305601, 41.942235446572859 ], [ 13.63725607158935, 41.942175565085336 ], [ 13.637283763466311, 41.94213097133801 ], [ 13.637455106444493, 41.942090577277419 ], [ 13.637602948755232, 41.942054895996279 ], [ 13.637764051600469, 41.942024364364912 ], [ 13.637931253939957, 41.942021356949432 ], [ 13.63815160915566, 41.942033954014704 ], [ 13.638498641274328, 41.942063027274507 ], [ 13.638779097645266, 41.942078831063569 ], [ 13.639189784683952, 41.942101170480377 ], [ 13.63955342054188, 41.942135428757787 ], [ 13.63985377001911, 41.942158953848363 ], [ 13.640250136687849, 41.942226042276268 ], [ 13.6408235218285, 41.942300215617195 ], [ 13.641070508277499, 41.942318113771648 ], [ 13.641220950112073, 41.942317399951605 ], [ 13.641334947023905, 41.942301278245246 ], [ 13.641449897367822, 41.942240246880111 ], [ 13.64167873814074, 41.942168084025575 ], [ 13.641856550654582, 41.942137742707871 ], [ 13.64205112485933, 41.942105104796163 ], [ 13.642312010307862, 41.9420982077554 ], [ 13.64254223168389, 41.942118399607281 ], [ 13.642756871228372, 41.942137991743266 ], [ 13.642935107529881, 41.942140098876656 ], [ 13.643071944735309, 41.942132843491748 ], [ 13.643209346244676, 41.942098973149854 ], [ 13.64344878122952, 41.94201750385411 ], [ 13.643704535459811, 41.942007213953516 ], [ 13.644007256796492, 41.942024101931487 ], [ 13.644445592967095, 41.942091392361597 ], [ 13.645273518080543, 41.942283075355697 ], [ 13.645551066070697, 41.942366212556315 ], [ 13.645793156968903, 41.942440057918191 ], [ 13.646064671308208, 41.942527559429806 ], [ 13.646652109527068, 41.942569980603537 ], [ 13.647025471497686, 41.942618751030516 ], [ 13.64755831478214, 41.942713765396746 ], [ 13.648020892424784, 41.942759145234909 ], [ 13.648702083774232, 41.942864774210733 ], [ 13.648963127157339, 41.942885595251028 ], [ 13.649206628016724, 41.942892896898222 ], [ 13.649450223290955, 41.942895762961285 ], [ 13.649742189339696, 41.942859266356102 ], [ 13.6500933823063, 41.942832338928191 ], [ 13.650307459201489, 41.942825982604013 ], [ 13.650484761733695, 41.94287243486977 ], [ 13.650750157006314, 41.94296872848399 ], [ 13.651038758485075, 41.943091913447894 ], [ 13.651163715356446, 41.943084506615186 ], [ 13.651278096390676, 41.943014863398481 ], [ 13.651516591678851, 41.942977734053827 ], [ 13.652067250548276, 41.94250946180459 ], [ 13.652272804984721, 41.942343277302662 ], [ 13.652370201522661, 41.942233500272714 ], [ 13.652570840586494, 41.942018451851823 ], [ 13.65268512484192, 41.941953240604931 ], [ 13.652883053890164, 41.94186682771911 ], [ 13.653104841794056, 41.941776256042367 ], [ 13.653687113668532, 41.941499131648335 ], [ 13.654059479911563, 41.941312713133946 ], [ 13.654498597651855, 41.941060527577172 ], [ 13.654866416541358, 41.940807502710918 ], [ 13.655451470295537, 41.9403972966429 ], [ 13.656247245518671, 41.939856448493785 ], [ 13.656483045527144, 41.939663989409837 ], [ 13.656622762912702, 41.939519209016602 ], [ 13.656702602009352, 41.939395913120855 ], [ 13.656796186872866, 41.939184040608012 ], [ 13.656824156834608, 41.939455753380599 ], [ 13.656907568256928, 41.939634202405045 ], [ 13.657038509293095, 41.939813205194412 ], [ 13.657192593642907, 41.940022059683869 ], [ 13.657348664416233, 41.940136284906835 ], [ 13.657613527023054, 41.940352347658198 ], [ 13.657745836029928, 41.940466293931735 ], [ 13.657924682876326, 41.940628111635917 ], [ 13.658056245905783, 41.940777543228137 ], [ 13.658190168793409, 41.940814601395992 ], [ 13.658354908454125, 41.940893431621987 ], [ 13.658548732540554, 41.941096833243634 ], [ 13.65866520233264, 41.941210593365781 ], [ 13.658655295336334, 41.94130513043573 ], [ 13.658669528380852, 41.941382199891223 ], [ 13.658755424447596, 41.941442361364615 ], [ 13.658823621756689, 41.941591052267597 ], [ 13.658913600003096, 41.941834648196625 ], [ 13.658989842594254, 41.941977516971932 ], [ 13.659128093543957, 41.942186183862283 ], [ 13.659298654849518, 41.942365647347309 ], [ 13.65947763183363, 41.942521548119579 ], [ 13.65970426712253, 41.942672086838115 ], [ 13.659828289361801, 41.942803681960356 ], [ 13.659999349671088, 41.942959487844618 ], [ 13.660093049619737, 41.943025655408988 ], [ 13.660188483538398, 41.943009021242894 ], [ 13.660287012382435, 41.942844530647065 ], [ 13.660418465191768, 41.94262126628626 ], [ 13.660493474156546, 41.942444668479077 ], [ 13.660592249659924, 41.942268348464644 ], [ 13.660760711736684, 41.94216974724295 ], [ 13.661120035618863, 41.942037875883443 ], [ 13.661447175009927, 41.941929291605838 ], [ 13.661741143863344, 41.941891308508673 ], [ 13.661883978085433, 41.941904990224586 ], [ 13.662418971179868, 41.94189791313358 ], [ 13.662721349848404, 41.941931386465946 ], [ 13.663067453958089, 41.942005297165984 ], [ 13.663352080289396, 41.942035230835508 ], [ 13.66388679439202, 41.942041455498952 ], [ 13.664123932795288, 41.941997630398703 ], [ 13.664356615972812, 41.941953750773237 ], [ 13.664599042615029, 41.941870052881796 ], [ 13.665037599172306, 41.941785308524416 ], [ 13.66536851930768, 41.941732586386927 ], [ 13.665725896235918, 41.941693482091843 ], [ 13.666127348518499, 41.941678181793982 ], [ 13.666527827854742, 41.9417094558519 ], [ 13.666786135002745, 41.941719110265737 ], [ 13.667226512706423, 41.941760827474717 ], [ 13.668092835793868, 41.941681036853389 ], [ 13.668218641582881, 41.941632582468479 ], [ 13.668347933639545, 41.941630753802805 ], [ 13.668745758527265, 41.941575470570179 ], [ 13.669130214258448, 41.941520031516966 ], [ 13.669523925824528, 41.941448059734853 ], [ 13.669684687469921, 41.941433286278162 ], [ 13.669741368510834, 41.9414938398169 ], [ 13.669771245719129, 41.941557409604187 ], [ 13.669810173364979, 41.941614430527288 ], [ 13.66986803249927, 41.941618427797188 ], [ 13.670074664299799, 41.941540959486012 ], [ 13.670299051386785, 41.941467023321636 ], [ 13.670757773365004, 41.941269353116155 ], [ 13.671207995058476, 41.941051614348034 ], [ 13.671681941297839, 41.940764269340811 ], [ 13.67188138381891, 41.9406035253905 ], [ 13.672102898508124, 41.940453016990389 ], [ 13.672486131429565, 41.940241154189636 ], [ 13.67297315964742, 41.939967266907331 ], [ 13.673532854699399, 41.939627663969944 ], [ 13.673717888259256, 41.939516662043104 ], [ 13.673933696262838, 41.939425983080042 ], [ 13.674064707081582, 41.939340978063001 ], [ 13.674201412928204, 41.93919614191114 ], [ 13.674591431808922, 41.938871210577723 ], [ 13.674899383073717, 41.938635178532024 ], [ 13.675080438033079, 41.938500835998759 ], [ 13.675217966176868, 41.938316076367776 ], [ 13.675293044653447, 41.938133925574654 ], [ 13.675451955672697, 41.937992670982396 ], [ 13.675606203989018, 41.937861346818167 ], [ 13.675540213293608, 41.937604359684961 ], [ 13.675685755486702, 41.937462950513975 ], [ 13.675817172941272, 41.937357982549486 ], [ 13.675966824467762, 41.937233259139376 ], [ 13.676080830171518, 41.937108124456806 ], [ 13.676235625537419, 41.936950184201628 ], [ 13.676355119090355, 41.936775198531436 ], [ 13.676433273258132, 41.936659634561174 ], [ 13.6764535714163, 41.936540073360568 ], [ 13.676344038258614, 41.936448965316465 ], [ 13.676278305484301, 41.936394965994076 ], [ 13.676211747123396, 41.936380887206255 ], [ 13.676208048688805, 41.9363442418829 ], [ 13.676187834220904, 41.936244179155253 ], [ 13.676177082345232, 41.936117607310081 ], [ 13.676161738347389, 41.935997636240209 ], [ 13.676120622355992, 41.93583078139141 ], [ 13.676082586299326, 41.935730513119346 ], [ 13.676027280514877, 41.935603425786347 ], [ 13.67602440876942, 41.935526858789956 ], [ 13.676021396467823, 41.93545694445487 ], [ 13.676046449495368, 41.935394931589194 ], [ 13.676216458019281, 41.935219418694203 ], [ 13.676418272068805, 41.935038358968953 ], [ 13.676549287684239, 41.934832817004221 ], [ 13.676554423879715, 41.934584415516994 ], [ 13.676543594736764, 41.934341743239948 ], [ 13.676508147667969, 41.934140199833834 ], [ 13.676536681080801, 41.933909813910503 ], [ 13.6765959165916, 41.933727108408455 ], [ 13.676717661348713, 41.933586532797634 ], [ 13.67670499976504, 41.933432577476417 ], [ 13.676654445722448, 41.933195364927904 ], [ 13.676610957073379, 41.932999643740445 ], [ 13.676582453205372, 41.932845503569801 ], [ 13.676371538691239, 41.932676877008511 ], [ 13.676448587032455, 41.932614541075402 ], [ 13.676525357144811, 41.932565512104581 ], [ 13.676615702339605, 41.932506656764147 ], [ 13.676746007561222, 41.932454915687792 ], [ 13.676835595934849, 41.932432655799097 ], [ 13.676916135171739, 41.93241694528794 ], [ 13.677081049739709, 41.932415518914027 ], [ 13.677174682004118, 41.932413269319888 ], [ 13.677303403235564, 41.932438046576316 ], [ 13.677333145773929, 41.932508268883879 ], [ 13.677443293132278, 41.932569434689988 ], [ 13.677545285143488, 41.932593902645699 ], [ 13.677674146552421, 41.932612025715358 ], [ 13.677776755005244, 41.932606551601921 ], [ 13.677866824255172, 41.932561003418471 ], [ 13.678005970736059, 41.932512691797385 ], [ 13.678144565966809, 41.932490993007399 ], [ 13.678300090515489, 41.932512749792686 ], [ 13.678410167179733, 41.932577242377342 ], [ 13.678506194277535, 41.932674847317251 ], [ 13.67865595802942, 41.93275976265631 ], [ 13.678912721057076, 41.932842580071657 ], [ 13.679094566849983, 41.932884603729754 ], [ 13.67927689337043, 41.93290334015196 ], [ 13.679353115584345, 41.932880922331016 ], [ 13.679512252204182, 41.932847629445341 ], [ 13.679719666921494, 41.932730219126874 ], [ 13.67999323245294, 41.932430553325801 ], [ 13.680312854037416, 41.93205820591988 ], [ 13.680574419554265, 41.931691847957993 ], [ 13.680940026521558, 41.931033854307643 ], [ 13.681106585181977, 41.930736281426057 ], [ 13.681213645256163, 41.930514562078329 ], [ 13.681322283013943, 41.930216323481673 ], [ 13.681339897264822, 41.930010213654107 ], [ 13.681340103032259, 41.929783938238721 ], [ 13.681290342187996, 41.929603675515587 ], [ 13.681226939245073, 41.929436566290462 ], [ 13.681158674244907, 41.929289366796219 ], [ 13.681151547251146, 41.929202766487386 ], [ 13.681348668931395, 41.929368084871129 ], [ 13.681676977783953, 41.929654701530751 ], [ 13.681721462374703, 41.929658540869127 ], [ 13.681821668220916, 41.929769502948552 ], [ 13.681923452090457, 41.92980394688837 ], [ 13.68203106002648, 41.929771906989913 ], [ 13.682108375774023, 41.929912553918427 ], [ 13.682247722432693, 41.930070551568519 ], [ 13.682735127116445, 41.930422217160299 ], [ 13.682985034395783, 41.930621413676086 ], [ 13.683317403548608, 41.930928039469975 ], [ 13.683728523461328, 41.931089151955987 ], [ 13.684361726477874, 41.931286084087226 ], [ 13.684857228907358, 41.931461469199434 ], [ 13.685277609335259, 41.931606045676027 ], [ 13.685379327511475, 41.931643813221207 ], [ 13.685526011743148, 41.931662131016516 ], [ 13.685581660878608, 41.931556284135276 ], [ 13.685463197750572, 41.931248787511024 ], [ 13.685209083553197, 41.930819943006178 ], [ 13.685061282558976, 41.930422264089465 ], [ 13.684898274870648, 41.930114254426691 ], [ 13.684831023648126, 41.929917156308584 ], [ 13.684740951670387, 41.929746414969451 ], [ 13.684823057663763, 41.9296541828556 ], [ 13.684907706191437, 41.929655152542793 ], [ 13.684995645638965, 41.929712729868278 ], [ 13.685046373746117, 41.929846414898606 ], [ 13.685120062074672, 41.92994708701741 ], [ 13.685227477428519, 41.930141319725166 ], [ 13.685339213205372, 41.93034225554473 ], [ 13.685477407486186, 41.930556806089193 ], [ 13.685563369166848, 41.930710859924368 ], [ 13.685637264198091, 41.930801551257083 ], [ 13.685818560310192, 41.930870179540179 ], [ 13.68604063878441, 41.93090599900497 ], [ 13.68634573008706, 41.931022628244705 ], [ 13.686574056529398, 41.931188294715781 ], [ 13.68673953422997, 41.931376534851509 ], [ 13.686834480493392, 41.931527363080917 ], [ 13.68681110181619, 41.931648658370094 ], [ 13.686695859571847, 41.931645466678326 ], [ 13.686681602897924, 41.931729534647594 ], [ 13.686656503628678, 41.931731118743535 ], [ 13.686645749021759, 41.931766560571425 ], [ 13.686640900871224, 41.931880682947607 ], [ 13.686645884350677, 41.932004278329309 ], [ 13.686646317120925, 41.932105359776955 ], [ 13.686664906950856, 41.932176700510894 ], [ 13.686716547525696, 41.932347622944363 ], [ 13.686774122718305, 41.932473691695726 ], [ 13.686790513797039, 41.932530033040926 ], [ 13.686814268994462, 41.932593944625928 ], [ 13.686798121101962, 41.932648042537394 ], [ 13.686776766793805, 41.932711438124301 ], [ 13.686828856517231, 41.932738239385081 ], [ 13.68687488963584, 41.932693843285783 ], [ 13.686997306000901, 41.932713960643923 ], [ 13.68722316452253, 41.932701569353206 ], [ 13.687408927144489, 41.932688719191724 ], [ 13.687568654845013, 41.932600700032687 ], [ 13.687859853390108, 41.932458029514798 ], [ 13.688232048670963, 41.93227697535356 ], [ 13.68839428327904, 41.932188983677783 ], [ 13.688558943938226, 41.932104762487988 ], [ 13.68863948433712, 41.932088836510005 ], [ 13.688897829140679, 41.931958890490314 ], [ 13.689277922272577, 41.931759206430435 ], [ 13.689584417934196, 41.93160360315288 ], [ 13.689888519439117, 41.931442357494802 ], [ 13.690028345247313, 41.931346619550013 ], [ 13.690039290099444, 41.931301821780913 ], [ 13.690097808371931, 41.931259438057097 ], [ 13.690156025378883, 41.931232025634117 ], [ 13.690224837256514, 41.931176658495822 ], [ 13.690315861296341, 41.931138389061687 ], [ 13.690357221811428, 41.931077092241885 ], [ 13.690398697119827, 41.93101018028414 ], [ 13.690479924762007, 41.93096056940189 ], [ 13.690613854655393, 41.930907814910107 ], [ 13.690729670021568, 41.930882930339479 ], [ 13.69087073942203, 41.930848975842409 ], [ 13.690992101703882, 41.930797948823269 ], [ 13.691118628930679, 41.930739494549556 ], [ 13.691312380623442, 41.930580729926916 ], [ 13.691557627716419, 41.930355166786732 ], [ 13.691675468721353, 41.930231101220365 ], [ 13.691742422346968, 41.930143890107644 ], [ 13.691925092858943, 41.929913870039833 ], [ 13.69207885845351, 41.929749033698464 ], [ 13.692158839559871, 41.929637637085534 ], [ 13.692218809813077, 41.929524140686468 ], [ 13.692288499513248, 41.929425729740004 ], [ 13.692327081947926, 41.929377503536429 ], [ 13.692373108843974, 41.929333104568897 ], [ 13.692429309615719, 41.929281334346079 ], [ 13.692489584770502, 41.929152868693066 ], [ 13.692537599505785, 41.92901115928025 ], [ 13.6925750124045, 41.928897406331409 ], [ 13.692671403870502, 41.928718812754468 ], [ 13.692692750969496, 41.928655414277593 ], [ 13.692673696740256, 41.928606531064489 ], [ 13.692594422815613, 41.928560705634872 ], [ 13.692525326499936, 41.928507508397082 ], [ 13.692480752647864, 41.928480796954133 ], [ 13.692423802678531, 41.928446454674067 ], [ 13.692361917967091, 41.928408315350559 ], [ 13.692325475230293, 41.928351746357428 ], [ 13.692271719465253, 41.928283748923093 ], [ 13.692230264962738, 41.928227122810519 ], [ 13.692218998121174, 41.928165226327877 ], [ 13.692228235426505, 41.928081102071147 ], [ 13.692317168359184, 41.928022218180274 ], [ 13.692388366206854, 41.927972490014525 ], [ 13.692474599583235, 41.927922934694685 ], [ 13.692578148103552, 41.927884806070544 ], [ 13.692702888222282, 41.927790764207387 ], [ 13.692781566558969, 41.927742994402657 ], [ 13.692894042354101, 41.927635712428973 ], [ 13.692985250803215, 41.927588082943338 ], [ 13.693099700043833, 41.927507028682513 ], [ 13.693233775572546, 41.927446784520228 ], [ 13.693340436927222, 41.927378743272321 ], [ 13.693423376976176, 41.92724491915056 ], [ 13.69344764805998, 41.927160964773691 ], [ 13.693473661207552, 41.927114466343198 ], [ 13.693557504203399, 41.927059266557606 ], [ 13.693704068967778, 41.927001037387633 ], [ 13.693845545308056, 41.926946493146048 ], [ 13.693936523013239, 41.926910091492644 ], [ 13.694028032048253, 41.926847492553819 ], [ 13.69414289853532, 41.926745850763069 ], [ 13.694240031834402, 41.92665336496102 ], [ 13.694306062167312, 41.926611066677339 ], [ 13.694427528185132, 41.926554420702168 ], [ 13.69452860630831, 41.926514392626373 ], [ 13.694660628895395, 41.926431662632972 ], [ 13.694803896170813, 41.926289163937795 ], [ 13.694915873066483, 41.926206207399098 ], [ 13.695035785435911, 41.926102749178128 ], [ 13.695130144311463, 41.926023335724913 ], [ 13.695211514513517, 41.925966234828124 ], [ 13.695255830417606, 41.9258825078538 ], [ 13.69538333692088, 41.925775393656366 ], [ 13.695482627447422, 41.92569977730799 ], [ 13.695591982197511, 41.925622405639842 ], [ 13.695672817753767, 41.925591503798344 ], [ 13.695750766912523, 41.92557928690438 ], [ 13.695819147813388, 41.925544500458898 ], [ 13.695943995877036, 41.925444841997283 ], [ 13.696023582916112, 41.925352155348243 ], [ 13.696177667586058, 41.925170471487093 ], [ 13.69635715414919, 41.924972227638882 ], [ 13.696487505719398, 41.924848297376442 ], [ 13.696624763992599, 41.92475439549964 ], [ 13.696709056058534, 41.924676737663027 ], [ 13.696808688298335, 41.924584278553951 ], [ 13.696893588542634, 41.924476679002247 ], [ 13.697001234161194, 41.924359978085803 ], [ 13.6971054955497, 41.924286290150057 ], [ 13.697232003608429, 41.924227828804355 ], [ 13.697395873047441, 41.924181020259319 ], [ 13.697519799439924, 41.924126272862566 ], [ 13.697667001000541, 41.924036225535978 ], [ 13.697738267856794, 41.923982751216755 ], [ 13.697783448301115, 41.923979520681293 ], [ 13.697878745405779, 41.923976858553353 ], [ 13.698076742123302, 41.923977232246727 ], [ 13.698175381325107, 41.923933428056976 ], [ 13.698286094319025, 41.92391222149184 ], [ 13.698398022338582, 41.923831131075644 ], [ 13.698576732243321, 41.92379385073626 ], [ 13.698638050246556, 41.923736520064345 ], [ 13.698693140283646, 41.92373901628806 ], [ 13.698800320950019, 41.923768307806277 ], [ 13.698915699114373, 41.923764000628509 ], [ 13.699120225566409, 41.923813112809391 ], [ 13.699144104157536, 41.923871409116138 ], [ 13.699117754309508, 41.923934750530101 ], [ 13.699051007460399, 41.924012608423489 ], [ 13.699042461970006, 41.924063051305929 ], [ 13.699109321674662, 41.924103115206407 ], [ 13.699181420387312, 41.924132010495448 ], [ 13.699217561356207, 41.924203546534912 ], [ 13.699147133363082, 41.924215851563616 ], [ 13.699050809317447, 41.924269042272556 ], [ 13.699110416443, 41.924295923175478 ], [ 13.699222837235531, 41.924314042444784 ], [ 13.699335105315088, 41.924339646445105 ], [ 13.69935571892381, 41.924435342417638 ], [ 13.699331379927289, 41.924523040347417 ], [ 13.699280121594009, 41.92457861357471 ], [ 13.69922305391853, 41.92467342724084 ], [ 13.699156876649301, 41.924723217135622 ], [ 13.699118566878591, 41.924758345773924 ], [ 13.699064954405376, 41.924806406206194 ], [ 13.698991260160073, 41.924856108625789 ], [ 13.698904919584464, 41.924911284117456 ], [ 13.698851078684209, 41.924970570889926 ], [ 13.698792153636303, 41.925033543023197 ], [ 13.698686525836813, 41.925051065247125 ], [ 13.69856582715804, 41.925070286113943 ], [ 13.698522733369813, 41.925094131288368 ], [ 13.69849699100417, 41.925127530952018 ], [ 13.698428038395381, 41.925190389767309 ], [ 13.698293591938789, 41.925269353090378 ], [ 13.698227678983606, 41.925306040230154 ], [ 13.698118215927932, 41.925389030184633 ], [ 13.698012429493264, 41.925537572920149 ], [ 13.697968917325143, 41.925582002165889 ], [ 13.697888082078977, 41.925612907280524 ], [ 13.697726032281214, 41.925693426984019 ], [ 13.697593936794547, 41.925779902162077 ], [ 13.697516742393031, 41.925878231832144 ], [ 13.697545025113437, 41.925966526338335 ], [ 13.697441027934154, 41.926027115187445 ], [ 13.697288960464251, 41.926109620948722 ], [ 13.697192632025013, 41.926162810019342 ], [ 13.697153901399501, 41.926218524435477 ], [ 13.697097438384935, 41.926283395396915 ], [ 13.697079363286075, 41.926309395727841 ], [ 13.697047694634254, 41.926387650505092 ], [ 13.69702153201227, 41.926441636279812 ], [ 13.696948021775579, 41.926481981105475 ], [ 13.696869691571543, 41.926512912276799 ], [ 13.696784110254333, 41.926530658078747 ], [ 13.696725369948433, 41.926584273974619 ], [ 13.696711849310953, 41.926632786199953 ], [ 13.69664843990455, 41.926669503037409 ], [ 13.696662371315151, 41.926723941694526 ], [ 13.696733936320301, 41.926779036265032 ], [ 13.696678122181783, 41.926812094680358 ], [ 13.696601572763583, 41.926878610236486 ], [ 13.696595533071395, 41.926929079156011 ], [ 13.69655444570151, 41.926977280586406 ], [ 13.696455687862176, 41.927026696785404 ], [ 13.696171293489353, 41.927079421146452 ], [ 13.69716968452458, 41.927231478524931 ], [ 13.69753847873829, 41.927287645198895 ], [ 13.69868173415435, 41.928180609151198 ], [ 13.698620079455269, 41.928290830634765 ], [ 13.698612065598249, 41.928392785551715 ], [ 13.698651029963727, 41.928521896224353 ], [ 13.698751741086634, 41.928536348013779 ], [ 13.698691168109104, 41.928593340812931 ], [ 13.698441310378792, 41.928901085718131 ], [ 13.69807443701748, 41.929411598447651 ], [ 13.697909360900955, 41.929640441011557 ], [ 13.697647975947241, 41.929930305287364 ], [ 13.697417913287474, 41.930140663448022 ], [ 13.697201807226506, 41.930249132147729 ], [ 13.696960584676935, 41.930423866560631 ], [ 13.696730068602296, 41.930656404647003 ], [ 13.696420247497864, 41.9309900858456 ], [ 13.696625901415882, 41.931103340021195 ], [ 13.69679205202239, 41.931114099156943 ], [ 13.696946589386222, 41.931111416551794 ], [ 13.697172594625227, 41.931100671855766 ], [ 13.697453326393484, 41.931028429353262 ], [ 13.697656290779086, 41.930981929414507 ], [ 13.697871134679081, 41.930935560007811 ], [ 13.698104520620323, 41.930853907597943 ], [ 13.69792270275542, 41.931029317658805 ], [ 13.69782540166617, 41.931139134354737 ], [ 13.697607758634447, 41.931323012688935 ], [ 13.697403078798491, 41.931453796188407 ], [ 13.697257168391927, 41.931616302341553 ], [ 13.697230609411223, 41.931753542817546 ], [ 13.697245180386309, 41.931913435396524 ], [ 13.697281523554917, 41.932138893746789 ], [ 13.697340876199265, 41.932336758036577 ], [ 13.697463595645736, 41.932535342354072 ], [ 13.697685372428554, 41.932537858374161 ], [ 13.698074682254619, 41.93261326521008 ], [ 13.698379182779576, 41.932703481610893 ], [ 13.698811538345401, 41.932739932527952 ], [ 13.699117432633892, 41.932834786417338 ], [ 13.699217608505927, 41.932949058228488 ], [ 13.699304888746653, 41.933039895746532 ], [ 13.699428965512725, 41.933074575103923 ], [ 13.699581056653196, 41.933046349556591 ], [ 13.699720661487122, 41.932974725908956 ], [ 13.699865667236189, 41.932856572758254 ], [ 13.700051176065669, 41.932718913525548 ], [ 13.70023762762658, 41.932534678009382 ], [ 13.700420504041761, 41.932307141379695 ], [ 13.70049165650012, 41.932094980261425 ], [ 13.700580834281439, 41.931873038648206 ], [ 13.700676691621918, 41.931760984081833 ], [ 13.700830939768675, 41.931626296617374 ], [ 13.700931320312025, 41.931510965595493 ], [ 13.700978235722888, 41.931395031729359 ], [ 13.700940433725025, 41.931281465579936 ], [ 13.700933007537529, 41.931208172757735 ], [ 13.701151452151867, 41.931203988967695 ], [ 13.701409319179811, 41.93123352711396 ], [ 13.701649430929233, 41.931259535911195 ], [ 13.701861867486157, 41.931331819588166 ], [ 13.701949692083245, 41.931396036951028 ], [ 13.702000389557861, 41.931533042726848 ], [ 13.702078628493897, 41.93163042638588 ], [ 13.702153087766575, 41.931694495786687 ], [ 13.702326034930062, 41.931736382074568 ], [ 13.702427698538651, 41.931777460791828 ], [ 13.702547519633667, 41.931802108064737 ], [ 13.702764887531766, 41.931851151097497 ], [ 13.702955521696211, 41.93189989223621 ], [ 13.703034773576773, 41.931947374801759 ], [ 13.703086484840908, 41.932034477462587 ], [ 13.703085541181498, 41.932081054012954 ], [ 13.702989687580885, 41.932193107339735 ], [ 13.702912799964079, 41.932248808691469 ], [ 13.702897613798992, 41.932338482458462 ], [ 13.702908957414238, 41.932438439333275 ], [ 13.703073206171689, 41.932689867549435 ], [ 13.703211802281652, 41.932887764262688 ], [ 13.703314148637748, 41.933115196521875 ], [ 13.70335708494026, 41.933195543992369 ], [ 13.703422907317787, 41.933246202026602 ], [ 13.703528893651063, 41.933293985629199 ], [ 13.703693204479826, 41.933322462642785 ], [ 13.703822412349549, 41.933323921526799 ], [ 13.704000829857462, 41.933315952982078 ], [ 13.704147120457099, 41.93335420873202 ], [ 13.704266271760837, 41.933412121970321 ], [ 13.704313396750441, 41.933505826045476 ], [ 13.704340340354896, 41.93361797668652 ], [ 13.70436927075705, 41.933754364663272 ], [ 13.704421484446041, 41.933914681145851 ], [ 13.70458554699929, 41.934028932072472 ], [ 13.704869621430168, 41.934085378102623 ], [ 13.704824152692124, 41.934374738353696 ], [ 13.704403030793033, 41.934581659616192 ], [ 13.704249995791416, 41.934656468082963 ], [ 13.704040114638701, 41.934677392061374 ], [ 13.703846774352879, 41.934761727803249 ], [ 13.703751119995008, 41.93486380444439 ], [ 13.70357877710997, 41.935011598905753 ], [ 13.703357288893779, 41.935165496178271 ], [ 13.703248399112811, 41.935260767509845 ], [ 13.703029678453754, 41.935497885858489 ], [ 13.702954008304697, 41.935713324272882 ], [ 13.702891566549924, 41.935935570230413 ], [ 13.702818457545346, 41.936024591114517 ], [ 13.702444159004877, 41.936241509018934 ], [ 13.702410438407787, 41.936256102099435 ], [ 13.702227658850017, 41.936368838331411 ], [ 13.702024017923483, 41.936521271841229 ], [ 13.701917438100843, 41.936667311005358 ], [ 13.701899361584955, 41.936734491116937 ], [ 13.701883767907573, 41.936844126234497 ], [ 13.701854908390088, 41.936948621037629 ], [ 13.701819314675548, 41.937055534833405 ], [ 13.701759519476788, 41.937202106165117 ], [ 13.701688837545284, 41.937390978524306 ], [ 13.701650358038226, 41.937640115720662 ], [ 13.701608433701596, 41.937894205335517 ], [ 13.70158848575335, 41.93821842147252 ], [ 13.701595272144587, 41.938542941606819 ], [ 13.701614313003448, 41.938757785619273 ], [ 13.701641452770527, 41.938902845432921 ], [ 13.701671277205287, 41.93908037861388 ], [ 13.701725862293365, 41.939190806773752 ], [ 13.701854068382493, 41.939297076570291 ], [ 13.701926526656489, 41.939350304514704 ], [ 13.702024960907567, 41.939441262723818 ], [ 13.702182843789277, 41.939567833291093 ], [ 13.702230592358225, 41.939685672120923 ], [ 13.702224620732874, 41.939815382709753 ], [ 13.702198746539743, 41.939937380649596 ], [ 13.702196773142814, 41.940034688472736 ], [ 13.702218093327609, 41.94013725377301 ], [ 13.702263058515131, 41.940227607856876 ], [ 13.702286527645928, 41.940279035570292 ], [ 13.702329197361495, 41.94037269164567 ], [ 13.702313131113877, 41.940505615534988 ], [ 13.702252573402831, 41.940634705762456 ], [ 13.702197010784426, 41.940737236382645 ], [ 13.702052126066603, 41.940848734973272 ], [ 13.701838781965447, 41.941039324966951 ], [ 13.701756550140818, 41.941138224718706 ], [ 13.70171253178084, 41.941330729201148 ], [ 13.701678842890926, 41.941453467029547 ], [ 13.701645084818995, 41.941579535327762 ], [ 13.701585875460523, 41.941642090987898 ], [ 13.701502395458572, 41.941678893416075 ], [ 13.701640062688702, 41.94168981155881 ], [ 13.701749248884649, 41.941745326754898 ], [ 13.701825392226224, 41.941822932246367 ], [ 13.701913425200013, 41.941932488454739 ], [ 13.701941834410894, 41.942015168883344 ], [ 13.701942594700801, 41.942101279676542 ], [ 13.701938683648271, 41.942170490025674 ], [ 13.701926264494444, 41.942288273615191 ], [ 13.701886123212974, 41.942413228632176 ], [ 13.701805724738419, 41.942545215494803 ], [ 13.701728515828876, 41.942643549171962 ], [ 13.701631482316539, 41.942730423536332 ], [ 13.701561415013439, 41.942847555064169 ], [ 13.70147300038302, 41.942880246958737 ], [ 13.701338256225236, 41.942972312580103 ], [ 13.701223334003299, 41.943075830195973 ], [ 13.701107650877608, 41.943216777323585 ], [ 13.701006020315344, 41.943406549476343 ], [ 13.700953116447575, 41.943542590368978 ], [ 13.700891590031363, 41.94373281731238 ], [ 13.700860368775658, 41.943912152679609 ], [ 13.700841417150581, 41.944104733703796 ], [ 13.700851630867424, 41.944219028065589 ], [ 13.700852950250004, 41.944300701274592 ], [ 13.70089679151681, 41.944669016133112 ], [ 13.700890258375718, 41.944990785629976 ], [ 13.70096418812083, 41.9453939233304 ], [ 13.701208140679448, 41.946017380807795 ], [ 13.701359196107019, 41.946413729394408 ], [ 13.701545703716169, 41.94683346501693 ], [ 13.701717828319721, 41.947203231991132 ], [ 13.701890735027312, 41.947534693627823 ], [ 13.701998646921654, 41.947781124911202 ], [ 13.702161447248335, 41.948104807744123 ], [ 13.702316320469453, 41.948313459019694 ], [ 13.70259302133724, 41.9485886170161 ], [ 13.702840027497921, 41.948809801653859 ], [ 13.703036264681185, 41.949003590586003 ], [ 13.703293533768235, 41.949224890190173 ], [ 13.703494361523692, 41.949445551783121 ], [ 13.703574832893869, 41.949526920985726 ], [ 13.703675751764754, 41.949612350884181 ], [ 13.703662772888803, 41.949746305703677 ], [ 13.703562559687407, 41.949879275382749 ], [ 13.703463821846881, 41.949939465346191 ], [ 13.703327223487785, 41.950095010111859 ], [ 13.703085052496888, 41.950394480207827 ], [ 13.702852572901811, 41.950659096442763 ], [ 13.702635190842622, 41.950938252858869 ], [ 13.702470170656685, 41.951103055199965 ], [ 13.702252319168753, 41.951405191795928 ], [ 13.702027177763688, 41.951687130992553 ], [ 13.701790546931289, 41.951966066997947 ], [ 13.7015658097021, 41.952227894186137 ], [ 13.701214642037996, 41.952507210572925 ], [ 13.700849284546813, 41.952805762436398 ], [ 13.700620537747954, 41.952948767037768 ], [ 13.700299343325906, 41.953094557674532 ], [ 13.699884609186563, 41.953296758853561 ], [ 13.700155880225891, 41.953587191417085 ], [ 13.700258746679118, 41.953576858910644 ], [ 13.700372265611973, 41.953547493278059 ], [ 13.700485239661711, 41.953544942389776 ], [ 13.700689415988634, 41.953600892853586 ], [ 13.700805576746392, 41.953694163482183 ], [ 13.700897713752793, 41.953706698500383 ], [ 13.700969635741227, 41.953703681453632 ], [ 13.701057572322096, 41.953670191952362 ], [ 13.701140534812192, 41.953628985858835 ], [ 13.701295419051755, 41.953584761901048 ], [ 13.701393073622443, 41.953578202009666 ], [ 13.701392062609958, 41.953628000028722 ], [ 13.701235936026926, 41.953733515654626 ], [ 13.701265481240306, 41.953795153313429 ], [ 13.701409169870507, 41.953796778850581 ], [ 13.701526342293601, 41.953840247442237 ], [ 13.701708748728414, 41.953957255439946 ], [ 13.701896133604995, 41.95408198133719 ], [ 13.702084608164169, 41.954153078848869 ], [ 13.702184754899219, 41.954276816790525 ], [ 13.702276233460648, 41.954490497362983 ], [ 13.702342478924004, 41.954598526476694 ], [ 13.702456624933996, 41.954707098089706 ], [ 13.702552313935165, 41.954713288119663 ], [ 13.702722749654882, 41.95474586518921 ], [ 13.702919209305101, 41.954845146274529 ], [ 13.703020602203656, 41.954907597471909 ], [ 13.703080214275696, 41.955005333704726 ], [ 13.703064354995401, 41.95511243641603 ], [ 13.703049117082793, 41.955188893077001 ], [ 13.702985776392678, 41.955275022106669 ], [ 13.70325947015032, 41.955278114139297 ], [ 13.703915822730377, 41.955311068958878 ], [ 13.704189002323865, 41.955339695360031 ], [ 13.704381313762738, 41.955306106688099 ], [ 13.705305449830121, 41.955296099269354 ], [ 13.706078124350915, 41.955330353590114 ], [ 13.706379293916644, 41.955328639398708 ], [ 13.706675686733387, 41.955224700477217 ], [ 13.706547255930314, 41.955483789700125 ], [ 13.706447330170414, 41.955687008365551 ], [ 13.70644474777081, 41.955814693419597 ], [ 13.70639282069461, 41.956013344409108 ], [ 13.706410044258128, 41.956177013090326 ], [ 13.706444062254098, 41.956186975716705 ], [ 13.706581556367091, 41.956495039698652 ], [ 13.706643314281655, 41.956740947945882 ], [ 13.706664945413467, 41.95694042777005 ], [ 13.706656714891587, 41.957093592653081 ], [ 13.706431625857814, 41.957309449447735 ], [ 13.706155600900544, 41.957505571474663 ], [ 13.706093863559579, 41.957512539700822 ], [ 13.706056251924648, 41.957849284543386 ], [ 13.706052686850539, 41.958025490362047 ], [ 13.705959784068925, 41.958304137822729 ], [ 13.705962590905775, 41.958419113744064 ], [ 13.705913610715925, 41.958556492634315 ], [ 13.70578197637354, 41.958719760663627 ], [ 13.70572918349569, 41.958791962731858 ], [ 13.70572126049759, 41.958929804435833 ], [ 13.705734331204878, 41.959044897722762 ], [ 13.705674853127283, 41.959193649864638 ], [ 13.705595935006073, 41.959288549551054 ], [ 13.705471368314909, 41.959356109552857 ], [ 13.705225489950811, 41.959330348078815 ], [ 13.705087466769289, 41.959301970192136 ], [ 13.704831324387614, 41.959276093740058 ], [ 13.704632105494206, 41.959227867919488 ], [ 13.704483117145285, 41.959233847363286 ], [ 13.704186152974525, 41.959196013731351 ], [ 13.704022780185948, 41.959152024083487 ], [ 13.703894633405213, 41.959142912633105 ], [ 13.703860655765576, 41.959299620223092 ], [ 13.703852806994036, 41.959433632769212 ], [ 13.703738030660176, 41.959682936742183 ], [ 13.703763268825497, 41.959719860044203 ], [ 13.703867941631643, 41.959826646598628 ], [ 13.703977209384011, 41.959991672504771 ], [ 13.704018285341354, 41.960102052824077 ], [ 13.704028436015358, 41.960171129897226 ], [ 13.703992176463185, 41.960250463957003 ], [ 13.703955701428187, 41.96034057102603 ], [ 13.703814381718455, 41.960474751505288 ], [ 13.703708269588349, 41.96058131222297 ], [ 13.703631376226523, 41.960670962750008 ], [ 13.703503964662772, 41.960831161651448 ], [ 13.703422391600151, 41.961009119877239 ], [ 13.703355472518917, 41.961176471410646 ], [ 13.703294283174271, 41.961346038646234 ], [ 13.70325527004581, 41.961561115788818 ], [ 13.70323550119757, 41.961681582811146 ], [ 13.703224000731362, 41.961821539817322 ], [ 13.703192727156191, 41.961939722538787 ], [ 13.703165613336221, 41.962137693992105 ], [ 13.703133552902761, 41.962294660414592 ], [ 13.703122664633471, 41.962404450630707 ], [ 13.703075073546659, 41.96247287924394 ], [ 13.703015368053761, 41.96256918812157 ], [ 13.702964366468072, 41.962663439343103 ], [ 13.702898362311434, 41.962785538176618 ], [ 13.702832139274776, 41.962918413793503 ], [ 13.702769326397654, 41.963025462869084 ], [ 13.702721996797665, 41.96308096066381 ], [ 13.702654111362678, 41.963153470578753 ], [ 13.702592390922096, 41.963206653003617 ], [ 13.702501889900086, 41.963255200346978 ], [ 13.702434570294686, 41.963299696619124 ], [ 13.702340830376015, 41.963365450579062 ], [ 13.702221326136742, 41.963420132786716 ], [ 13.702162625084835, 41.96346688285373 ], [ 13.702089311678725, 41.963522088251302 ], [ 13.702053663021951, 41.963571255425734 ], [ 13.702053433485696, 41.963571387509802 ], [ 13.702034762526795, 41.963663166794738 ], [ 13.702044816561664, 41.963762357209767 ], [ 13.702214921815075, 41.963705732899435 ], [ 13.702323143615184, 41.963724971519326 ], [ 13.702587578392738, 41.963777499494505 ], [ 13.702744610630113, 41.963770267756189 ], [ 13.702889760050347, 41.963753891755736 ], [ 13.702955208120658, 41.963799668614762 ], [ 13.703105112182806, 41.963846394697043 ], [ 13.703200995774209, 41.963879002807303 ], [ 13.703327683597973, 41.963880433940417 ], [ 13.703521186565286, 41.963860101193518 ], [ 13.703654728277641, 41.963821080231604 ], [ 13.703899139769566, 41.963670722893745 ], [ 13.704143460412492, 41.963524863943093 ], [ 13.704399295740499, 41.963406158807388 ], [ 13.704564824388475, 41.96327742587858 ], [ 13.704718011144347, 41.963162063159707 ], [ 13.704852645040399, 41.96306901205098 ], [ 13.705065701005198, 41.962976842173767 ], [ 13.705272909350592, 41.962875597815291 ], [ 13.705449132128928, 41.962814538295923 ], [ 13.705631933771736, 41.962726529402701 ], [ 13.705845534218804, 41.962607344768649 ], [ 13.706083265966008, 41.96248843009176 ], [ 13.706339368332966, 41.962356213879751 ], [ 13.706462024850698, 41.962258517690145 ], [ 13.706651584312144, 41.96213455573816 ], [ 13.706877336417882, 41.962011002832398 ], [ 13.707109486975815, 41.961869506932892 ], [ 13.707323266104098, 41.961741313398292 ], [ 13.707488602539746, 41.961621582154216 ], [ 13.707640961852608, 41.961546737524529 ], [ 13.707853647107303, 41.961472571212205 ], [ 13.708120258343378, 41.961417027666933 ], [ 13.708313570583956, 41.961405693339799 ], [ 13.7086039505927, 41.961368429635776 ], [ 13.708778984266708, 41.961365895372403 ], [ 13.709046227479286, 41.96137865685224 ], [ 13.709201230103437, 41.96127231663047 ], [ 13.709453966480755, 41.961107027209557 ], [ 13.709665392808908, 41.960995318924063 ], [ 13.709917278407103, 41.960872050443086 ], [ 13.710184886597252, 41.9607669759801 ], [ 13.710403508464816, 41.960697374862804 ], [ 13.710646136522689, 41.960634048574079 ], [ 13.710969196114602, 41.960571627183491 ], [ 13.711186848571295, 41.960550050829269 ], [ 13.711412905326519, 41.960510557084177 ], [ 13.711582055744035, 41.960500446176205 ], [ 13.711768017810481, 41.960454496647898 ], [ 13.711872941634791, 41.960437661116266 ], [ 13.712026367694774, 41.960409360133319 ], [ 13.712162979979212, 41.960416896803459 ], [ 13.712282299568479, 41.960484284939369 ], [ 13.712473160837066, 41.960594509138488 ], [ 13.712786122739022, 41.960634046526934 ], [ 13.712945778855406, 41.960695883419916 ], [ 13.713080582596438, 41.960793470163722 ], [ 13.713224514857384, 41.960837116871311 ], [ 13.713440959771892, 41.960875568868765 ], [ 13.713672763606199, 41.960950224002183 ], [ 13.714004459086599, 41.961200233452793 ], [ 13.714143628113254, 41.961255833559619 ], [ 13.714206153411419, 41.961297066404228 ], [ 13.714307975444038, 41.961409669262494 ], [ 13.714398979282059, 41.961609966288634 ], [ 13.714567105641349, 41.961800995683006 ], [ 13.714700259059246, 41.961930834538151 ], [ 13.714869065798977, 41.962088095691321 ], [ 13.715106078721979, 41.962229230710207 ], [ 13.715299003158611, 41.962312451649936 ], [ 13.715581737094416, 41.962430455350301 ], [ 13.715909987868068, 41.9625354561541 ], [ 13.716273554547739, 41.962684759220444 ], [ 13.716465937386348, 41.962794995439332 ], [ 13.716663254076341, 41.96288501696101 ], [ 13.71692411498465, 41.96296561723058 ], [ 13.717175726193064, 41.963056249681244 ], [ 13.71741356066657, 41.9631568582951 ], [ 13.717614047399184, 41.963314467168573 ], [ 13.717768885806359, 41.963491832586307 ], [ 13.717879086892733, 41.96363830181258 ], [ 13.718079996297131, 41.963549349497356 ], [ 13.718171093903928, 41.963519966609304 ], [ 13.718219377165571, 41.963594812536883 ], [ 13.718221735273056, 41.963702923800128 ], [ 13.718218824470766, 41.963848127965569 ], [ 13.718266089721835, 41.963973626161511 ], [ 13.718331926289967, 41.964075691325448 ], [ 13.718384190784096, 41.964177603272987 ], [ 13.718450436136328, 41.964259402850594 ], [ 13.7185569954898, 41.964361923062562 ], [ 13.718945088642213, 41.964643220037736 ], [ 13.719115604249319, 41.964716050537206 ], [ 13.719159562829084, 41.964780717710823 ], [ 13.719654764705222, 41.96513751137001 ], [ 13.719868230867922, 41.965325661222607 ], [ 13.719962837668948, 41.96557328126562 ], [ 13.720042052082494, 41.965685626899649 ], [ 13.720012268824277, 41.965817020063206 ], [ 13.71996546401275, 41.965894184532033 ], [ 13.719647580984812, 41.966174357740407 ], [ 13.719421810176813, 41.96637449441937 ], [ 13.718843438234646, 41.966780110200858 ], [ 13.718439638919534, 41.967055943632694 ], [ 13.718291664807582, 41.967213038345506 ], [ 13.718060278128412, 41.967467151191599 ], [ 13.717960923640721, 41.967682209655671 ], [ 13.717945653953484, 41.967766480322645 ], [ 13.718012309330806, 41.967828020671433 ], [ 13.718138057798637, 41.96787671227932 ], [ 13.718426225451381, 41.967950857554214 ], [ 13.7184795760902, 41.967998742673615 ], [ 13.718490201499339, 41.968070727849152 ], [ 13.71824574628701, 41.968224118240713 ], [ 13.717374658177462, 41.968730785647196 ], [ 13.716626147770299, 41.969142744353142 ], [ 13.716163280588788, 41.969353736419954 ], [ 13.715764765529501, 41.969565444383704 ], [ 13.715381492535327, 41.969819356859119 ], [ 13.715080110153568, 41.970002125815384 ], [ 13.714704874682965, 41.970256124319178 ], [ 13.714321834905117, 41.970498022973189 ], [ 13.714125627958316, 41.970651945415128 ], [ 13.713983797414498, 41.970902553618629 ], [ 13.713842210361173, 41.971141149872146 ], [ 13.713628701133112, 41.971354925279336 ], [ 13.713408839853622, 41.971484562844694 ], [ 13.71164325385457, 41.972851829377603 ], [ 13.711919740775489, 41.973107125985692 ], [ 13.713122264277663, 41.97465310522891 ], [ 13.713065104709537, 41.974794323344057 ], [ 13.713050819064913, 41.975054239649864 ], [ 13.713051876494387, 41.975226510555153 ], [ 13.712977226205101, 41.975337134048587 ], [ 13.712829354441659, 41.975487467164612 ], [ 13.712677636933893, 41.975603982721545 ], [ 13.712470932356931, 41.975753655541645 ], [ 13.712330509013988, 41.975758835204346 ], [ 13.712166507280992, 41.975811036284256 ], [ 13.711870519457797, 41.975898911006212 ], [ 13.711629174004747, 41.975970510622361 ], [ 13.711410863908135, 41.97602210104067 ], [ 13.711267444688477, 41.976175861168805 ], [ 13.711124432636716, 41.976309359498487 ], [ 13.710996019441099, 41.976392354750018 ], [ 13.710854640984872, 41.976444811289859 ], [ 13.710739868696086, 41.976524582577177 ], [ 13.710715741772891, 41.976598619825928 ], [ 13.711288024689884, 41.976726639051684 ], [ 13.711893108136637, 41.977023905631185 ], [ 13.7122920671884, 41.977217528102472 ], [ 13.712641655856899, 41.977390327658824 ], [ 13.713339272955219, 41.977813596142838 ], [ 13.713938766798222, 41.978164828031723 ], [ 13.714511924982165, 41.978475233888716 ], [ 13.715283131806641, 41.978841894639835 ], [ 13.715431662326571, 41.978884086018695 ], [ 13.715805435337616, 41.979205764134804 ], [ 13.716084108002951, 41.979529753098596 ], [ 13.716278216958395, 41.979781865967574 ], [ 13.716437615815412, 41.979959284896083 ], [ 13.716628015781637, 41.980170823333033 ], [ 13.716743651303243, 41.980273443750754 ], [ 13.716922239479114, 41.980397035039871 ], [ 13.717095012586958, 41.980584734808218 ], [ 13.717447260595595, 41.980852124369299 ], [ 13.717501705456206, 41.980845976211143 ], [ 13.717549523194144, 41.980944459533688 ], [ 13.717579577696194, 41.981025858921491 ], [ 13.717455686344868, 41.981108915152966 ], [ 13.717247960009413, 41.981309250167328 ], [ 13.717132101929771, 41.981443059326502 ], [ 13.716906067775264, 41.981653319700804 ], [ 13.716735153026107, 41.981823667913815 ], [ 13.716521469918554, 41.982094864104248 ], [ 13.716280631208512, 41.982365754529724 ], [ 13.716162939496581, 41.982590738004198 ], [ 13.716146852175671, 41.982715529749228 ], [ 13.716013497221445, 41.98281874360358 ], [ 13.715824338520418, 41.982995640070222 ], [ 13.715758123383324, 41.983136758014467 ], [ 13.715554186378046, 41.983147985776768 ], [ 13.715200596883495, 41.983397347589317 ], [ 13.714527853561812, 41.983984273586685 ], [ 13.714067372066639, 41.984370916005666 ], [ 13.713992779676749, 41.984478162648365 ], [ 13.713714924916289, 41.984562867641444 ], [ 13.713518402808253, 41.984655240050266 ], [ 13.713362682617911, 41.984744687124767 ], [ 13.713170073160486, 41.984867501202544 ], [ 13.712924856144145, 41.985354501050672 ], [ 13.71249647689636, 41.98549493615446 ], [ 13.712245841981861, 41.985576562163018 ], [ 13.712043764829321, 41.985719530957041 ], [ 13.711901685611751, 41.985805754964574 ], [ 13.711685964187151, 41.985951947417433 ], [ 13.711579889723007, 41.986048707385279 ], [ 13.711669594738206, 41.986090246591139 ], [ 13.711864658558941, 41.986295089687772 ], [ 13.711975564751906, 41.986407796740806 ], [ 13.712100595897605, 41.986493640088966 ], [ 13.712283990201565, 41.986603780551988 ], [ 13.712332620637635, 41.986661743858562 ], [ 13.712165494185195, 41.986642980107206 ], [ 13.711909204235948, 41.986555665554548 ], [ 13.711720195355149, 41.98649950344889 ], [ 13.711502870662736, 41.986500441461352 ], [ 13.711293579066039, 41.986552132707587 ], [ 13.711047939054209, 41.98661017133098 ], [ 13.710775823739853, 41.986634134592656 ], [ 13.710617545252367, 41.986625601867495 ], [ 13.710395626821036, 41.986629863595006 ], [ 13.710222200480979, 41.986698846215894 ], [ 13.710038493951723, 41.98682850818917 ], [ 13.709826336105499, 41.987022023179499 ], [ 13.709741727525993, 41.987176440427419 ], [ 13.709620432537005, 41.987354090394398 ], [ 13.70946285635735, 41.987534708622178 ], [ 13.709251649493119, 41.987680948834104 ], [ 13.708921734527243, 41.987876514699266 ], [ 13.708602371244346, 41.987997894075001 ], [ 13.708087012319703, 41.988184617759217 ], [ 13.707812157290759, 41.988343646895153 ], [ 13.707504181598617, 41.988573233630746 ], [ 13.707164248581464, 41.988815969237102 ], [ 13.70684694266785, 41.989058960395319 ], [ 13.706374918790917, 41.989340736549195 ], [ 13.706087570508437, 41.989445579860565 ], [ 13.705899937976124, 41.989544792467001 ], [ 13.705688303655299, 41.989711286247754 ], [ 13.705568221966558, 41.989828147089561 ], [ 13.70527607025957, 41.989946446035503 ], [ 13.705029524311076, 41.990048369505544 ], [ 13.704609192636099, 41.990236150060397 ], [ 13.704197226642489, 41.99045779929444 ], [ 13.703986543264872, 41.990577014636216 ], [ 13.703478832077803, 41.990831354271172 ], [ 13.703175391383571, 41.991014838953923 ], [ 13.702977841088224, 41.991200606773205 ], [ 13.702808619267193, 41.991359731170206 ], [ 13.702716769539141, 41.991439144117486 ], [ 13.702573446167438, 41.991560663922456 ], [ 13.702459458754237, 41.991646397093334 ], [ 13.702324301792981, 41.991690841832515 ], [ 13.702171640560421, 41.99173016309522 ], [ 13.702072122919555, 41.991753665305779 ], [ 13.701932496956367, 41.99180134410701 ], [ 13.701718425314864, 41.991938483057154 ], [ 13.701564696131717, 41.99203033152213 ], [ 13.701386594575101, 41.992130112836584 ], [ 13.701210693734746, 41.992229918773738 ], [ 13.700997219983932, 41.99233750966912 ], [ 13.700791475615105, 41.992497727192742 ], [ 13.700624006997462, 41.992615687254883 ], [ 13.7004278674681, 41.992736608058678 ], [ 13.700242524364716, 41.992867503765893 ], [ 13.700201915255448, 41.9929163000212 ], [ 13.700134500019907, 41.992984494804261 ], [ 13.700053848571786, 41.993054183267795 ], [ 13.699962694534554, 41.993099124656617 ], [ 13.699845697000056, 41.993152254142139 ], [ 13.699644186971327, 41.993248483594314 ], [ 13.699555010856724, 41.993304393967854 ], [ 13.699418535361351, 41.993377277098318 ], [ 13.699300196693562, 41.993424098857851 ], [ 13.699128203808547, 41.993511905574884 ], [ 13.698967318509911, 41.993630489155301 ], [ 13.698764957809232, 41.993768299476422 ], [ 13.698591667792421, 41.993919578745988 ], [ 13.698364718250319, 41.994111841304878 ], [ 13.698233081706327, 41.994235130658879 ], [ 13.698065389539968, 41.994399606245679 ], [ 13.698003018558115, 41.994436115133034 ], [ 13.697940289812523, 41.994490134198443 ], [ 13.697848353902387, 41.994537251758906 ], [ 13.697715656792971, 41.994568584188585 ], [ 13.697624613144743, 41.994571929589362 ], [ 13.697515742896865, 41.994586019525158 ], [ 13.697380335815074, 41.994606373913797 ], [ 13.697267505089357, 41.994670768687513 ], [ 13.697136803534123, 41.994748096335002 ], [ 13.696952842511672, 41.994846710800118 ], [ 13.696878509626462, 41.994894026319997 ], [ 13.696807826209213, 41.994906360186988 ], [ 13.696749190809735, 41.994903506031953 ], [ 13.696673264618234, 41.994885127979735 ], [ 13.696544169167092, 41.994883661998585 ], [ 13.696444412626532, 41.994882529084506 ], [ 13.696317894895287, 41.994898608042185 ], [ 13.696214892645632, 41.994912763390978 ], [ 13.696152430829835, 41.994953645364589 ], [ 13.696104145027453, 41.995018771633568 ], [ 13.69607243787477, 41.995134439537232 ], [ 13.696050111128526, 41.995221751732949 ], [ 13.696016136766593, 41.995277805442569 ], [ 13.695981418727836, 41.995361149223378 ], [ 13.695925648248048, 41.995424549495418 ], [ 13.695858250976215, 41.995491508375991 ], [ 13.695793776961084, 41.99557697668876 ], [ 13.695747808106274, 41.995645412535502 ], [ 13.695706791486035, 41.995713906837381 ], [ 13.695683476312299, 41.995804767082397 ], [ 13.695677192148006, 41.995869959821647 ], [ 13.695659783985766, 41.995914091594322 ], [ 13.695601165386227, 41.995955294534831 ], [ 13.695537670522494, 41.995992745785159 ], [ 13.695266442235688, 41.99609802640687 ], [ 13.694890081569998, 41.996258757904101 ], [ 13.694726932855124, 41.996325859738732 ], [ 13.694558708437429, 41.996399063643658 ], [ 13.694442322334568, 41.996439608939596 ], [ 13.69426317433973, 41.996481900631132 ], [ 13.694198203275331, 41.996510716559506 ], [ 13.694036402124231, 41.996592612198903 ], [ 13.693854517490275, 41.99668782442852 ], [ 13.693702819642306, 41.99675998159212 ], [ 13.693561652265151, 41.996801474193362 ], [ 13.693456720827733, 41.996847073152672 ], [ 13.693342236231405, 41.996875322203785 ], [ 13.693242608143592, 41.996903743034281 ], [ 13.693131499535252, 41.996928339018531 ], [ 13.692999088466996, 41.996945302038455 ], [ 13.692859873697833, 41.996972038196205 ], [ 13.692746990014934, 41.997002768676616 ], [ 13.69264365540384, 41.997050847769081 ], [ 13.692543395170155, 41.99711004665879 ], [ 13.692446336128084, 41.99717420511665 ], [ 13.692379260268195, 41.9972251597218 ], [ 13.692305884687954, 41.997261266350769 ], [ 13.692206153223482, 41.997294611585119 ], [ 13.692036473356803, 41.997357942208914 ], [ 13.691836857830358, 41.997432012963429 ], [ 13.691685559475852, 41.997484470995893 ], [ 13.691550890482514, 41.997530960020676 ], [ 13.69143602837701, 41.997577676355469 ], [ 13.69132776602572, 41.997624467824565 ], [ 13.691226230319728, 41.9976651791604 ], [ 13.691134473453367, 41.997712155355202 ], [ 13.69098429357758, 41.997790484589679 ], [ 13.690885832438065, 41.997842313905622 ], [ 13.690759136980496, 41.997902439949904 ], [ 13.690647472669886, 41.997954116802383 ], [ 13.690522753108793, 41.997998255420377 ], [ 13.690323211820864, 41.998068630330884 ], [ 13.690206999015427, 41.998100553855622 ], [ 13.690070424038945, 41.998159334494872 ], [ 13.689927803746823, 41.99819095304801 ], [ 13.689823271592527, 41.998216851125171 ], [ 13.689781605417233, 41.998236079787013 ], [ 13.689754390644675, 41.998275172201247 ], [ 13.689708691903938, 41.998330065497022 ], [ 13.689693331204046, 41.998354518714642 ], [ 13.68964455975555, 41.99839829148938 ], [ 13.689545389316187, 41.99848458814558 ], [ 13.689403028037265, 41.998583939095532 ], [ 13.689253737038106, 41.998699220429472 ], [ 13.68915591345306, 41.998800309927915 ], [ 13.689048766314958, 41.998872971334585 ], [ 13.68883340452763, 41.998989957936551 ], [ 13.688706603823967, 41.999055003675139 ], [ 13.688602985503611, 41.999116623410018 ], [ 13.688472934063277, 41.999179171252031 ], [ 13.688319472079819, 41.999256225362068 ], [ 13.688194599558988, 41.999307751055547 ], [ 13.68809158663203, 41.999339821637619 ], [ 13.687899044064206, 41.999390571306179 ], [ 13.687684941201622, 41.999446000071444 ], [ 13.687536912470812, 41.999499720773507 ], [ 13.687382505996839, 41.999542284581779 ], [ 13.687233176976918, 41.999578752823922 ], [ 13.687138264040859, 41.999618302167761 ], [ 13.686979518345709, 41.999711305930056 ], [ 13.686843806326614, 41.999808265391707 ], [ 13.686710246959048, 41.999880622402536 ], [ 13.686606801929301, 41.99993362122953 ], [ 13.686506734287137, 41.999982962376805 ], [ 13.686394021105615, 42.000005067998949 ], [ 13.686264826813185, 42.000025757367894 ], [ 13.686168996041777, 42.000029583618804 ], [ 13.686020374569168, 42.00003157629164 ], [ 13.685878306264248, 42.000036106494562 ], [ 13.685706098373133, 42.000061226474621 ], [ 13.685518857812042, 42.000094794003203 ], [ 13.685276413397021, 42.000163437919731 ], [ 13.685131554352933, 42.000223350188001 ], [ 13.685024934147593, 42.000270154476745 ], [ 13.684898025663513, 42.000340121222344 ], [ 13.684799781734553, 42.000380864547026 ], [ 13.684683638221619, 42.000409085354782 ], [ 13.684494747186294, 42.000442632841214 ], [ 13.684371746583587, 42.000483092043787 ], [ 13.684264796451076, 42.000545896584775 ], [ 13.684014808598024, 42.000660014433699 ], [ 13.683828506872425, 42.000728068734389 ], [ 13.68357602952327, 42.000802754562507 ], [ 13.683385079529037, 42.000855977029232 ], [ 13.683065921053084, 42.000961909027829 ], [ 13.682795489605871, 42.001026535808599 ], [ 13.682554310468943, 42.001113660846407 ], [ 13.682354774109049, 42.001182791071948 ], [ 13.682213160153678, 42.001245199027089 ], [ 13.682099272353049, 42.001323931566247 ], [ 13.68195209367256, 42.001415830336683 ], [ 13.681810554361171, 42.001474542412247 ], [ 13.681636257885458, 42.001520564596213 ], [ 13.68147965992396, 42.0015889562494 ], [ 13.6812902785604, 42.001645889466495 ], [ 13.68111740137048, 42.001703010372516 ], [ 13.680839880656768, 42.001790946068112 ], [ 13.68055616295994, 42.00185910612656 ], [ 13.680390169888717, 42.001902760823327 ], [ 13.680236058403224, 42.001930540568026 ], [ 13.6800418920564, 42.001979229897664 ], [ 13.679516475361211, 42.002115635194734 ], [ 13.67762927775277, 42.002540499137346 ], [ 13.677310056007455, 42.00283746736666 ], [ 13.676983130144489, 42.003128506336012 ], [ 13.676809010324966, 42.003599360749334 ], [ 13.676663323558996, 42.003831195140592 ], [ 13.676437325995613, 42.004161340245957 ], [ 13.676533142348855, 42.004258768732562 ], [ 13.676963242589586, 42.004654860756581 ], [ 13.67735712489579, 42.004910427132316 ], [ 13.677949524662679, 42.005217898896987 ], [ 13.678202633053512, 42.005279190302232 ], [ 13.678647340112239, 42.005348526680791 ], [ 13.679044675018774, 42.005437747648656 ], [ 13.67994949384533, 42.005777994407985 ], [ 13.680809232536754, 42.006216956755708 ], [ 13.681098401192346, 42.006427523030681 ], [ 13.681545279577652, 42.006771247986848 ], [ 13.681694262606543, 42.006758365164018 ], [ 13.681957136457893, 42.0067263564044 ], [ 13.682267864999462, 42.006651116696077 ], [ 13.682524054629386, 42.006563570471513 ], [ 13.682646009831847, 42.006532862479375 ], [ 13.682736303977695, 42.006519303007885 ], [ 13.682849770533217, 42.006520605227067 ], [ 13.682924773007166, 42.006679087369484 ], [ 13.683011574236604, 42.007024513523071 ], [ 13.683067736212488, 42.007337477984045 ], [ 13.683001823318078, 42.007686990158071 ], [ 13.682913030536614, 42.008196778392829 ], [ 13.68282411871755, 42.008902130045286 ], [ 13.682678312648735, 42.010088447183051 ], [ 13.682683790027799, 42.010202345571834 ], [ 13.683272410361374, 42.010506826911637 ], [ 13.683485695020702, 42.010602680413015 ], [ 13.684116341283213, 42.010767531828591 ], [ 13.684692268009405, 42.010928836496966 ], [ 13.68470136062829, 42.011057372033953 ], [ 13.684758678584798, 42.011314889906217 ], [ 13.684825082714795, 42.011511217341912 ], [ 13.684877519168111, 42.011625655361492 ], [ 13.684992625017207, 42.011737889728749 ], [ 13.685130005883121, 42.011908762444271 ], [ 13.685775736368893, 42.012482423043203 ], [ 13.686692269957366, 42.013210960286806 ], [ 13.687289330213096, 42.013868704715989 ], [ 13.687415162942443, 42.014030683001117 ], [ 13.687562493197683, 42.014289232089773 ], [ 13.687506631960373, 42.015292691331517 ], [ 13.687418946176283, 42.016701512692883 ], [ 13.687363753291713, 42.017862601357777 ], [ 13.687431301572392, 42.018765310094864 ], [ 13.687493185050908, 42.019562873684514 ], [ 13.687665177676532, 42.021097259141598 ], [ 13.687794883784061, 42.022213757741859 ], [ 13.687970525063269, 42.023190674308339 ], [ 13.688414360993319, 42.024261141238355 ], [ 13.688295191067931, 42.024916529810739 ], [ 13.687831260360213, 42.02501338755787 ], [ 13.687420069207416, 42.025020359562667 ], [ 13.686982562459551, 42.024974493095854 ], [ 13.686690168768248, 42.024915686013863 ], [ 13.686223043735014, 42.024977473448708 ], [ 13.686004545413004, 42.025322320557265 ], [ 13.685921709587374, 42.025732936727408 ], [ 13.685872826827511, 42.026015506729436 ], [ 13.685973886847021, 42.026620872778722 ], [ 13.686013574087664, 42.026784787624159 ], [ 13.686179641380599, 42.02670495810839 ], [ 13.686526529344482, 42.026589255648481 ], [ 13.686951212872255, 42.026497790433631 ], [ 13.687217899039466, 42.026474571464192 ], [ 13.68750806881892, 42.026451622093177 ], [ 13.687664444639536, 42.026462166621791 ], [ 13.688015616061115, 42.026518720951969 ], [ 13.688198728452143, 42.026561679805702 ], [ 13.688319701808483, 42.026580576133185 ], [ 13.688456508973479, 42.026590894275962 ], [ 13.688629740866464, 42.026543254133195 ], [ 13.688851137478061, 42.026437784716016 ], [ 13.689100772809093, 42.026291771759666 ], [ 13.689271107201924, 42.02619447561505 ], [ 13.689440663997885, 42.026135116518027 ], [ 13.689636838274915, 42.026114005070568 ], [ 13.689840358706634, 42.02611632864938 ], [ 13.690024732530103, 42.026097999660756 ], [ 13.690174297811767, 42.026058842744014 ], [ 13.690323985661031, 42.026013849705407 ], [ 13.690517562325239, 42.025928491033248 ], [ 13.690920848084307, 42.025734607417355 ], [ 13.691158435614291, 42.025603048308781 ], [ 13.691477408242376, 42.02532063629711 ], [ 13.691632023240579, 42.025226075773254 ], [ 13.691777433758432, 42.02519854513838 ], [ 13.691962160432077, 42.025162705068126 ], [ 13.692162303953854, 42.025138716139516 ], [ 13.692245034164189, 42.025113387342323 ], [ 13.692359730371674, 42.025056317141704 ], [ 13.692427582274759, 42.024992874690902 ], [ 13.692476520239275, 42.024897108943748 ], [ 13.692659638737441, 42.024557685341698 ], [ 13.692747894696081, 42.024453609985635 ], [ 13.69289894984583, 42.024341493000577 ], [ 13.693196427447504, 42.024152234584399 ], [ 13.693691982293265, 42.023848474246918 ], [ 13.694128408050748, 42.023564471524985 ], [ 13.694321974483255, 42.023479106248658 ], [ 13.694490263433295, 42.023481020727495 ], [ 13.694681796386909, 42.023494875639201 ], [ 13.694834193602407, 42.023508286269688 ], [ 13.695002784029109, 42.023495609279486 ], [ 13.695148428020392, 42.023456397949268 ], [ 13.695247463504684, 42.023399146772562 ], [ 13.695315191399331, 42.023341540701693 ], [ 13.695419275509959, 42.023228885272658 ], [ 13.695754469004815, 42.022917456716229 ], [ 13.696020144508152, 42.022751177147015 ], [ 13.696748191357631, 42.022371236189983 ], [ 13.697013149829518, 42.02223997562934 ], [ 13.697174682898163, 42.022189271288191 ], [ 13.697390470226765, 42.022165450783021 ], [ 13.697645094617402, 42.022156664746326 ], [ 13.6978215077198, 42.022144072370253 ], [ 13.697986595724807, 42.022110916461394 ], [ 13.698159868142385, 42.022060343909914 ], [ 13.69964668451804, 42.021327043595605 ], [ 13.699781234512805, 42.021255597797463 ], [ 13.700022402300426, 42.021138653207274 ], [ 13.700356363979378, 42.021078221584425 ], [ 13.702598503565948, 42.020735808962513 ], [ 13.702837825363281, 42.020709325840997 ], [ 13.703143085087182, 42.020712775644178 ], [ 13.703456170678304, 42.020716313045384 ], [ 13.70365570286903, 42.020721483759196 ], [ 13.703819954447123, 42.020729176813354 ], [ 13.704027848090149, 42.020708174137866 ], [ 13.704200755841271, 42.020675100860025 ], [ 13.704374434454721, 42.020604088132572 ], [ 13.704654195429322, 42.020513842665331 ], [ 13.705269448010231, 42.020287273132993 ], [ 13.705813780088475, 42.020083252099596 ], [ 13.706192320637657, 42.019947413089348 ], [ 13.706318854442094, 42.019884623839104 ], [ 13.706437562286057, 42.019821746240886 ], [ 13.706537173643616, 42.019735303408126 ], [ 13.706733077845792, 42.019533188459128 ], [ 13.707095177458795, 42.019242458317258 ], [ 13.707364841668953, 42.019070364250616 ], [ 13.70777977596566, 42.018876550444176 ], [ 13.708206624733906, 42.018674116798422 ], [ 13.70856979317592, 42.018523501036391 ], [ 13.708845388122169, 42.018444874172125 ], [ 13.709057834316557, 42.018391802990756 ], [ 13.709395097763005, 42.018360569890774 ], [ 13.709666011957285, 42.018319834126899 ], [ 13.709897495159316, 42.018293244808497 ], [ 13.710144396188531, 42.018278507922467 ], [ 13.710300756491382, 42.018289023040907 ], [ 13.710512316548018, 42.018279722805893 ], [ 13.710696072208487, 42.018290545184321 ], [ 13.710856227531815, 42.018306939516485 ], [ 13.71101135179566, 42.018378733750104 ], [ 13.711092354546114, 42.01843802290059 ], [ 13.711165355117307, 42.018505976762192 ], [ 13.711264689038071, 42.018626765610925 ], [ 13.711360462592586, 42.018730002384338 ], [ 13.711463888229586, 42.018842082368991 ], [ 13.711544538534065, 42.018918877603163 ], [ 13.711637637309929, 42.01896079015183 ], [ 13.711722732459425, 42.019011365216592 ], [ 13.711780256843717, 42.019070388682152 ], [ 13.711839101597418, 42.019257856594045 ], [ 13.711878144573928, 42.019456781294309 ], [ 13.71190147452808, 42.019658447465083 ], [ 13.711918982347939, 42.019760805319336 ], [ 13.711965465452229, 42.020172888610354 ], [ 13.712021100583888, 42.020713508038249 ], [ 13.71204804905307, 42.020929808910914 ], [ 13.712087447017195, 42.021111221619883 ], [ 13.712109515564411, 42.021181522786428 ], [ 13.712128023085322, 42.021234271983133 ], [ 13.712170366199592, 42.021269773340229 ], [ 13.712232397067238, 42.021299658808097 ], [ 13.712376904109309, 42.02131587599456 ], [ 13.71261540103761, 42.02133022731212 ], [ 13.712787658896177, 42.021329237766551 ], [ 13.713061613210483, 42.021332310066185 ], [ 13.71330437789017, 42.021329194153729 ], [ 13.713700064231347, 42.021313197595099 ], [ 13.713900072979298, 42.021295007597338 ], [ 13.714138507781993, 42.021312272896225 ], [ 13.714443302104948, 42.021339041164765 ], [ 13.714896108510287, 42.021402488442412 ], [ 13.715525439473423, 42.021447479329964 ], [ 13.71584576959177, 42.021480253436884 ], [ 13.715997698174625, 42.021516979505975 ], [ 13.716141622580842, 42.021562374861489 ], [ 13.716405989053069, 42.021652897452746 ], [ 13.716654702115337, 42.021743244397776 ], [ 13.716922868628336, 42.021839648375625 ], [ 13.717222753599362, 42.021915973657123 ], [ 13.717592734083674, 42.022010593979168 ], [ 13.71778012181464, 42.022036037584868 ], [ 13.718079481906193, 42.022138623599623 ], [ 13.718214878311299, 42.022218946762912 ], [ 13.718501151431676, 42.022388520643496 ], [ 13.718798346335181, 42.022599081478852 ], [ 13.71920792745953, 42.022866351877312 ], [ 13.719535324793762, 42.023132705007384 ], [ 13.719738713274557, 42.023336377219074 ], [ 13.719941399765492, 42.023575068542478 ], [ 13.720124754834249, 42.02380186760243 ], [ 13.720170079947723, 42.023884102885056 ], [ 13.720152961093016, 42.023956884980933 ], [ 13.72009326089327, 42.024005839018294 ], [ 13.719928178648432, 42.02403902736031 ], [ 13.719825716872053, 42.024072908490396 ], [ 13.719730555704048, 42.024133143095703 ], [ 13.719631012702855, 42.024216681369701 ], [ 13.719602442821389, 42.024274740367481 ], [ 13.719565403826145, 42.024364814326972 ], [ 13.71978941053062, 42.024711742939459 ], [ 13.720168852422248, 42.025311427474833 ], [ 13.720316753315338, 42.025549507113617 ], [ 13.720635454938968, 42.026055110490709 ], [ 13.721094828052719, 42.026769519927711 ], [ 13.721223339420526, 42.026998624365049 ], [ 13.721221526152744, 42.027089089120047 ], [ 13.721339698343538, 42.027443593200886 ], [ 13.721311540124564, 42.027481225147085 ], [ 13.721533342506401, 42.027939041548414 ], [ 13.721524580765742, 42.027985647536049 ], [ 13.721495192053707, 42.028084563008974 ], [ 13.721435254979601, 42.028145190825171 ], [ 13.721819877336076, 42.028488066701783 ], [ 13.722411717421579, 42.029040489144556 ], [ 13.723100721482671, 42.029629016898646 ], [ 13.723700994832175, 42.030152335979473 ], [ 13.724716720984459, 42.031045134452619 ], [ 13.724974716597414, 42.031261078124764 ], [ 13.725163600153307, 42.031409122864616 ], [ 13.725391335050924, 42.031572189643157 ], [ 13.725662186559196, 42.031732816355053 ], [ 13.72594150925659, 42.031861431991892 ], [ 13.726127237210523, 42.03197149115605 ], [ 13.72639943236174, 42.032064999296914 ], [ 13.726691083018059, 42.032164558882997 ], [ 13.726955800600759, 42.032240465260159 ], [ 13.727392515427839, 42.032329958030765 ], [ 13.727825668580788, 42.032401894377237 ], [ 13.728122748924816, 42.032425618658195 ], [ 13.728556949876651, 42.032445025708036 ], [ 13.729097186726905, 42.032448090135254 ], [ 13.730482977733454, 42.032457589744141 ], [ 13.731908303258523, 42.032491672341855 ], [ 13.736983711032176, 42.032513698108197 ], [ 13.737902276461453, 42.032523803586216 ], [ 13.738071106474724, 42.032961545816576 ], [ 13.738145391260479, 42.03316473969074 ], [ 13.738307557991277, 42.033411707522156 ], [ 13.738790315942492, 42.033813984706782 ], [ 13.739300330503157, 42.034158177738597 ], [ 13.740738690781514, 42.034812234290982 ], [ 13.740909085281709, 42.034907507161215 ], [ 13.741080017823668, 42.034975546646606 ], [ 13.741299075370181, 42.034985732734704 ], [ 13.741613926830631, 42.034903562232394 ], [ 13.742065475667902, 42.034772298206988 ], [ 13.742679971963559, 42.034584441692139 ], [ 13.742979544926309, 42.034482642639226 ], [ 13.743421799182919, 42.03429289210208 ], [ 13.744128385817874, 42.033934792155527 ], [ 13.744602868686457, 42.033698688314558 ], [ 13.744724519291829, 42.033618291410761 ], [ 13.744941340992085, 42.033476663386637 ], [ 13.745105051457568, 42.033381158902863 ], [ 13.745241208459595, 42.033359294474828 ], [ 13.74533515458341, 42.033360321589754 ], [ 13.745571106950235, 42.033573062979194 ], [ 13.745589612836952, 42.033693911490644 ], [ 13.745555465405545, 42.033837535992447 ], [ 13.745459375679131, 42.033945458838794 ], [ 13.745320841865391, 42.03408794211046 ], [ 13.745240563305554, 42.03418825488523 ], [ 13.744961196859633, 42.034589950963444 ], [ 13.744741001220316, 42.034902783793974 ], [ 13.744579903195678, 42.035130639357632 ], [ 13.744519810706638, 42.035266196397536 ], [ 13.744527568158547, 42.035402497881023 ], [ 13.744559967931881, 42.035613010449879 ], [ 13.744577783066367, 42.035768879342996 ], [ 13.74457540873448, 42.035889502851887 ], [ 13.744521222870226, 42.035990098319395 ], [ 13.744321974205596, 42.036299265291639 ], [ 13.744186431778168, 42.036554646028662 ], [ 13.743701425383547, 42.037323814528563 ], [ 13.74325417250434, 42.038031126366242 ], [ 13.742995576913312, 42.038436938899657 ], [ 13.742904466185299, 42.038556588131598 ], [ 13.742777125234037, 42.038660272720712 ], [ 13.74258123515048, 42.038798235003668 ], [ 13.740902562420347, 42.039733331628433 ], [ 13.740653929528317, 42.039897954206495 ], [ 13.740583078419897, 42.040048957543952 ], [ 13.74055958549291, 42.040181023197391 ], [ 13.740554359917397, 42.040445609490057 ], [ 13.740510604962781, 42.040546317434767 ], [ 13.740392847533194, 42.040692915016294 ], [ 13.74015495835137, 42.04084208673644 ], [ 13.739831705299295, 42.041083724921627 ], [ 13.739720703992649, 42.041152559339466 ], [ 13.739613846471668, 42.041275922663651 ], [ 13.739569779558035, 42.041392195561301 ], [ 13.739583055230201, 42.04151298851594 ], [ 13.739643078528525, 42.041645971176749 ], [ 13.739753839397817, 42.041853455164045 ], [ 13.739854546189635, 42.042041367969091 ], [ 13.739899220228748, 42.042158615383428 ], [ 13.739943430162651, 42.042299207516884 ], [ 13.73994503708874, 42.042482142361621 ], [ 13.739914631647604, 42.042699750176524 ], [ 13.7398433111375, 42.042874101499876 ], [ 13.73980922447646, 42.043013833879279 ], [ 13.739776596576089, 42.043079638109965 ], [ 13.739789103924817, 42.043239339505263 ], [ 13.739843370044206, 42.043399501648892 ], [ 13.739923660943155, 42.043563841435997 ], [ 13.740014316445585, 42.043732184125325 ], [ 13.740099673102026, 42.043904363226822 ], [ 13.740190175013661, 42.04408048900877 ], [ 13.740248757267373, 42.044198535387615 ], [ 13.740257655905777, 42.044452901396426 ], [ 13.740230110742827, 42.044789894249725 ], [ 13.740187211680038, 42.045199362601281 ], [ 13.740209314089645, 42.045490195832691 ], [ 13.740253934331026, 42.045698252083994 ], [ 13.74031432378559, 42.045813073880787 ], [ 13.740403473893723, 42.045881513884879 ], [ 13.742216846647112, 42.04670685197982 ], [ 13.7427873786883, 42.04696704548607 ], [ 13.743334424113158, 42.047226982263901 ], [ 13.743702867638943, 42.04740906853263 ], [ 13.743978609658695, 42.047525921956264 ], [ 13.744224008482405, 42.047592823012941 ], [ 13.744411710487029, 42.047606552586153 ], [ 13.744588186678593, 42.047593887546569 ], [ 13.744847342665871, 42.047558776749462 ], [ 13.745240020928241, 42.047504693938926 ], [ 13.745570052956085, 42.047449926106104 ], [ 13.745790570354847, 42.047388120952718 ], [ 13.74617771188888, 42.047217217065409 ], [ 13.746391372756944, 42.047105714512881 ], [ 13.746552932495248, 42.047054940106236 ], [ 13.746756870674382, 42.047039654940029 ], [ 13.746968295295517, 42.047041963659034 ], [ 13.747250192125213, 42.047045041315876 ], [ 13.747485568197638, 42.047024257422613 ], [ 13.74787846819491, 42.046958491695676 ], [ 13.748118158702951, 42.046917323237608 ], [ 13.748384911649515, 42.046893963043409 ], [ 13.748655463667809, 42.046876483171708 ], [ 13.74882721928714, 42.046904625756618 ], [ 13.748974970017317, 42.046958774059497 ], [ 13.749094166998201, 42.047070992361384 ], [ 13.749141630184981, 42.047246642466739 ], [ 13.749183917162688, 42.047486452677028 ], [ 13.749187625503616, 42.047696653040035 ], [ 13.749156325921746, 42.047894796084513 ], [ 13.749117080085684, 42.04809869036508 ], [ 13.748998230165782, 42.04856733266881 ], [ 13.748936750668417, 42.048706769051435 ], [ 13.748848379015188, 42.048819642356733 ], [ 13.748783672259989, 42.048924017915105 ], [ 13.748785581556529, 42.049026199745164 ], [ 13.748799926033715, 42.04909348940776 ], [ 13.748857054178796, 42.049175841840153 ], [ 13.748926900265122, 42.049208711031497 ], [ 13.748992718678959, 42.049247371940716 ], [ 13.749110066593142, 42.04925448954571 ], [ 13.749200291067027, 42.049246718384865 ], [ 13.749334561187128, 42.049189802574674 ], [ 13.749470030217012, 42.049071605921348 ], [ 13.749602443390607, 42.048909590708739 ], [ 13.749686612961652, 42.048811266255029 ], [ 13.749785959430755, 42.048537973271472 ], [ 13.749840121123674, 42.04837218685261 ], [ 13.749912315952216, 42.048285408053722 ], [ 13.750052957638237, 42.048103049941389 ], [ 13.750232178822872, 42.047950299494524 ], [ 13.750449579800867, 42.047847586368945 ], [ 13.750702332773733, 42.047739422568846 ], [ 13.750931309064445, 42.047645591887459 ], [ 13.751061485170743, 42.047597387369287 ], [ 13.751172426521551, 42.047531459781169 ], [ 13.751260735057961, 42.047421505092565 ], [ 13.751313863087391, 42.047308246405308 ], [ 13.751359331697731, 42.04718614809844 ], [ 13.751400486203773, 42.047084434823304 ], [ 13.751508597539006, 42.046963016354887 ] ], [ [ 13.712201564433757, 42.008735183079317 ], [ 13.712099128930223, 42.008586290673719 ], [ 13.711982474339473, 42.008508727148062 ], [ 13.711904393061046, 42.008419681661763 ], [ 13.711711650678229, 42.0083126684818 ], [ 13.711521526323466, 42.008234279787253 ], [ 13.711175214716002, 42.008137456339334 ], [ 13.710952137664284, 42.008108738641674 ], [ 13.710786607614404, 42.008078283984744 ], [ 13.710627177768069, 42.008062195329046 ], [ 13.710473559279547, 42.008074767163421 ], [ 13.710335094424142, 42.008128019244417 ], [ 13.710187864475962, 42.008140662481424 ], [ 13.709919825987322, 42.008123352250585 ], [ 13.709663265025457, 42.008170510118383 ], [ 13.709393878030172, 42.008219906135714 ], [ 13.709086519398213, 42.008251002301748 ], [ 13.708844531931346, 42.008367427835751 ], [ 13.708540222155989, 42.008405705687004 ], [ 13.708235429971783, 42.008467806811559 ], [ 13.708020049912653, 42.008453467750755 ], [ 13.707724569201465, 42.008450141179466 ], [ 13.707387832179805, 42.008511880363052 ], [ 13.707193428181361, 42.008598038578107 ], [ 13.706954317136455, 42.008463204886198 ], [ 13.706946754523756, 42.008460614071957 ], [ 13.706657086388793, 42.008361378479862 ], [ 13.706630661541999, 42.008352325609614 ], [ 13.706273538782336, 42.008237493194983 ], [ 13.706261204234343, 42.008225713369093 ], [ 13.706137190881238, 42.008107276961361 ], [ 13.706043677777785, 42.007991841187803 ], [ 13.705796618804932, 42.007885397176615 ], [ 13.705655263602125, 42.007765847060448 ], [ 13.705496264566332, 42.007571034768851 ], [ 13.705428377700066, 42.007373675446381 ], [ 13.705407970885002, 42.007198298409698 ], [ 13.705195390152765, 42.006809862198978 ], [ 13.705104127505475, 42.00658364356002 ], [ 13.705093957236905, 42.00637621201075 ], [ 13.705153080873393, 42.006279432955672 ], [ 13.705438565021174, 42.005981681047857 ], [ 13.705418680892848, 42.005972111616273 ], [ 13.705025909044624, 42.005252795380514 ], [ 13.704788143815904, 42.004767564352349 ], [ 13.704536465090889, 42.004180900796584 ], [ 13.704325209852145, 42.003964050642317 ], [ 13.704196823465855, 42.003206013659529 ], [ 13.703035929088935, 42.002162274269402 ], [ 13.702838528928083, 42.001552858480544 ], [ 13.702824089169138, 42.00152437446625 ], [ 13.703428101765395, 42.000919318478957 ], [ 13.703556477903037, 42.000692591411976 ], [ 13.703729486551397, 42.000405351447668 ], [ 13.704016216237317, 42.000220403716433 ], [ 13.704297427014058, 42.000059154821663 ], [ 13.704598669997798, 41.999855238147333 ], [ 13.704910797405143, 41.999587103720771 ], [ 13.705183435758331, 41.999375713853418 ], [ 13.705347091669436, 41.999304230917147 ], [ 13.705905376901363, 41.999220623590098 ], [ 13.706247424598157, 41.999367456920496 ], [ 13.706374023537343, 41.999426074777901 ], [ 13.706642506909878, 41.99941956868561 ], [ 13.707002928687318, 41.999290184084323 ], [ 13.70733471130327, 41.99931298489858 ], [ 13.707600686997026, 41.999430361961217 ], [ 13.707840533680507, 41.999576039702973 ], [ 13.707965013664619, 41.999739481952894 ], [ 13.708190737089566, 41.999951722699421 ], [ 13.708276891052641, 42.000114733237041 ], [ 13.7090513424317, 41.999732641988722 ], [ 13.709238678827928, 41.999315348874489 ], [ 13.709244071983694, 41.999048518578256 ], [ 13.709301337937429, 41.998744144327262 ], [ 13.70922953404183, 41.998407581569332 ], [ 13.709356390019005, 41.998442591667676 ], [ 13.709510921020513, 41.998390045566317 ], [ 13.7096577747017, 41.998236804526954 ], [ 13.709900564090837, 41.998078684270119 ], [ 13.71031805249228, 41.997970185728065 ], [ 13.710667324559839, 41.997853135347277 ], [ 13.710953890075228, 41.997727118176684 ], [ 13.711084186977876, 41.997528034066832 ], [ 13.711205040640699, 41.997344376307034 ], [ 13.711413483868867, 41.997146548366729 ], [ 13.711542871048936, 41.997066980402813 ], [ 13.711839489685017, 41.996932098329445 ], [ 13.712129815545859, 41.996792378962112 ], [ 13.712452366338836, 41.996638722612893 ], [ 13.712621421410145, 41.996492875622849 ], [ 13.712840099357123, 41.996297978408705 ], [ 13.713024980934891, 41.996133201009258 ], [ 13.713145485258384, 41.995850588325204 ], [ 13.713437147111051, 41.995644157795354 ], [ 13.713747777620323, 41.995447470911948 ], [ 13.714077664556305, 41.99524623300421 ], [ 13.714235088345275, 41.995043062302628 ], [ 13.71449898759241, 41.994945934048623 ], [ 13.71474286082897, 41.994891474168007 ], [ 13.714967688427809, 41.994803545135021 ], [ 13.715168843701372, 41.99461674296672 ], [ 13.715078301408351, 41.994413872490419 ], [ 13.715005007883708, 41.994246244944094 ], [ 13.714861549730541, 41.994073065843018 ], [ 13.714674512325383, 41.993855402298742 ], [ 13.71561499814964, 41.992055559423058 ], [ 13.716164774873057, 41.991174315250539 ], [ 13.716769891414113, 41.990642670332456 ], [ 13.716468101717895, 41.990401000050973 ], [ 13.716090436862544, 41.990120352925601 ], [ 13.715847223408471, 41.990052342943123 ], [ 13.715742264077067, 41.989945437668325 ], [ 13.716100488714632, 41.989603916130108 ], [ 13.716368411502984, 41.988987343251118 ], [ 13.716833196267146, 41.988110845014759 ], [ 13.717355616783095, 41.987544773655351 ], [ 13.717697613370378, 41.987214980393695 ], [ 13.717955874329846, 41.986912796719238 ], [ 13.718256525466998, 41.986454455785413 ], [ 13.718469227089226, 41.986200662486617 ], [ 13.718522781473794, 41.98610495219085 ], [ 13.718576891292788, 41.986008248918537 ], [ 13.718646779097591, 41.985907753278426 ], [ 13.718828431043793, 41.985808505134351 ], [ 13.719001860438839, 41.985721079739903 ], [ 13.719241960298771, 41.985494399045869 ], [ 13.719430168274732, 41.985267138915653 ], [ 13.719483856305759, 41.984978803796601 ], [ 13.719583950036579, 41.984765453860142 ], [ 13.719792470144967, 41.984520547469131 ], [ 13.719920204230878, 41.984322399008107 ], [ 13.720060329545358, 41.984103537654399 ], [ 13.720442391230003, 41.983565673507059 ], [ 13.720821942451593, 41.983152885571165 ], [ 13.721033847784039, 41.982937801588868 ], [ 13.72133886482874, 41.982658223013232 ], [ 13.721715009174311, 41.982215607043891 ], [ 13.721945971044956, 41.981845840954783 ], [ 13.722164777587434, 41.981484875163922 ], [ 13.722208859271285, 41.981276856614606 ], [ 13.722237094571785, 41.981062704233011 ], [ 13.722363323420712, 41.980739430561897 ], [ 13.722478591687846, 41.980564969967901 ], [ 13.722559545392347, 41.980309702344741 ], [ 13.722581213956055, 41.980226758021516 ], [ 13.72262006604832, 41.980078036902185 ], [ 13.722661764149484, 41.97998913978978 ], [ 13.722970508951969, 41.979521939751891 ], [ 13.72321628773506, 41.979208931137784 ], [ 13.723341106735523, 41.978801864547819 ], [ 13.723405854762774, 41.978590702525473 ], [ 13.723548959736368, 41.978342849058464 ], [ 13.723476755746992, 41.978120430395933 ], [ 13.723376958508448, 41.977840513643862 ], [ 13.723365653698959, 41.977447198719304 ], [ 13.723420399188402, 41.977104660625656 ], [ 13.723468810543393, 41.976950561451581 ], [ 13.723693635945718, 41.977037590367523 ], [ 13.723885822473168, 41.977052494081391 ], [ 13.724091641456829, 41.976974765742824 ], [ 13.72429702897279, 41.976924623321636 ], [ 13.724719053130306, 41.976900717239999 ], [ 13.724839139622681, 41.976967083658877 ], [ 13.724874277077864, 41.976995853923704 ], [ 13.725053805093486, 41.977089353977085 ], [ 13.72515589993338, 41.977094300661378 ], [ 13.725381048504596, 41.976950010345242 ], [ 13.725702629209941, 41.976761878624075 ], [ 13.725937398033105, 41.976651893660303 ], [ 13.726196933902377, 41.976520601653498 ], [ 13.726507811320532, 41.976304818262491 ], [ 13.72675560048344, 41.976177933751131 ], [ 13.727109201981467, 41.97586921034744 ], [ 13.727321632894441, 41.975697908800086 ], [ 13.727361060517833, 41.975666114726529 ], [ 13.727553689276897, 41.975614871803472 ], [ 13.727770911413936, 41.975611560458781 ], [ 13.727849038299064, 41.975616029096898 ], [ 13.727977613219519, 41.975623383103702 ], [ 13.728151906757613, 41.975594812463193 ], [ 13.728344458856801, 41.975547380106157 ], [ 13.728471168534996, 41.975517113041768 ], [ 13.728728283941241, 41.975533665721386 ], [ 13.728738800810701, 41.975480808330694 ], [ 13.729036986671126, 41.974939006801655 ], [ 13.729399774058955, 41.974598630700399 ], [ 13.729644310989702, 41.974433293875322 ], [ 13.729981735567067, 41.974304967346775 ], [ 13.73034969299173, 41.97432800180745 ], [ 13.730785492478983, 41.974345180340073 ], [ 13.731247841690006, 41.974358853492937 ], [ 13.731815519718808, 41.974323358379003 ], [ 13.732124283935297, 41.974341524664155 ], [ 13.732335049635074, 41.97426304272696 ], [ 13.732514214236721, 41.9741527672684 ], [ 13.732616870752196, 41.974152937293852 ], [ 13.732783382802721, 41.973968904218886 ], [ 13.732816934703324, 41.973726211957022 ], [ 13.732824019387756, 41.973368845061884 ], [ 13.732871796009379, 41.973133458691315 ], [ 13.732977818983452, 41.972859396259864 ], [ 13.733070465836548, 41.972535143758755 ], [ 13.733158889398471, 41.972182248937983 ], [ 13.733189491258475, 41.971846588176724 ], [ 13.733297750116352, 41.971701230338489 ], [ 13.733405158765244, 41.971598756439668 ], [ 13.733641628534453, 41.971751492441932 ], [ 13.733916906008574, 41.97187963483573 ], [ 13.734278384726098, 41.972008727107102 ], [ 13.734568455802322, 41.972115584347684 ], [ 13.73487683477161, 41.972265536060952 ], [ 13.735155915921636, 41.97244375973446 ], [ 13.735326125597211, 41.972556443154559 ], [ 13.735580416225218, 41.972777286084998 ], [ 13.735778230449625, 41.972947464130691 ], [ 13.736142600215395, 41.973173092571436 ], [ 13.736416052125801, 41.973394144612939 ], [ 13.736445033266273, 41.973577157828267 ], [ 13.736796133766076, 41.97358578805887 ], [ 13.737060021290258, 41.973159757546149 ], [ 13.737317143468312, 41.97275271571263 ], [ 13.737467877877162, 41.972234886634851 ], [ 13.737441029865066, 41.971909831234534 ], [ 13.737895499712083, 41.971425736405678 ], [ 13.738111407978455, 41.971341200763185 ], [ 13.738449580662849, 41.970812877627637 ], [ 13.738090678766186, 41.970583366847762 ], [ 13.738313580502423, 41.970210499415899 ], [ 13.7383203984907, 41.969865043805697 ], [ 13.737727946804153, 41.9697736682973 ], [ 13.737642535673423, 41.969634414873354 ], [ 13.737818351714925, 41.969527684812213 ], [ 13.737966788306668, 41.969384432325832 ], [ 13.738067037383617, 41.969223492523781 ], [ 13.738078988251896, 41.969006297072916 ], [ 13.738179725479419, 41.968820579640777 ], [ 13.738280462110529, 41.968634862106342 ], [ 13.738335524335763, 41.968563025029603 ], [ 13.73849132191642, 41.968305470178549 ], [ 13.738542780045636, 41.968157338347226 ], [ 13.738514690254448, 41.968027396084352 ], [ 13.738444571978849, 41.967956089581634 ], [ 13.738390341534329, 41.967856362011297 ], [ 13.738298178714674, 41.967737153729374 ], [ 13.738175444592862, 41.967613796570006 ], [ 13.737980223506693, 41.967539208150271 ], [ 13.737860792093791, 41.967507393022053 ], [ 13.737816514429587, 41.967392856870845 ], [ 13.737862230769432, 41.967352606476688 ], [ 13.737886740835, 41.96724325933048 ], [ 13.737697346892084, 41.967246215285847 ], [ 13.736131713072821, 41.967270638843168 ], [ 13.736154120943114, 41.967070022617342 ], [ 13.736189812066335, 41.966879777948073 ], [ 13.736143915154582, 41.966617145883312 ], [ 13.736096417285442, 41.966435517160342 ], [ 13.736072500750215, 41.966030148824075 ], [ 13.736056361225433, 41.965877460990519 ], [ 13.735880701689673, 41.965718250626381 ], [ 13.735762692449963, 41.965550143048148 ], [ 13.735683085265117, 41.965377692373558 ], [ 13.735646214145619, 41.964981713085891 ], [ 13.735598741699784, 41.964476000314711 ], [ 13.735528159094853, 41.96417020251554 ], [ 13.735425089789242, 41.963892642439042 ], [ 13.735257895014445, 41.963628673590428 ], [ 13.73524109816187, 41.963509339948025 ], [ 13.735246564558674, 41.963232975465445 ], [ 13.73513400317897, 41.963112586645842 ], [ 13.734925960587606, 41.962976847664883 ], [ 13.734614073111981, 41.962925750623747 ], [ 13.734443394835024, 41.962838082075663 ], [ 13.734465093891941, 41.962709640823732 ], [ 13.734541355907446, 41.962405461153331 ], [ 13.734610950082942, 41.962115505746077 ], [ 13.734650225583858, 41.961744195028714 ], [ 13.734618332220618, 41.96141975923441 ], [ 13.734535177706103, 41.961104290217285 ], [ 13.734574830038431, 41.960713919835975 ], [ 13.734414690937497, 41.960416665810762 ], [ 13.734328709442476, 41.960244143799372 ], [ 13.734148383141701, 41.959999092209628 ], [ 13.734019790264913, 41.95972124925494 ], [ 13.733915602226524, 41.959500866669188 ], [ 13.733839592079736, 41.959147348289171 ], [ 13.733819999864851, 41.958846877559836 ], [ 13.733801445536056, 41.958493992845398 ], [ 13.733821571567423, 41.958122470970764 ], [ 13.733814181169354, 41.957850730460009 ], [ 13.733814778261856, 41.957498056929786 ], [ 13.733904369931256, 41.957165428749107 ], [ 13.734039589545457, 41.956785644192117 ], [ 13.734039430720195, 41.956471089846879 ], [ 13.73400876854471, 41.956084709857151 ], [ 13.733984112981595, 41.95571745987592 ], [ 13.734061753217679, 41.955665890664811 ], [ 13.734045526197885, 41.955517967289367 ], [ 13.733977099184909, 41.955426659621963 ], [ 13.733940778650471, 41.955326174116678 ], [ 13.734049104317764, 41.95436941286458 ], [ 13.734158340539947, 41.953689086539384 ], [ 13.734201826884519, 41.953427438753934 ], [ 13.734273674702438, 41.953023125116268 ], [ 13.734326371771788, 41.952618600260955 ], [ 13.734288288806113, 41.952284563752343 ], [ 13.73421857309337, 41.951935880569025 ], [ 13.734106221624181, 41.951805960983172 ], [ 13.733996735635086, 41.951607623103733 ], [ 13.734018449207968, 41.951534238884456 ], [ 13.734182075282339, 41.951131711346882 ], [ 13.734326640212494, 41.950941632686842 ], [ 13.735045339505731, 41.950434831376725 ], [ 13.735914394677856, 41.950072659848061 ], [ 13.737092644923969, 41.949570904980213 ], [ 13.73838492365638, 41.949113284737855 ], [ 13.7397526523369, 41.948713669639709 ], [ 13.739439236720431, 41.948095420226508 ], [ 13.739317591475148, 41.947464978164824 ], [ 13.739172293133226, 41.947063042076188 ], [ 13.738689095454033, 41.946314244800675 ], [ 13.738581768614859, 41.946073895790278 ], [ 13.738321450547947, 41.945677843589905 ], [ 13.737948846914323, 41.945259526276061 ], [ 13.737782952303725, 41.945073276403569 ], [ 13.737339044909067, 41.944508914602835 ], [ 13.737012712904502, 41.944062090705764 ], [ 13.736717081594174, 41.943515518555834 ], [ 13.736521282494524, 41.942762725142785 ], [ 13.736608476108126, 41.941741386269058 ], [ 13.736539815466184, 41.940854161879876 ], [ 13.736384434874793, 41.939994578605763 ], [ 13.736278333942, 41.939064048042439 ], [ 13.735978522549164, 41.938245767695697 ], [ 13.735934241580221, 41.937094299879021 ], [ 13.736008143867686, 41.935760557713515 ], [ 13.736031672515251, 41.935622721829368 ], [ 13.736077892355471, 41.935471984926473 ], [ 13.736193701780724, 41.935094291953313 ], [ 13.736448962991028, 41.932846341519777 ], [ 13.736432966958454, 41.931716631010133 ], [ 13.736313540058847, 41.930006716529569 ], [ 13.736145109880431, 41.928839582709116 ], [ 13.735962506611367, 41.926935949708465 ], [ 13.735759167234951, 41.9260829846287 ], [ 13.735686180994744, 41.924931198319968 ], [ 13.735677507037146, 41.923368597349445 ], [ 13.735717698838846, 41.923091678715231 ], [ 13.735932119548206, 41.921614290986192 ], [ 13.736249921273156, 41.920619431147458 ], [ 13.73631850460643, 41.91956928794373 ], [ 13.736565122738012, 41.918227996114972 ], [ 13.736846374827101, 41.916100697652659 ], [ 13.737119842514353, 41.914852635838059 ], [ 13.737238067902423, 41.914196230632072 ], [ 13.73748929212846, 41.912619069969807 ], [ 13.737564313275927, 41.911726272834429 ], [ 13.737628486810072, 41.911383827532006 ], [ 13.737810871153075, 41.910384975765176 ], [ 13.737897886221083, 41.90904490291215 ], [ 13.737901702412975, 41.9086487721898 ], [ 13.73804306347856, 41.90815287607596 ], [ 13.738335821088546, 41.906246123609577 ], [ 13.738582620864724, 41.904404397216062 ], [ 13.738650953851883, 41.903453748956593 ], [ 13.738436431390577, 41.903472859370488 ], [ 13.738283713811478, 41.903495224238128 ], [ 13.736398805550852, 41.903641305417814 ], [ 13.735630392025699, 41.903657006451851 ], [ 13.734991757705419, 41.903670052103848 ], [ 13.733781116118504, 41.903642521695971 ], [ 13.733527686102098, 41.903631179859651 ], [ 13.733283047107779, 41.903742864899982 ], [ 13.733143377244714, 41.903780244323762 ], [ 13.732832746665336, 41.903553820658296 ], [ 13.732493461425307, 41.903333181622912 ], [ 13.732232302437026, 41.90333112392225 ], [ 13.732162081400187, 41.903296229375194 ], [ 13.732149105720554, 41.903148501095899 ], [ 13.732039370799392, 41.903051969500524 ], [ 13.731879322651453, 41.903052275874842 ], [ 13.731760791099601, 41.903025062761927 ], [ 13.73162983052784, 41.903020617264055 ], [ 13.731601913724459, 41.902945118982352 ], [ 13.731559720348594, 41.902855514601555 ], [ 13.731384779467385, 41.902642488460749 ], [ 13.731349318930691, 41.902584776866149 ], [ 13.731337068120069, 41.9025648387451 ], [ 13.731320116185323, 41.90249175846705 ], [ 13.731323533521154, 41.902320690737191 ], [ 13.731301466843442, 41.902251902911054 ], [ 13.731207373630511, 41.902142681417118 ], [ 13.73109855250364, 41.902044527953436 ], [ 13.731002241442596, 41.90197129324671 ], [ 13.730831618278147, 41.901866997671803 ], [ 13.730628992872207, 41.901769180267053 ], [ 13.730392322751246, 41.901676728763171 ], [ 13.730110807569673, 41.901585399185507 ], [ 13.729954015838883, 41.90154484845452 ], [ 13.729828958543726, 41.901518128468382 ], [ 13.729479312403679, 41.901443421244778 ], [ 13.729440794825791, 41.901435191353194 ], [ 13.728825299867797, 41.901243235635569 ], [ 13.728806446789267, 41.901238033728298 ], [ 13.728617039634859, 41.901185772631727 ], [ 13.728420157435059, 41.901145704379701 ], [ 13.728275359711223, 41.901130679960119 ], [ 13.72812429221189, 41.90111500476452 ], [ 13.728052231617459, 41.90109642933821 ], [ 13.727989029347173, 41.901068264015535 ], [ 13.727914211867128, 41.901018976054864 ], [ 13.727731840120939, 41.900873602778077 ], [ 13.727710279504295, 41.900856416102407 ], [ 13.727537397035741, 41.900767490175561 ], [ 13.727324182096563, 41.900657817692988 ], [ 13.727228901817412, 41.900595059976581 ], [ 13.727139284806054, 41.900522076353262 ], [ 13.727034969368887, 41.900416608654936 ], [ 13.726933931555822, 41.900290318589541 ], [ 13.726912310926645, 41.900256450372417 ], [ 13.726589419180421, 41.899750646687288 ], [ 13.726416944678149, 41.899531368879359 ], [ 13.726229151295854, 41.899344717980092 ], [ 13.72615138238953, 41.899281470235657 ], [ 13.726023215253534, 41.899216161890678 ], [ 13.725969677485189, 41.899199373273795 ], [ 13.725880375852876, 41.899171369664458 ], [ 13.725861110513014, 41.899168125270734 ], [ 13.725815062761615, 41.89916037042417 ], [ 13.725759036118662, 41.8991607843598 ], [ 13.725073425113729, 41.898681467495834 ], [ 13.724929449207892, 41.898703698681622 ], [ 13.724662806518042, 41.898879461990063 ], [ 13.724343793935519, 41.898881875626785 ], [ 13.724165549992392, 41.898988109166382 ], [ 13.72401218405949, 41.899116490493583 ], [ 13.723803123095555, 41.899203529333199 ], [ 13.723545961229329, 41.899232491940566 ], [ 13.723011245747797, 41.899325789706609 ], [ 13.722578836536867, 41.89941629953573 ], [ 13.722282551069718, 41.899478535177664 ], [ 13.72199483136051, 41.899511077950763 ], [ 13.721803374456153, 41.899514904230507 ], [ 13.721620721647781, 41.899477125793091 ], [ 13.721342518970822, 41.899432325536452 ], [ 13.721048134161189, 41.899399259333265 ], [ 13.720677479873217, 41.899591727164108 ], [ 13.720371085468658, 41.899868104756465 ], [ 13.719782523046536, 41.899943616615481 ], [ 13.719609637348521, 41.899986684493129 ], [ 13.719122622638807, 41.90016182877072 ], [ 13.718801505047511, 41.900105120335674 ], [ 13.718452025923643, 41.900035687761417 ], [ 13.717984760914236, 41.899874925080844 ], [ 13.717630635674984, 41.899639280109817 ], [ 13.717460129543111, 41.899393118644618 ], [ 13.717110775069616, 41.899317725897191 ], [ 13.716728339291516, 41.899301537235829 ], [ 13.716251198142663, 41.899453072234309 ], [ 13.715987647038858, 41.899544516925928 ], [ 13.715693007313231, 41.899690881229425 ], [ 13.715567638549755, 41.899729186145876 ], [ 13.715463762227683, 41.899729643281617 ], [ 13.715233086929439, 41.899683737256218 ], [ 13.715120586451061, 41.899675134242607 ], [ 13.715108329183787, 41.899674196830567 ], [ 13.714958744389252, 41.899679801874917 ], [ 13.71461068268434, 41.89971302523373 ], [ 13.714474498423389, 41.89971352224692 ], [ 13.714371871954466, 41.89969997338882 ], [ 13.714251274665383, 41.899667470685714 ], [ 13.714109891730457, 41.899616234691166 ], [ 13.713993235162627, 41.899563816503502 ], [ 13.713969892051802, 41.899553327706094 ], [ 13.7138515115636, 41.899488392322354 ], [ 13.714069404967562, 41.898864278579794 ], [ 13.714441021423863, 41.89779982449442 ], [ 13.714333227547492, 41.897700767681279 ], [ 13.714231175615852, 41.897629482310954 ], [ 13.713922510934191, 41.897442710091426 ], [ 13.713652278270338, 41.897244629051457 ], [ 13.713605668859957, 41.897206643068948 ], [ 13.713485635613658, 41.897108816643616 ], [ 13.713435082567518, 41.897067616067645 ], [ 13.713317944049743, 41.896957883700296 ], [ 13.713025609693956, 41.896684030214963 ], [ 13.712928364517925, 41.896576659619178 ], [ 13.71285735939755, 41.896478780500622 ], [ 13.712814741616381, 41.896399027181019 ], [ 13.712787892382936, 41.89632125029096 ], [ 13.712773342432392, 41.896233697221376 ], [ 13.712770809781176, 41.89613391849872 ], [ 13.712774895528463, 41.896099992546198 ], [ 13.712806421738414, 41.895838213703009 ], [ 13.712901774060626, 41.895502679847866 ], [ 13.71291031537803, 41.895365902647363 ], [ 13.712908297368603, 41.895353352176492 ], [ 13.71289547845881, 41.89527362828224 ], [ 13.712894749702123, 41.895272100231011 ], [ 13.712836921801628, 41.89515085843405 ], [ 13.712727269905393, 41.895007581821957 ], [ 13.712589841502718, 41.894858167799022 ], [ 13.712356918402316, 41.8946552341597 ], [ 13.712344180756801, 41.894641535327487 ], [ 13.712262426541857, 41.894553611742907 ], [ 13.712249180632794, 41.894539366270024 ], [ 13.71219284485716, 41.894464176654331 ], [ 13.712159870905275, 41.894396650017519 ], [ 13.712154547460724, 41.894377325622749 ], [ 13.712136890720698, 41.894313232752779 ], [ 13.712106174772421, 41.894118052219518 ], [ 13.712095540002649, 41.893983790212062 ], [ 13.712100329830164, 41.893773791628995 ], [ 13.712129269147846, 41.893537793746653 ], [ 13.712174816024715, 41.893307436601987 ], [ 13.712249325184333, 41.893042774788761 ], [ 13.712262857762916, 41.89301087237142 ], [ 13.712264962286206, 41.893005911053699 ], [ 13.712373635975148, 41.89274971664846 ], [ 13.712595170597488, 41.892343989793304 ], [ 13.712621886267485, 41.892295061271213 ], [ 13.712660936306712, 41.892223542692186 ], [ 13.712763394436575, 41.892014367046663 ], [ 13.71284005630187, 41.89181140838722 ], [ 13.712904294122826, 41.891556780577822 ], [ 13.712925208525826, 41.891438894185278 ], [ 13.7129337430886, 41.891390788023735 ], [ 13.712938836495784, 41.89131504643899 ], [ 13.712943002672059, 41.891253096219337 ], [ 13.712904699721239, 41.890821534150348 ], [ 13.712894109453213, 41.890572822760731 ], [ 13.712892483210799, 41.890534629470501 ], [ 13.712887082850996, 41.890407798511575 ], [ 13.712891998142588, 41.890091834548862 ], [ 13.712930026516077, 41.88974024310221 ], [ 13.712901752188827, 41.88951223391993 ], [ 13.712901683913451, 41.889463571171049 ], [ 13.712901644177775, 41.889435250156403 ], [ 13.712913408513572, 41.8893878052044 ], [ 13.712916665271518, 41.889374670503528 ], [ 13.712950887243171, 41.889311955532278 ], [ 13.713118457307251, 41.88911521053177 ], [ 13.713133241378543, 41.889093613647631 ], [ 13.713168127585828, 41.889042650685674 ], [ 13.713198862950692, 41.888958809003555 ], [ 13.713213332110696, 41.888857788407641 ], [ 13.713212081106363, 41.888803388621824 ], [ 13.713210922815223, 41.888753020422925 ], [ 13.713193114652809, 41.888633545190672 ], [ 13.713100328223383, 41.888282689352373 ], [ 13.713093312398215, 41.888256159286939 ], [ 13.713029554329687, 41.888099253608388 ], [ 13.712844422214191, 41.88772732520367 ], [ 13.712776595764598, 41.887526658797 ], [ 13.712747667915423, 41.887374709584577 ], [ 13.712691623521936, 41.887080324372704 ], [ 13.712677738700542, 41.887007390970311 ], [ 13.712642421990212, 41.886666601785876 ], [ 13.712636598399111, 41.886610406637985 ], [ 13.712640397679925, 41.88624016610656 ], [ 13.712654259852401, 41.886113620620954 ], [ 13.71267783683629, 41.886003434543127 ], [ 13.712742596818099, 41.885859484910419 ], [ 13.712918717003996, 41.885596393197829 ], [ 13.71277866828947, 41.885196722780073 ], [ 13.712689717544547, 41.884862105518664 ], [ 13.712507513270252, 41.884407292553533 ], [ 13.712215878297526, 41.883844016995909 ], [ 13.712347472084867, 41.883642937705424 ], [ 13.712338707749911, 41.883285389276686 ], [ 13.71234564491186, 41.882939931911139 ], [ 13.712033531183268, 41.882602811248688 ], [ 13.711816106449135, 41.882314412078813 ], [ 13.711855884198229, 41.88192166308702 ], [ 13.712163624829463, 41.880888509239043 ], [ 13.712271226022251, 41.880293965476056 ], [ 13.712295059517201, 41.879901037379561 ], [ 13.712306062302362, 41.879353070199123 ], [ 13.712207400952384, 41.878708553011279 ], [ 13.71226072115401, 41.878435105658717 ], [ 13.712441078369524, 41.878186912841535 ], [ 13.712448492037328, 41.877817630485488 ], [ 13.712521814943607, 41.877341851968403 ], [ 13.712622950140627, 41.87706894048501 ], [ 13.712697721092507, 41.876838627402847 ], [ 13.712702694213345, 41.876590850773667 ], [ 13.712911686807788, 41.876345361144764 ], [ 13.713427088313999, 41.876084240619285 ], [ 13.713903744785258, 41.875892988559649 ], [ 13.714188963210962, 41.875549485629065 ], [ 13.714533123824035, 41.875134989449975 ], [ 13.714594836103483, 41.875060664410448 ], [ 13.71471210169538, 41.874919431569886 ], [ 13.7150597813056, 41.873528877280961 ], [ 13.715448667866406, 41.872419173242562 ], [ 13.715367889251652, 41.872313417325699 ], [ 13.715218749181764, 41.872118725289724 ], [ 13.715005810514748, 41.87192570214458 ], [ 13.714866121221531, 41.871882609691994 ], [ 13.714691519400786, 41.8718287468295 ], [ 13.714655695292544, 41.871819928250616 ], [ 13.714510217797915, 41.871836749966469 ], [ 13.714320479131029, 41.871918030931035 ], [ 13.714136971898929, 41.872006530376453 ], [ 13.71382671172641, 41.872215143155294 ], [ 13.713435134601459, 41.872503866208163 ], [ 13.713353437160661, 41.87260303705402 ], [ 13.713151721768719, 41.872786121249504 ], [ 13.713043167316943, 41.872857912084797 ], [ 13.712910805588102, 41.872893569221617 ], [ 13.712725492530502, 41.872912938992251 ], [ 13.712560532304236, 41.873030239867305 ], [ 13.712394806293599, 41.873185659995002 ], [ 13.712192023404624, 41.873281089165388 ], [ 13.711953888650081, 41.873390419463874 ], [ 13.711746816292486, 41.873540608836542 ], [ 13.711530275663916, 41.873685925578549 ], [ 13.711338900434903, 41.873848205359316 ], [ 13.711185106298934, 41.874044268687626 ], [ 13.711023595270579, 41.874306969302069 ], [ 13.710833632887336, 41.874557435235253 ], [ 13.710604575322892, 41.874690694642553 ], [ 13.710267134108221, 41.874822736289026 ], [ 13.710067770207541, 41.874906285038392 ], [ 13.709852515043504, 41.874987271890078 ], [ 13.709658902507163, 41.875101863595198 ], [ 13.709596274419814, 41.875203628986505 ], [ 13.709577795303526, 41.87532972052967 ], [ 13.70952854102333, 41.875400657121645 ], [ 13.70935732726643, 41.875511210620665 ], [ 13.709167173481873, 41.875580563284082 ], [ 13.708930712626991, 41.87566941221597 ], [ 13.708799730881694, 41.875713693114335 ], [ 13.708640907632132, 41.875747175542621 ], [ 13.708488958687713, 41.87575595183111 ], [ 13.708318851120648, 41.875779774878851 ], [ 13.708227100881592, 41.875775883151704 ], [ 13.708185694085095, 41.875742055281563 ], [ 13.708240241850735, 41.875693340757756 ], [ 13.708312110552729, 41.875687000214782 ], [ 13.708456495570715, 41.875642155728578 ], [ 13.708633704337728, 41.875629850753988 ], [ 13.708753964958889, 41.87559545810057 ], [ 13.708855890213782, 41.87552153959431 ], [ 13.708895869804925, 41.875436200989483 ], [ 13.708951417029027, 41.875290270804705 ], [ 13.708981905041529, 41.875201250942702 ], [ 13.708852479974604, 41.874978176371307 ], [ 13.708751457511838, 41.874769719064744 ], [ 13.708664276762542, 41.874586438869024 ], [ 13.708586659610503, 41.874403266160051 ], [ 13.708460507899785, 41.874255292571945 ], [ 13.708281472037752, 41.874121021980528 ], [ 13.708148596746577, 41.874069484084281 ], [ 13.708053829916322, 41.874025523815668 ], [ 13.708040780986204, 41.873961035884996 ], [ 13.708026117722875, 41.873739251503096 ], [ 13.707955546905383, 41.873681265361 ], [ 13.707861644651981, 41.873594420581888 ], [ 13.707676606404156, 41.873520848110239 ], [ 13.707483013763397, 41.873397135959188 ], [ 13.707212990400443, 41.873268988512628 ], [ 13.706919204917355, 41.873133423836165 ], [ 13.706659034925609, 41.872991088017827 ], [ 13.706492404951812, 41.872953466041054 ], [ 13.706306072823848, 41.872944217908326 ], [ 13.706173850326238, 41.872860514520951 ], [ 13.705974111426997, 41.872804646201573 ], [ 13.705812119586723, 41.87277422451988 ], [ 13.705655486212425, 41.872715266956092 ], [ 13.705480520769173, 41.872616782939602 ], [ 13.705363581902134, 41.872486782328444 ], [ 13.705227662185823, 41.872349418562933 ], [ 13.705133837724656, 41.872258997919076 ], [ 13.704967643474992, 41.872199931603674 ], [ 13.704800800130034, 41.872173028289261 ], [ 13.704634462089153, 41.872121108884137 ], [ 13.70462691997545, 41.872020937606777 ], [ 13.704656834983066, 41.87196050845035 ], [ 13.704706164021964, 41.871886000252239 ], [ 13.70472260073862, 41.871782524952629 ], [ 13.70471578011121, 41.87164661674101 ], [ 13.704626738720851, 41.871556249630324 ], [ 13.704461124149107, 41.871468593061728 ], [ 13.704256537611885, 41.871416241571744 ], [ 13.703999573492272, 41.871352575057955 ], [ 13.703789989774066, 41.871310889859643 ], [ 13.703604240677901, 41.871273047875796 ], [ 13.703384661478513, 41.871252696135137 ], [ 13.703302440112916, 41.871298236284304 ], [ 13.703262528086677, 41.87137999924164 ], [ 13.703280353063928, 41.871444541662193 ], [ 13.703350483759916, 41.87152397275441 ], [ 13.703277824686115, 41.871569620859567 ], [ 13.703143586102737, 41.871585977412956 ], [ 13.702995364723879, 41.871584303338231 ], [ 13.702938783552982, 41.87154434465878 ], [ 13.702773099112362, 41.871460259378871 ], [ 13.702568224940382, 41.871422199662426 ], [ 13.702310395052546, 41.871401413674207 ], [ 13.702086106875546, 41.871377431726401 ], [ 13.701975702707522, 41.871397630819224 ], [ 13.701870441380482, 41.871400015409982 ], [ 13.701698386241631, 41.871394495715009 ], [ 13.701493223611019, 41.871370728848035 ], [ 13.701393756453298, 41.871323135426024 ], [ 13.701260169124911, 41.87130732658035 ], [ 13.701120715170834, 41.871345068823302 ], [ 13.701038130299255, 41.871408475767332 ], [ 13.700968948447658, 41.871518502864191 ], [ 13.700895853489726, 41.871585591566046 ], [ 13.700760094356504, 41.87167699276727 ], [ 13.700704093590511, 41.871608443504329 ], [ 13.700678662894264, 41.871447302950806 ], [ 13.700720387772121, 41.87127619874358 ], [ 13.700761533387471, 41.871133684017266 ], [ 13.700776090039739, 41.870887207732984 ], [ 13.700864107104415, 41.870791691864191 ], [ 13.70095676043627, 41.870703377389304 ], [ 13.701108163418537, 41.870547811758151 ], [ 13.701216462128695, 41.870395332905268 ], [ 13.701237685254524, 41.870291912230464 ], [ 13.701256586932507, 41.870066932034668 ], [ 13.701275199070974, 41.86985624658346 ], [ 13.701446375036882, 41.869668733535505 ], [ 13.701592848508433, 41.869520260498838 ], [ 13.701629643755671, 41.869356249171929 ], [ 13.701680999233531, 41.869181678928449 ], [ 13.701747854933423, 41.868950091765932 ], [ 13.701863678296746, 41.868661865997439 ], [ 13.702056296598826, 41.868596127683759 ], [ 13.702221095367724, 41.868487180535951 ], [ 13.702324606765089, 41.86833464646346 ], [ 13.702393204496957, 41.86825320794599 ], [ 13.70255575021943, 41.868019127031211 ], [ 13.702754507941361, 41.867649623613865 ], [ 13.702932983305846, 41.867337082879942 ], [ 13.703151077327524, 41.866957073602627 ], [ 13.703246755516899, 41.866718661943686 ], [ 13.703291503666607, 41.866397461355916 ], [ 13.703323078313984, 41.866254837492988 ], [ 13.70324555821362, 41.866068087575847 ], [ 13.703237729833605, 41.865982210923605 ], [ 13.703282491495921, 41.865896928145652 ], [ 13.703435466029637, 41.865662737786487 ], [ 13.703471893052273, 41.865516594140551 ], [ 13.703421036525278, 41.865430231668157 ], [ 13.703204510919825, 41.865259784645609 ], [ 13.703101498921164, 41.865151385962079 ], [ 13.703089684535342, 41.865026144649889 ], [ 13.703169933978135, 41.864841176384559 ], [ 13.703124495675013, 41.864486786624532 ], [ 13.702914922026039, 41.864209182212079 ], [ 13.702578581841905, 41.863815760854138 ], [ 13.702300781498458, 41.863601725642503 ], [ 13.70185347975333, 41.863257091300795 ], [ 13.70152766034388, 41.863053234898466 ], [ 13.701192570985533, 41.862834974675991 ], [ 13.70077201084306, 41.862587150388102 ], [ 13.700526673184553, 41.862423521320359 ], [ 13.700242437006754, 41.862055704260172 ], [ 13.700068449859691, 41.86191075433841 ], [ 13.699912644657752, 41.861812478660724 ], [ 13.699665791420761, 41.861723895347737 ], [ 13.699408146393473, 41.861695955988232 ], [ 13.699062858185986, 41.861509744639967 ], [ 13.698780661335011, 41.86127777851857 ], [ 13.698229382923131, 41.860874759577527 ], [ 13.697907642595618, 41.860706684253898 ], [ 13.697582211395153, 41.86048494847644 ], [ 13.697350723612189, 41.860346491279955 ], [ 13.696915780764719, 41.860102064207453 ], [ 13.696377050670995, 41.859788541570538 ], [ 13.695687386151718, 41.859373215790207 ], [ 13.695300042266647, 41.859140046761233 ], [ 13.694973174672811, 41.858989777522865 ], [ 13.694650870930833, 41.858850282772472 ], [ 13.694333745350317, 41.85872194660864 ], [ 13.694184018048807, 41.858611880715983 ], [ 13.693954331336759, 41.858463905182205 ], [ 13.693803591123935, 41.858352572072135 ], [ 13.692445455766068, 41.858310584985958 ], [ 13.6907251849769, 41.857790552598601 ], [ 13.689102499403818, 41.857614753232504 ], [ 13.687996271281756, 41.857494892877646 ], [ 13.686827598842617, 41.856883152356353 ], [ 13.686044026449158, 41.856472978961691 ], [ 13.686412987897901, 41.856338119159354 ], [ 13.686545790583452, 41.856171468623089 ], [ 13.686670577895129, 41.856014875414786 ], [ 13.686899778191419, 41.85591474482451 ], [ 13.687049196340483, 41.855714358003198 ], [ 13.687118803301869, 41.855665516256622 ], [ 13.68740859161732, 41.855211291151839 ], [ 13.687340100965502, 41.854819694941526 ], [ 13.687460278653369, 41.854554171475542 ], [ 13.687143753895873, 41.854372298815314 ], [ 13.686771877892381, 41.854242938990325 ], [ 13.686102798339585, 41.85422932796687 ], [ 13.685770119045067, 41.854222693735856 ], [ 13.685149814224483, 41.854235168242482 ], [ 13.684625825908721, 41.854377726416757 ], [ 13.684766347662581, 41.854252011149761 ], [ 13.684962621913996, 41.853591121184657 ], [ 13.68493528650095, 41.853396062377264 ], [ 13.685035155930283, 41.853188692624471 ], [ 13.685262123123966, 41.853000650534156 ], [ 13.685644463959557, 41.852869682918254 ], [ 13.686065918701141, 41.85266008043957 ], [ 13.686529515227015, 41.852364350792328 ], [ 13.687025720344602, 41.852160213675056 ], [ 13.687472058738757, 41.851959781277536 ], [ 13.687879779904934, 41.851699330626161 ], [ 13.687868296944934, 41.851662613547823 ], [ 13.687819944886263, 41.851508006063007 ], [ 13.687764284467226, 41.850917574796 ], [ 13.687715043100175, 41.85020806622483 ], [ 13.687720948070071, 41.849919193548573 ], [ 13.687903351607789, 41.849766382007758 ], [ 13.688146019851414, 41.849560358609253 ], [ 13.688208471190237, 41.849457097481334 ], [ 13.688442590919312, 41.849307854568991 ], [ 13.688697172175216, 41.849132035932172 ], [ 13.68890444236248, 41.848931846466108 ], [ 13.689063976000593, 41.848728132925409 ], [ 13.689339121084569, 41.848574860807553 ], [ 13.689821933584289, 41.848346362034285 ], [ 13.690318399127316, 41.848167544126497 ], [ 13.690397885218342, 41.848134211292276 ], [ 13.690615750794887, 41.848042847960855 ], [ 13.691100239619898, 41.847923262868548 ], [ 13.691735008766802, 41.847662407063382 ], [ 13.692356307653299, 41.847475863500321 ], [ 13.692914421914519, 41.847261788518566 ], [ 13.693546571569826, 41.847128979782134 ], [ 13.693914392975795, 41.847064652020613 ], [ 13.694362430975021, 41.846777827587907 ], [ 13.695033897227912, 41.846570869611178 ], [ 13.69585374616029, 41.846318170231761 ], [ 13.696303213530777, 41.846156462619234 ], [ 13.69657791704131, 41.845968939677078 ], [ 13.697125143767208, 41.845701102698087 ], [ 13.697330910965063, 41.845484277852641 ], [ 13.697541185116268, 41.845404591460884 ], [ 13.698021615790102, 41.844785846656087 ], [ 13.698566150928178, 41.844129383445335 ], [ 13.698639419112988, 41.84400989652864 ], [ 13.698857832442714, 41.843653702753393 ], [ 13.699032780693637, 41.843276785029708 ], [ 13.69919237518361, 41.842713818514142 ], [ 13.699264061625206, 41.842478711934135 ], [ 13.699279600508179, 41.84239827671967 ], [ 13.699328143345829, 41.842147006783946 ], [ 13.699361595098043, 41.841911467074397 ], [ 13.699382755202798, 41.841844261181208 ], [ 13.699407574838622, 41.841765432353426 ], [ 13.699573755512821, 41.841585013349288 ], [ 13.699625079327863, 41.841502068003656 ], [ 13.69967456619039, 41.841411389584131 ], [ 13.699796918424283, 41.841187193356248 ], [ 13.699924212954059, 41.841038504811266 ], [ 13.69994171039996, 41.840919700754405 ], [ 13.699934418266647, 41.840770530915904 ], [ 13.69982298636074, 41.840702530935545 ], [ 13.699800588328703, 41.840752308762774 ], [ 13.699716885813638, 41.840910828338828 ], [ 13.699632987327146, 41.841000133796726 ], [ 13.699509022499173, 41.84107879941844 ], [ 13.699400929393418, 41.841129048458221 ], [ 13.699276153981426, 41.841189020589717 ], [ 13.69912584918781, 41.841242224014557 ], [ 13.698977900852167, 41.841246267274222 ], [ 13.698761249789177, 41.841243812676758 ], [ 13.698687912895892, 41.841214385502411 ], [ 13.698558694870917, 41.84117479296075 ], [ 13.698376994620245, 41.841083132300781 ], [ 13.698215801404892, 41.840985984571716 ], [ 13.698018925184639, 41.840888432079154 ], [ 13.697585430681853, 41.840669072881198 ], [ 13.69714604101261, 41.840587388926146 ], [ 13.696323675837485, 41.840282562464154 ], [ 13.695545615944322, 41.840307089626378 ], [ 13.694756361150434, 41.84025522776021 ], [ 13.693566836640363, 41.840141615364686 ], [ 13.692879634169438, 41.840086135460702 ], [ 13.692326903763247, 41.839985587850755 ], [ 13.691996649364748, 41.839942633165066 ], [ 13.691246605199609, 41.839843533450818 ], [ 13.690347133275901, 41.839644663132887 ], [ 13.689986755882543, 41.839428822532099 ], [ 13.689377240193711, 41.839002457331304 ], [ 13.688796862930088, 41.838706066820826 ], [ 13.688504787624659, 41.838344316917244 ], [ 13.687945570004493, 41.837980681831468 ], [ 13.687695573479736, 41.837699700031756 ], [ 13.687494467752471, 41.837482930356138 ], [ 13.687192790494468, 41.837275734282727 ], [ 13.68669592741924, 41.837041582889988 ], [ 13.686080929228341, 41.836784511895104 ], [ 13.685574452500273, 41.836409168368398 ], [ 13.68532434682294, 41.83618072874124 ], [ 13.685030173472912, 41.835912036169589 ], [ 13.684903015264778, 41.835817364931884 ], [ 13.684375462857533, 41.835691829397582 ], [ 13.684251258867134, 41.835669579266956 ], [ 13.683827492938766, 41.835512210393809 ], [ 13.683326294750595, 41.835401612571879 ], [ 13.682855685379474, 41.835353321829501 ], [ 13.682291068942071, 41.835227694033371 ], [ 13.681497409619043, 41.835068575448837 ], [ 13.680895771608753, 41.835018480772248 ], [ 13.680661243612684, 41.835027335427306 ], [ 13.680377764912722, 41.835052674655934 ], [ 13.679677850142573, 41.835122793071584 ], [ 13.679354628512442, 41.835137616524065 ], [ 13.67897734155722, 41.835122553736397 ], [ 13.678767378356088, 41.835105840293586 ], [ 13.678404818756302, 41.835024168675055 ], [ 13.678278053449029, 41.834960803314928 ], [ 13.678055079212514, 41.834879597382461 ], [ 13.677792889240671, 41.834759469912953 ], [ 13.677607578496934, 41.834578106585028 ], [ 13.677260382618719, 41.834244905218767 ], [ 13.677079496634295, 41.834035357250684 ], [ 13.676655949354902, 41.833887638517844 ], [ 13.676527814048196, 41.833843267653492 ], [ 13.676339252580322, 41.83371598613153 ], [ 13.676178468648176, 41.833572690086299 ], [ 13.676009695358536, 41.833472694104813 ], [ 13.675810032050167, 41.833420348755475 ], [ 13.675575899753197, 41.833434676738271 ], [ 13.675283445483927, 41.833460744699003 ], [ 13.675018831141957, 41.83356953080736 ], [ 13.675279846364067, 41.833401933503112 ], [ 13.675386298110771, 41.833338820195749 ], [ 13.675521715690161, 41.833263319444832 ], [ 13.675634493090115, 41.833125213533094 ], [ 13.67572948216487, 41.832920983689689 ], [ 13.67573508135461, 41.832649384574701 ], [ 13.675691571038628, 41.832441560340335 ], [ 13.675735691737778, 41.832156106857887 ], [ 13.675759520012342, 41.831927611723174 ], [ 13.675761993499812, 41.831807624151367 ], [ 13.675849056702955, 41.831542683249936 ], [ 13.675869061677634, 41.831314144207006 ], [ 13.675818762831126, 41.831135625646112 ], [ 13.675805314514641, 41.830958524655017 ], [ 13.675785008995073, 41.830691119551062 ], [ 13.675682120123641, 41.830553360447354 ], [ 13.675688538766426, 41.830545484098685 ], [ 13.67552307851299, 41.830295696750262 ], [ 13.675479074241968, 41.830222708857207 ], [ 13.675364261841066, 41.830032273878921 ], [ 13.675091509097177, 41.829884351073211 ], [ 13.674451469458578, 41.830019946647653 ], [ 13.673816790988452, 41.830158818715006 ], [ 13.673276017131002, 41.830238717875254 ], [ 13.672781039370951, 41.830292574176866 ], [ 13.672107905201548, 41.830487349628797 ], [ 13.671361245816131, 41.830770633688587 ], [ 13.670660020698499, 41.831167632088551 ], [ 13.670448310888849, 41.831305813724946 ], [ 13.670204328923219, 41.831484102229666 ], [ 13.670076695598071, 41.831816980200934 ], [ 13.670035808543751, 41.832168404118867 ], [ 13.669882142538132, 41.832556227349727 ], [ 13.669487039858396, 41.832859042055418 ], [ 13.669260841943551, 41.833014748197257 ], [ 13.66910749918201, 41.833115151912537 ], [ 13.66887504198758, 41.833267356110142 ], [ 13.668814895941424, 41.833232915453237 ], [ 13.668857048277342, 41.833043954250691 ], [ 13.668874715979905, 41.832883305432098 ], [ 13.668825856608834, 41.832704012883404 ], [ 13.668723102395553, 41.832588437019851 ], [ 13.668505742061829, 41.832467957871152 ], [ 13.668321016044947, 41.832387176496546 ], [ 13.668018388041604, 41.832229962430461 ], [ 13.667771841487871, 41.832134165058335 ], [ 13.667503183171844, 41.831952322011567 ], [ 13.66729979152708, 41.831849875275481 ], [ 13.666971942266212, 41.831756707221125 ], [ 13.666606535239293, 41.831630931455663 ], [ 13.666306986868598, 41.831555962708869 ], [ 13.665988029254036, 41.831495065830126 ], [ 13.665792268269696, 41.831485642707953 ], [ 13.665651916669541, 41.831569800691874 ], [ 13.665678359480456, 41.831677343660267 ], [ 13.665743105307211, 41.831733030778679 ], [ 13.665902002747092, 41.831955180223233 ], [ 13.666004676622094, 41.83207433219755 ], [ 13.666173579679214, 41.832226424012845 ], [ 13.666404824599706, 41.832368515943884 ], [ 13.666663331311971, 41.832578839880675 ], [ 13.666908246227459, 41.83275326022099 ], [ 13.666954101763555, 41.832846730122036 ], [ 13.666925913593934, 41.832971603904966 ], [ 13.666785554726742, 41.833137884586066 ], [ 13.666595710432942, 41.83330368317975 ], [ 13.666416534912637, 41.833415987482759 ], [ 13.666190093904932, 41.833502720902224 ], [ 13.665945280755928, 41.833553495223121 ], [ 13.665713540576267, 41.833665187805686 ], [ 13.665515893768672, 41.83379326808587 ], [ 13.665441344554793, 41.833883645503811 ], [ 13.665348400529629, 41.833986226577345 ], [ 13.66521811958305, 41.834045479350749 ], [ 13.665084322505107, 41.834043924210604 ], [ 13.665013114358677, 41.834010163665226 ], [ 13.664966940554921, 41.833942473087497 ], [ 13.664964241810365, 41.833842355063986 ], [ 13.665022845855711, 41.83378226940971 ], [ 13.66508667384284, 41.833700797305781 ], [ 13.665260628459496, 41.833609881555752 ], [ 13.665400019833553, 41.833572181740394 ], [ 13.665578752091909, 41.833481321024614 ], [ 13.665747630086933, 41.833404643636996 ], [ 13.665902395102515, 41.833317078484257 ], [ 13.666004597208984, 41.833228902579748 ], [ 13.665992636911222, 41.833114378889086 ], [ 13.665870773662, 41.83299857852591 ], [ 13.665710015713739, 41.832914496868064 ], [ 13.665506252792122, 41.832829915276342 ], [ 13.665345570001984, 41.832742259457774 ], [ 13.665194741418325, 41.832640419850932 ], [ 13.665017938797643, 41.832653540168096 ], [ 13.663869244177421, 41.832653398528855 ], [ 13.661467342407532, 41.831683015277036 ], [ 13.661372942227942, 41.831411537825858 ], [ 13.661416529901546, 41.831154680128044 ], [ 13.661637710144833, 41.8309380203915 ], [ 13.661527202340823, 41.830736559153017 ], [ 13.661174401222622, 41.83054180556352 ], [ 13.66049567994008, 41.830085884198965 ], [ 13.660217745976556, 41.829968257386064 ], [ 13.659816371907167, 41.829658548167963 ], [ 13.659365029569111, 41.829300593923406 ], [ 13.658779747938178, 41.829340538444292 ], [ 13.658138678113753, 41.829354089490664 ], [ 13.657431152111915, 41.82911525784084 ], [ 13.656832051427843, 41.828537028614576 ], [ 13.656461566318322, 41.827970303099725 ], [ 13.656175998465798, 41.827304483285666 ], [ 13.656069500670345, 41.82691242228271 ], [ 13.65593911687677, 41.826443825065127 ], [ 13.65564549555334, 41.825858932150261 ], [ 13.655339736973566, 41.825245300124649 ], [ 13.654947592329119, 41.824497206541295 ], [ 13.654345454298786, 41.82343209286627 ], [ 13.654111969327552, 41.823019477750833 ], [ 13.654071587135343, 41.822513804549416 ], [ 13.654126878212271, 41.821949938840902 ], [ 13.654189675400824, 41.821743090237156 ], [ 13.654053127317033, 41.821569912699275 ], [ 13.653802319125559, 41.821376331608349 ], [ 13.653262056512594, 41.821269350131729 ], [ 13.65317095131147, 41.821231042804676 ], [ 13.652106942590022, 41.821046206140018 ], [ 13.651208990558057, 41.820751613421074 ], [ 13.651048466711639, 41.820698949269847 ], [ 13.650311282544029, 41.82045709076057 ], [ 13.649715918488541, 41.820050898102956 ], [ 13.649246501127086, 41.81919464047234 ], [ 13.649154620002721, 41.818564442352979 ], [ 13.649193348985824, 41.818085911121095 ], [ 13.649271287032249, 41.81801533722772 ], [ 13.648986816946465, 41.817454364246714 ], [ 13.648347131748158, 41.816926307574143 ], [ 13.648258769081494, 41.816824323858661 ], [ 13.647967622391054, 41.816549873365872 ], [ 13.647875387607369, 41.816462926893053 ], [ 13.647863798563838, 41.816457868915101 ], [ 13.647826570581842, 41.816437311678321 ], [ 13.647763176861309, 41.81638223640909 ], [ 13.647715888701939, 41.816312573069652 ], [ 13.647708848610478, 41.816305936116386 ], [ 13.647687802745187, 41.816255082362794 ], [ 13.647474219854558, 41.816080622823812 ], [ 13.647356358721256, 41.815929104420711 ], [ 13.647317414102165, 41.815811877779844 ], [ 13.647332506023121, 41.815716906014991 ], [ 13.647343116625917, 41.815650135095488 ], [ 13.647409718830337, 41.815512704561591 ], [ 13.64735911419594, 41.81549542738356 ], [ 13.647289201446473, 41.815487454699593 ], [ 13.647281602515102, 41.815394427705733 ], [ 13.647245441995723, 41.815296297670237 ], [ 13.64714975089184, 41.815302319835915 ], [ 13.647113878786918, 41.81525514362535 ], [ 13.647057194493268, 41.815164626598957 ], [ 13.647026789998256, 41.81507573691411 ], [ 13.647033457220212, 41.815034959568102 ], [ 13.647070884954458, 41.814963001905845 ], [ 13.647005812534232, 41.814876446228681 ], [ 13.647027779004226, 41.814740873160147 ], [ 13.64698690463792, 41.81456404811172 ], [ 13.64697298748546, 41.814468563108896 ], [ 13.646929129286645, 41.814282170956233 ], [ 13.64684833466686, 41.814185898033443 ], [ 13.646840536466843, 41.814102400570654 ], [ 13.646816864823316, 41.814016332543083 ], [ 13.646770249351572, 41.813960973951893 ], [ 13.646802120595826, 41.813808835948961 ], [ 13.646781137414964, 41.813712632965348 ], [ 13.646783212534785, 41.813614063221749 ], [ 13.646790408962215, 41.813527624335734 ], [ 13.646821725869314, 41.813445493991452 ], [ 13.646839216623647, 41.813381313109595 ], [ 13.646899685058816, 41.81331964887611 ], [ 13.646900616608738, 41.813275395128088 ], [ 13.646936840125624, 41.813215456003242 ], [ 13.646979709067322, 41.813174174623811 ], [ 13.647101447370776, 41.813056944778594 ], [ 13.64714395009341, 41.813005018701581 ], [ 13.647195855742238, 41.812960352645177 ], [ 13.647286127174917, 41.812908989602661 ], [ 13.647325846046424, 41.812837966813113 ], [ 13.64739771106265, 41.812753024025291 ], [ 13.647451571960396, 41.812615443339403 ], [ 13.647510899050756, 41.812520820896374 ], [ 13.647601620122559, 41.812448015492329 ], [ 13.647603920817481, 41.81188445776997 ], [ 13.647805200366463, 41.811548449826823 ], [ 13.648090627962958, 41.811290935919665 ], [ 13.648444553938702, 41.811122332199254 ], [ 13.649220625010274, 41.810969428028599 ], [ 13.650417020062514, 41.810949971766448 ], [ 13.651877216069783, 41.811097142064959 ], [ 13.65240762169377, 41.811246347984572 ], [ 13.653279490861799, 41.811441258711291 ], [ 13.653979708863202, 41.811467339681023 ], [ 13.654736778314994, 41.811440464265551 ], [ 13.655445705876108, 41.811430892959478 ], [ 13.656290597591148, 41.811393120249463 ], [ 13.657582066183958, 41.811324816449364 ], [ 13.65835517992052, 41.811292147128619 ], [ 13.659086374600566, 41.811360261713418 ], [ 13.66057563131829, 41.811353808821153 ], [ 13.661430549420794, 41.811354189999228 ], [ 13.662104198851615, 41.811371624775269 ], [ 13.662691977366935, 41.811348627790267 ], [ 13.663282311859067, 41.811010015860305 ], [ 13.663814068331698, 41.810712367802587 ], [ 13.664298424075458, 41.810396293329774 ], [ 13.664813877416812, 41.81011632366998 ], [ 13.665465159792948, 41.80981409974197 ], [ 13.665916544036643, 41.80955125330776 ], [ 13.666840714339962, 41.809144954741868 ], [ 13.667410515696078, 41.808931137329203 ], [ 13.668066411214275, 41.808715375732717 ], [ 13.668851883722594, 41.808542737140627 ], [ 13.66954830875833, 41.808366121921004 ], [ 13.67004112014012, 41.808244366645091 ], [ 13.670243213087815, 41.808124865488139 ], [ 13.671210967030724, 41.807668421341774 ], [ 13.672251145371465, 41.807283553602197 ], [ 13.673570849209167, 41.806975443925879 ], [ 13.674326121337723, 41.806955567455951 ], [ 13.674955437273946, 41.807020021964945 ], [ 13.675442648769897, 41.806923568328671 ], [ 13.676188455387045, 41.806263802811394 ], [ 13.676927464696677, 41.805563367305716 ], [ 13.677548195497311, 41.805074050460284 ], [ 13.677998459736358, 41.804834591558183 ], [ 13.678571428470244, 41.804495159860188 ], [ 13.679243780424452, 41.804324166112643 ], [ 13.679896583586109, 41.804174390991683 ], [ 13.680884459646414, 41.804178092076754 ], [ 13.681437183182954, 41.804063403798473 ], [ 13.682060149370198, 41.803970466515274 ], [ 13.682865050902478, 41.803858165073279 ], [ 13.683111036298291, 41.803510680333702 ], [ 13.683232060351868, 41.803353264826256 ], [ 13.683242053621978, 41.803230637184853 ], [ 13.683333839830238, 41.803009695998682 ], [ 13.683484042280766, 41.802284593534914 ], [ 13.683606824709344, 41.801731946528491 ], [ 13.683753241527782, 41.801191484793662 ], [ 13.684017800253359, 41.8003247101082 ], [ 13.684236562201718, 41.799865275563661 ], [ 13.684342252894361, 41.799643305877964 ], [ 13.684602656241415, 41.799300922511399 ], [ 13.685069351274011, 41.798857610442717 ], [ 13.68556584123515, 41.798405751164246 ], [ 13.685937276532719, 41.797995353638932 ], [ 13.687118336397088, 41.79723675705624 ], [ 13.687562229005495, 41.797020207957296 ], [ 13.688075457492351, 41.796682914424238 ], [ 13.688809528974726, 41.79629094700114 ], [ 13.689427227637109, 41.795983436267839 ], [ 13.690065187600903, 41.795618960450213 ], [ 13.69032283608305, 41.795164356083056 ], [ 13.69056166948851, 41.794695238398546 ], [ 13.690857515094358, 41.794241068184569 ], [ 13.691155683375568, 41.793672537988215 ], [ 13.691893190104279, 41.793109011162009 ], [ 13.69261390638126, 41.792430902727119 ], [ 13.693161822561144, 41.791793718409217 ], [ 13.693994506701497, 41.791245558831221 ], [ 13.69529428675666, 41.790745594320477 ], [ 13.695957481006699, 41.79054580130741 ], [ 13.69659954275102, 41.790445852165007 ], [ 13.697807688108586, 41.789751793236213 ], [ 13.69898498830722, 41.789164608734211 ], [ 13.699525589685322, 41.788884766147 ], [ 13.700275571403887, 41.788643035922618 ], [ 13.700841927150529, 41.788506460736365 ], [ 13.701401529271299, 41.788449081823146 ], [ 13.70163377098441, 41.788425268040584 ], [ 13.702471822244156, 41.788210322806897 ], [ 13.70297957146658, 41.788137417020309 ], [ 13.703305000543866, 41.788105345628018 ], [ 13.703727803920332, 41.787981433762866 ], [ 13.704402941519509, 41.787660191563724 ], [ 13.704977679564806, 41.787580883364875 ], [ 13.705839352799558, 41.787483358118955 ], [ 13.706443312964526, 41.787375775345744 ], [ 13.707247537007184, 41.787284741653686 ], [ 13.708157193079201, 41.787269760486332 ], [ 13.708105190882767, 41.787084490362439 ], [ 13.708070210439178, 41.787032240636798 ], [ 13.708374268758767, 41.786392334019922 ], [ 13.708445639597853, 41.78561269130271 ], [ 13.708572544859106, 41.785238789718129 ], [ 13.708884039594633, 41.784789513570743 ], [ 13.709120920575852, 41.784488338521641 ], [ 13.709267392734006, 41.784329129346965 ], [ 13.709263616102987, 41.784120570866939 ], [ 13.709578326079564, 41.78351047368978 ], [ 13.709587501423043, 41.783473490206198 ], [ 13.709647603192661, 41.783231244715488 ], [ 13.70979768730772, 41.783083060697727 ], [ 13.709932590579456, 41.782998171538409 ], [ 13.710302826101511, 41.782873644956865 ], [ 13.710691536663248, 41.782541999990897 ], [ 13.711347126062218, 41.782238369770283 ], [ 13.711414584231028, 41.781731538634403 ], [ 13.712305979542746, 41.781337609129302 ], [ 13.712636159763138, 41.781066068901303 ], [ 13.712855592374758, 41.780839755719761 ], [ 13.713029408286269, 41.780745190277536 ], [ 13.713311050981495, 41.780512424286599 ], [ 13.713550720573892, 41.780229143474976 ], [ 13.713686580902545, 41.779994560950264 ], [ 13.71489397666371, 41.779233801088758 ], [ 13.715293290736531, 41.778568037043058 ], [ 13.715537547274815, 41.777894579995646 ], [ 13.715601030548905, 41.777704646432589 ], [ 13.715871702569023, 41.777302555483161 ], [ 13.716219568009404, 41.776820898444043 ], [ 13.716578533162973, 41.77638106794906 ], [ 13.716660182314136, 41.776078141817607 ], [ 13.716025578704093, 41.775573589769714 ], [ 13.715648810767885, 41.775310221765196 ], [ 13.71543375387037, 41.775164620074328 ], [ 13.715190721204655, 41.77507948842441 ], [ 13.715136284548, 41.774935897045303 ], [ 13.714946934454938, 41.774852755245021 ], [ 13.714664005364137, 41.774673244561889 ], [ 13.714468577036941, 41.774575735710584 ], [ 13.714298326008118, 41.774492807028011 ], [ 13.714029083068384, 41.7742657869723 ], [ 13.713854371920489, 41.774087485721985 ], [ 13.713581813860213, 41.773707912501244 ], [ 13.713399326671093, 41.773281686928641 ], [ 13.712992721173963, 41.772919675320672 ], [ 13.712685678534651, 41.772673164542525 ], [ 13.712704853560446, 41.772602982613762 ], [ 13.712784634673774, 41.772310969459937 ], [ 13.712830335209251, 41.772143697182955 ], [ 13.712850547176256, 41.772069718609671 ], [ 13.712928739045333, 41.771780440940198 ], [ 13.712928874644465, 41.771779937903688 ], [ 13.712929178736642, 41.77177881271129 ], [ 13.712918947755922, 41.771761990900707 ], [ 13.712771996009158, 41.771520378639124 ], [ 13.712600907315743, 41.771239078419129 ], [ 13.712474098761369, 41.771030580296681 ], [ 13.711769700019186, 41.769872387712041 ], [ 13.711769950548531, 41.769867852129821 ], [ 13.711801323587755, 41.769299325473042 ], [ 13.7118096527847, 41.769148389750782 ], [ 13.711300149190192, 41.768203754596477 ], [ 13.710814689031558, 41.767652008194162 ], [ 13.710767562704037, 41.767556008176356 ], [ 13.710753521375867, 41.767527403571741 ], [ 13.710683354615654, 41.76729375318962 ], [ 13.710604362906706, 41.766964659925826 ], [ 13.710681860636564, 41.766908354688532 ], [ 13.710737604101281, 41.766867854710576 ], [ 13.710908716524129, 41.766866796200418 ], [ 13.711019801639239, 41.766882936752893 ], [ 13.71103245100414, 41.766847332983431 ], [ 13.711037579814029, 41.766809717070537 ], [ 13.711041778204297, 41.76677892504037 ], [ 13.710937294707113, 41.766631791005437 ], [ 13.710769522300408, 41.766466073753456 ], [ 13.710712715541606, 41.766322453379182 ], [ 13.71079930451797, 41.766331066953065 ], [ 13.710915232647713, 41.766342598979563 ], [ 13.711069299183171, 41.766397946311471 ], [ 13.711254533861181, 41.766486410003722 ], [ 13.711397144005632, 41.766517797899375 ], [ 13.711714784251225, 41.766551148654486 ], [ 13.712049647273727, 41.766519157833649 ], [ 13.712161983021691, 41.7664727563144 ], [ 13.712233991297984, 41.766351814252566 ], [ 13.712161876943947, 41.766279132537292 ], [ 13.711956632759442, 41.766196403566418 ], [ 13.711807318417435, 41.766102386194177 ], [ 13.711654622491242, 41.765978542610938 ], [ 13.711613070281432, 41.765867860648619 ], [ 13.711759895777176, 41.765787115057634 ], [ 13.711762472837682, 41.765786869424296 ], [ 13.711993116566029, 41.765764885300179 ], [ 13.712292531592386, 41.765714623442818 ], [ 13.712515294175585, 41.765717120304544 ], [ 13.712738652177993, 41.765689835311733 ], [ 13.712985996462137, 41.765656860998817 ], [ 13.713215920087144, 41.76558493956076 ], [ 13.713270871339729, 41.765526905706018 ], [ 13.713061775824187, 41.765437413920232 ], [ 13.713079640025606, 41.765198072120896 ], [ 13.71323652946954, 41.7651397106224 ], [ 13.713258724476074, 41.764950959483862 ], [ 13.713358596701074, 41.764731646186583 ], [ 13.713531973176707, 41.764417834046071 ], [ 13.713799982457072, 41.764146784553184 ], [ 13.714077372412318, 41.76380434797013 ], [ 13.714350780693744, 41.763568569676394 ], [ 13.71447896945117, 41.763435932587825 ], [ 13.714616814952336, 41.763420412641622 ], [ 13.714643838115775, 41.763350404464262 ], [ 13.714682661917898, 41.763249824403587 ], [ 13.715229303832981, 41.763364319551464 ], [ 13.715595896106796, 41.763274996805308 ], [ 13.715806465555113, 41.763219243387809 ], [ 13.715928054872279, 41.763107407733393 ], [ 13.716165543050298, 41.762686822649876 ], [ 13.716301605435643, 41.762492242453519 ], [ 13.716386691994799, 41.762370561107673 ], [ 13.716507008464751, 41.762303551206088 ], [ 13.716595489754694, 41.762254271642043 ], [ 13.716641569542011, 41.762037334886102 ], [ 13.716585268048082, 41.761876363100676 ], [ 13.716534695488718, 41.761731770243621 ], [ 13.716425279262646, 41.761432666542504 ], [ 13.716345607012652, 41.761038573100272 ], [ 13.716232986934823, 41.760900289253335 ], [ 13.716125591754038, 41.7606995086281 ], [ 13.715943977121299, 41.760390065316592 ], [ 13.716136131614006, 41.760464706325052 ], [ 13.716424041950839, 41.760576542071483 ], [ 13.716778345415211, 41.760685354497333 ], [ 13.717465692336351, 41.760769528468693 ], [ 13.718350930863053, 41.761017198058049 ], [ 13.719161225088575, 41.761217153916824 ], [ 13.719759272181355, 41.761233352538184 ], [ 13.720267612409874, 41.760638487886602 ], [ 13.720677712902676, 41.760115400801737 ], [ 13.721492631165743, 41.75957403242527 ], [ 13.721831383529512, 41.759464372155477 ], [ 13.722104913895503, 41.759152852455955 ], [ 13.722064129434354, 41.758933895744136 ], [ 13.722166724948504, 41.758662147527836 ], [ 13.722523931296653, 41.758566516059226 ], [ 13.723100278088209, 41.758391811784122 ], [ 13.723423953477871, 41.758118975042464 ], [ 13.723596025821783, 41.757787259789154 ], [ 13.723696138183529, 41.757725546108404 ], [ 13.723960107661927, 41.757562822665641 ], [ 13.724216082276593, 41.757593707782689 ], [ 13.724503305830563, 41.757554002223891 ], [ 13.724828429219404, 41.757529014955338 ], [ 13.725134036349756, 41.757525257656148 ], [ 13.725277506299822, 41.75751255139992 ], [ 13.725452018106768, 41.757378653705423 ], [ 13.725541324489024, 41.75720806473096 ], [ 13.725641024632242, 41.756994696036394 ], [ 13.725786190141401, 41.756896218061456 ], [ 13.725970527661175, 41.756748130225908 ], [ 13.7262309469761, 41.756615184011054 ], [ 13.726462869593149, 41.756474772136336 ], [ 13.726598910970834, 41.756354744495326 ], [ 13.726774971060589, 41.756142221166662 ], [ 13.726874806681886, 41.755921703689353 ], [ 13.727012823755151, 41.755701609209574 ], [ 13.727024770687965, 41.755580205886346 ], [ 13.727068320378274, 41.755309020387813 ], [ 13.727147509079899, 41.755166914615195 ], [ 13.727150475159226, 41.755016815121017 ], [ 13.727256746036744, 41.754953650086584 ], [ 13.727503237459867, 41.754820158602229 ], [ 13.727587115976347, 41.754924921788287 ], [ 13.72782600044089, 41.754967684414467 ], [ 13.728397682496498, 41.755195057785123 ], [ 13.728758576495077, 41.755291991000959 ], [ 13.729091963327397, 41.755331425497907 ], [ 13.729397278072454, 41.755341951907141 ], [ 13.72965486545603, 41.755351949747514 ], [ 13.729856448427952, 41.755296985383467 ], [ 13.730153908607042, 41.755221633011431 ], [ 13.73051663683375, 41.755225641894945 ], [ 13.730584582089644, 41.755169199413729 ], [ 13.730905116950231, 41.755055692780651 ], [ 13.73138154450738, 41.755013880212559 ], [ 13.731671927647183, 41.754988394406404 ], [ 13.731998400587878, 41.754959740235144 ], [ 13.732269575196575, 41.75495524152376 ], [ 13.732736458434111, 41.755003287684389 ], [ 13.734022469357193, 41.755175679956018 ], [ 13.735090791483886, 41.755140627272986 ], [ 13.735768169065079, 41.755157007527743 ], [ 13.735874494518011, 41.755164505035609 ], [ 13.736204844436068, 41.755196736285406 ], [ 13.736376534466247, 41.755215677305657 ], [ 13.736550354737101, 41.755234852643632 ], [ 13.736759643805057, 41.755208557573432 ], [ 13.736802054455618, 41.755199250514067 ], [ 13.736900279945056, 41.75517769457916 ], [ 13.737153920233736, 41.755185665772217 ], [ 13.737180169231658, 41.75518649090737 ], [ 13.737357464155343, 41.755185522300295 ], [ 13.73741188138658, 41.755185225019567 ], [ 13.737695100283164, 41.755154020962841 ], [ 13.737839818205064, 41.755174675590013 ], [ 13.738012013939233, 41.755222321919582 ], [ 13.738125514401396, 41.755276949202241 ], [ 13.738130153456883, 41.755280154213622 ], [ 13.738172994422525, 41.755285400498394 ], [ 13.738872368704282, 41.755327993151575 ], [ 13.739825529943005, 41.755245700014726 ], [ 13.740726976145874, 41.755234421251913 ], [ 13.741237105752756, 41.754922353626874 ], [ 13.741776380898733, 41.754686142956025 ], [ 13.742234212203396, 41.75439786965363 ], [ 13.742833091826339, 41.754019454256216 ], [ 13.74500546504113, 41.752613372880674 ], [ 13.745394231430376, 41.752260160643331 ], [ 13.746164340850987, 41.752012178610464 ], [ 13.74619222087893, 41.751996517137933 ], [ 13.746897399044837, 41.751572877806886 ], [ 13.74724781434958, 41.751390820785979 ], [ 13.747485063592027, 41.751300468748077 ], [ 13.747676519024349, 41.751273959282877 ], [ 13.74781499723157, 41.751189678315178 ], [ 13.747986958208029, 41.751019972564507 ], [ 13.748397646093652, 41.750683670353418 ], [ 13.748668882167225, 41.750481682154195 ], [ 13.748908948475851, 41.750245990943746 ], [ 13.748954555203628, 41.750191677402938 ], [ 13.749172024364695, 41.749972421008948 ], [ 13.749495131806601, 41.749720951183285 ], [ 13.749827503716007, 41.749483879580886 ], [ 13.75006875606819, 41.749350670707912 ], [ 13.750364425974317, 41.749112426228315 ], [ 13.750618671197628, 41.749054003842168 ], [ 13.7508842174067, 41.748980633455005 ], [ 13.751123664551525, 41.748940341670206 ], [ 13.751638570386104, 41.748807720834812 ], [ 13.753322017596714, 41.748475691339365 ], [ 13.754286844922905, 41.748278831065001 ], [ 13.75454960638746, 41.748240799727597 ], [ 13.754746364444808, 41.748212321104049 ], [ 13.75502357021503, 41.748193878168379 ], [ 13.75558581076902, 41.747962028530793 ], [ 13.756313069305735, 41.747662124391844 ], [ 13.756646938367469, 41.747676539505349 ], [ 13.756755020173467, 41.747681206228584 ], [ 13.756815983042113, 41.747666985836808 ], [ 13.757653244194257, 41.747471681144511 ], [ 13.757960102590461, 41.747565555373008 ], [ 13.758524156822565, 41.747688421949753 ], [ 13.758568256807537, 41.747704561178104 ], [ 13.759067655879667, 41.747887321712341 ], [ 13.75944235509229, 41.748093928809425 ], [ 13.759848487565327, 41.748155506996071 ], [ 13.759956000594004, 41.748144218523009 ], [ 13.760301271647345, 41.748107966237725 ], [ 13.760308365355007, 41.748116290029763 ], [ 13.760333132375958, 41.748105926904053 ], [ 13.76055693839343, 41.748051148298742 ], [ 13.760578860891055, 41.74823488058675 ], [ 13.760542580959344, 41.748301214628029 ], [ 13.760559561694974, 41.748411018753266 ], [ 13.760583273369869, 41.74844027377884 ], [ 13.760690115122458, 41.748572092061018 ], [ 13.760845571827049, 41.748762030513184 ], [ 13.760962416860364, 41.74877956783061 ], [ 13.761632488496511, 41.748880136498059 ], [ 13.762004834607266, 41.748741934286919 ], [ 13.762700971339678, 41.74868762589643 ], [ 13.763288021799047, 41.748608156745583 ], [ 13.763851629944945, 41.748423577724402 ], [ 13.764440504338232, 41.748248799897688 ], [ 13.764886648483772, 41.748215468250393 ], [ 13.765837819484833, 41.748397270565263 ], [ 13.766458845478587, 41.748537391689297 ], [ 13.767347124294968, 41.748680377254558 ], [ 13.768313950883156, 41.74870981121466 ], [ 13.769165514357095, 41.748776131169834 ], [ 13.770107254971943, 41.748786216791082 ], [ 13.771049177855296, 41.748786764398929 ], [ 13.772004735410722, 41.748739788812415 ], [ 13.772987377714919, 41.74860730436658 ], [ 13.773677132550102, 41.748481217729747 ], [ 13.774839202665559, 41.748283906841714 ], [ 13.775999106218098, 41.748032390351234 ], [ 13.776860432605465, 41.747710390109447 ], [ 13.778441273864688, 41.746949620201114 ], [ 13.77966034332411, 41.746428769961078 ], [ 13.780955567241278, 41.745918247022232 ], [ 13.782291469192263, 41.745274689016412 ], [ 13.782599044121849, 41.745163561636389 ], [ 13.783869488378087, 41.744614613998252 ], [ 13.784945616349525, 41.744244710096304 ], [ 13.785598024476441, 41.744070495315917 ], [ 13.786129241805861, 41.744109533862847 ], [ 13.787067022254869, 41.743859317199835 ], [ 13.787791092183753, 41.743864881799468 ], [ 13.788276447251459, 41.743774679326513 ], [ 13.788983909071465, 41.743642133197767 ], [ 13.789643150223363, 41.743284503364166 ], [ 13.790401911490742, 41.74310122221133 ], [ 13.790821976612126, 41.742962072147435 ], [ 13.795742886491931, 41.741400772042866 ], [ 13.797470031778266, 41.740852716937376 ], [ 13.797523168121236, 41.740835851230379 ], [ 13.797523640022842, 41.740836012670222 ], [ 13.79831163080434, 41.741105274112265 ], [ 13.798338139760085, 41.741100014773174 ], [ 13.798776385765958, 41.741013063997315 ], [ 13.799234405539728, 41.740979127034926 ], [ 13.799236373527924, 41.740977693657214 ], [ 13.799383589204046, 41.740870469331455 ], [ 13.799608547852522, 41.74075068792736 ], [ 13.799610889695197, 41.740750357468464 ], [ 13.799883702044465, 41.740711858896113 ], [ 13.799902500569825, 41.740716771245424 ], [ 13.800038064560951, 41.740752196128433 ], [ 13.8001877850025, 41.740828230412326 ], [ 13.800648283287307, 41.74087474216013 ], [ 13.800920047777348, 41.740872130447812 ], [ 13.801230832049606, 41.740996968899658 ], [ 13.801993085115486, 41.741499406351977 ], [ 13.802637712874812, 41.741911247451945 ], [ 13.803182275903739, 41.742143313011468 ], [ 13.803793011651129, 41.742239038556377 ], [ 13.804979693867777, 41.742590974983486 ], [ 13.805893211495622, 41.742660050044144 ], [ 13.8064292883479, 41.742921799911322 ], [ 13.807664158515275, 41.743250378758496 ], [ 13.808614041658707, 41.743504497474731 ], [ 13.809255622251255, 41.743654132687325 ], [ 13.809929898679121, 41.743756441576771 ], [ 13.810747449281454, 41.743854272292666 ], [ 13.811305506245107, 41.743788555689129 ], [ 13.812418762223674, 41.743811983890851 ], [ 13.813011922229061, 41.743567891793312 ], [ 13.813298753079872, 41.743481009977515 ], [ 13.813260494323149, 41.743182731437933 ], [ 13.813316003728161, 41.742879061813007 ], [ 13.813484947451901, 41.74252720785568 ], [ 13.813708724475008, 41.742168599362138 ], [ 13.813888628395242, 41.741902361747279 ], [ 13.814058135702522, 41.741552609150801 ], [ 13.814075546004911, 41.741254905409228 ], [ 13.814064267809897, 41.740787111932846 ], [ 13.814149004270304, 41.740504997263827 ], [ 13.814285160264543, 41.740238307377552 ], [ 13.81440625825558, 41.740163915944805 ], [ 13.814575850766611, 41.740284819352873 ], [ 13.814724227128206, 41.740348310054195 ], [ 13.814755601247837, 41.740372464232962 ], [ 13.815032874180178, 41.74052069143405 ], [ 13.81510493687682, 41.74055695103273 ], [ 13.815232453335014, 41.740578283853878 ], [ 13.81539040434963, 41.740605649707291 ], [ 13.815707585041347, 41.74069471012448 ], [ 13.816353296477592, 41.740878664631865 ], [ 13.816996709307363, 41.741084039457434 ], [ 13.817279616014662, 41.741168453095362 ], [ 13.818003044897377, 41.741383225026055 ], [ 13.81817332707111, 41.741415055394668 ], [ 13.818689696185775, 41.741511577093803 ], [ 13.819078721257155, 41.741626328734633 ], [ 13.819301647352406, 41.74176690677124 ], [ 13.819720613166936, 41.741895409879326 ], [ 13.820143510496637, 41.742024656233227 ], [ 13.820550381601336, 41.742081429345433 ], [ 13.820954209374754, 41.742260968844235 ], [ 13.821520980308536, 41.74250961783676 ], [ 13.822057076250076, 41.742686696511001 ], [ 13.822097538431843, 41.74256200028973 ], [ 13.82245778214833, 41.742176061499649 ], [ 13.822715614903696, 41.741857373288596 ], [ 13.822795535896242, 41.741780035091949 ], [ 13.822798146093902, 41.741777509243548 ], [ 13.823019736291794, 41.741536952968787 ], [ 13.823314236316955, 41.741215707729893 ], [ 13.823702829981102, 41.740933187182712 ], [ 13.824282881813829, 41.74049793664976 ], [ 13.824844807257319, 41.740217717399226 ], [ 13.825505122488268, 41.739970967668405 ], [ 13.825961914922033, 41.739815428557698 ], [ 13.826812050951753, 41.7395349232565 ], [ 13.827929577557098, 41.739278466353063 ], [ 13.828171667550674, 41.739238893449254 ], [ 13.829668540821283, 41.739158828276736 ], [ 13.831111333649774, 41.738998858437398 ], [ 13.831439977927152, 41.738964079134327 ], [ 13.831607510756967, 41.738946349085367 ], [ 13.831850919305452, 41.738920589263429 ], [ 13.832433849461639, 41.738883618826407 ], [ 13.832788485313655, 41.738841810037805 ], [ 13.83341186744812, 41.738768315374848 ], [ 13.833868843665046, 41.738570393535532 ], [ 13.834644682786939, 41.738334000832573 ], [ 13.835227712402743, 41.738202886512809 ], [ 13.836622136543554, 41.73806807283276 ], [ 13.8372959480311, 41.737966959816028 ], [ 13.837299928495339, 41.737966362489693 ], [ 13.837978640092217, 41.737941038960216 ], [ 13.838124402772356, 41.737935599856712 ], [ 13.838149558933518, 41.737933599545457 ], [ 13.838798387819988, 41.737882005473587 ], [ 13.838895065627897, 41.737874317452288 ], [ 13.839450946652429, 41.737786882942665 ], [ 13.840064593798626, 41.737721587761953 ], [ 13.84063832047797, 41.737633620891415 ], [ 13.840697149475025, 41.737627985329247 ], [ 13.841490905277098, 41.73738434114248 ], [ 13.842065159326809, 41.737208068915095 ], [ 13.842829565967788, 41.736973421599529 ], [ 13.84629757216436, 41.736185443260226 ], [ 13.846806895771246, 41.7360697075407 ], [ 13.847625526149072, 41.735869356265205 ], [ 13.849498952044407, 41.735410827537187 ], [ 13.851309348403985, 41.734728946790192 ], [ 13.85145324869654, 41.734674745336079 ], [ 13.851927294553274, 41.734489318344323 ], [ 13.85196530597857, 41.734474762937154 ], [ 13.851970163092664, 41.734457081524965 ], [ 13.851974254430587, 41.734442189862733 ], [ 13.852003902178801, 41.734420786007171 ], [ 13.852025760169727, 41.734405006146957 ], [ 13.852053092271134, 41.734385274106664 ], [ 13.852111279301926, 41.734343266590834 ], [ 13.852164834574166, 41.734304603490493 ], [ 13.852195995475217, 41.734282106835046 ], [ 13.852470535137719, 41.734083904993042 ], [ 13.852529961986477, 41.734052080017726 ], [ 13.852884766330114, 41.733862070644115 ], [ 13.853098499681137, 41.733752489137316 ], [ 13.85379662574036, 41.733394552983157 ], [ 13.854150055360293, 41.733230398348532 ], [ 13.854560119041333, 41.733039936872451 ], [ 13.854786541084389, 41.73285682175176 ], [ 13.855728197614669, 41.732002791277246 ], [ 13.856424389717223, 41.731618985596157 ], [ 13.8570242354432, 41.731396091934556 ], [ 13.857929173585799, 41.731424585607847 ], [ 13.857950225530068, 41.731425248382678 ], [ 13.858582827486082, 41.731411586258439 ], [ 13.859159082184011, 41.731207598888766 ], [ 13.860113583248573, 41.730778807668401 ], [ 13.860114031276439, 41.730778843358621 ], [ 13.860114888512806, 41.730778910746253 ], [ 13.860596474324367, 41.73081696072262 ], [ 13.86115804593487, 41.730839366717248 ], [ 13.861232296804584, 41.730842329098365 ], [ 13.861708323131511, 41.730909006433073 ], [ 13.861710237484486, 41.730909058551084 ], [ 13.862261614550194, 41.730924018808089 ], [ 13.862566635266495, 41.730946103623538 ], [ 13.863071639937642, 41.730812882336778 ], [ 13.86339114825463, 41.73073501839275 ], [ 13.863419550974518, 41.73073462037538 ], [ 13.863420886231957, 41.730734041837636 ], [ 13.86342485838296, 41.730732320928745 ], [ 13.863488237862818, 41.730704860867931 ], [ 13.863489278949574, 41.730704660457555 ], [ 13.863491504169385, 41.730704232098056 ], [ 13.86365171285407, 41.730673396382571 ], [ 13.863652838228081, 41.730672965235058 ], [ 13.863656656285979, 41.730671501664091 ], [ 13.863690262064381, 41.730658620106766 ], [ 13.864300370283377, 41.730410376129065 ], [ 13.864610043588108, 41.730268799633961 ], [ 13.864749371687555, 41.730205100909494 ], [ 13.864750180751189, 41.730205027798085 ], [ 13.864751295233924, 41.730204518120793 ], [ 13.86527386093478, 41.730157252752086 ], [ 13.86625411762026, 41.730133566531073 ], [ 13.867209430591247, 41.730081029117876 ], [ 13.868260415347734, 41.730015127724741 ], [ 13.868443122271696, 41.730007337567528 ], [ 13.869176615740772, 41.729904937763948 ], [ 13.870249853504557, 41.729658123138265 ], [ 13.871651102152974, 41.729209575524834 ], [ 13.871796139888891, 41.728920264390588 ], [ 13.8715321919206, 41.728369564228025 ], [ 13.871318054948883, 41.727590497621094 ], [ 13.870959126549735, 41.726832727110434 ], [ 13.870798279142328, 41.726480833479144 ], [ 13.87085004159195, 41.725977320866221 ], [ 13.869828178797794, 41.725202305625302 ], [ 13.869598099385248, 41.724717468782742 ], [ 13.869725669399219, 41.723428285792622 ], [ 13.868823810708472, 41.722120482891341 ], [ 13.868952206717791, 41.721586676027506 ], [ 13.869039967617386, 41.721221806162177 ], [ 13.868802371948057, 41.720622505234196 ], [ 13.86874926447658, 41.720386057334565 ], [ 13.868728767842182, 41.720285815002043 ], [ 13.868469619540793, 41.719736297207383 ], [ 13.868661374969038, 41.719076304129352 ], [ 13.868630066008345, 41.718459979307696 ], [ 13.86873418444773, 41.718355271512515 ], [ 13.869013747747887, 41.718074122911069 ], [ 13.869073238702482, 41.717674350577319 ], [ 13.869940892654881, 41.717168141471483 ], [ 13.869612131865093, 41.716616172685946 ], [ 13.869526115246302, 41.715807461388636 ], [ 13.870493305683819, 41.714519384118205 ], [ 13.870772906615233, 41.713263863752481 ], [ 13.871080742966084, 41.713120328979521 ], [ 13.87114625363143, 41.712920793246788 ], [ 13.871271770838389, 41.712836235344383 ], [ 13.871363148066253, 41.712794237450147 ], [ 13.871440653472758, 41.71272708098558 ], [ 13.871499517637011, 41.712634718685806 ], [ 13.871587624811282, 41.712506897527923 ], [ 13.871679939616557, 41.712411288892177 ], [ 13.871814056920279, 41.712380434079179 ], [ 13.871939384718637, 41.712306597333729 ], [ 13.872119304364501, 41.71211175934166 ], [ 13.872208534212183, 41.711919605253243 ], [ 13.872331652090535, 41.711699186676441 ], [ 13.872467079359506, 41.711593276726333 ], [ 13.87250969498953, 41.711611568131808 ], [ 13.872606651516115, 41.71152315375047 ], [ 13.872848885863769, 41.711311052283087 ], [ 13.873037091063321, 41.711187786576168 ], [ 13.873206902724194, 41.711025018974567 ], [ 13.873499790601469, 41.710917077055839 ], [ 13.873748938376307, 41.710855176357214 ], [ 13.873873075703731, 41.710849243562976 ], [ 13.874007313500906, 41.710811238326187 ], [ 13.874141925363249, 41.710751788621714 ], [ 13.874356374726281, 41.710764613402453 ], [ 13.874533227727186, 41.710744898252415 ], [ 13.874648448507347, 41.710703131257098 ], [ 13.875049975759149, 41.710657018051393 ], [ 13.87529347960618, 41.710645103266536 ], [ 13.875436757470011, 41.710635781842612 ], [ 13.875556809016134, 41.710590486473713 ], [ 13.875629787336994, 41.710508984336514 ], [ 13.875894424235419, 41.710379311862049 ], [ 13.875938969806873, 41.710286807600625 ], [ 13.875998634127377, 41.710147980516545 ], [ 13.876086480518701, 41.710034451774916 ], [ 13.876173953071671, 41.709942366836557 ], [ 13.87629951957727, 41.709854229109759 ], [ 13.876372745091427, 41.709758430399546 ], [ 13.876374861372573, 41.709636913585136 ], [ 13.876366691204259, 41.709558191692686 ], [ 13.876435333236868, 41.709451624349839 ], [ 13.87650483247546, 41.709393650243307 ], [ 13.876540485214907, 41.709292419592657 ], [ 13.876622251785848, 41.709258328975473 ], [ 13.87676542877967, 41.7091986347342 ], [ 13.876902233951698, 41.709141597107454 ], [ 13.877008881447624, 41.709097132717829 ], [ 13.877171577701876, 41.709029299319496 ], [ 13.877176682930306, 41.709015393795305 ], [ 13.877267565509502, 41.708767848305421 ], [ 13.87731783012195, 41.708630935927772 ], [ 13.877354523301241, 41.708410672696083 ], [ 13.877576042965478, 41.70804721922466 ], [ 13.877627468225722, 41.707833243461621 ], [ 13.877632401573699, 41.707787697069712 ], [ 13.877659600950636, 41.707536581636418 ], [ 13.877919790819281, 41.707482209969314 ], [ 13.87793278208521, 41.707188935740085 ], [ 13.878058742919141, 41.707172573835201 ], [ 13.878088884256835, 41.70699028062495 ], [ 13.877895778038999, 41.706573737773198 ], [ 13.877861352113561, 41.706358923683055 ], [ 13.878052251653122, 41.706353638520213 ], [ 13.878159166430832, 41.706240294166122 ], [ 13.878482614139671, 41.70629349639708 ], [ 13.878767534725577, 41.706367769577476 ], [ 13.878980916277841, 41.706354541974051 ], [ 13.879012727860413, 41.70635256992751 ], [ 13.878997645834355, 41.706328909825366 ], [ 13.878941467912005, 41.706240779894678 ], [ 13.878965885339758, 41.705933599753543 ], [ 13.879235452109027, 41.705793244046497 ], [ 13.879734334695017, 41.70508318238064 ], [ 13.880281949503553, 41.70462043498766 ], [ 13.880385938423363, 41.704496055215081 ], [ 13.880783098157279, 41.704021012322414 ], [ 13.881247386611808, 41.703653771702889 ], [ 13.881780172064666, 41.703187106006482 ], [ 13.881967220310131, 41.702852910468671 ], [ 13.882337720869732, 41.702391812254454 ], [ 13.882486363732205, 41.702071540796005 ], [ 13.882452295906582, 41.701835283557898 ], [ 13.882837780678107, 41.701476839265233 ], [ 13.882885033262687, 41.701309467987073 ], [ 13.882948625938067, 41.700717673988116 ], [ 13.882772478282401, 41.700422841345215 ], [ 13.882643773995364, 41.700142768305675 ], [ 13.882402597418299, 41.699747212911149 ], [ 13.882341650588009, 41.699410604303367 ], [ 13.88242389363203, 41.699068239077882 ], [ 13.88293792798402, 41.69857993734221 ], [ 13.883394347208881, 41.698244988004468 ], [ 13.88336016515426, 41.697883412265718 ], [ 13.883541361024436, 41.697334678659367 ], [ 13.883931387044289, 41.696845167365531 ], [ 13.88434680681029, 41.696541782448456 ], [ 13.884426935139304, 41.696320932774455 ], [ 13.884516723698608, 41.696093027532676 ], [ 13.885094762488492, 41.695762621219487 ], [ 13.885846561896516, 41.69531235908817 ], [ 13.886236355372869, 41.694979400482794 ], [ 13.886609355947222, 41.694768401740269 ], [ 13.886550401743424, 41.694502974441981 ], [ 13.886760530252902, 41.694302447358083 ], [ 13.887004706819884, 41.693971179509482 ], [ 13.887214626806859, 41.693782565018275 ], [ 13.887593564288384, 41.693575537864398 ], [ 13.88790405900947, 41.693443690628349 ], [ 13.888117462908511, 41.69305254517603 ], [ 13.887966314014376, 41.692598294674845 ], [ 13.887534789104436, 41.692262093949118 ], [ 13.887266663006013, 41.691685946014026 ], [ 13.887539378003469, 41.691180165430374 ], [ 13.887333235844084, 41.69059036700444 ], [ 13.88730883918668, 41.690161173651362 ], [ 13.887060080035125, 41.689837046833887 ], [ 13.886776043666941, 41.689715140836427 ], [ 13.886767544701465, 41.689286101321919 ], [ 13.886505979736228, 41.688783117040117 ], [ 13.886530112474306, 41.688080334885761 ], [ 13.886566882294959, 41.68742295662868 ], [ 13.886520789962358, 41.687146070851171 ], [ 13.886818812362087, 41.686824857047554 ], [ 13.887104774355626, 41.686465396101163 ], [ 13.887444874967908, 41.685915810813924 ], [ 13.887743356546206, 41.685509027517185 ], [ 13.887863213987561, 41.685343730273274 ], [ 13.888125023218677, 41.684982661677338 ], [ 13.888351623214918, 41.684746544176434 ], [ 13.888596472521542, 41.684558264664645 ], [ 13.888968707029171, 41.684356917682791 ], [ 13.889301567702317, 41.684226681866235 ], [ 13.889680974475299, 41.683977739917495 ], [ 13.889817830300318, 41.683783648090639 ], [ 13.889744741812269, 41.683597060331344 ], [ 13.889553166257345, 41.683275874142169 ], [ 13.889410480897928, 41.683069548836123 ], [ 13.889155918158279, 41.682984880430062 ], [ 13.889293715742475, 41.682834876695885 ], [ 13.889443365901101, 41.682636142737287 ], [ 13.889119858594997, 41.682223122985093 ], [ 13.888900567319174, 41.682035121253833 ], [ 13.888583219236329, 41.682003455308717 ], [ 13.888393066451687, 41.682078123195424 ], [ 13.888252419583269, 41.682014554128912 ], [ 13.888109555331251, 41.681965285645902 ], [ 13.888103548424528, 41.681798634935831 ], [ 13.887959229799595, 41.681687615942067 ], [ 13.887760983637801, 41.68138542693864 ], [ 13.887654806873776, 41.681274776709337 ], [ 13.887443111161708, 41.681015352738989 ], [ 13.887338905907363, 41.680790332549961 ], [ 13.887187905730805, 41.680698312677613 ], [ 13.887058965760769, 41.680801920371195 ], [ 13.887041784489782, 41.680692131422667 ], [ 13.88692081079037, 41.680333494897489 ], [ 13.886749396322955, 41.679950538611216 ], [ 13.886646345184005, 41.679658802162329 ], [ 13.886654837528241, 41.679534963268168 ], [ 13.886860875370573, 41.679384440829573 ], [ 13.887018523582654, 41.679090463399199 ], [ 13.887254090081541, 41.678701916239298 ], [ 13.887241301284933, 41.678320754761849 ], [ 13.887435103879348, 41.677597509022306 ], [ 13.887522214076505, 41.676969213541568 ], [ 13.887614056256259, 41.67601306236903 ], [ 13.887766436395532, 41.675390223868064 ], [ 13.887902995187087, 41.674832040310825 ], [ 13.887812948084774, 41.674154368119076 ], [ 13.887785236863786, 41.67281003041856 ], [ 13.887926095785625, 41.671744571063755 ], [ 13.887905283574408, 41.671328756212887 ], [ 13.887957973828341, 41.671185650307976 ], [ 13.888062660434542, 41.670901320473931 ], [ 13.888061988526353, 41.670792644582782 ], [ 13.888095415518315, 41.670623290929569 ], [ 13.888189102164798, 41.670498369607735 ], [ 13.888254594188828, 41.670386520974773 ], [ 13.88835584135014, 41.670265485460376 ], [ 13.888411786761548, 41.670117320652729 ], [ 13.888438422847386, 41.670047038796042 ], [ 13.888530746039153, 41.669853470230287 ], [ 13.888497286407805, 41.669729225065545 ], [ 13.888384639661087, 41.669478386672886 ], [ 13.888291675337053, 41.669265867580727 ], [ 13.888258839617032, 41.66910540553107 ], [ 13.888211045439565, 41.668927639978136 ], [ 13.888152919121749, 41.668759307147823 ], [ 13.888031517021167, 41.668721909719821 ], [ 13.887906555609256, 41.668743578338045 ], [ 13.887766997203512, 41.668726975627514 ], [ 13.887646317355655, 41.668647642046615 ], [ 13.887439990967101, 41.668521723240971 ], [ 13.887241915651261, 41.668359661112362 ], [ 13.887195944920199, 41.668223855518022 ], [ 13.887115336321775, 41.668032426678224 ], [ 13.887116813721271, 41.667946649323127 ], [ 13.887042092003419, 41.667856320796083 ], [ 13.886987707529743, 41.667766189632644 ], [ 13.887004470835022, 41.66767865368292 ], [ 13.887011065897653, 41.667591019255184 ], [ 13.887003162643651, 41.667459395491314 ], [ 13.88686495361004, 41.66736463916439 ], [ 13.886754380465424, 41.667289215341825 ], [ 13.88666855826142, 41.667105361288179 ], [ 13.886597431495398, 41.666954060026477 ], [ 13.886544296556266, 41.666791494143865 ], [ 13.886526521892181, 41.666642616356285 ], [ 13.886552751193859, 41.666448409338706 ], [ 13.8866223733109, 41.666391888944304 ], [ 13.886737194790603, 41.666368217298334 ], [ 13.886886147278075, 41.666281961767815 ], [ 13.886958475386463, 41.666215935116483 ], [ 13.886992638522239, 41.666151445893433 ], [ 13.887029935452592, 41.666052669881999 ], [ 13.886978291748806, 41.665951125890821 ], [ 13.886858044271225, 41.665847011231634 ], [ 13.886702208919958, 41.665742551706302 ], [ 13.886631457558307, 41.665717081888779 ], [ 13.886459712913462, 41.665650597398937 ], [ 13.886234848606451, 41.665568346164591 ], [ 13.886024612318714, 41.665522459591024 ], [ 13.885894527977653, 41.665399183601295 ], [ 13.885754046233025, 41.665289151731464 ], [ 13.88563886414765, 41.665333790510104 ], [ 13.88550928376967, 41.664914179863572 ], [ 13.885344354067676, 41.66452651767721 ], [ 13.88510544682911, 41.664005874818493 ], [ 13.884772038468249, 41.663713092352531 ], [ 13.884451820485605, 41.663484781411483 ], [ 13.884391155137095, 41.663409124672611 ], [ 13.88436447086181, 41.663298050999103 ], [ 13.88431352299849, 41.663211764696158 ], [ 13.884305163258059, 41.663143765207309 ], [ 13.884164275244768, 41.663020858894306 ], [ 13.88400345897792, 41.66294780429282 ], [ 13.883832802387838, 41.662892526835456 ], [ 13.883662269566681, 41.662830101241909 ], [ 13.883492106959359, 41.662746231286036 ], [ 13.883426121950137, 41.662702694362167 ], [ 13.883489008432084, 41.662649685154946 ], [ 13.883429332991604, 41.66251684303456 ], [ 13.883529854482251, 41.662492797133119 ], [ 13.883466400774678, 41.662302723836966 ], [ 13.883331085269187, 41.662133399997046 ], [ 13.883096433403225, 41.662195463822087 ], [ 13.883019215865078, 41.662272692280631 ], [ 13.882965461900367, 41.662326453277828 ], [ 13.882831454101186, 41.662357322716403 ], [ 13.8828033518616, 41.66232845229657 ], [ 13.88286679449836, 41.662243277272474 ], [ 13.882954252457527, 41.662147611329992 ], [ 13.882970547561984, 41.662138392362813 ], [ 13.883103546850466, 41.662059695818343 ], [ 13.883205897960485, 41.661672244010724 ], [ 13.882911247102623, 41.661429266415176 ], [ 13.882876905066954, 41.66140094750191 ], [ 13.882691390904284, 41.661102447319266 ], [ 13.882557439389686, 41.660854493145216 ], [ 13.882545427902388, 41.660722113963054 ], [ 13.882403428669212, 41.660388290043834 ], [ 13.882358296534379, 41.659648161914497 ], [ 13.882430342172992, 41.659268313475884 ], [ 13.880377067042676, 41.658164045300268 ], [ 13.878169438577997, 41.656540327487015 ], [ 13.875678672125046, 41.655491330907971 ], [ 13.874438576948517, 41.653951522611983 ], [ 13.87418238469901, 41.65154572648936 ], [ 13.875195616996645, 41.649502477163921 ], [ 13.875197679776582, 41.649497877064007 ], [ 13.875204936687632, 41.649481693792474 ], [ 13.875638118916802, 41.64851565994703 ], [ 13.876163791154283, 41.647519894641491 ], [ 13.876440641332898, 41.647129388021952 ], [ 13.877211938085644, 41.646624556433764 ], [ 13.877741047499191, 41.646343750670979 ], [ 13.878813070015983, 41.645901422024437 ], [ 13.879521214792943, 41.645372127552974 ], [ 13.880224603122661, 41.645116840253493 ], [ 13.881180874497113, 41.644935503947224 ], [ 13.881691391970888, 41.644809401187253 ], [ 13.882219025861188, 41.644611969226347 ], [ 13.882758834393339, 41.644629133350286 ], [ 13.883122698038646, 41.644716078722936 ], [ 13.883537913522, 41.64458904160437 ], [ 13.883905890397537, 41.644437713137734 ], [ 13.884401132731965, 41.64427570327075 ], [ 13.88488747466052, 41.6437084756068 ], [ 13.888461911630767, 41.643417810000507 ], [ 13.890805714585568, 41.643096688807624 ], [ 13.891861876589525, 41.64264455213997 ], [ 13.893821938701615, 41.641352719858055 ], [ 13.894885790317737, 41.641191369106657 ], [ 13.895333935681508, 41.641210690868441 ], [ 13.896712744441633, 41.641395518600618 ], [ 13.898134184493751, 41.641316213142886 ], [ 13.900663988501865, 41.641072337180162 ], [ 13.901378071228505, 41.641114911875938 ], [ 13.90205995633109, 41.641089255487444 ], [ 13.902470803979021, 41.641028835091333 ], [ 13.902930024624965, 41.640925978899595 ], [ 13.903626927380682, 41.640857560491924 ], [ 13.904643541013582, 41.640763587786793 ], [ 13.905608043495281, 41.640651236885276 ], [ 13.905825835513024, 41.640453128351517 ], [ 13.906052127884937, 41.640315870285107 ], [ 13.90659848057757, 41.640414010292666 ], [ 13.907012031150467, 41.64047513841556 ], [ 13.907410328050759, 41.640310915826561 ], [ 13.907801564760337, 41.640282462076392 ], [ 13.907999566603042, 41.640127057849092 ], [ 13.90835455575478, 41.639987442642685 ], [ 13.908723595574848, 41.639862258877983 ], [ 13.909057171041098, 41.639579451263742 ], [ 13.909560396293259, 41.639409067487478 ], [ 13.909870691166384, 41.639376264395736 ], [ 13.910055662771834, 41.639428063808289 ], [ 13.910543687981587, 41.639311152005327 ], [ 13.910743486040442, 41.639048519151331 ], [ 13.91141942675787, 41.638808270401505 ], [ 13.912358652050907, 41.638213041525233 ], [ 13.913886320923377, 41.637152047309854 ], [ 13.914267916205834, 41.636887013625675 ], [ 13.914646307314449, 41.636906204520017 ], [ 13.914965447226509, 41.636818659138491 ], [ 13.915159500324297, 41.636724417886512 ], [ 13.915708810091443, 41.636643098947353 ], [ 13.916031171940682, 41.636537974151715 ], [ 13.916857062407423, 41.636540993742869 ], [ 13.917283049647663, 41.636562498566697 ], [ 13.917669610398606, 41.636582011672409 ], [ 13.91784947058834, 41.636464549210189 ], [ 13.918052690129468, 41.636227975456542 ], [ 13.918321004189814, 41.63600189623844 ], [ 13.918712400258372, 41.635772033183258 ], [ 13.919058772994184, 41.635681391882628 ], [ 13.919528197580583, 41.635359893895576 ], [ 13.92114346787074, 41.634818178797119 ], [ 13.922691738529387, 41.634313299848415 ], [ 13.922713473428738, 41.634152642493362 ], [ 13.92278219493441, 41.634031747741687 ], [ 13.922827393079295, 41.633892758544299 ], [ 13.922881226272098, 41.633807470756153 ], [ 13.922968824934431, 41.633697476253531 ], [ 13.923099821562827, 41.633559552409352 ], [ 13.923187313988969, 41.633452870435782 ], [ 13.923446655806895, 41.633330186125015 ], [ 13.923519543936582, 41.633245076045647 ], [ 13.923684314720671, 41.633114181947015 ], [ 13.924682035019714, 41.63277456708078 ], [ 13.926171686718442, 41.631825712252351 ], [ 13.927098251139535, 41.631500727865294 ], [ 13.929793378300614, 41.630258032001663 ], [ 13.930477589799118, 41.629987957881958 ], [ 13.930713456447565, 41.629544186247564 ], [ 13.93109133750291, 41.62883320502776 ], [ 13.932062460717212, 41.627969412772622 ], [ 13.932369107180152, 41.627703220390956 ], [ 13.932861515126163, 41.627275766264901 ], [ 13.932948622979687, 41.627200148185771 ], [ 13.933106454587882, 41.627027952519612 ], [ 13.934464723449489, 41.625546024836851 ], [ 13.939503266229739, 41.624361141060611 ], [ 13.942687859808762, 41.623768482067263 ], [ 13.943783634680578, 41.623766640608807 ], [ 13.94560063445936, 41.625308523257537 ], [ 13.946256856473488, 41.625969900931942 ], [ 13.949836531817457, 41.627283591778713 ], [ 13.950304974179536, 41.627776411550151 ], [ 13.951292535907864, 41.628086295545991 ], [ 13.952829770549776, 41.628287981700439 ], [ 13.953980709113521, 41.629299374121302 ], [ 13.955581334500023, 41.629757786559864 ], [ 13.955953320278896, 41.629588389466988 ], [ 13.956786865034974, 41.629357644970312 ], [ 13.957945905578985, 41.628638326018482 ], [ 13.95839416831811, 41.628415991811188 ], [ 13.959133373023457, 41.628124797072488 ], [ 13.959930105977342, 41.62795923248143 ], [ 13.961073639739057, 41.627707430145634 ], [ 13.962992282853286, 41.627894553600989 ], [ 13.965314601503211, 41.627915481656665 ], [ 13.966528926040663, 41.628975298275535 ], [ 13.967177634881162, 41.629547996857426 ], [ 13.968647598659908, 41.629809914145788 ], [ 13.971149536979514, 41.630255659630997 ], [ 13.97289340243171, 41.631754751807527 ], [ 13.97444866992303, 41.63228271946641 ], [ 13.97524967909095, 41.632554627294326 ], [ 13.97577011708583, 41.632731289217681 ], [ 13.977371326859647, 41.633017222262801 ], [ 13.978659428729756, 41.633149667995575 ], [ 13.978741364247181, 41.633158092296817 ], [ 13.978758061371241, 41.633157124025672 ], [ 13.978769949078405, 41.633158346268175 ], [ 13.979311780276209, 41.633229332856651 ], [ 13.979514579338895, 41.633255901346743 ], [ 13.980087080246923, 41.633330902039233 ], [ 13.980663910007001, 41.633418645466293 ], [ 13.980839998195252, 41.633445430183428 ], [ 13.981284945666141, 41.633513109701028 ], [ 13.981626159238322, 41.633367521754586 ], [ 13.981945739722093, 41.633231162447565 ], [ 13.982368057047404, 41.633050964892796 ], [ 13.983286975352796, 41.632658864960696 ], [ 13.983621828924104, 41.63251598082087 ], [ 13.984186129455546, 41.632275186486659 ], [ 13.984658604310525, 41.63209148451039 ], [ 13.984839956730312, 41.632020972409926 ], [ 13.985849762979861, 41.631628339065813 ], [ 13.985860632057385, 41.631624112870895 ], [ 13.98606170376673, 41.631506116107296 ], [ 13.986828821468148, 41.631055934091805 ], [ 13.986836101122831, 41.631010751311315 ], [ 13.986869359992014, 41.630804321949434 ], [ 13.986938931822049, 41.630372502671811 ], [ 13.986948445545835, 41.630313452293763 ], [ 13.987626429923992, 41.630106612911163 ], [ 13.987950617698582, 41.63000770785527 ], [ 13.988172939870561, 41.629902933288328 ], [ 13.988549378800395, 41.629725525793035 ], [ 13.988725006826376, 41.629642755355157 ], [ 13.989391185500963, 41.629255907193297 ], [ 13.989475922050524, 41.62920670029186 ], [ 13.989808441191839, 41.629013603565419 ], [ 13.990248626189182, 41.628664324054178 ], [ 13.990630238313644, 41.628361516669777 ], [ 13.990663935545895, 41.628334777878266 ], [ 13.990819663870955, 41.628085948908698 ], [ 13.990996197415194, 41.627803873897449 ], [ 13.99108583878278, 41.627749404485634 ], [ 13.99132012459155, 41.627607042987144 ], [ 13.99188740024859, 41.627262338811533 ], [ 13.992220143685621, 41.627060144729384 ], [ 13.99269335035388, 41.62677259321503 ], [ 13.993005332332951, 41.626583009939729 ], [ 13.9930825604541, 41.626480022748453 ], [ 13.993302573546782, 41.626186623218878 ], [ 13.993426987150441, 41.626020709461599 ], [ 13.993534100896017, 41.625981024999632 ], [ 13.994073145662108, 41.625781312583904 ], [ 13.994410211490752, 41.625656430063017 ], [ 13.994515475147777, 41.625617429805118 ], [ 13.994856558876911, 41.62549105705402 ], [ 13.994953338294724, 41.625427612202941 ], [ 13.995363453051507, 41.625158754483408 ], [ 13.995825421402955, 41.624855898772914 ], [ 13.996211655842774, 41.624602688808423 ], [ 13.996219308278878, 41.624595709847625 ], [ 13.996406397582383, 41.624425085255695 ], [ 13.996915042213669, 41.623961197488882 ], [ 13.996923550306777, 41.623953437966478 ], [ 13.997047458376279, 41.623816842221025 ], [ 13.997073770827035, 41.623787835453271 ], [ 13.997357256561896, 41.623475319552171 ], [ 13.99741401574766, 41.623407311964989 ], [ 13.997530081825618, 41.623282917786575 ], [ 13.997613251831327, 41.623168590366291 ], [ 13.997670040291673, 41.623090527358585 ], [ 13.997878933251414, 41.622803375347509 ], [ 13.998283720912049, 41.622300487943598 ], [ 13.998584559336971, 41.621844356165674 ], [ 13.998870345104873, 41.621334471963557 ], [ 13.999338257470043, 41.62085596177176 ], [ 13.999709241150306, 41.620483847188694 ], [ 14.00005159490026, 41.619908915962476 ], [ 14.000240901026942, 41.619475640669485 ], [ 14.000351647055419, 41.61898806134549 ], [ 14.000543431873099, 41.618393945463694 ], [ 14.000986667619687, 41.617968834212427 ], [ 14.001578429489641, 41.617693957277652 ], [ 14.001903559308083, 41.617490441459793 ], [ 14.002724908150082, 41.616971095512618 ], [ 14.003173122588061, 41.616736669686972 ], [ 14.003744899863442, 41.616211378962468 ], [ 14.004077881808421, 41.615725721556061 ], [ 14.004315968054371, 41.615215409846336 ], [ 14.004569926538231, 41.614705235038166 ], [ 14.004624241046873, 41.614270782990992 ], [ 14.004531856185981, 41.613566957714276 ], [ 14.004619020267267, 41.61306129594567 ], [ 14.005502796459721, 41.612377835476366 ], [ 14.005897783061112, 41.611988034308489 ], [ 14.006396320070527, 41.61157529546059 ], [ 14.006917201573241, 41.61125807295543 ], [ 14.007629949393859, 41.61085313688929 ], [ 14.008063589363498, 41.610614521651144 ], [ 14.008815379255665, 41.610166296411506 ], [ 14.009378915546966, 41.609637043497749 ], [ 14.009598983485654, 41.609279373343746 ], [ 14.009793306781178, 41.60903081780954 ], [ 14.010523252243418, 41.608536643965195 ], [ 14.011218162881592, 41.60825664661931 ], [ 14.010998467352405, 41.608087936943321 ], [ 14.01073624622159, 41.607585221355912 ], [ 14.010485516379671, 41.606850247918381 ], [ 14.010384866622777, 41.606164228745826 ], [ 14.010321876287179, 41.605492970316924 ], [ 14.010351363091772, 41.605433139425045 ], [ 14.010383142297712, 41.605368656946709 ], [ 14.010694632819961, 41.605347506633244 ], [ 14.011190547998121, 41.60531878570022 ], [ 14.011510141038892, 41.605250443430549 ], [ 14.011832245610224, 41.604911863941837 ], [ 14.011865147617097, 41.604727630521161 ], [ 14.012077139387237, 41.60436006570329 ], [ 14.012240781431268, 41.604039747857428 ], [ 14.012435986961032, 41.603731616621793 ], [ 14.012692141107076, 41.603590828406894 ], [ 14.013186575827371, 41.603440169601384 ], [ 14.013507309321549, 41.603228439651616 ], [ 14.014017975456106, 41.603054085119012 ], [ 14.014126549095442, 41.603221836216797 ], [ 14.014300429974288, 41.60327099012239 ], [ 14.014462278843556, 41.603397953245107 ], [ 14.014722571284105, 41.603436960521989 ], [ 14.014984345621933, 41.603448140628302 ], [ 14.015206663134878, 41.603444087498332 ], [ 14.015336757848646, 41.603501801510973 ], [ 14.015462341083294, 41.603595223862811 ], [ 14.015596902702853, 41.603620207639722 ], [ 14.015779446768303, 41.60362177066132 ], [ 14.015946117449333, 41.603623197514921 ], [ 14.016067597693306, 41.603725520864671 ], [ 14.015998280132557, 41.603847063552081 ], [ 14.015909708842742, 41.603929715324547 ], [ 14.015780062589299, 41.604010701128601 ], [ 14.015706152268514, 41.604266080787191 ], [ 14.015662574933161, 41.604521895348775 ], [ 14.015706302476833, 41.604778457447161 ], [ 14.015821371663161, 41.605041588172348 ], [ 14.015944650238884, 41.605286915490218 ], [ 14.016147389575325, 41.605526964908357 ], [ 14.016273475580006, 41.605587622469528 ], [ 14.016416250040542, 41.605594802012682 ], [ 14.016561286199122, 41.605453054418383 ], [ 14.016682330086988, 41.605323017117684 ], [ 14.016859112619253, 41.605181540687205 ], [ 14.017026691592845, 41.605123395222527 ], [ 14.01715203030534, 41.605041517372726 ], [ 14.01740913962527, 41.605025237161051 ], [ 14.018330300165951, 41.604813271047412 ], [ 14.018916459154738, 41.604371436349417 ], [ 14.019295623018474, 41.603969537361365 ], [ 14.019930240155379, 41.603848361283355 ], [ 14.02060860887841, 41.603501437317867 ], [ 14.02103976898459, 41.602704374365814 ], [ 14.021463760407894, 41.602230001001466 ], [ 14.02150483747798, 41.602184042273969 ], [ 14.022486655129919, 41.602026355081556 ], [ 14.02259114969058, 41.601863933529501 ], [ 14.023105758392155, 41.601846859455414 ], [ 14.023291660343277, 41.601926297895261 ], [ 14.023597978424837, 41.602051225217522 ], [ 14.023986193213567, 41.602204659893445 ], [ 14.02442278300628, 41.602308457796973 ], [ 14.025116196368041, 41.602435880573942 ], [ 14.025724004869112, 41.60255542426588 ], [ 14.025997725614779, 41.6027221806063 ], [ 14.026792794996327, 41.603057787961589 ], [ 14.027138417387039, 41.603511127391073 ], [ 14.027476667430712, 41.603821414836624 ], [ 14.027766548744196, 41.604181338207574 ], [ 14.027962478740232, 41.60445467332584 ], [ 14.027987617897404, 41.604683667552628 ], [ 14.028089702317784, 41.604863266345035 ], [ 14.02821995254336, 41.604938721535731 ], [ 14.028658532163163, 41.606181661988224 ], [ 14.028418934143629, 41.606913644674819 ], [ 14.028636800055891, 41.607630427938616 ], [ 14.029554439862729, 41.608267327763485 ], [ 14.029267044884147, 41.608798724838877 ], [ 14.029265312123272, 41.609761499059886 ], [ 14.02961904139655, 41.610736806695499 ], [ 14.029623884564987, 41.611261138120348 ], [ 14.029499295485589, 41.611946430756859 ], [ 14.029477165317438, 41.612575392521677 ], [ 14.03021593071116, 41.613287036443786 ], [ 14.03125981790499, 41.613982182536965 ], [ 14.032118627999331, 41.614313523632738 ], [ 14.032300022579928, 41.614925134427168 ], [ 14.032204418784337, 41.615372359285757 ], [ 14.032367559520086, 41.6163555857934 ], [ 14.032799286991757, 41.617217148795596 ], [ 14.032724527879289, 41.617969591175317 ], [ 14.032617953562598, 41.619150730326638 ], [ 14.032819927190603, 41.620086619116002 ], [ 14.033598059449323, 41.620722311912338 ], [ 14.034288570745879, 41.621271470055447 ], [ 14.034193397141642, 41.621690102559462 ], [ 14.033783211239033, 41.622303890235088 ], [ 14.03352707521686, 41.622923732639904 ], [ 14.033304155412356, 41.623388952481186 ], [ 14.033372399028751, 41.623923348695016 ], [ 14.033709681426194, 41.624307485995978 ], [ 14.034565500060529, 41.624571482185509 ], [ 14.035208536984859, 41.624554351028131 ], [ 14.035907700991533, 41.624535720652112 ], [ 14.036208357554473, 41.624398208119381 ], [ 14.036473509395432, 41.624385703685228 ], [ 14.036473622377713, 41.624385697282513 ], [ 14.037111191003227, 41.624355629184642 ], [ 14.037345391706937, 41.624400942016763 ], [ 14.037777213995083, 41.624427886969222 ], [ 14.038287559280569, 41.624720695002139 ], [ 14.038421499847592, 41.624797540455383 ], [ 14.038956143169591, 41.624720606958633 ], [ 14.039553205042527, 41.624981323453582 ], [ 14.040041983900439, 41.625353907994786 ], [ 14.040379674562397, 41.625611318122694 ], [ 14.040778859051599, 41.62562747509169 ], [ 14.040895935108704, 41.625632213416587 ], [ 14.041156114131963, 41.625642743295423 ], [ 14.041471886259272, 41.625655521837345 ], [ 14.041769120095184, 41.626119579184397 ], [ 14.041871835695705, 41.626538092765713 ], [ 14.042148786499755, 41.627666497037133 ], [ 14.04218848837872, 41.628629675288103 ], [ 14.042191794516819, 41.628709879737713 ], [ 14.042175871312308, 41.628797936345336 ], [ 14.042055331990495, 41.629464518343873 ], [ 14.042071327224859, 41.629460671670401 ], [ 14.041896430872002, 41.630315463692789 ], [ 14.041900815084141, 41.630561072717192 ], [ 14.041909918143389, 41.631070988087608 ], [ 14.04187712044177, 41.631211778359599 ], [ 14.041685560418488, 41.632034058869202 ], [ 14.041697145483317, 41.632619710558515 ], [ 14.041699552391735, 41.632741366083785 ], [ 14.041110649438783, 41.63373442542926 ], [ 14.041034286238492, 41.633863192527535 ], [ 14.04064707441616, 41.634516120855764 ], [ 14.040540574152818, 41.63469570235786 ], [ 14.040016282679515, 41.635929981117236 ], [ 14.03947457919886, 41.636505405870885 ], [ 14.038945420131114, 41.637706168729515 ], [ 14.038859941015495, 41.637900132009648 ], [ 14.038496619770507, 41.638724544751966 ], [ 14.037983617928811, 41.639888557557768 ], [ 14.037642845995315, 41.640661751562646 ], [ 14.036796899120654, 41.642353602330623 ], [ 14.036478274889616, 41.642688106340394 ], [ 14.036219337146623, 41.6434194070915 ], [ 14.035459593316578, 41.644528869028306 ], [ 14.034871712460422, 41.645601107337107 ], [ 14.03438426577987, 41.646311553888673 ], [ 14.034189254139243, 41.646604827219498 ], [ 14.034052827238625, 41.646964128524978 ], [ 14.034197912119369, 41.647146613719883 ], [ 14.033601787966079, 41.648403232217873 ], [ 14.033537618376176, 41.648712577775207 ], [ 14.033494843634138, 41.648918782946133 ], [ 14.03349323734739, 41.648926526381857 ], [ 14.033160902501159, 41.649349286851923 ], [ 14.03309595593568, 41.649742663867201 ], [ 14.032881772018873, 41.649999770342589 ], [ 14.032663429853493, 41.650478278688084 ], [ 14.032552632825402, 41.650721093259889 ], [ 14.032432093458572, 41.650985256028981 ], [ 14.032408287634823, 41.651086374056867 ], [ 14.032363781614624, 41.651275417694947 ], [ 14.032317436594125, 41.651407662277848 ], [ 14.032225077946753, 41.651671204183309 ], [ 14.031938945047274, 41.652020015805476 ], [ 14.031571298123312, 41.652381536519094 ], [ 14.03129210667592, 41.652565067354928 ], [ 14.031013342213791, 41.652720003625817 ], [ 14.031144745145108, 41.652856949392543 ], [ 14.031371890562378, 41.652966104454421 ], [ 14.031603294172271, 41.653026125847546 ], [ 14.031602206465468, 41.653027894327309 ], [ 14.031159390131819, 41.653257914127686 ], [ 14.030818899291544, 41.653502888227401 ], [ 14.030605277635695, 41.653763230166177 ], [ 14.030512458064312, 41.654019824495705 ], [ 14.030241779027444, 41.654694347710382 ], [ 14.030008658719293, 41.654983121416095 ], [ 14.029881988669363, 41.655377650558613 ], [ 14.029856353214571, 41.655922684023153 ], [ 14.030081032001938, 41.656089500746951 ], [ 14.030246956540452, 41.656467434073903 ], [ 14.030090227945877, 41.656747319892659 ], [ 14.03001553604747, 41.657066027806493 ], [ 14.029779198655673, 41.65714505909542 ], [ 14.02958891719279, 41.657119621437317 ], [ 14.029447540990249, 41.657223285000072 ], [ 14.029323152945217, 41.657465312884831 ], [ 14.029134532930113, 41.657599599504429 ], [ 14.029047253499932, 41.657639333363214 ], [ 14.028866601527842, 41.657818924255778 ], [ 14.028716146724037, 41.658103627367694 ], [ 14.028553267549128, 41.658369160286483 ], [ 14.028502048151534, 41.658644812133332 ], [ 14.028195516135604, 41.65891425359623 ], [ 14.028172502112307, 41.659093827384091 ], [ 14.02795070813009, 41.659411342682681 ], [ 14.027798697576971, 41.659520976389828 ], [ 14.027586620869956, 41.659676468167959 ], [ 14.027352824964465, 41.660008126615352 ], [ 14.027123803441086, 41.660444682243217 ], [ 14.027019684877912, 41.660605852980119 ], [ 14.026825232545709, 41.660856817294018 ], [ 14.02644975126851, 41.661311196214697 ], [ 14.026288505870044, 41.661467116097846 ], [ 14.026062416286393, 41.661708278554961 ], [ 14.025974629036913, 41.66205070373239 ], [ 14.025860199084642, 41.662473929039542 ], [ 14.025778664543775, 41.662681642822427 ], [ 14.025580685448933, 41.66291646932325 ], [ 14.025518593001367, 41.663209799853469 ], [ 14.025440030581199, 41.66336165327688 ], [ 14.0252151531043, 41.663521798225474 ], [ 14.025021907086138, 41.663691743542174 ], [ 14.024891421977268, 41.663914649630485 ], [ 14.024768441944605, 41.664061359469336 ], [ 14.024507304036099, 41.664189588873846 ], [ 14.024403445384111, 41.66431277040715 ], [ 14.024316164557604, 41.664416289594001 ], [ 14.024290522087007, 41.664562524079301 ], [ 14.024211307455824, 41.664757267198624 ], [ 14.02392720805185, 41.665050361322812 ], [ 14.023681152267049, 41.665169431999381 ], [ 14.023451953568365, 41.665441262824949 ], [ 14.023328447043857, 41.665587740983007 ], [ 14.023058565635221, 41.665748383524544 ], [ 14.022947497671264, 41.666039540040799 ], [ 14.022923601921175, 41.666266755714645 ], [ 14.022939930314426, 41.666448011416648 ], [ 14.023020102592072, 41.66661074491735 ], [ 14.023003860855606, 41.666844152292143 ], [ 14.02280244166035, 41.667133180095263 ], [ 14.02245354327934, 41.667506745392998 ], [ 14.022054516662806, 41.667832220731945 ], [ 14.021555093661512, 41.668071047789404 ], [ 14.021284184221329, 41.668330883823167 ], [ 14.020898869123895, 41.66858974460115 ], [ 14.020485841992279, 41.66880568101567 ], [ 14.020315799418666, 41.668894580813806 ], [ 14.020069541400433, 41.669245608091487 ], [ 14.019169682472969, 41.669942908363069 ], [ 14.018768380624016, 41.670416105793038 ], [ 14.018461124359503, 41.670556468946387 ], [ 14.017922010151382, 41.670895031846854 ], [ 14.017685514851166, 41.671398230962957 ], [ 14.017818268740422, 41.671668347027257 ], [ 14.017847755690754, 41.671748817623815 ], [ 14.018295087505825, 41.672105663951086 ], [ 14.018415853201676, 41.6721066954793 ], [ 14.018835282766775, 41.6721150433074 ], [ 14.019209858085903, 41.672146837963993 ], [ 14.019743408578286, 41.672175221258662 ], [ 14.02017591243337, 41.672159844567148 ], [ 14.020399604283647, 41.672080725595926 ], [ 14.02094167753074, 41.671966189105127 ], [ 14.021624448468158, 41.671795653160871 ], [ 14.021860560841755, 41.671735701987366 ], [ 14.022395840009578, 41.671649698168871 ], [ 14.022701651410417, 41.671604636816994 ], [ 14.023077090646444, 41.671579231457905 ], [ 14.023430842037419, 41.671586502896787 ], [ 14.024500312862008, 41.671599786634978 ], [ 14.026336953836907, 41.671622572516561 ], [ 14.026338653816481, 41.671622481295252 ], [ 14.026365556092788, 41.671622814833825 ], [ 14.026498429783901, 41.671615684689662 ], [ 14.026766166790413, 41.671544659249449 ], [ 14.026961156270765, 41.671468918552378 ], [ 14.027203603529129, 41.671518909999726 ], [ 14.02745156116222, 41.67151624234954 ], [ 14.027744584854588, 41.671475825580522 ], [ 14.028058540327468, 41.671311663090805 ], [ 14.028365535181189, 41.671225220999382 ], [ 14.028437317085247, 41.671178079812947 ], [ 14.028717080214738, 41.671059854069775 ], [ 14.028940758087112, 41.670980718305096 ], [ 14.029368185120145, 41.670879471927897 ], [ 14.029579364363064, 41.670785930660259 ], [ 14.029993934106818, 41.670694105844255 ], [ 14.03012434432187, 41.670475959808456 ], [ 14.030314023419637, 41.670398514564326 ], [ 14.030490209107143, 41.670240735198462 ], [ 14.030651323780807, 41.670094341039075 ], [ 14.0308628560341, 41.669976969206424 ], [ 14.031162802386822, 41.669905239186001 ], [ 14.031285060838409, 41.669799411903796 ], [ 14.031623779928807, 41.669678344409419 ], [ 14.031837725973396, 41.669660356191109 ], [ 14.031884855967645, 41.669634233005894 ], [ 14.032061851567127, 41.669555915426116 ], [ 14.03223858374789, 41.669373717976072 ], [ 14.032603578423815, 41.669195674032579 ], [ 14.03280324862985, 41.669021003946675 ], [ 14.032996276669362, 41.66886534255287 ], [ 14.033193876880372, 41.668828875130906 ], [ 14.033480244101385, 41.668807452618594 ], [ 14.033666557744432, 41.668675564789702 ], [ 14.033904571824268, 41.668486916459102 ], [ 14.034102099151262, 41.668455213090475 ], [ 14.034145235979127, 41.668546134066922 ], [ 14.034111391199046, 41.668684070411381 ], [ 14.034014130804621, 41.6688119412728 ], [ 14.033918434952575, 41.668976854221256 ], [ 14.033874744748438, 41.669206367004335 ], [ 14.033770984705585, 41.66934371547331 ], [ 14.033717073310678, 41.66954821023505 ], [ 14.033691552073545, 41.669861437138245 ], [ 14.033625394760257, 41.670152750948063 ], [ 14.033615973804411, 41.670357619726119 ], [ 14.033587556160681, 41.670557562523264 ], [ 14.03351786319681, 41.670666637551463 ], [ 14.033373531379036, 41.670841736523485 ], [ 14.033274483533566, 41.671088747461788 ], [ 14.033314547273136, 41.671267156621141 ], [ 14.033226476703199, 41.671395600822372 ], [ 14.033176941523118, 41.671659874704268 ], [ 14.033110057584746, 41.671835563537975 ], [ 14.033702696408895, 41.672190706284695 ], [ 14.03407000531444, 41.672356450239114 ], [ 14.034133990951711, 41.672370498788254 ], [ 14.034350124299005, 41.672417952254357 ], [ 14.034535650752558, 41.672427390492459 ], [ 14.034629697743306, 41.672217797384178 ], [ 14.03488601515372, 41.671860550367846 ], [ 14.035100528974469, 41.671665560629258 ], [ 14.035414210347568, 41.671611475518162 ], [ 14.03544541213868, 41.671879801672965 ], [ 14.035507550285173, 41.672414165156447 ], [ 14.03547343766461, 41.672719321689669 ], [ 14.035558878739531, 41.672851110076607 ], [ 14.036145318148915, 41.673738552654569 ], [ 14.03627400194679, 41.674021975957601 ], [ 14.036863969568318, 41.67538815664544 ], [ 14.036771327732948, 41.675738889579662 ], [ 14.036721472964455, 41.676417659242226 ], [ 14.036505289010213, 41.677059287750971 ], [ 14.036159122739875, 41.677890474781535 ], [ 14.035988081036686, 41.678169055969683 ], [ 14.035706449662015, 41.678496361215501 ], [ 14.035073883627735, 41.678721415324041 ], [ 14.034449200732393, 41.679043846620758 ], [ 14.032880731902017, 41.68029966539121 ], [ 14.032266113541757, 41.681009425045836 ], [ 14.032031208613429, 41.681305335679724 ], [ 14.031958084611084, 41.68194220206852 ], [ 14.032072266505676, 41.68204200850856 ], [ 14.032297837192239, 41.682191127990272 ], [ 14.032437408096108, 41.682283394472435 ], [ 14.03203769557603, 41.682651793798485 ], [ 14.030938324375509, 41.683273609610737 ], [ 14.030841963443912, 41.683528233336517 ], [ 14.030798813540525, 41.683861504911974 ], [ 14.030690516462421, 41.684299083832769 ], [ 14.030837370341008, 41.68468162003461 ], [ 14.031136088244473, 41.685113098659151 ], [ 14.031108799615478, 41.685236790311158 ], [ 14.030777213175691, 41.685300721301395 ], [ 14.030471055763865, 41.685364865868998 ], [ 14.03037876032017, 41.685583333277592 ], [ 14.030475041515295, 41.685946378272078 ], [ 14.030267165230489, 41.686240129909088 ], [ 14.030023718929362, 41.686361997052273 ], [ 14.029855559653059, 41.686551226331403 ], [ 14.029799544012157, 41.686893921168526 ], [ 14.029830099678637, 41.687399398255778 ], [ 14.030132688388759, 41.687573536221642 ], [ 14.030139963578149, 41.687935830168655 ], [ 14.029755782299214, 41.688113703478678 ], [ 14.029426535192128, 41.688390070313424 ], [ 14.029548912112164, 41.688631169704955 ], [ 14.029692889552228, 41.688913896928838 ], [ 14.030005406282928, 41.688948191193134 ], [ 14.03037142920568, 41.689285063639687 ], [ 14.030423496870318, 41.689628670533125 ], [ 14.030457350190719, 41.689914929121947 ], [ 14.030853818323347, 41.690189947686434 ], [ 14.031309015033129, 41.690379151186555 ], [ 14.031248152847374, 41.690911010117496 ], [ 14.031133402119265, 41.691142395706535 ], [ 14.030979896494953, 41.691307918926306 ], [ 14.030977035396921, 41.691498543397337 ], [ 14.031171215610181, 41.691641834317544 ], [ 14.031130833799894, 41.691675367411797 ], [ 14.031039742980207, 41.691860610160006 ], [ 14.031014729710027, 41.691911479773218 ], [ 14.030823343442972, 41.692220098289248 ], [ 14.030784121729697, 41.692291260710313 ], [ 14.030701170345033, 41.692733818962395 ], [ 14.030559061890886, 41.693304565842361 ], [ 14.030284286503251, 41.693816998501745 ], [ 14.030109177096824, 41.694044298923608 ], [ 14.03026113131815, 41.694088477231261 ], [ 14.030428510262729, 41.694375862319809 ], [ 14.030308047679249, 41.694775207714031 ], [ 14.030258085330031, 41.695561211046112 ], [ 14.030282832393976, 41.695818795290315 ], [ 14.030546022323257, 41.696078391334048 ], [ 14.030685867705134, 41.696294050517523 ], [ 14.031046799632071, 41.696397184862604 ], [ 14.031136427245501, 41.696662068576764 ], [ 14.031453017020686, 41.696889250879501 ], [ 14.031354198098574, 41.697210752176275 ], [ 14.03122523122871, 41.697753012952276 ], [ 14.030989801135801, 41.698608945637829 ], [ 14.030861472194902, 41.699108315365315 ], [ 14.030295385038034, 41.699537264769333 ], [ 14.03013211810528, 41.699821859400039 ], [ 14.030204056222406, 41.700113205214912 ], [ 14.030256345445062, 41.700442514817865 ], [ 14.030113083753625, 41.700665317499222 ], [ 14.029904799004017, 41.700982895225174 ], [ 14.029489369895167, 41.701541799807373 ], [ 14.028886747089748, 41.701860810712311 ], [ 14.028295283025734, 41.702254567477731 ], [ 14.028232741688585, 41.70226342335468 ], [ 14.027502350158931, 41.702351982527993 ], [ 14.027042753505443, 41.702252767947094 ], [ 14.026687528098071, 41.701558659886473 ], [ 14.026144868079845, 41.701011310531669 ], [ 14.024864923227568, 41.699856566614329 ], [ 14.024374661130945, 41.699473491812796 ], [ 14.023913667867813, 41.699047767655308 ], [ 14.023777191087985, 41.698610500320378 ], [ 14.023557685717705, 41.697986645193872 ], [ 14.023482213741042, 41.697686149311203 ], [ 14.023449719031477, 41.697556768965619 ], [ 14.023637191023296, 41.697423397705101 ], [ 14.024115075607877, 41.69708341729033 ], [ 14.024596644369115, 41.69609447579289 ], [ 14.025213936264475, 41.695003605328957 ], [ 14.025401120220172, 41.69467071356236 ], [ 14.024933531599075, 41.69405190570285 ], [ 14.024813324919153, 41.693800659557333 ], [ 14.024424098667506, 41.69304667746691 ], [ 14.023760358379581, 41.692154525184698 ], [ 14.023290207945394, 41.691707272371289 ], [ 14.021427983620612, 41.68933930308409 ], [ 14.020978135168612, 41.688813571003131 ], [ 14.020755436117097, 41.688404162122701 ], [ 14.021018993250941, 41.687376904971572 ], [ 14.020681758355421, 41.686344528759342 ], [ 14.020027900532233, 41.684808998934976 ], [ 14.019595009992663, 41.683797251401863 ], [ 14.019346659847518, 41.683194588773567 ], [ 14.019201144091886, 41.682728640520573 ], [ 14.019018790799382, 41.682176585640462 ], [ 14.018626115559066, 41.681658481223522 ], [ 14.018099378389405, 41.681804117875437 ], [ 14.017436639351507, 41.682113023980627 ], [ 14.016460306166847, 41.682347749496564 ], [ 14.015586352303059, 41.682747778289404 ], [ 14.01439334401749, 41.683431037603043 ], [ 14.013750297507906, 41.683697195206761 ], [ 14.013503783111481, 41.683940729188535 ], [ 14.013349937564332, 41.684092713490159 ], [ 14.01326575113578, 41.684200638006125 ], [ 14.01294407362824, 41.684655432430247 ], [ 14.012408528832131, 41.684750921903145 ], [ 14.011947125981036, 41.684680735466827 ], [ 14.011561686533819, 41.684622102693474 ], [ 14.011128518160993, 41.6848829011874 ], [ 14.010374588915125, 41.685370143059082 ], [ 14.010197175163169, 41.685450551572856 ], [ 14.009291899203234, 41.685860838665796 ], [ 14.008610663126468, 41.686126638054844 ], [ 14.00816903459698, 41.68631585906126 ], [ 14.006956026742243, 41.687111827074673 ], [ 14.006517890054383, 41.687383289043694 ], [ 14.005818524951911, 41.687895566572884 ], [ 14.005412827737624, 41.688347903006047 ], [ 14.005272969985432, 41.688424134938025 ], [ 14.004363701150934, 41.688925610029209 ], [ 14.003834335797531, 41.689154537247177 ], [ 14.003033889983683, 41.689415695195109 ], [ 14.001928115047637, 41.689992340726427 ], [ 14.000889299367618, 41.69055525905884 ], [ 14.000077959201386, 41.690902093348164 ], [ 13.999460173382635, 41.691068299718133 ], [ 13.99877307643858, 41.691398333122308 ], [ 13.998156336416137, 41.691496623077505 ], [ 13.997618387349998, 41.691434737452155 ], [ 13.996902333151697, 41.691785954967493 ], [ 13.996529724429369, 41.691825597759077 ], [ 13.996118467140176, 41.691897073630727 ], [ 13.995430079817901, 41.692001872317483 ], [ 13.99490036971614, 41.692329683516 ], [ 13.994592493925312, 41.692805994191133 ], [ 13.99405683483451, 41.693208817147045 ], [ 13.993384073695266, 41.693227948570325 ], [ 13.992872217625353, 41.693327128765958 ], [ 13.992146356552986, 41.693692529089027 ], [ 13.991541858239094, 41.693615732702085 ], [ 13.991156382341373, 41.693562304077822 ], [ 13.989970452325323, 41.693458945625068 ], [ 13.989375943818388, 41.693353628415267 ], [ 13.988794679360801, 41.693316343114105 ], [ 13.988435859065051, 41.693388252836073 ], [ 13.988002193431935, 41.693184253931378 ], [ 13.986623756333898, 41.693496208504065 ], [ 13.985195939178089, 41.693712386324243 ], [ 13.984583457884749, 41.693840429670118 ], [ 13.983918008611889, 41.69410145514528 ], [ 13.982412969731751, 41.694374109931424 ], [ 13.98088278650069, 41.694627457153999 ], [ 13.979636573135581, 41.694616398374251 ], [ 13.978136031437737, 41.694603064772302 ], [ 13.976789296629633, 41.694514821938284 ], [ 13.975596372654582, 41.694351675322501 ], [ 13.975250878988223, 41.694340974959232 ], [ 13.973836823474405, 41.694415079468619 ], [ 13.972311601159513, 41.694570188849724 ], [ 13.97040170659179, 41.694705611093063 ], [ 13.967550177121142, 41.694870674879589 ], [ 13.964239311915684, 41.695126852620291 ], [ 13.963041817940727, 41.695249506537408 ], [ 13.96239158267935, 41.696169974926264 ], [ 13.961750245404012, 41.697016705059156 ], [ 13.960904935513179, 41.69797421975813 ], [ 13.961059229428988, 41.699648550135535 ], [ 13.96213415872335, 41.702214630836302 ], [ 13.960975748974404, 41.703599566596097 ], [ 13.958572071575425, 41.70396863477859 ], [ 13.957646495090692, 41.705752330724231 ], [ 13.957644861203352, 41.70575995852009 ], [ 13.957540515767215, 41.705998099684805 ], [ 13.95754011495271, 41.70640236145001 ], [ 13.957539089013864, 41.707437715179665 ], [ 13.957963758563087, 41.707922951989808 ], [ 13.959281978845066, 41.708611697406141 ], [ 13.960357856941066, 41.709736724943895 ], [ 13.961288792493372, 41.71117500019183 ], [ 13.962759293830478, 41.712289272972029 ], [ 13.963960874697909, 41.712922100113857 ], [ 13.965512941726153, 41.713715355489079 ], [ 13.967979749907581, 41.714142067511041 ], [ 13.968870053211941, 41.715351138757704 ], [ 13.969250257251785, 41.715696098918613 ], [ 13.969269165424274, 41.715713254226792 ], [ 13.969493985559625, 41.715687387802753 ], [ 13.969837897645384, 41.715661874502111 ], [ 13.970218373562632, 41.715736777749193 ], [ 13.970587826965263, 41.715904521595526 ], [ 13.971024635871341, 41.716037121057809 ], [ 13.971279037002178, 41.71623957871163 ], [ 13.971888266707035, 41.716586250886778 ], [ 13.972218422928396, 41.716569702508068 ], [ 13.972686821534104, 41.716516697004721 ], [ 13.972953274360925, 41.716561974603522 ], [ 13.973357033874644, 41.716973091596913 ], [ 13.973487150463077, 41.717544327253336 ], [ 13.973476245851733, 41.71768185614183 ], [ 13.973417204018437, 41.717988826409055 ], [ 13.973375581294301, 41.718071102270365 ], [ 13.973250870322721, 41.71831761773187 ], [ 13.972909928449766, 41.718684922101758 ], [ 13.972857329135092, 41.718991870719378 ], [ 13.972954880676408, 41.719457445518302 ], [ 13.972948733962834, 41.719843451343749 ], [ 13.973389540213306, 41.720326391904941 ], [ 13.973781509623999, 41.720880387311531 ], [ 13.97402293912551, 41.721190885654067 ], [ 13.97408768353006, 41.721274151734008 ], [ 13.974252642548933, 41.721415933183039 ], [ 13.974411775302892, 41.721610384004101 ], [ 13.974465345774387, 41.721719220410144 ], [ 13.974420142410661, 41.722034506009365 ], [ 13.974362803588468, 41.722130487287878 ], [ 13.974255526262777, 41.722310061883306 ], [ 13.974293003682426, 41.722478892940181 ], [ 13.974331355515094, 41.722608271165335 ], [ 13.974468399561175, 41.722691711012622 ], [ 13.974699949713195, 41.722833188200241 ], [ 13.974721416925824, 41.722983514425984 ], [ 13.974685066708485, 41.72316907107777 ], [ 13.974662858158892, 41.723365477811676 ], [ 13.97474651631841, 41.723505635067575 ], [ 13.974872430348011, 41.723689064881299 ], [ 13.974980682023716, 41.723782971128919 ], [ 13.975084617619636, 41.723848241698867 ], [ 13.975307881001973, 41.72391100177051 ], [ 13.975686786854839, 41.723988416645227 ], [ 13.976352811908528, 41.72421343577021 ], [ 13.97661367750967, 41.7243122746398 ], [ 13.976716594763259, 41.724441878081294 ], [ 13.976790490155631, 41.724596245428216 ], [ 13.976830195696166, 41.724800353153533 ], [ 13.976816230495215, 41.725079050250187 ], [ 13.976748537074226, 41.725435910808208 ], [ 13.976808631171, 41.725557983508629 ], [ 13.976967838379027, 41.725748856723925 ], [ 13.977424243710924, 41.726326598283045 ], [ 13.977877385652077, 41.727068841821129 ], [ 13.978076763824518, 41.727435227816152 ], [ 13.978309655359327, 41.727794762189426 ], [ 13.978508910087934, 41.727868026446082 ], [ 13.978699755244737, 41.72786972295814 ], [ 13.978948816139207, 41.727811167746829 ], [ 13.979280343558189, 41.727667553437115 ], [ 13.979607041847192, 41.727527469910363 ], [ 13.979902850386209, 41.727530096524767 ], [ 13.980375698573468, 41.72750212187389 ], [ 13.980648386082086, 41.727458071160136 ], [ 13.980911361567864, 41.727424657557982 ], [ 13.981221595998115, 41.727420259456949 ], [ 13.981487987202394, 41.727472666014691 ], [ 13.981775920321519, 41.727671822814159 ], [ 13.981939015682798, 41.727919917700504 ], [ 13.981910137352422, 41.728237804140967 ], [ 13.98189529007958, 41.728573688046787 ], [ 13.981957628490676, 41.728856636361868 ], [ 13.982257682580405, 41.729195309976021 ], [ 13.982427134230203, 41.729343370722738 ], [ 13.982729053962439, 41.72956409675632 ], [ 13.983169906485958, 41.729750305283694 ], [ 13.983315956140357, 41.729869560553269 ], [ 13.983289619815206, 41.730026611313768 ], [ 13.98317285399493, 41.730168563291592 ], [ 13.983007867094027, 41.730342260025068 ], [ 13.982731164907753, 41.730640079580994 ], [ 13.982762880664733, 41.73069596252045 ], [ 13.982790460882216, 41.730707671565405 ], [ 13.982945599543136, 41.730746203615666 ], [ 13.983316085620727, 41.730826155703063 ], [ 13.983543350463798, 41.730809363396858 ], [ 13.983833045557137, 41.73084882055602 ], [ 13.984174538204496, 41.731062650521451 ], [ 13.984386345827382, 41.731147930999605 ], [ 13.98461533455823, 41.731152337947165 ], [ 13.984919651361182, 41.731192069691865 ], [ 13.985023941283382, 41.731218727684421 ], [ 13.985109972207194, 41.731240718328827 ], [ 13.985293088996906, 41.731346589352512 ], [ 13.985409133529934, 41.731452469974769 ], [ 13.985541080643417, 41.731552264555773 ], [ 13.985776994521782, 41.731825596650701 ], [ 13.986138210360934, 41.732075529534733 ], [ 13.986567192460866, 41.732573955887474 ], [ 13.986805353009498, 41.733083131809259 ], [ 13.986916607686785, 41.733357282588436 ], [ 13.987031947292792, 41.733569418012458 ], [ 13.987265321807772, 41.73410528675516 ], [ 13.987794357290234, 41.735263362458006 ], [ 13.988103500033727, 41.736648275584777 ], [ 13.988097775886077, 41.738492947707385 ], [ 13.988126163254149, 41.738571899958472 ], [ 13.988217812561386, 41.738754884739741 ], [ 13.988280692679636, 41.739005662350095 ], [ 13.988279513051971, 41.739539679775945 ], [ 13.988225738247477, 41.739770148557007 ], [ 13.988287385012326, 41.740099557041923 ], [ 13.988423814808879, 41.740529713453924 ], [ 13.988552635856038, 41.740837801644375 ], [ 13.988636264277904, 41.741037805609501 ], [ 13.98876988820215, 41.741287005976496 ], [ 13.988810201772775, 41.741455368191765 ], [ 13.988840968326318, 41.741781306593197 ], [ 13.988908720008274, 41.74224130850606 ], [ 13.988999326876639, 41.742576496212678 ], [ 13.989028152982694, 41.742683133723766 ], [ 13.988993649529753, 41.742843937159726 ], [ 13.989002363076796, 41.743028859579439 ], [ 13.989007972580689, 41.743147906293061 ], [ 13.989022540968604, 41.743349838040636 ], [ 13.989190776041008, 41.743488051912209 ], [ 13.989441754760923, 41.743646870476908 ], [ 13.989484544609692, 41.743802680514676 ], [ 13.989503667911272, 41.744013751535626 ], [ 13.989964945810099, 41.743942810812484 ], [ 13.990333857121966, 41.743955585695709 ], [ 13.990649922979742, 41.744091815458702 ], [ 13.990888438464305, 41.744303621894595 ], [ 13.991188796766373, 41.744630358826058 ], [ 13.991223802749355, 41.745000997998858 ], [ 13.991493600150395, 41.745285782314035 ], [ 13.991751370879552, 41.745678728536674 ], [ 13.99190123787197, 41.746013887282523 ], [ 13.992091623644333, 41.746254425334278 ], [ 13.992217947032451, 41.746414024483734 ], [ 13.99247887522027, 41.74670866615827 ], [ 13.992665854223084, 41.74691980196507 ], [ 13.992758491906933, 41.747344926731053 ], [ 13.9929415005672, 41.747851744305635 ], [ 13.993002476203493, 41.748022466964407 ], [ 13.993049043066863, 41.748300706207736 ], [ 13.99309578103081, 41.74856802093192 ], [ 13.993089674214538, 41.748958792718412 ], [ 13.993159633246757, 41.74936929575351 ], [ 13.993129412385102, 41.749674065256336 ], [ 13.993329476346466, 41.749904594147708 ], [ 13.99348782461235, 41.749953643105378 ], [ 13.993553638641949, 41.750018562839152 ], [ 13.993724677600264, 41.750070105721939 ], [ 13.993857311184698, 41.750135610507584 ], [ 13.994018247030994, 41.750222810685074 ], [ 13.994131566784082, 41.750302444522909 ], [ 13.994244998406142, 41.750374929986009 ], [ 13.994365354107165, 41.750389270327432 ], [ 13.994392988923419, 41.750392562987862 ], [ 13.994397439656108, 41.75040383962439 ], [ 13.994479957755431, 41.750612911573675 ], [ 13.994516690172047, 41.750706173190707 ], [ 13.994619793931134, 41.75082877078335 ], [ 13.994743888094504, 41.750829856643414 ], [ 13.994896619381844, 41.750831192902623 ], [ 13.995066883570136, 41.750932613498513 ], [ 13.995322165689357, 41.751092129460588 ], [ 13.995438832356808, 41.750957314035141 ], [ 13.995529117572197, 41.750798092950987 ], [ 13.995779994093368, 41.75100805439812 ], [ 13.995910510300005, 41.751015056590433 ], [ 13.996086772262473, 41.75103804463869 ], [ 13.996176175958205, 41.751121042095434 ], [ 13.9962451519139, 41.751289651907364 ], [ 13.996333832314033, 41.75141911298671 ], [ 13.996398871454192, 41.751710844710367 ], [ 13.996443546988003, 41.752111592424562 ], [ 13.996514124301743, 41.752483969375724 ], [ 13.996801523902697, 41.752829642780704 ], [ 13.997355223464366, 41.75326896058624 ], [ 13.997388912103897, 41.753530629574435 ], [ 13.997501388987889, 41.753665063539671 ], [ 13.997607841274975, 41.753907447174875 ], [ 13.99767001530666, 41.754018802814947 ], [ 13.997814354006069, 41.754134449801334 ], [ 13.998077129033357, 41.754288316124693 ], [ 13.99812077713889, 41.754320724970867 ], [ 13.998199697285692, 41.754379323286877 ], [ 13.998319428129868, 41.754536232997111 ], [ 13.998554156663694, 41.754570702409659 ], [ 13.998719337288158, 41.754401500408107 ], [ 13.998806062751729, 41.754334589930401 ], [ 13.999107977606945, 41.754272463087872 ], [ 13.999600829201132, 41.754505531315345 ], [ 13.999842933954803, 41.754595005182559 ], [ 13.999992035704896, 41.754650107855994 ], [ 14.000006029086249, 41.754655279294475 ], [ 14.000375272886213, 41.75479173729471 ], [ 14.000669221458063, 41.754876028854355 ], [ 14.000912617692983, 41.754983001219948 ], [ 14.000986159001801, 41.755060927943383 ], [ 14.001077052979518, 41.755051157282189 ], [ 14.00113773487522, 41.755037386404872 ], [ 14.001212475208643, 41.754937946859172 ], [ 14.001402162068889, 41.754720093812359 ], [ 14.001473684185871, 41.754637951060687 ], [ 14.001488969105655, 41.754346963458545 ], [ 14.001591404066154, 41.754299683572697 ], [ 14.001857160668989, 41.754204795017138 ], [ 14.002109702940521, 41.754026903432532 ], [ 14.002151712206752, 41.753885637916341 ], [ 14.002435019585899, 41.753631080190374 ], [ 14.002317983745753, 41.753499502515936 ], [ 14.002273246256616, 41.753449206171602 ], [ 14.002021143720061, 41.753069490452319 ], [ 14.00207510401507, 41.752462273693517 ], [ 14.002075895210794, 41.752308271264837 ], [ 14.002076683306916, 41.752154870031596 ], [ 14.002137538778804, 41.751924239787726 ], [ 14.00224081459049, 41.751725986640544 ], [ 14.002895525882678, 41.751475652295433 ], [ 14.003510770757732, 41.751202169765214 ], [ 14.004450624069298, 41.750721786036216 ], [ 14.004553821683057, 41.750615519216367 ], [ 14.004664053309165, 41.750502008687455 ], [ 14.004734309126226, 41.750440898056425 ], [ 14.004930525688838, 41.750144471622541 ], [ 14.005042941130565, 41.749871390814462 ], [ 14.00508266888178, 41.749771645420154 ], [ 14.005254176922701, 41.749587250122353 ], [ 14.005812937464729, 41.74915462823116 ], [ 14.005862385122857, 41.749149261261003 ], [ 14.006133514573538, 41.749414774701641 ], [ 14.006176745737196, 41.749399821492617 ], [ 14.006252148630782, 41.749050160653901 ], [ 14.006345245146459, 41.748791209896623 ], [ 14.006498572498066, 41.748434332206251 ], [ 14.006704126328097, 41.748318725396175 ], [ 14.006766246947606, 41.748004695552424 ], [ 14.007154668649473, 41.747579097911263 ], [ 14.007312561906016, 41.747440488720187 ], [ 14.007628447463228, 41.747266713300959 ], [ 14.007660988063883, 41.747248811914979 ], [ 14.007734021252304, 41.747258975024316 ], [ 14.007959772286876, 41.747371575010177 ], [ 14.008024760303108, 41.74739017211698 ], [ 14.008241742426629, 41.747351532928768 ], [ 14.008515595642262, 41.747233387986377 ], [ 14.008616242702423, 41.747209396986712 ], [ 14.008901785115311, 41.747273228340497 ], [ 14.009471875278335, 41.747127248457709 ], [ 14.010102956697557, 41.747061195038512 ], [ 14.010158539566833, 41.747050261504036 ], [ 14.010308615112441, 41.747020740453671 ], [ 14.010823900666956, 41.746919377992057 ], [ 14.010946884431549, 41.74691730021307 ], [ 14.011235031236062, 41.746803009293536 ], [ 14.01153074667806, 41.746610141006947 ], [ 14.011849316897415, 41.746379339179235 ], [ 14.012356454336333, 41.746100035099197 ], [ 14.012571594043825, 41.746175837617152 ], [ 14.012748782966707, 41.746241703574583 ], [ 14.013024276365378, 41.746329861535287 ], [ 14.013236720313527, 41.746379348005313 ], [ 14.013316481725951, 41.746365734514484 ], [ 14.013498860003264, 41.746300574271743 ], [ 14.013655456112925, 41.746256640156801 ], [ 14.01372711430095, 41.746263422496071 ], [ 14.013849284205085, 41.746274985586851 ], [ 14.01402583760315, 41.746208334203494 ], [ 14.014219181656346, 41.746212444980763 ], [ 14.01450244191305, 41.746218466919757 ], [ 14.014945725122354, 41.746883574133165 ], [ 14.01542806119518, 41.747596675923852 ], [ 14.016015948579454, 41.748691972971805 ], [ 14.016104944601237, 41.749115732375188 ], [ 14.016594490591027, 41.75040083061949 ], [ 14.017012380952636, 41.751303865473702 ], [ 14.017276142290561, 41.751954320189562 ], [ 14.017386954240049, 41.752617764703338 ], [ 14.017472506175704, 41.753863811265816 ], [ 14.017503560318355, 41.754436016274674 ], [ 14.017584527203676, 41.754865663196803 ], [ 14.017728865498473, 41.755313724967223 ], [ 14.017815951370098, 41.756515302780258 ], [ 14.017820894280986, 41.756583502014045 ], [ 14.018376872983529, 41.756647830753501 ], [ 14.01859990010165, 41.756631863024779 ], [ 14.019081767543106, 41.756338093227647 ], [ 14.01958949161236, 41.755913472614857 ], [ 14.020231091556065, 41.755579357011207 ], [ 14.020705260035555, 41.755267641553807 ], [ 14.020932356108586, 41.754983607364316 ], [ 14.021082854964352, 41.754728706960371 ], [ 14.021177352066957, 41.754568655751299 ], [ 14.02138419756359, 41.754046139962689 ], [ 14.021630091638595, 41.753571617915014 ], [ 14.022023240387441, 41.753354530157544 ], [ 14.022316585178498, 41.753234924218923 ], [ 14.022703312534439, 41.75310413586228 ], [ 14.023404084076082, 41.753062433142695 ], [ 14.023902423610288, 41.753128198055052 ], [ 14.024031363784665, 41.753145213669441 ], [ 14.024642734924139, 41.753227855717583 ], [ 14.02449674643873, 41.753411305097316 ], [ 14.024167878518931, 41.753587243404915 ], [ 14.023955087442562, 41.753978644303182 ], [ 14.023910708139336, 41.75428211016262 ], [ 14.024330983142409, 41.754375045582968 ], [ 14.024710130202246, 41.75455699589326 ], [ 14.024963707583332, 41.754624682969769 ], [ 14.025155445640317, 41.754942493344522 ], [ 14.025320728188307, 41.755217525000667 ], [ 14.025480671596886, 41.755689540322344 ], [ 14.025486914763174, 41.755802789626287 ], [ 14.025756796245696, 41.75637106022802 ], [ 14.025918457134141, 41.756729893095944 ], [ 14.026142143478527, 41.757196490122958 ], [ 14.026309332847648, 41.757716227183046 ], [ 14.026602466405212, 41.758326396611352 ], [ 14.026811151488154, 41.758733288133392 ], [ 14.026665156349106, 41.758916740027608 ], [ 14.026379678665503, 41.759379021613675 ], [ 14.026167961971959, 41.759698942936197 ], [ 14.025962397340908, 41.760138069969848 ], [ 14.02590817466997, 41.760566564493544 ], [ 14.025916879131421, 41.761043254094552 ], [ 14.025958399283127, 41.76145468721959 ], [ 14.026006975203616, 41.761925757084661 ], [ 14.025960527157318, 41.762366232805007 ], [ 14.02598460404848, 41.762878798761491 ], [ 14.026022972318344, 41.763498724337268 ], [ 14.026000392387079, 41.763939402302285 ], [ 14.026024469945614, 41.764451968121286 ], [ 14.026076832114494, 41.764672846696683 ], [ 14.026048547809934, 41.764964533894045 ], [ 14.026162311100872, 41.765334875261338 ], [ 14.026221820312903, 41.765609433557771 ], [ 14.026129071816319, 41.765954193530462 ], [ 14.026180534588637, 41.766234641302347 ], [ 14.026288866183432, 41.766438121058876 ], [ 14.026198819406918, 41.766604173188895 ], [ 14.02624250630528, 41.766872639609048 ], [ 14.026380234523238, 41.767237226085221 ], [ 14.026469482561644, 41.767379449596646 ], [ 14.026306400602817, 41.767909819379682 ], [ 14.026238691113841, 41.768177341545943 ], [ 14.026319684215729, 41.76823654655702 ], [ 14.026411852984983, 41.768303920649608 ], [ 14.026381586592215, 41.768726660123598 ], [ 14.026372566684335, 41.769112641951544 ], [ 14.026380193769526, 41.769516085838532 ], [ 14.026277320733866, 41.770003744406388 ], [ 14.02616105444489, 41.770324474047058 ], [ 14.026091809749905, 41.770693263685175 ], [ 14.026179548312516, 41.771206368560669 ], [ 14.025812789286546, 41.771250920547601 ], [ 14.025492511561634, 41.771379273274107 ], [ 14.025125751114656, 41.771423823050611 ], [ 14.024922468301867, 41.771183790360837 ], [ 14.024863862190477, 41.770849662446494 ], [ 14.02451825384666, 41.770548843977821 ], [ 14.024282966541467, 41.770320453746287 ], [ 14.024077523225973, 41.770223385684822 ], [ 14.023714923607924, 41.769993912693522 ], [ 14.023163704537726, 41.769607934999719 ], [ 14.023111142236797, 41.769180783252963 ], [ 14.023077980440162, 41.768963775720117 ], [ 14.022824719991782, 41.768806082417171 ], [ 14.022483580411262, 41.768631598782775 ], [ 14.021901150796701, 41.768594179836242 ], [ 14.021677746952466, 41.768523813299325 ], [ 14.021057014174936, 41.768442525244701 ], [ 14.02073087491698, 41.76834023516588 ], [ 14.020424021884077, 41.768423409830582 ], [ 14.020023842827339, 41.768782224355959 ], [ 14.019588367957459, 41.768950090232465 ], [ 14.019051766373973, 41.769069429496817 ], [ 14.018577947791746, 41.769246496410943 ], [ 14.018170544997801, 41.769243015302003 ], [ 14.017952387726734, 41.769029670076776 ], [ 14.017510406322051, 41.769113451692995 ], [ 14.017030687355831, 41.76893540078008 ], [ 14.016729002370599, 41.768888136627268 ], [ 14.01651927814409, 41.768811870079332 ], [ 14.016399300773802, 41.768762640827653 ], [ 14.015750808364347, 41.768440661179021 ], [ 14.015168236114446, 41.768235490236528 ], [ 14.014521480429787, 41.768053018047866 ], [ 14.014425907910145, 41.768061033710374 ], [ 14.014328186315918, 41.76801492693226 ], [ 14.014256421352918, 41.76800274982341 ], [ 14.014141654599355, 41.767935607726145 ], [ 14.014058466264213, 41.767886939550905 ], [ 14.013938176652013, 41.767844822093281 ], [ 14.013841370945485, 41.767784207229496 ], [ 14.013661972628892, 41.7676718768463 ], [ 14.013644760922443, 41.76764196424368 ], [ 14.013644620976558, 41.767639719569459 ], [ 14.013635714214042, 41.767636514132398 ], [ 14.013539641546027, 41.767554952434665 ], [ 14.013394172855369, 41.767435551855471 ], [ 14.013301629580955, 41.767351216355273 ], [ 14.013226500219588, 41.76728138093312 ], [ 14.013131474743204, 41.767250776241248 ], [ 14.012898579625391, 41.767210340360677 ], [ 14.012582283215618, 41.767243349256454 ], [ 14.012444710756004, 41.767257706123395 ], [ 14.012291808885207, 41.767289491431512 ], [ 14.011702991761631, 41.767411892790129 ], [ 14.011199337061733, 41.767663116029119 ], [ 14.010974668885648, 41.76778331467132 ], [ 14.010633389123525, 41.767982937447911 ], [ 14.010353249200985, 41.768087762910199 ], [ 14.010227859676768, 41.768081656052175 ], [ 14.010196174629293, 41.768069553360164 ], [ 14.010173397549883, 41.768075138484939 ], [ 14.009977314725418, 41.768015229706208 ], [ 14.00947829767037, 41.767862764055053 ], [ 14.009244551583624, 41.76775085165513 ], [ 14.008990984919537, 41.767664939304332 ], [ 14.008764997995605, 41.767545925192977 ], [ 14.00808963728231, 41.767354813015871 ], [ 14.007738573613683, 41.767344329104304 ], [ 14.007416919081484, 41.767302825502384 ], [ 14.007136875676084, 41.767213130619915 ], [ 14.006896899729094, 41.76708713650649 ], [ 14.006510612739618, 41.766874689228906 ], [ 14.006227753613794, 41.766719122742749 ], [ 14.00579235343986, 41.766669178354164 ], [ 14.00481198469795, 41.766878448574346 ], [ 14.004426225628025, 41.767014808851549 ], [ 14.004195202740179, 41.76703067963539 ], [ 14.003844275115384, 41.767081256434707 ], [ 14.003611500473339, 41.767210306897233 ], [ 14.003258542781888, 41.767391933392588 ], [ 14.002758375980099, 41.76732996316867 ], [ 14.002439157459101, 41.767330036772741 ], [ 14.001940165962253, 41.767330150051045 ], [ 14.0007223522668, 41.767238831867523 ], [ 14.000116280074582, 41.767274252944745 ], [ 13.999675252237274, 41.767234192559727 ], [ 13.999251917522161, 41.767079527995406 ], [ 13.999023580606877, 41.76696786247868 ], [ 13.998568887134057, 41.766958408281511 ], [ 13.998056285950256, 41.766738995965348 ], [ 13.997709566823364, 41.7667024606571 ], [ 13.997520526193547, 41.766641886068861 ], [ 13.99735240411774, 41.766458801394975 ], [ 13.997087220942188, 41.766503039783927 ], [ 13.99676275115301, 41.766405068452428 ], [ 13.996116175629115, 41.766126290441861 ], [ 13.995428424368786, 41.766015186520697 ], [ 13.99534906470849, 41.765991997490154 ], [ 13.994352591676169, 41.765932135572946 ], [ 13.9939001813421, 41.765856682203875 ], [ 13.993392820874529, 41.765733084107062 ], [ 13.993069395116761, 41.765551519215364 ], [ 13.992808526927588, 41.765040687205669 ], [ 13.992804052559604, 41.764709159461553 ], [ 13.992417767031327, 41.764586108986421 ], [ 13.992303218721492, 41.764532875272849 ], [ 13.991966084590619, 41.764434594630735 ], [ 13.991620626815525, 41.764380088515047 ], [ 13.991402028055887, 41.764383930739925 ], [ 13.991258937815925, 41.764386445555473 ], [ 13.991051181383785, 41.764342274971348 ], [ 13.990973670691268, 41.764210525109966 ], [ 13.990724854355289, 41.763838962888308 ], [ 13.990553549662275, 41.763599150328574 ], [ 13.990245229805746, 41.76324975837484 ], [ 13.990240882997712, 41.763212625865691 ], [ 13.990028072700763, 41.763038244839642 ], [ 13.98994082202235, 41.762974642504851 ], [ 13.989851754180821, 41.763008981025237 ], [ 13.989683714069983, 41.762893046805381 ], [ 13.989458028153422, 41.76255929374922 ], [ 13.989253309283743, 41.761959110668627 ], [ 13.989286865435719, 41.761625442314781 ], [ 13.989244996328969, 41.761484453559 ], [ 13.989153928841816, 41.76141464780418 ], [ 13.988847496550381, 41.761638749218307 ], [ 13.988759101428897, 41.761654034098093 ], [ 13.988661044681276, 41.761570344859791 ], [ 13.988625514827394, 41.761487296877789 ], [ 13.988638544638496, 41.761339921144277 ], [ 13.988585075694282, 41.761220340817751 ], [ 13.98846461322368, 41.761280792591457 ], [ 13.988397906308345, 41.761349000440141 ], [ 13.988323027843316, 41.761330765606957 ], [ 13.98830673822782, 41.761259477559193 ], [ 13.988369495329314, 41.761143438131448 ], [ 13.988416317635624, 41.760925241215936 ], [ 13.988465458195888, 41.760868316930527 ], [ 13.988502907531778, 41.760792010269313 ], [ 13.988612530915876, 41.760693003455891 ], [ 13.988636917026048, 41.760654819134785 ], [ 13.988657689959739, 41.760672830101839 ], [ 13.98879674898242, 41.760553851067286 ], [ 13.98900968138391, 41.76044871182502 ], [ 13.989060571202659, 41.760137722116717 ], [ 13.988904570390689, 41.759892541338338 ], [ 13.988864310763539, 41.759856082064523 ], [ 13.988700802261915, 41.759973300888895 ], [ 13.988705756442901, 41.760193980447916 ], [ 13.988593944219156, 41.760344289349028 ], [ 13.987949826329592, 41.760692614019455 ], [ 13.987597213985074, 41.760931923347407 ], [ 13.987334470242411, 41.761275375803351 ], [ 13.987092930553775, 41.761681598753455 ], [ 13.986924225712967, 41.761813191254589 ], [ 13.986637021600838, 41.762131232629258 ], [ 13.98648705869407, 41.762297295574683 ], [ 13.986286635603276, 41.762419718842111 ], [ 13.986297284465698, 41.762429491566849 ], [ 13.986292652960993, 41.762429863112388 ], [ 13.98623516667586, 41.762478583979046 ], [ 13.985977941914026, 41.762612188038098 ], [ 13.98596157663107, 41.762616980196938 ], [ 13.985949299638015, 41.762611935224442 ], [ 13.985891009570159, 41.762556401766425 ], [ 13.985756895424704, 41.762583814732317 ], [ 13.985310748494921, 41.762618004305253 ], [ 13.984942107241185, 41.76258138472442 ], [ 13.984662500470037, 41.76255031702469 ], [ 13.984248403488142, 41.762570487271859 ], [ 13.983788473303701, 41.762671275157579 ], [ 13.983329143571904, 41.762733937315488 ], [ 13.982801529639028, 41.76268637162385 ], [ 13.982184280079339, 41.762671372463025 ], [ 13.981273414153531, 41.762706194378993 ], [ 13.98066185100488, 41.762734132800915 ], [ 13.979203919600334, 41.76314537489862 ], [ 13.978558259046798, 41.763315983574024 ], [ 13.977528045697769, 41.763649981876306 ], [ 13.976910339839971, 41.764063903559226 ], [ 13.97658867801168, 41.764275515179691 ], [ 13.976230490141862, 41.764381945165447 ], [ 13.975860935085882, 41.764402482055154 ], [ 13.975378021069032, 41.764345748436696 ], [ 13.974781598416699, 41.764221273840349 ], [ 13.974222533562102, 41.76414955733194 ], [ 13.973758946068385, 41.764078691033497 ], [ 13.973051891328826, 41.764105735834612 ], [ 13.972533963459254, 41.764248855418217 ], [ 13.971610998653242, 41.764640953373316 ], [ 13.970548370130899, 41.765007961707312 ], [ 13.970094233758484, 41.765142109558056 ], [ 13.969518623259855, 41.765308529078887 ], [ 13.968701055951348, 41.765477540060807 ], [ 13.967647742345834, 41.765658725429375 ], [ 13.96659472891222, 41.76582083924287 ], [ 13.965790490614332, 41.765951820206887 ], [ 13.965088246360807, 41.766074182096119 ], [ 13.964601958659134, 41.766227083096943 ], [ 13.964172649556895, 41.766399560360291 ], [ 13.963743261485902, 41.766576801439221 ], [ 13.962737077734561, 41.766991907757777 ], [ 13.9621666455338, 41.767229829184764 ], [ 13.961455017813465, 41.767537963545642 ], [ 13.960730421752105, 41.76786027457247 ], [ 13.958679230684419, 41.768723436260416 ], [ 13.957929454014346, 41.769026436679177 ], [ 13.957501497618342, 41.76911311059385 ], [ 13.956838941516214, 41.769140459217049 ], [ 13.956380004931146, 41.769174420094643 ], [ 13.955755486519756, 41.769211640286294 ], [ 13.955116457603292, 41.769358346304692 ], [ 13.954661640476356, 41.769530555808586 ], [ 13.954218158824919, 41.769788657187569 ], [ 13.954037135062746, 41.769958590133442 ], [ 13.953887628763198, 41.770147874346257 ], [ 13.953704899322373, 41.770422646260407 ], [ 13.953636131019502, 41.770736585022021 ], [ 13.95354104708921, 41.771102711526694 ], [ 13.953136519466305, 41.771313502084581 ], [ 13.952771734138622, 41.771429330755431 ], [ 13.952304940160397, 41.771553760267849 ], [ 13.951933863822426, 41.771664762755378 ], [ 13.951453791693458, 41.771822430611927 ], [ 13.951093891139129, 41.772028855105908 ], [ 13.950727311773724, 41.772254282001747 ], [ 13.950199873874682, 41.772583092837799 ], [ 13.949627480565745, 41.772935320865166 ], [ 13.949055547793556, 41.773258953407328 ], [ 13.948574445063075, 41.773478559464685 ], [ 13.948177965400451, 41.773584551098239 ], [ 13.947643614420036, 41.773555826691002 ], [ 13.94672559158766, 41.773628437662893 ], [ 13.945947305970464, 41.773721388053943 ], [ 13.945488644075086, 41.773736243277654 ], [ 13.944760267833308, 41.773891603480486 ], [ 13.943799897534237, 41.774216407113748 ], [ 13.94344702935553, 41.774379976930149 ], [ 13.94276749648051, 41.774677324089147 ], [ 13.941671496531827, 41.775102383867207 ], [ 13.940614267830682, 41.775507292590198 ], [ 13.94018467698595, 41.775689209284444 ], [ 13.939485741889456, 41.775987791446333 ], [ 13.938627252315065, 41.776308725932275 ], [ 13.938560646474025, 41.776383950537145 ], [ 13.937966346093845, 41.776231125823486 ], [ 13.93712334003571, 41.775999321036885 ], [ 13.936380859955113, 41.775849465078416 ], [ 13.935594293228215, 41.775670599059765 ], [ 13.934978985464175, 41.775531444564209 ], [ 13.934425763802453, 41.775488185300709 ], [ 13.933449300115518, 41.775626873752003 ], [ 13.932982676790765, 41.77573692767502 ], [ 13.932113561416209, 41.775929029212904 ], [ 13.931513560614389, 41.776018772689383 ], [ 13.930499123569156, 41.776142784420529 ], [ 13.930567446966027, 41.776292369629758 ], [ 13.930605629531634, 41.776375652967388 ], [ 13.93066260596459, 41.776499929863284 ], [ 13.930720904530979, 41.776544667449656 ], [ 13.93101030951169, 41.776538521716809 ], [ 13.931155836442624, 41.776626490733022 ], [ 13.931202970617544, 41.776687631695999 ], [ 13.931357349805827, 41.776887885129106 ], [ 13.931755603902287, 41.777404476394764 ], [ 13.932276219044756, 41.778079772115085 ], [ 13.932459460855679, 41.778634077162017 ], [ 13.932517541108856, 41.778727270368812 ], [ 13.93265543367994, 41.778936111006942 ], [ 13.932872606814684, 41.778919679347808 ], [ 13.933230076137752, 41.778865805935929 ], [ 13.933555633695573, 41.778816401290314 ], [ 13.933835678412819, 41.778823766858508 ], [ 13.933993813555595, 41.778887194066172 ], [ 13.93413095561241, 41.779064813340909 ], [ 13.934152712438056, 41.779289023206623 ], [ 13.934054531607513, 41.779450160549629 ], [ 13.933917598579441, 41.77964430106708 ], [ 13.933837016348539, 41.779896157944776 ], [ 13.933813811618386, 41.780143781176271 ], [ 13.934075972480928, 41.780846834660181 ], [ 13.934188835947191, 41.780952736641417 ], [ 13.934398990093952, 41.781335976348927 ], [ 13.93447852232681, 41.781532125238542 ], [ 13.934620617954479, 41.781795580074153 ], [ 13.934918492655843, 41.782265422557849 ], [ 13.934973743299418, 41.78238985406842 ], [ 13.93519798077878, 41.782692198688331 ], [ 13.935358945899274, 41.782970125851747 ], [ 13.935436985172899, 41.783256816566166 ], [ 13.935533968218042, 41.783553215006052 ], [ 13.935598407987255, 41.783892206931974 ], [ 13.935830517811862, 41.784104066848933 ], [ 13.936122295659787, 41.784173495194885 ], [ 13.936445279011149, 41.784281340711594 ], [ 13.936452014541594, 41.785029684480769 ], [ 13.936756441791589, 41.785490050428777 ], [ 13.936948941231879, 41.785787331628242 ], [ 13.936674399206849, 41.787371909310401 ], [ 13.936574085364597, 41.787661714103443 ], [ 13.936571407495313, 41.787823737432518 ], [ 13.936637274181653, 41.788076951588586 ], [ 13.936786074983601, 41.788321401095757 ], [ 13.937030703087068, 41.788547672702066 ], [ 13.937249469581321, 41.788797535125468 ], [ 13.937479320051025, 41.789147588173918 ], [ 13.937607371497819, 41.789491933179335 ], [ 13.937624500593262, 41.789997300289365 ], [ 13.93762347133025, 41.790445305989437 ], [ 13.937693587745443, 41.79082724395824 ], [ 13.937808278715242, 41.791209594044965 ], [ 13.937969275734885, 41.791487517522654 ], [ 13.938136563206225, 41.791770265032333 ], [ 13.938427983389888, 41.792249570362841 ], [ 13.938569174538747, 41.792570204984138 ], [ 13.938790397727189, 41.793058392918219 ], [ 13.938772316319323, 41.79338232183968 ], [ 13.938792913954856, 41.793678011377601 ], [ 13.938877348536209, 41.793964758385492 ], [ 13.939081753848026, 41.794314572929558 ], [ 13.939072635067854, 41.794481302777911 ], [ 13.938976172996353, 41.794923660603658 ], [ 13.938802348998388, 41.795422497026337 ], [ 13.938603442797564, 41.79589727080338 ], [ 13.938466642640538, 41.7964679404393 ], [ 13.938602575468291, 41.796721800619927 ], [ 13.938826485615923, 41.797047965128492 ], [ 13.938818859430922, 41.797124152500672 ], [ 13.93840484579486, 41.796739037857023 ], [ 13.938257435871165, 41.796408813529766 ], [ 13.938065292937228, 41.796087707689054 ], [ 13.937853575369102, 41.795795017205833 ], [ 13.937648778732052, 41.795469027524319 ], [ 13.937406248042995, 41.795114091719654 ], [ 13.937202794257194, 41.794707089671952 ], [ 13.937055631207603, 41.794362567650758 ], [ 13.937079853370527, 41.794052994245241 ], [ 13.936933479912311, 41.793660818176463 ], [ 13.936829950716637, 41.793373893018298 ], [ 13.936695370761166, 41.793039019165157 ], [ 13.936554345571514, 41.7927088515872 ], [ 13.936399246838057, 41.79245957750787 ], [ 13.936236914734598, 41.792262663518862 ], [ 13.936068531095398, 41.792046628776397 ], [ 13.935913199338726, 41.791811650216125 ], [ 13.935742374118968, 41.791743342020631 ], [ 13.935544186023396, 41.79178916684031 ], [ 13.935415727339995, 41.791854702041178 ], [ 13.935425229668493, 41.792050200926205 ], [ 13.935537168456579, 41.792213286273558 ], [ 13.935799096905823, 41.792549341390696 ], [ 13.935973139371608, 41.792808323981156 ], [ 13.935974699225492, 41.793099071558736 ], [ 13.935944025485036, 41.79341335112381 ], [ 13.935938202915517, 41.793884482211332 ], [ 13.935842771837601, 41.794190084700929 ], [ 13.935646491996659, 41.794459140158843 ], [ 13.935558582459025, 41.794768123077851 ], [ 13.93545415044952, 41.795305726309564 ], [ 13.935470888790494, 41.795448864875866 ], [ 13.935661124423987, 41.795884344132475 ], [ 13.935696021626375, 41.79608484427893 ], [ 13.935600874327116, 41.796446187333807 ], [ 13.935516096450748, 41.79695060978829 ], [ 13.935415741127496, 41.79762646783562 ], [ 13.935393165661992, 41.797835967574436 ], [ 13.93543764472262, 41.798227201043858 ], [ 13.935590150653397, 41.798633733883236 ], [ 13.935798791790685, 41.799112278261397 ], [ 13.935967350196639, 41.799318782578951 ], [ 13.93630762276922, 41.799541175218977 ], [ 13.936748139707625, 41.799864583134266 ], [ 13.937013334134662, 41.800005254804695 ], [ 13.937391825409955, 41.800227997896855 ], [ 13.937611734176233, 41.800411144246212 ], [ 13.937817883818376, 41.800656122383764 ], [ 13.937893199422515, 41.801109599339355 ], [ 13.937896886233274, 41.801657736128178 ], [ 13.937870533047542, 41.802482029458915 ], [ 13.937910543713526, 41.803144888608848 ], [ 13.93789756358361, 41.803545121732022 ], [ 13.937888748352696, 41.804078844370302 ], [ 13.937897078611726, 41.804345823453112 ], [ 13.937877965112497, 41.804731701456326 ], [ 13.937949670995311, 41.80501833093652 ], [ 13.938020433066056, 41.805362144920771 ], [ 13.937885272107899, 41.805060630446263 ], [ 13.937751057037584, 41.804701931255138 ], [ 13.937604026734109, 41.804347879468345 ], [ 13.937349828405516, 41.803926110566451 ], [ 13.937212940824869, 41.803729433654695 ], [ 13.936822716246336, 41.803444622044701 ], [ 13.93648281553677, 41.803198403923922 ], [ 13.935960034580244, 41.802840870347374 ], [ 13.935525870386186, 41.802517518404329 ], [ 13.935041628511316, 41.802141273334001 ], [ 13.934739322425971, 41.801933527452356 ], [ 13.934495521034984, 41.801654831837524 ], [ 13.934347172985898, 41.801381787401269 ], [ 13.93421848494293, 41.801075562410148 ], [ 13.934158352377759, 41.800860529501598 ], [ 13.934040507811906, 41.800668791553342 ], [ 13.933882793492668, 41.800576771759303 ], [ 13.933666498125904, 41.800560465706546 ], [ 13.933500282384902, 41.800597051445379 ], [ 13.933384778200796, 41.800648406177736 ], [ 13.93334451163218, 41.800771951131296 ], [ 13.933373825638032, 41.800924738861418 ], [ 13.933460141503872, 41.80109712030049 ], [ 13.933658170326581, 41.801446884854982 ], [ 13.93397578511634, 41.801883548913786 ], [ 13.934417226411687, 41.802535835754206 ], [ 13.934709060503007, 41.802991322998494 ], [ 13.934976212354817, 41.803398919543262 ], [ 13.935191942723831, 41.803834635424344 ], [ 13.935463397858705, 41.804752244187164 ], [ 13.935541383128106, 41.805043699447623 ], [ 13.935872438499322, 41.806209696914372 ], [ 13.936034155092829, 41.806830788758838 ], [ 13.936299737753551, 41.807719744112561 ], [ 13.936596071087697, 41.808675708891883 ], [ 13.936769357253171, 41.80936839814234 ], [ 13.936935647092225, 41.810099151133656 ], [ 13.937150309422725, 41.810601578483364 ], [ 13.937322514267677, 41.810974927828077 ], [ 13.937570920914247, 41.811363280066935 ], [ 13.93781976748696, 41.811839415349858 ], [ 13.937723216737011, 41.812556214119553 ], [ 13.937695287729939, 41.813089759152412 ], [ 13.93769142027798, 41.813709316478402 ], [ 13.937734268620288, 41.814200621090279 ], [ 13.937885163638772, 41.815093277170256 ], [ 13.937960966931346, 41.815518160933095 ], [ 13.93799471371109, 41.815737499957628 ], [ 13.937698839229729, 41.815958984093221 ], [ 13.93742161498084, 41.816156595938281 ], [ 13.93667542505017, 41.816588171464261 ], [ 13.936391509322545, 41.816804783231348 ], [ 13.93613786536871, 41.817116996624783 ], [ 13.936080593117209, 41.817497753921188 ], [ 13.936084814676901, 41.818012531494873 ], [ 13.936141024696628, 41.818465831317681 ], [ 13.936156646571828, 41.819061738030108 ], [ 13.936166232336577, 41.819252470648486 ], [ 13.936054463595369, 41.81946114358459 ], [ 13.935973599874242, 41.819727295850434 ], [ 13.935896423381143, 41.820155529437926 ], [ 13.935954290477545, 41.820508756553501 ], [ 13.936199017072814, 41.821121083544945 ], [ 13.936264598177228, 41.821393358300632 ], [ 13.936246966391597, 41.821688692828594 ], [ 13.936113241337804, 41.822068741743443 ], [ 13.93601600352947, 41.822553982530827 ], [ 13.9359467724487, 41.822886967688191 ], [ 13.935713319185755, 41.82313264151535 ], [ 13.935411205657243, 41.823291888809223 ], [ 13.935030744836546, 41.823564795088267 ], [ 13.934696615124144, 41.823733275800876 ], [ 13.934390100928033, 41.823773327268611 ], [ 13.934184967551507, 41.823847681373024 ], [ 13.934048728034236, 41.82399416589022 ], [ 13.934058228922268, 41.824189663816639 ], [ 13.934182407130455, 41.824386225952914 ], [ 13.934471204324119, 41.824646274438564 ], [ 13.934638164541475, 41.824952853048806 ], [ 13.934647193262814, 41.825176943064214 ], [ 13.934567896321415, 41.825347786774955 ], [ 13.934397902427635, 41.825608344713103 ], [ 13.934170646220847, 41.825863604928891 ], [ 13.933939072680696, 41.825994906269862 ], [ 13.933676828765936, 41.826054431049663 ], [ 13.933419848095497, 41.826180729361269 ], [ 13.933205565645947, 41.826421809837676 ], [ 13.933136631945111, 41.826735731444877 ], [ 13.932982418448631, 41.827196609517621 ], [ 13.932869833625599, 41.827452932322089 ], [ 13.932614942136764, 41.827836616966856 ], [ 13.93239388381253, 41.828101463310126 ], [ 13.932204284418047, 41.828390432127293 ], [ 13.931995014659751, 41.828712580316264 ], [ 13.931977598200751, 41.828993617513937 ], [ 13.93203311904303, 41.829103753791451 ], [ 13.932107675168369, 41.829218833116109 ], [ 13.932246104414491, 41.8293249740397 ], [ 13.932554900788819, 41.829532786130493 ], [ 13.932762546953276, 41.829691996662127 ], [ 13.932866033898753, 41.829983689518734 ], [ 13.932893933927984, 41.830222253064939 ], [ 13.932915541736792, 41.830455992049146 ], [ 13.933000390641823, 41.830718915070925 ], [ 13.93318176397773, 41.830925541602099 ], [ 13.933342995026674, 41.831193939893694 ], [ 13.933542299152144, 41.831472223651737 ], [ 13.933628101097597, 41.831677961999489 ], [ 13.933610928012325, 41.831944703323565 ], [ 13.933523903012203, 41.832196497781823 ], [ 13.933385824128747, 41.832452584129705 ], [ 13.932893575646931, 41.83292938617474 ], [ 13.932609574001825, 41.833145986995888 ], [ 13.932273090759809, 41.833452654807118 ], [ 13.932020231053611, 41.83371243840044 ], [ 13.931766576840072, 41.834019874862406 ], [ 13.931504487332111, 41.834451150419035 ], [ 13.931428926105509, 41.834779307125565 ], [ 13.931336814581986, 41.835336081706757 ], [ 13.931292318876242, 41.835712188140434 ], [ 13.931095764176762, 41.836034452541078 ], [ 13.930831255606462, 41.836227399816337 ], [ 13.930364615426843, 41.836898618571347 ], [ 13.930242030145543, 41.837020901933478 ], [ 13.930184542057345, 41.837087394653416 ], [ 13.930045148016319, 41.83731440352279 ], [ 13.930045167868224, 41.837506921022666 ], [ 13.929973058836598, 41.837768973622325 ], [ 13.929821464970066, 41.838310304230191 ], [ 13.929540227262466, 41.838741396493376 ], [ 13.929060423417129, 41.839613881909365 ], [ 13.928825292382891, 41.839954846747176 ], [ 13.928617079862073, 41.840210272797748 ], [ 13.927311291240173, 41.841689866196816 ], [ 13.927207020110702, 41.84182710845942 ], [ 13.926971074727771, 41.842215722480951 ], [ 13.926907111110765, 41.842610709118027 ], [ 13.926841713213717, 41.843091471639283 ], [ 13.926524762060398, 41.843559397734971 ], [ 13.926086466279937, 41.844041439740487 ], [ 13.925840308638685, 41.844468084354496 ], [ 13.92590875606232, 41.844927679242545 ], [ 13.925551125606166, 41.845180290277803 ], [ 13.925369788739349, 41.845446685240262 ], [ 13.925331072029497, 41.845474919394974 ], [ 13.925241985210013, 41.845656388018128 ], [ 13.925129238181626, 41.845823336909987 ], [ 13.924805700039601, 41.846016908881992 ], [ 13.924171041208071, 41.846518552103227 ], [ 13.923686765649604, 41.846889342731849 ], [ 13.9232610420471, 41.847189189185855 ], [ 13.923053048586116, 41.847333795634121 ], [ 13.922571039441262, 41.847568769717689 ], [ 13.922280644460686, 41.847780518171739 ], [ 13.922043307126907, 41.84796416747713 ], [ 13.921683047819716, 41.848350411688102 ], [ 13.921406445994922, 41.848594458365156 ], [ 13.920402742975732, 41.849432196266854 ], [ 13.920204596506107, 41.849559017276817 ], [ 13.919891607084626, 41.849691907008527 ], [ 13.91962193790096, 41.849807330659516 ], [ 13.919394867535711, 41.849948176362588 ], [ 13.919191696720393, 41.8500892465334 ], [ 13.918869322972691, 41.850211321485851 ], [ 13.91854851330824, 41.850240471935294 ], [ 13.918224007239354, 41.850205244755024 ], [ 13.917990926032095, 41.850135132547443 ], [ 13.917791306075069, 41.850065335185697 ], [ 13.917567484773871, 41.850013182131413 ], [ 13.91737573834871, 41.850043545680194 ], [ 13.917049787110395, 41.850094090778377 ], [ 13.916428554428013, 41.85007750740084 ], [ 13.916246186528188, 41.85011868120008 ], [ 13.915958535309246, 41.850166010065919 ], [ 13.91573332694322, 41.850196055008574 ], [ 13.915566445644117, 41.850169457477449 ], [ 13.915400953192854, 41.85006065815881 ], [ 13.915403851340512, 41.849889107101333 ], [ 13.915321130788172, 41.849691725567993 ], [ 13.915184441141328, 41.849576048862502 ], [ 13.914912219119854, 41.849559178943963 ], [ 13.914647684380348, 41.849653192101975 ], [ 13.914398274737954, 41.84970087846483 ], [ 13.914030571933225, 41.849675954754801 ], [ 13.913595585629329, 41.849671840703515 ], [ 13.91331368257797, 41.849662024515318 ], [ 13.913128712043969, 41.849574484919643 ], [ 13.913006124762486, 41.849473237292315 ], [ 13.912807541312986, 41.849342673725737 ], [ 13.912521404659186, 41.849300644562014 ], [ 13.912029121219527, 41.84929240746343 ], [ 13.91167134540833, 41.849246122942631 ], [ 13.911421275912456, 41.849050727150704 ], [ 13.911164920947778, 41.848662245478842 ], [ 13.910802015417829, 41.848354967406138 ], [ 13.910452664739827, 41.848094285939602 ], [ 13.910140282314631, 41.847909019807169 ], [ 13.909682379959683, 41.847847480669166 ], [ 13.909256116502668, 41.847893476733027 ], [ 13.90884309896466, 41.848003938980668 ], [ 13.908493069935419, 41.848064954696504 ], [ 13.90822024867086, 41.848083808738807 ], [ 13.907837063007568, 41.848126634488203 ], [ 13.907413995171463, 41.848265592408069 ], [ 13.907088045748242, 41.848316109260175 ], [ 13.906763738927612, 41.848270127959942 ], [ 13.90652142215934, 41.848182031823391 ], [ 13.906306385453169, 41.848176409633808 ], [ 13.906238613831468, 41.848225807916251 ], [ 13.906217119491748, 41.848365010670861 ], [ 13.906157567960674, 41.84849312729704 ], [ 13.90604421850033, 41.848692222451355 ], [ 13.905993617301849, 41.848856169740259 ], [ 13.905780617391134, 41.849011420710688 ], [ 13.905653534945543, 41.849174639112995 ], [ 13.905450824380667, 41.849287092908945 ], [ 13.905386646031623, 41.849125626488956 ], [ 13.905196176770401, 41.849080916322329 ], [ 13.905080603189431, 41.849129858207334 ], [ 13.904892963391944, 41.849199560104005 ], [ 13.904778364856297, 41.849191318186307 ], [ 13.904684837557312, 41.849068891531005 ], [ 13.904678631048961, 41.848872232100213 ], [ 13.904642586172814, 41.848743204524816 ], [ 13.904620271610062, 41.848650053394614 ], [ 13.904464117912932, 41.848555625608782 ], [ 13.904272980070514, 41.848550227583786 ], [ 13.903991266884876, 41.848529666680868 ], [ 13.903819798224324, 41.848492284661347 ], [ 13.903447083037525, 41.848481577434249 ], [ 13.903221631053697, 41.848525893716641 ], [ 13.903030493448398, 41.848520493625898 ], [ 13.902732165282448, 41.848353214388176 ], [ 13.902617935095826, 41.8483235265373 ], [ 13.902417788139866, 41.848285868391343 ], [ 13.902299206005186, 41.848231116782458 ], [ 13.902119890475539, 41.848093569827306 ], [ 13.902049474944041, 41.848017831107057 ], [ 13.901823461705858, 41.847815495333073 ], [ 13.901676323780949, 41.84775332091867 ], [ 13.901477463296722, 41.847640607886333 ], [ 13.90122773725879, 41.847427320462394 ], [ 13.901083842785036, 41.847175725153413 ], [ 13.900931980333862, 41.846831115089486 ], [ 13.900817134318185, 41.846558350111835 ], [ 13.900723312432433, 41.846453790136771 ], [ 13.900601546375251, 41.846306067972741 ], [ 13.900432839854531, 41.846107852552251 ], [ 13.900221789818326, 41.845869911339491 ], [ 13.900010741335862, 41.845631969747849 ], [ 13.899606359191845, 41.845238469799838 ], [ 13.899361122027555, 41.845043094034068 ], [ 13.898997252115576, 41.844796536779043 ], [ 13.898884991186861, 41.84465247844485 ], [ 13.898842465256772, 41.844344659266241 ], [ 13.898798284884213, 41.84413333709508 ], [ 13.898628363576, 41.844006598369049 ], [ 13.898435771057791, 41.843808150899022 ], [ 13.898166399617667, 41.843626839275686 ], [ 13.897839920105342, 41.843430680770219 ], [ 13.897650148049063, 41.843346644712192 ], [ 13.8973928489107, 41.843297705577235 ], [ 13.897226177775694, 41.843260359779649 ], [ 13.897051543722792, 41.843129998909674 ], [ 13.896948419391101, 41.843011048269481 ], [ 13.896681194645701, 41.842983459524064 ], [ 13.896674818559053, 41.843076336628641 ], [ 13.896612254535363, 41.84310075742976 ], [ 13.896394422030419, 41.84298070418221 ], [ 13.895954078948265, 41.842807529753706 ], [ 13.895837111674856, 41.842733384938974 ], [ 13.89558825847409, 41.84256417970186 ], [ 13.895232751874778, 41.842296243591512 ], [ 13.894834074990682, 41.841944484731449 ], [ 13.894648707439396, 41.841790186558789 ], [ 13.894437973484612, 41.841628494796375 ], [ 13.894129402907057, 41.841226365568915 ], [ 13.893888875982158, 41.840759357373592 ], [ 13.89383893023693, 41.840676557811278 ], [ 13.893704171404696, 41.840453154795888 ], [ 13.893672092104232, 41.840423498851067 ], [ 13.893473068484022, 41.840239509198668 ], [ 13.893009622013599, 41.839949078812801 ], [ 13.892564249247055, 41.8397195882443 ], [ 13.892323710547311, 41.839531391781073 ], [ 13.892174842376562, 41.839294035345034 ], [ 13.891990115931092, 41.839195740374691 ], [ 13.891671324443886, 41.839110449626382 ], [ 13.891276065969105, 41.839024419822962 ], [ 13.890871496991613, 41.838924000530383 ], [ 13.89024076191186, 41.838910758486143 ], [ 13.889853335399659, 41.838924886975697 ], [ 13.889512403357804, 41.839014529357186 ], [ 13.889141311333541, 41.839189668293628 ], [ 13.889004648443411, 41.839352775816288 ], [ 13.888886298139091, 41.839562529531996 ], [ 13.888721514630399, 41.839693193665305 ], [ 13.888602049491695, 41.839967278239619 ], [ 13.888558310323797, 41.840284990171895 ], [ 13.888460435025571, 41.840416301393844 ], [ 13.888292183897363, 41.840747106267443 ], [ 13.888075889602469, 41.841091743949825 ], [ 13.887864186692058, 41.841447149316359 ], [ 13.887514632718894, 41.84203356489359 ], [ 13.887453502303073, 41.842251020372629 ], [ 13.887434891525501, 41.84249748413221 ], [ 13.887304173224667, 41.84259273062613 ], [ 13.887187421459378, 41.842709559605879 ], [ 13.886979672618239, 41.842836230268631 ], [ 13.886848643192234, 41.842949345974901 ], [ 13.886731146437878, 41.843109061869917 ], [ 13.886628297565224, 41.843251046888817 ], [ 13.886462508309757, 41.843438890724975 ], [ 13.88628895648449, 41.843522997071496 ], [ 13.885958360331234, 41.843566259833054 ], [ 13.885594492814553, 41.843598475148156 ], [ 13.885351044854247, 41.843578239855596 ], [ 13.88494043630647, 41.843549232083589 ], [ 13.884731066437386, 41.843493580837269 ], [ 13.88439345604271, 41.843390214411457 ], [ 13.884017175611485, 41.843311493089907 ], [ 13.88372245896603, 41.843215690591272 ], [ 13.883389879822815, 41.843098071917694 ], [ 13.88310125002047, 41.84292726144578 ], [ 13.882742183844046, 41.843098249926584 ], [ 13.882755714090059, 41.843144850705819 ], [ 13.882864337699084, 41.84322097291728 ], [ 13.88309704325612, 41.843309025462702 ], [ 13.88353171706494, 41.843450735008112 ], [ 13.883839799953433, 41.84360266918457 ], [ 13.884281235881263, 41.843875049791109 ], [ 13.884702827490976, 41.844130916894962 ], [ 13.884770057875471, 41.844171719189056 ], [ 13.885040178653604, 41.844216045000294 ], [ 13.884639704564586, 41.844337265629747 ], [ 13.884381169168071, 41.844543269901855 ], [ 13.884171360237037, 41.844696128767843 ], [ 13.883802953042137, 41.844805742846262 ], [ 13.88349196453621, 41.844820592647991 ], [ 13.883251427674233, 41.844907617679546 ], [ 13.883042236574697, 41.845024734978971 ], [ 13.882832526545231, 41.845171634754372 ], [ 13.882684782799235, 41.845420415905245 ], [ 13.882468244827965, 41.845501715176731 ], [ 13.882139764858046, 41.845605754818315 ], [ 13.881978366711969, 41.845723335342868 ], [ 13.88168826353216, 41.845911153408728 ], [ 13.88130380899204, 41.846026560735801 ], [ 13.880866392441289, 41.845980596008935 ], [ 13.880526440612025, 41.845828343260571 ], [ 13.879983283400586, 41.84590645359075 ], [ 13.879552587646774, 41.845932040369945 ], [ 13.879364511482606, 41.845846401772235 ], [ 13.878839163678528, 41.845722520155292 ], [ 13.878602222748849, 41.84569858509613 ], [ 13.87830832707472, 41.845668895937543 ], [ 13.878178939244091, 41.845688309343544 ], [ 13.878301214137501, 41.845803889098157 ], [ 13.878392937920253, 41.846026406914334 ], [ 13.878416746629451, 41.846305454116774 ], [ 13.878394256376763, 41.846498260084864 ], [ 13.878457178139234, 41.84672764584846 ], [ 13.878598824345552, 41.84682911626934 ], [ 13.878612414419784, 41.846839964365607 ], [ 13.878672293748263, 41.846887762181986 ], [ 13.878914903184306, 41.846910982254627 ], [ 13.87894658179485, 41.84691161788092 ], [ 13.87924700553061, 41.846942679691075 ], [ 13.879493934406902, 41.847038027534829 ], [ 13.879817714671645, 41.847112676983961 ], [ 13.8802658961188, 41.847181389634471 ], [ 13.880665159058035, 41.847313965329242 ], [ 13.881254994783323, 41.847484141900161 ], [ 13.881474868155362, 41.847486283558744 ], [ 13.881856882718736, 41.84751145102824 ], [ 13.882156979831509, 41.847562913513514 ], [ 13.88234305991859, 41.847594823229038 ], [ 13.882341317943389, 41.847694893958 ], [ 13.882325702183007, 41.847823050686415 ], [ 13.882007818715222, 41.847936602950341 ], [ 13.881335376456311, 41.84848291814825 ], [ 13.880741728286466, 41.848896547538459 ], [ 13.880067281547767, 41.849382955497688 ], [ 13.879296147428672, 41.849911919228596 ], [ 13.879081449154215, 41.849809395868071 ], [ 13.878983499686132, 41.849774071727182 ], [ 13.877648072706144, 41.849098447177312 ], [ 13.875253962379908, 41.847263921202511 ], [ 13.872703999750449, 41.845434567948367 ], [ 13.872931217842828, 41.844836273719373 ], [ 13.87278210443035, 41.84484001091478 ], [ 13.87259632584831, 41.844802441854682 ], [ 13.872350232333943, 41.84466061839732 ], [ 13.872098418646225, 41.844572356454179 ], [ 13.871840633020923, 41.844551951707324 ], [ 13.87156599011564, 41.844402697021827 ], [ 13.871257640024048, 41.844267408590625 ], [ 13.871024822114766, 41.844186480085803 ], [ 13.870767729776782, 41.844126759719806 ], [ 13.870496927828203, 41.844031158465192 ], [ 13.870049848554883, 41.843901651410647 ], [ 13.86972810905543, 41.843712608914494 ], [ 13.869506083291194, 41.843426161224023 ], [ 13.869334744270986, 41.843247620161598 ], [ 13.869046906402628, 41.843172860437313 ], [ 13.868722654804643, 41.843126772359412 ], [ 13.868107353196798, 41.843181911661929 ], [ 13.867751661045872, 41.842967615516187 ], [ 13.867427839606261, 41.842818514653835 ], [ 13.867130402957178, 41.842739758606761 ], [ 13.866811628518402, 41.842654399089533 ], [ 13.86659394425582, 41.842619484300108 ], [ 13.86630991029703, 41.842461783750878 ], [ 13.866164704116331, 41.842167020280179 ], [ 13.866116465289849, 41.842004875913759 ], [ 13.865948361379541, 41.841779211414995 ], [ 13.865771327767158, 41.841773491321547 ], [ 13.865395250948042, 41.841955652909171 ], [ 13.865333603984832, 41.842198113373215 ], [ 13.865069450888502, 41.84253866002539 ], [ 13.864835741100846, 41.842779419260076 ], [ 13.864504922457359, 41.84310500743436 ], [ 13.864251458308557, 41.843381315797032 ], [ 13.864229053226772, 41.843566970511809 ], [ 13.864273814142766, 41.843738991724521 ], [ 13.86412840519217, 41.843851939064692 ], [ 13.863936210908903, 41.843907230723339 ], [ 13.863832578655156, 41.84382041648847 ], [ 13.863670453203845, 41.843797364982073 ], [ 13.863526434012472, 41.843831685571054 ], [ 13.863135979748597, 41.843941532187799 ], [ 13.863171133990859, 41.844022317491174 ], [ 13.863280547804413, 41.844388986155792 ], [ 13.863324884422292, 41.844666106063798 ], [ 13.863264921775398, 41.844986800191151 ], [ 13.863190260525323, 41.845063851871792 ], [ 13.863074342564174, 41.845183480709366 ], [ 13.862714444860236, 41.845530222819264 ], [ 13.862497934351968, 41.845878384065593 ], [ 13.86260794761769, 41.84590440636088 ], [ 13.862701959170018, 41.845994701034066 ], [ 13.862739363583483, 41.846132095696767 ], [ 13.862808197700002, 41.846234584200396 ], [ 13.862680645954827, 41.846298326358422 ], [ 13.862669786556028, 41.846408324637835 ], [ 13.862801533466284, 41.846433928647059 ], [ 13.862806035532309, 41.846485155418236 ], [ 13.863122181319495, 41.8467489475115 ], [ 13.863398935888343, 41.846830984738425 ], [ 13.8634003578297, 41.846916722603204 ], [ 13.863400926745731, 41.846951026137653 ], [ 13.863488515309543, 41.847021233045744 ], [ 13.863629168039852, 41.847177521836571 ], [ 13.863565597822673, 41.847320603397101 ], [ 13.863695910480104, 41.847458188265719 ], [ 13.863177176480322, 41.847497285151768 ], [ 13.86233352841168, 41.848015405779599 ], [ 13.862256118910798, 41.848097129453841 ], [ 13.862077609270671, 41.84828558609253 ], [ 13.861755635258534, 41.848588786005863 ], [ 13.861991146328899, 41.848787719900876 ], [ 13.862130849033198, 41.848997619227269 ], [ 13.862430356551959, 41.84929811841468 ], [ 13.862631633898069, 41.849514931199877 ], [ 13.862555917711928, 41.849740334884629 ], [ 13.862374733982051, 41.849578629859721 ], [ 13.862047371539415, 41.849430964771315 ], [ 13.861715532139577, 41.849400565584936 ], [ 13.861527628799102, 41.849412358627141 ], [ 13.861070070535973, 41.849505412969286 ], [ 13.860289553558145, 41.849485754585558 ], [ 13.859477432436865, 41.849573963314107 ], [ 13.859366674347465, 41.849915158589909 ], [ 13.859232206954204, 41.850239479255741 ], [ 13.858881910199967, 41.85047670236483 ], [ 13.858485468605071, 41.850593114339212 ], [ 13.858448017164342, 41.850611248507533 ], [ 13.858193208726151, 41.850734630714634 ], [ 13.857757492728386, 41.85079649101398 ], [ 13.857234926187036, 41.850924494693153 ], [ 13.857083699010307, 41.851120754563851 ], [ 13.856953898810758, 41.851289206014805 ], [ 13.856980493140423, 41.851492817370826 ], [ 13.856994719736125, 41.8516017384622 ], [ 13.857131771259175, 41.85186123163264 ], [ 13.857383319440522, 41.852054376890401 ], [ 13.857898415516001, 41.852211206332107 ], [ 13.85861386085255, 41.852538025077443 ], [ 13.858744206318002, 41.852598132571877 ], [ 13.858398765466569, 41.852755553545585 ], [ 13.857886015250324, 41.852911309682725 ], [ 13.857612168105357, 41.853075397825798 ], [ 13.857289774903542, 41.853280705244494 ], [ 13.856901309288435, 41.853616420584295 ], [ 13.856585817234354, 41.853881370358451 ], [ 13.856102268747204, 41.854186348378292 ], [ 13.855592666150107, 41.854274184272285 ], [ 13.855774756396118, 41.855212777209296 ], [ 13.8558821625005, 41.855766394821138 ], [ 13.857246811279559, 41.857651703579997 ], [ 13.858347763032919, 41.858478840014932 ], [ 13.858460112367226, 41.85860848846535 ], [ 13.858648033223343, 41.858796232264524 ], [ 13.858715099004133, 41.858968476594477 ], [ 13.858772740455917, 41.859312205019791 ], [ 13.858828009998591, 41.859789359212144 ], [ 13.858688302237193, 41.860116828224804 ], [ 13.858467760392514, 41.860329108385052 ], [ 13.858727872149103, 41.860406910395987 ], [ 13.858547321073683, 41.860632710520619 ], [ 13.858325336863329, 41.860809063476395 ], [ 13.85841017208749, 41.860890676988625 ], [ 13.858212987180998, 41.861031950761223 ], [ 13.857962773114957, 41.861120017634036 ], [ 13.858110394903374, 41.861330549066459 ], [ 13.857919099036822, 41.861424610371863 ], [ 13.857701264360122, 41.861484402390474 ], [ 13.857721009031216, 41.86180190743061 ], [ 13.857700066980568, 41.861867181672054 ], [ 13.857370566276906, 41.861795671590627 ], [ 13.857217578117883, 41.861794149266693 ], [ 13.857060837287474, 41.861850054882339 ], [ 13.855783132711272, 41.862305769101532 ], [ 13.855683869969896, 41.862373718460951 ], [ 13.855298401345781, 41.862773053770724 ], [ 13.854661382780954, 41.863284212819913 ], [ 13.854116326802453, 41.863603723899885 ], [ 13.853940336140564, 41.863706888286991 ], [ 13.853832991049812, 41.864593794664465 ], [ 13.853812566042828, 41.864762546341652 ], [ 13.853696042440726, 41.865049762633433 ], [ 13.853683694420182, 41.865290341969988 ], [ 13.853541489403147, 41.86558980048337 ], [ 13.853459593140597, 41.86576225857705 ], [ 13.853543733166569, 41.865914771287216 ], [ 13.852969503290208, 41.867078003527382 ], [ 13.85086111255025, 41.868221840679233 ], [ 13.850945124991549, 41.868312105421118 ], [ 13.85105253611292, 41.868456161374191 ], [ 13.851112954391438, 41.868628631035698 ], [ 13.851176821939502, 41.868800847463184 ], [ 13.851196730228297, 41.868978785804721 ], [ 13.851255911969954, 41.869191262484847 ], [ 13.851368486649509, 41.869385141585425 ], [ 13.85177820162076, 41.869861060920925 ], [ 13.851656688959087, 41.869852443278262 ], [ 13.851597722897182, 41.869809688001858 ], [ 13.851528595383693, 41.869786014367584 ], [ 13.851438889963443, 41.869784536298248 ], [ 13.851336339205135, 41.869782846652754 ], [ 13.85127162924881, 41.869766741216665 ], [ 13.851237748728401, 41.869758308824366 ], [ 13.85116260792929, 41.869739607021089 ], [ 13.8510504692801, 41.869701280261893 ], [ 13.851042489638189, 41.869700153942091 ], [ 13.851028992769084, 41.869680701983711 ], [ 13.850875839446712, 41.869691204428342 ], [ 13.850779308673584, 41.869697823915779 ], [ 13.850522098433599, 41.869663593784999 ], [ 13.850282881623302, 41.869534830128458 ], [ 13.850130375550442, 41.869509232859151 ], [ 13.849839844263304, 41.8695484464277 ], [ 13.849868945515396, 41.869656078949269 ], [ 13.849771778642969, 41.869740894443005 ], [ 13.849587871993172, 41.86988422625064 ], [ 13.849479186908102, 41.870056096490927 ], [ 13.849321345934756, 41.870160727811758 ], [ 13.849341727976851, 41.870357531305849 ], [ 13.8493141878513, 41.870559811879396 ], [ 13.849215779518952, 41.870713722228835 ], [ 13.849189734737251, 41.870832611774603 ], [ 13.849181392131101, 41.870956158566926 ], [ 13.849073143185372, 41.871111448042704 ], [ 13.848844576240401, 41.870775366031651 ], [ 13.848407303165516, 41.87046135766785 ], [ 13.848147616419196, 41.870289268972414 ], [ 13.84774164888784, 41.870069675554106 ], [ 13.847411812889867, 41.870017445624335 ], [ 13.84729437173884, 41.870016313442321 ], [ 13.846962623161247, 41.869848554520331 ], [ 13.84686338095257, 41.869719777455337 ], [ 13.846594638044705, 41.869553281252465 ], [ 13.846123243168464, 41.869173220216389 ], [ 13.845822174430822, 41.869515732211354 ], [ 13.845474252308581, 41.869804155020546 ], [ 13.845067828771857, 41.869800068178634 ], [ 13.844579782840636, 41.869902394209859 ], [ 13.8444052136627, 41.869858934864581 ], [ 13.843860201856634, 41.870026217786311 ], [ 13.843576773783736, 41.870273580889538 ], [ 13.843325541570561, 41.87050339529106 ], [ 13.842996461689745, 41.871072004528322 ], [ 13.842716051665914, 41.871593442784025 ], [ 13.842735554142418, 41.871837898960351 ], [ 13.842755164202703, 41.872076398480459 ], [ 13.842790713070764, 41.872315058609665 ], [ 13.842855453538956, 41.87270295109807 ], [ 13.842936241040348, 41.873085048393271 ], [ 13.843085083631902, 41.873229528977532 ], [ 13.8431554125705, 41.873307685695835 ], [ 13.842976967467322, 41.873478656522934 ], [ 13.842822107871228, 41.873667737468423 ], [ 13.842604242808534, 41.873814480453298 ], [ 13.842579167675275, 41.874320619064314 ], [ 13.842679871599653, 41.874482487662398 ], [ 13.842692156913603, 41.874685167819308 ], [ 13.84286869052776, 41.875062272230991 ], [ 13.843032528795462, 41.875701379742431 ], [ 13.843004428904408, 41.875933441093537 ], [ 13.84279916467689, 41.876264994903629 ], [ 13.842618345619178, 41.876567007444585 ], [ 13.842647861142398, 41.876698370776573 ], [ 13.843166679271928, 41.877102753893212 ], [ 13.843602556411669, 41.877362770168865 ], [ 13.843816845190164, 41.877414971017281 ], [ 13.843987130356878, 41.877520346635777 ], [ 13.844047492692338, 41.87762104087426 ], [ 13.844026110088308, 41.877745934184269 ], [ 13.843904755732304, 41.877844799051203 ], [ 13.843821656846909, 41.877944048970875 ], [ 13.843756655078122, 41.878100673828456 ], [ 13.843349264134003, 41.877882099361166 ], [ 13.843159270759884, 41.87780869505513 ], [ 13.843041073334755, 41.877732439193032 ], [ 13.842822195427729, 41.877669466753105 ], [ 13.842621866250354, 41.877638851647539 ], [ 13.842327218304701, 41.877584830933678 ], [ 13.841747845143022, 41.877498973244585 ], [ 13.84145592437735, 41.877419771798884 ], [ 13.84165322969597, 41.877088140196982 ], [ 13.841682863962777, 41.876859669345976 ], [ 13.841447119200085, 41.876495072842509 ], [ 13.841344921292942, 41.876283541803673 ], [ 13.841311208658801, 41.876164050780119 ], [ 13.841253371231637, 41.876056231303174 ], [ 13.841100057968351, 41.875938512366318 ], [ 13.840946728034652, 41.875718608492299 ], [ 13.840631036100595, 41.875543844417386 ], [ 13.840055917399221, 41.875962213381506 ], [ 13.839528267696439, 41.87622378006656 ], [ 13.839239018233712, 41.876702225854757 ], [ 13.83869213625405, 41.877321046614099 ], [ 13.838459320698497, 41.877499801062946 ], [ 13.83805761894318, 41.877848423359666 ], [ 13.83758999277587, 41.878315527662721 ], [ 13.837140316073073, 41.87861902350474 ], [ 13.837044745041448, 41.878657240750925 ], [ 13.837078504354817, 41.878739291536768 ], [ 13.836840609088149, 41.880252479446987 ], [ 13.83686747794137, 41.880529181283478 ], [ 13.836861787971932, 41.881342318246453 ], [ 13.836937151427286, 41.881590153246705 ], [ 13.836992337696451, 41.882084171120333 ], [ 13.837417890150006, 41.883704565496458 ], [ 13.837375361507119, 41.883822883609966 ], [ 13.837193013201459, 41.884030742349772 ], [ 13.836768263000319, 41.884240911484675 ], [ 13.836303520188974, 41.884545994253152 ], [ 13.836025515229448, 41.88475288164652 ], [ 13.835772755957704, 41.884974322396872 ], [ 13.835711471492981, 41.885188172141412 ], [ 13.835448264957531, 41.885633509374458 ], [ 13.835168521139575, 41.885935697483454 ], [ 13.83464199122106, 41.886251872750158 ], [ 13.834001052312487, 41.886653050087496 ], [ 13.833108982334002, 41.88730646534453 ], [ 13.832678297607684, 41.88784064834644 ], [ 13.832114901940569, 41.888306755648337 ], [ 13.830720798952576, 41.889555563410006 ], [ 13.830533252289849, 41.889696634057245 ], [ 13.829005562351742, 41.891097887895235 ], [ 13.828891556953263, 41.891173860230154 ], [ 13.828745397387545, 41.891217279171592 ], [ 13.828226238063158, 41.891361478289106 ], [ 13.827805299504664, 41.891680078124388 ], [ 13.827005868722551, 41.892143750044696 ], [ 13.826393729392374, 41.892480648311803 ], [ 13.825869634611154, 41.892822311878525 ], [ 13.82533201385932, 41.892984521517263 ], [ 13.825032707978309, 41.89330554829187 ], [ 13.8249201838155, 41.89352839956107 ], [ 13.82455102512008, 41.894635300602758 ], [ 13.824320678116042, 41.895261858370986 ], [ 13.824154066111607, 41.895650965480598 ], [ 13.823950409073456, 41.895972968700917 ], [ 13.823751818757227, 41.896410817680021 ], [ 13.823809372375674, 41.896836378950049 ], [ 13.823870781576133, 41.89719292144445 ], [ 13.824238702938537, 41.897991944737875 ], [ 13.82449705384288, 41.898514085270598 ], [ 13.824612469621725, 41.898829823589679 ], [ 13.824570355557723, 41.899039096990705 ], [ 13.824250571133541, 41.899431401847288 ], [ 13.82412492691266, 41.899673181770424 ], [ 13.823693907690336, 41.900216858153748 ], [ 13.823390005957579, 41.900479084724459 ], [ 13.823071619497625, 41.900753806461154 ], [ 13.822300166708011, 41.901422669712439 ], [ 13.821936495858752, 41.901771623671465 ], [ 13.821682113102961, 41.902074991164554 ], [ 13.821315981009514, 41.902557366075619 ], [ 13.820977110942319, 41.902944699552712 ], [ 13.820319484545358, 41.903319225442736 ], [ 13.818956689337627, 41.904322361585699 ], [ 13.818408939331757, 41.904553387160149 ], [ 13.81769948254942, 41.904969067012757 ], [ 13.817210614334844, 41.905278884008553 ], [ 13.815359448366692, 41.906585297324369 ], [ 13.814069347992882, 41.907207396603539 ], [ 13.813831528649407, 41.907373422500342 ], [ 13.81277614611392, 41.907894250253001 ], [ 13.812397828415238, 41.907954713762486 ], [ 13.811948080775812, 41.908199086508169 ], [ 13.811533386428918, 41.908191646003438 ], [ 13.810620429358561, 41.908432445519466 ], [ 13.80929175966935, 41.909000854079189 ], [ 13.808532114726574, 41.909364721689748 ], [ 13.80778592895452, 41.909690595985218 ], [ 13.807092721197936, 41.909912163839408 ], [ 13.806635527282072, 41.910479332737566 ], [ 13.806233069831462, 41.91096684121802 ], [ 13.806011375546898, 41.911274325897104 ], [ 13.80588554987107, 41.911520849253073 ], [ 13.80566979030451, 41.911799798970044 ], [ 13.805465454773218, 41.912150357083995 ], [ 13.804903936434835, 41.912835583280646 ], [ 13.804606212856154, 41.913061251765825 ], [ 13.80431548930461, 41.91325363038829 ], [ 13.803825219186246, 41.91353924942122 ], [ 13.803436015585085, 41.913804802802503 ], [ 13.803185365877308, 41.913975819055359 ], [ 13.802901280678375, 41.914153965255736 ], [ 13.802675144792417, 41.914304119103321 ], [ 13.802402034134998, 41.91457769839942 ], [ 13.802187407355207, 41.914794695245412 ], [ 13.801359892568334, 41.915710662000492 ], [ 13.801101717449523, 41.916208395733243 ], [ 13.8010772263303, 41.916494099595525 ], [ 13.80089239251383, 41.91716417435503 ], [ 13.8007843817573, 41.917820753196551 ], [ 13.800573172203098, 41.918876597086459 ], [ 13.800132805224585, 41.919901449805565 ], [ 13.797855535147384, 41.921893641491565 ], [ 13.797270564182533, 41.922459433538705 ], [ 13.796239687860281, 41.923320805357989 ], [ 13.795518009090575, 41.924028134420261 ], [ 13.794760183160973, 41.924620695708732 ], [ 13.794195378565309, 41.925129491569045 ], [ 13.79388102844144, 41.925555128263461 ], [ 13.79321888063618, 41.92614868423977 ], [ 13.792193283498474, 41.92672411538085 ], [ 13.791226985091663, 41.927200075963064 ], [ 13.790628974619551, 41.927436843303774 ], [ 13.789779402272181, 41.927813935474965 ], [ 13.789486855223641, 41.92809681020978 ], [ 13.788964590496217, 41.928377261262526 ], [ 13.788443944361756, 41.928571939332286 ], [ 13.787844828365966, 41.928865872157111 ], [ 13.787362461167067, 41.929060949434152 ], [ 13.786860406125465, 41.929284412517887 ], [ 13.786490453531128, 41.929609355364846 ], [ 13.786142079984128, 41.929805843695057 ], [ 13.785735189586754, 41.93005890381859 ], [ 13.785367939063752, 41.930240892178539 ], [ 13.784770421691073, 41.93044903808596 ], [ 13.784212545067279, 41.930586110979505 ], [ 13.783732870027514, 41.930638222032883 ], [ 13.783291481400179, 41.930690736840255 ], [ 13.782772702314144, 41.930785323254696 ], [ 13.782004782683293, 41.930891562366021 ], [ 13.781323497814128, 41.930869437441842 ], [ 13.780693759259908, 41.931363775826981 ], [ 13.779791620411432, 41.932483727612954 ], [ 13.779278880796612, 41.933264662896747 ], [ 13.778399108364624, 41.934213265975238 ], [ 13.777640730830553, 41.934820004548463 ], [ 13.777334990874104, 41.935789007494741 ], [ 13.777159708163753, 41.936945272019557 ], [ 13.77691166028861, 41.937900590032349 ], [ 13.776714465586977, 41.938198745203131 ], [ 13.776176743920415, 41.938278801742896 ], [ 13.775520864066412, 41.938529170511394 ], [ 13.775348277770545, 41.938541627507107 ], [ 13.775323934485344, 41.9388130281557 ], [ 13.775107583504559, 41.939110976139844 ], [ 13.775003370935449, 41.939553099417076 ], [ 13.774997351049183, 41.939867589190882 ], [ 13.775105114738912, 41.940240484660421 ], [ 13.775230931765037, 41.940670764241922 ], [ 13.775408992784548, 41.941373261171471 ], [ 13.776210453555128, 41.943232708185384 ], [ 13.77724281033149, 41.945624986723828 ], [ 13.778144208685866, 41.94756479993309 ], [ 13.777630231405418, 41.948402903910193 ], [ 13.777380229700487, 41.94945828542275 ], [ 13.777179994608057, 41.949913685104164 ], [ 13.777230884891239, 41.950257376434564 ], [ 13.777320347869637, 41.950587180671157 ], [ 13.777428414921904, 41.950945778720701 ], [ 13.777404620889447, 41.951188589342124 ], [ 13.777340341413757, 41.951545351825672 ], [ 13.776960643903104, 41.952370584335306 ], [ 13.777953428327107, 41.953065611264535 ], [ 13.778336759116137, 41.953409003086158 ], [ 13.778795287114926, 41.953721286183914 ], [ 13.779498500572743, 41.954196687177145 ], [ 13.77975612540477, 41.954430631913731 ], [ 13.779990360274535, 41.955205206819514 ], [ 13.780302022888399, 41.955937710228817 ], [ 13.780674144227751, 41.956513578312837 ], [ 13.780789051917742, 41.956514798768339 ], [ 13.781361411504424, 41.956635259173218 ], [ 13.78204949814622, 41.956714050996254 ], [ 13.782564679962825, 41.956819600879442 ], [ 13.783100918852698, 41.956825286558434 ], [ 13.783483402926272, 41.956857936208955 ], [ 13.78394113409748, 41.956962871087626 ], [ 13.784245111564358, 41.95709477165024 ], [ 13.784336249860679, 41.957338800664694 ], [ 13.783926184873081, 41.957749095714661 ], [ 13.783416004779818, 41.95838709421686 ], [ 13.783308823359592, 41.95898646877054 ], [ 13.78362652328012, 41.959404473745501 ], [ 13.783763504874262, 41.959537829017712 ], [ 13.783908641048567, 41.959679122215945 ], [ 13.784385001876345, 41.959812848416036 ], [ 13.784815500802056, 41.95982428735833 ], [ 13.785059134390545, 41.959619814998874 ], [ 13.785406046754781, 41.95950910310863 ], [ 13.785482384124403, 41.959524208643913 ], [ 13.785784748442561, 41.959741875251879 ], [ 13.78591555782366, 41.959914833196919 ], [ 13.786159925581586, 41.96016048114997 ], [ 13.786347651626414, 41.960362636152858 ], [ 13.786806768675399, 41.960396084933748 ], [ 13.787092158113436, 41.960499185755047 ], [ 13.787509448071219, 41.96071806204624 ], [ 13.788154134745691, 41.961068018393192 ], [ 13.788665842010401, 41.961359376500894 ], [ 13.788122791330439, 41.9617110914443 ], [ 13.78657428528693, 41.962552605216985 ], [ 13.785275004132865, 41.9633824375451 ], [ 13.784090882842097, 41.964199176959582 ], [ 13.782736523915396, 41.964899716057417 ], [ 13.781733989374127, 41.965232229239462 ], [ 13.780607796560192, 41.96602095132679 ], [ 13.779635629407492, 41.966768406213575 ], [ 13.779341764152338, 41.967108430048093 ], [ 13.77918197756002, 41.96744987912151 ], [ 13.779077196257859, 41.967920593601932 ], [ 13.779068460462412, 41.968378031694925 ], [ 13.779267153547144, 41.969009249931126 ], [ 13.779383976891058, 41.969267953561328 ], [ 13.779487734767725, 41.9694977220867 ], [ 13.779178022514653, 41.970666851481852 ], [ 13.778959981913976, 41.972051422473903 ], [ 13.778780243838204, 41.973436400208179 ], [ 13.778674356176131, 41.973964293367253 ], [ 13.778452707181714, 41.974533848020883 ], [ 13.778047946760086, 41.975657350310961 ], [ 13.777743636090571, 41.976206959649623 ], [ 13.777285000603635, 41.97673455012486 ], [ 13.776967127056567, 41.977196605925208 ], [ 13.77646138677674, 41.977931725781055 ], [ 13.77632317757346, 41.978144719779024 ], [ 13.775197113283911, 41.980440565716009 ], [ 13.774798831871326, 41.981028532812005 ], [ 13.774293162869807, 41.981583131832231 ], [ 13.774072464211566, 41.982016554797994 ], [ 13.773894902465564, 41.982365257861325 ], [ 13.772960832517553, 41.983606334508416 ], [ 13.772220154219148, 41.984754153297551 ], [ 13.771976537108864, 41.984966014205952 ], [ 13.771825511660618, 41.98534567299852 ], [ 13.771657372641148, 41.985784722583496 ], [ 13.77153850579678, 41.986152810243361 ], [ 13.771382893278137, 41.986770715862349 ], [ 13.771188469942377, 41.987745650544319 ], [ 13.770633588562555, 41.989193317620014 ], [ 13.770549166015888, 41.989430709864514 ], [ 13.77034356840549, 41.990155311679935 ], [ 13.770155539231752, 41.99079669752421 ], [ 13.769843983641183, 41.991406880149896 ], [ 13.769508468381884, 41.992052733390473 ], [ 13.769289406137169, 41.992646125620212 ], [ 13.769151559484342, 41.993168899413938 ], [ 13.769113654162739, 41.993478278125465 ], [ 13.769007282347889, 41.994025218819978 ], [ 13.768784304645518, 41.994821119677077 ], [ 13.768380148131246, 41.995901031459219 ], [ 13.768053710232259, 41.996729097089336 ], [ 13.767901950890407, 41.997161351178853 ], [ 13.767858350113849, 41.997351520045044 ], [ 13.767785078557766, 41.997630731404755 ], [ 13.767482112140705, 41.998017688365621 ], [ 13.767335441872866, 41.998157945222026 ], [ 13.767266489922926, 41.998223881845789 ], [ 13.767173310558329, 41.998221897787431 ], [ 13.766384664309351, 41.997760144555293 ], [ 13.765940034162744, 41.997436738632629 ], [ 13.764948138809617, 41.996715256582412 ], [ 13.764227242180574, 41.995335954423233 ], [ 13.764036317949442, 41.994970645745383 ], [ 13.763894996860548, 41.994779242525631 ], [ 13.763328268525667, 41.995072050837138 ], [ 13.762739652310062, 41.995280173941126 ], [ 13.762236988019868, 41.995503518702037 ], [ 13.761601005678912, 41.995778980334151 ], [ 13.761207340666312, 41.995721174815742 ], [ 13.760719380419358, 41.99568016288756 ], [ 13.760241973424737, 41.995589220687265 ], [ 13.759672084923631, 41.995325703951998 ], [ 13.759331156172768, 41.995251636111256 ], [ 13.75878978166188, 41.99513401837612 ], [ 13.758484289963961, 41.995073523348786 ], [ 13.757798953824611, 41.994629693850598 ], [ 13.757651810448657, 41.994396582305583 ], [ 13.757201254657812, 41.994030198847511 ], [ 13.756857102756811, 41.993783077317374 ], [ 13.756631329331707, 41.993566165264944 ], [ 13.756387170921732, 41.993205196467024 ], [ 13.756043900164444, 41.992867398946515 ], [ 13.755927561117087, 41.992733027034966 ], [ 13.755400356981081, 41.99224833622818 ], [ 13.755124212431848, 41.99166628175162 ], [ 13.754959419617636, 41.991271305542348 ], [ 13.754879558181479, 41.99093420134988 ], [ 13.7546704977551, 41.990853535727318 ], [ 13.754460837417346, 41.990794069699781 ], [ 13.75396292084409, 41.990774367734737 ], [ 13.753720475656886, 41.990921862189211 ], [ 13.753245302173427, 41.991209806200345 ], [ 13.752586414722446, 41.991581538437551 ], [ 13.752186760994871, 41.99192748980456 ], [ 13.751482769286953, 41.992406859092867 ], [ 13.75130072286176, 41.992584040506188 ], [ 13.751120967136531, 41.99266970793694 ], [ 13.750611508040889, 41.992849033162138 ], [ 13.750486613843428, 41.992939918026906 ], [ 13.749954022522065, 41.993320158647506 ], [ 13.74967033864789, 41.993517237485278 ], [ 13.749551042915593, 41.993638898691117 ], [ 13.749353194613033, 41.993856928689276 ], [ 13.749317778908525, 41.9939037254181 ], [ 13.749255479986823, 41.993953088747418 ], [ 13.749176466777834, 41.993975104143786 ], [ 13.749146115061487, 41.993959045836839 ], [ 13.749114964434673, 41.993920174140143 ], [ 13.749102357338122, 41.993923157110622 ], [ 13.748994142730602, 41.993815472424224 ], [ 13.74896200500965, 41.993636474726337 ], [ 13.749130622219077, 41.993345208230345 ], [ 13.749016629539655, 41.993293923699611 ], [ 13.74886801410266, 41.993542514758282 ], [ 13.748788556255841, 41.993622010713949 ], [ 13.74869889808746, 41.993698241251849 ], [ 13.748510027996193, 41.993849168168211 ], [ 13.748453253117205, 41.993910029503695 ], [ 13.748366154627204, 41.993953402827387 ], [ 13.748284345152317, 41.993922485386662 ], [ 13.748291130302862, 41.993869657651054 ], [ 13.748278393046583, 41.993786465048871 ], [ 13.748237590214911, 41.993713560688413 ], [ 13.74807730811383, 41.99341632541983 ], [ 13.747994471449294, 41.9932739808986 ], [ 13.748007002940755, 41.993060108499321 ], [ 13.747904252800653, 41.99311895057852 ], [ 13.747819119312711, 41.992867422063313 ], [ 13.747625514723502, 41.992966585638889 ], [ 13.747318846361599, 41.993130046417264 ], [ 13.747148491818958, 41.993265207337217 ], [ 13.747124972812388, 41.99330504278813 ], [ 13.746938147504654, 41.9936903231958 ], [ 13.746866075556699, 41.994104954443166 ], [ 13.746554094908511, 41.994354733784647 ], [ 13.746349965151518, 41.994685526782554 ], [ 13.746359279790347, 41.994861967579823 ], [ 13.74639193691703, 41.995020169226379 ], [ 13.746450229553417, 41.995110788776195 ], [ 13.746443187395496, 41.995144073307685 ], [ 13.746326940732098, 41.995163516220643 ], [ 13.745715067527938, 41.995287372216538 ], [ 13.745324670295981, 41.995376814469822 ], [ 13.745176889662515, 41.995384655864619 ], [ 13.745169183282909, 41.995383225354864 ], [ 13.745023342478955, 41.995356153299852 ], [ 13.744985918525472, 41.995349206353744 ], [ 13.744894549971159, 41.995344879468938 ], [ 13.744724215991232, 41.995336812871138 ], [ 13.744602946088914, 41.995330720477668 ], [ 13.744460710828553, 41.995282726995377 ], [ 13.744310992414199, 41.995232208256148 ], [ 13.744044871030603, 41.995119680667173 ], [ 13.743861975252646, 41.994998531179348 ], [ 13.743729243352263, 41.994925589761948 ], [ 13.743578486542409, 41.994884213190062 ], [ 13.743494124179199, 41.99486105906611 ], [ 13.743284086273327, 41.994820632382478 ], [ 13.743106737206318, 41.994742435658381 ], [ 13.742999274891194, 41.994684067855431 ], [ 13.742898950693881, 41.994587650508905 ], [ 13.742844494948558, 41.994483593637888 ], [ 13.742831220970766, 41.994458228976391 ], [ 13.742716425764309, 41.994408931148335 ], [ 13.742425641996714, 41.994251329446563 ], [ 13.742369845803598, 41.99422974822658 ], [ 13.742287069870001, 41.994150679911776 ], [ 13.742241981187274, 41.994104433047617 ], [ 13.742163528296265, 41.99406544615583 ], [ 13.742021275699436, 41.994021946952579 ], [ 13.741896795605037, 41.993984361478553 ], [ 13.741772465833572, 41.993939152352738 ], [ 13.741641334994506, 41.993850021806971 ], [ 13.741555566703845, 41.993766799249542 ], [ 13.741536017099456, 41.993747829868205 ], [ 13.741426603834471, 41.993594120585314 ], [ 13.741328613514074, 41.993509165648078 ], [ 13.741238212538644, 41.993428106890391 ], [ 13.741131881770562, 41.993377375360822 ], [ 13.740913134283131, 41.993325410170748 ], [ 13.740732354683336, 41.993262204902734 ], [ 13.740542362904122, 41.993171082683965 ], [ 13.740302135464812, 41.993003797385235 ], [ 13.740145004797226, 41.992882329543299 ], [ 13.74010841276392, 41.992534968892535 ], [ 13.740040036920824, 41.992346932585306 ], [ 13.739865157090284, 41.992183989562527 ], [ 13.739631921084076, 41.991968629767214 ], [ 13.739405633388651, 41.991720323763687 ], [ 13.739289506243852, 41.991568356828139 ], [ 13.739124519046999, 41.991390097101515 ], [ 13.738930788563039, 41.991278259091899 ], [ 13.738696222451754, 41.991148144696034 ], [ 13.738487894313062, 41.991021941526057 ], [ 13.738020739378522, 41.990832961124994 ], [ 13.737781749142171, 41.990752214661356 ], [ 13.73741665999496, 41.990658778349811 ], [ 13.737157551421621, 41.990569860653906 ], [ 13.736901387806746, 41.990485008253749 ], [ 13.736742091087388, 41.99045586886367 ], [ 13.736660992366723, 41.990423111605757 ], [ 13.736578562808562, 41.990553267167741 ], [ 13.736453445198554, 41.990822951702413 ], [ 13.736150206427645, 41.991215780365344 ], [ 13.735993106148282, 41.991285539241936 ], [ 13.735631472591971, 41.991400704247958 ], [ 13.735292964100333, 41.991557824723053 ], [ 13.734938368088178, 41.991720724282693 ], [ 13.734743508820245, 41.991882404976636 ], [ 13.734645872343355, 41.991973668367713 ], [ 13.734365211907532, 41.992435251201336 ], [ 13.73429099511497, 41.992553580816235 ], [ 13.734116741042351, 41.992682721931274 ], [ 13.733942486265162, 41.992811862769244 ], [ 13.733756254623325, 41.992940871210315 ], [ 13.733609234329347, 41.993106056375083 ], [ 13.733486342856743, 41.993262571494149 ], [ 13.733359104362666, 41.993436910701341 ], [ 13.733179022917119, 41.993658325732966 ], [ 13.732763675514304, 41.994064801265687 ], [ 13.732665560125465, 41.994179887226593 ], [ 13.732573774033536, 41.994378446559558 ], [ 13.732534949080275, 41.994523974077644 ], [ 13.732464186667244, 41.99466914888847 ], [ 13.732320737408388, 41.994855222661641 ], [ 13.732081356699746, 41.995046193964278 ], [ 13.731762367215072, 41.99522437036044 ], [ 13.731494328269505, 41.99545076813618 ], [ 13.731201801654001, 41.995703702862428 ], [ 13.730942275727511, 41.995903385144324 ], [ 13.730598141547546, 41.996140854196128 ], [ 13.730174954496928, 41.996538297307758 ], [ 13.729950701094095, 41.996771133198529 ], [ 13.729754984458094, 41.996974497485219 ], [ 13.729579524321265, 41.997163192153685 ], [ 13.729452741197065, 41.997313702331383 ], [ 13.729223601222543, 41.997591163117299 ], [ 13.729197063975711, 41.997772374715765 ], [ 13.729186535672561, 41.997967840631411 ], [ 13.729035589633868, 41.99800907760504 ], [ 13.728826979091988, 41.998057405249938 ], [ 13.728641433180925, 41.998150668445419 ], [ 13.728578108921399, 41.998322731396286 ], [ 13.728532769757264, 41.998393717865248 ], [ 13.728349080059566, 41.998594234207864 ], [ 13.728129931985359, 41.99877052776074 ], [ 13.727904102917641, 41.998881215527092 ], [ 13.727701930954138, 41.999007058565375 ], [ 13.727495053682084, 41.999168593426525 ], [ 13.727328633925259, 41.999303768255068 ], [ 13.727087856258526, 41.999563223424836 ], [ 13.726912084195165, 41.999766803911534 ], [ 13.726535083478346, 42.000048576403003 ], [ 13.726136750575654, 42.00039862086453 ], [ 13.725983193474487, 42.000489256030207 ], [ 13.725651171954739, 42.000717908314698 ], [ 13.725516209032792, 42.000877259275001 ], [ 13.725534448089602, 42.000963843949663 ], [ 13.725585103039748, 42.001026958996945 ], [ 13.725727170755665, 42.001111939808887 ], [ 13.725941104880981, 42.001197718212914 ], [ 13.726070720477997, 42.001306389932225 ], [ 13.726042784445399, 42.00150565239624 ], [ 13.726030818579758, 42.001705092110505 ], [ 13.726062830654916, 42.001902041258042 ], [ 13.726124098237786, 42.002033783822739 ], [ 13.726161232132332, 42.002174194589543 ], [ 13.726076923795441, 42.002396660922329 ], [ 13.72596138671233, 42.002583036212194 ], [ 13.725864255942783, 42.002647489259971 ], [ 13.725691740051721, 42.002687275724675 ], [ 13.725453914885174, 42.002797825359693 ], [ 13.725212869148363, 42.002869615708619 ], [ 13.724955138620894, 42.002976964521828 ], [ 13.724761884769915, 42.003055242218238 ], [ 13.724592110635973, 42.00315761004962 ], [ 13.724437771272148, 42.003286957404356 ], [ 13.724291476167018, 42.003413415264809 ], [ 13.724159003237631, 42.003447687090144 ], [ 13.72398690076326, 42.003466624720005 ], [ 13.72371009518583, 42.00352907824653 ], [ 13.723581138164681, 42.0035872180448 ], [ 13.723491631684695, 42.003669626011614 ], [ 13.723337467496105, 42.003790037735143 ], [ 13.72319462583469, 42.003943340827753 ], [ 13.723056074004631, 42.004081797999611 ], [ 13.722930333687035, 42.004178695851287 ], [ 13.722789098571651, 42.004251591595519 ], [ 13.722647386518702, 42.004348311397898 ], [ 13.722584754593536, 42.004484634198469 ], [ 13.722478619068619, 42.004599621895451 ], [ 13.722193582858953, 42.004873467285108 ], [ 13.72211181992907, 42.004967875128038 ], [ 13.721981308705384, 42.005103441797338 ], [ 13.72180675684856, 42.005244475243956 ], [ 13.721592693495568, 42.005364217484697 ], [ 13.721416887689829, 42.005567788892158 ], [ 13.721117597279578, 42.005954663034871 ], [ 13.720924981607089, 42.006199748035165 ], [ 13.720521273348114, 42.006615243764898 ], [ 13.720216076039954, 42.006897795422489 ], [ 13.71985038505523, 42.007209458443931 ], [ 13.719562228776418, 42.007438581954631 ], [ 13.7193153739497, 42.007599655707523 ], [ 13.719024416094772, 42.007769172770551 ], [ 13.718712655108849, 42.007980158515714 ], [ 13.718341236469023, 42.008178562463485 ], [ 13.718135269467265, 42.008344485724358 ], [ 13.718080662585189, 42.008425862338157 ], [ 13.717877603676191, 42.00859337948804 ], [ 13.717580969443899, 42.008846232746173 ], [ 13.717290045123226, 42.009212339242694 ], [ 13.717060090719492, 42.009525510106442 ], [ 13.716931876486091, 42.009744499854101 ], [ 13.716715154832906, 42.009995265448232 ], [ 13.716495275021391, 42.010256547606794 ], [ 13.716315544190248, 42.010470118975292 ], [ 13.716008588359344, 42.010368901667029 ], [ 13.715057022311861, 42.010055119813899 ], [ 13.714604508840104, 42.009736449209811 ], [ 13.714356342601704, 42.009692642998353 ], [ 13.713674187690923, 42.009635652926171 ], [ 13.713418811558288, 42.009623854409796 ], [ 13.713341667067072, 42.009587245336519 ], [ 13.71330469308052, 42.009569700806189 ], [ 13.712973805648041, 42.009412690421804 ], [ 13.712469365289065, 42.009056894711009 ], [ 13.712201564433757, 42.008735183079317 ] ] ] ] } }
]
}
