{
"type": "FeatureCollection",
"name": "PNALM_core",
"crs": { "type": "name", "properties": { "name": "urn:ogc:def:crs:OGC:1.3:CRS84" } },
"features": [
{ "type": "Feature", "properties": { "Id": 0, "Estensione": 50158.757043099999, "Perimetro": 186.28430106799999, "Nome": null }, "geometry": { "type": "MultiPolygon", "coordinates": [ [ [ [ 13.988416317635624, 41.760925241215936 ], [ 13.988369495329314, 41.761143438131448 ], [ 13.98830673822782, 41.761259477559193 ], [ 13.988323027843316, 41.761330765606957 ], [ 13.988397906308345, 41.761349000440141 ], [ 13.98846461322368, 41.761280792591457 ], [ 13.988585075694282, 41.761220340817751 ], [ 13.988638544638496, 41.761339921144277 ], [ 13.988625514827394, 41.761487296877789 ], [ 13.988661044681276, 41.761570344859791 ], [ 13.988759101428897, 41.761654034098093 ], [ 13.988847496550381, 41.761638749218307 ], [ 13.989153928841816, 41.76141464780418 ], [ 13.989244996328969, 41.761484453559 ], [ 13.989286865435719, 41.761625442314781 ], [ 13.989253309283743, 41.761959110668627 ], [ 13.989458028153422, 41.76255929374922 ], [ 13.989683714069983, 41.762893046805381 ], [ 13.989851754180821, 41.763008981025237 ], [ 13.98994082202235, 41.762974642504851 ], [ 13.990028063130039, 41.763038238665004 ], [ 13.990240882997712, 41.763212625865691 ], [ 13.990245229805746, 41.76324975837484 ], [ 13.990553549662275, 41.763599150328574 ], [ 13.990724854355289, 41.763838962888308 ], [ 13.990973670691268, 41.764210525109966 ], [ 13.991051181383785, 41.764342274971348 ], [ 13.991258937815925, 41.764386445555473 ], [ 13.991402028055887, 41.764383930739925 ], [ 13.991620626815525, 41.764380088515047 ], [ 13.991966084590619, 41.764434594630735 ], [ 13.992303218721492, 41.764532875272849 ], [ 13.992417767031327, 41.764586108986421 ], [ 13.992804052559604, 41.764709159461553 ], [ 13.992808526927588, 41.765040687205669 ], [ 13.993069395116761, 41.765551519215364 ], [ 13.993392820874529, 41.765733084107062 ], [ 13.9939001813421, 41.765856682203875 ], [ 13.994352591676169, 41.765932135572946 ], [ 13.99534906470849, 41.765991997490154 ], [ 13.995428424368786, 41.766015186520697 ], [ 13.996116175629115, 41.766126290441861 ], [ 13.99676275115301, 41.766405068452428 ], [ 13.997087220942188, 41.766503039783927 ], [ 13.99735240411774, 41.766458801394975 ], [ 13.997520526193547, 41.766641886068861 ], [ 13.997709566823364, 41.7667024606571 ], [ 13.998056285950256, 41.766738995965348 ], [ 13.998568887134057, 41.766958408281511 ], [ 13.999023580606877, 41.76696786247868 ], [ 13.999251917522161, 41.767079527995406 ], [ 13.999675252237274, 41.767234192559727 ], [ 14.000116280074582, 41.767274252944745 ], [ 14.0007223522668, 41.767238831867523 ], [ 14.001940165962253, 41.767330150051045 ], [ 14.002439157459101, 41.767330036772741 ], [ 14.002758375980099, 41.76732996316867 ], [ 14.003258542781888, 41.767391933392588 ], [ 14.003611500473339, 41.767210306897233 ], [ 14.003844275115384, 41.767081256434707 ], [ 14.004195202740179, 41.76703067963539 ], [ 14.004426225628025, 41.767014808851549 ], [ 14.00481198469795, 41.766878448574346 ], [ 14.00579235343986, 41.766669178354164 ], [ 14.006227753613794, 41.766719122742749 ], [ 14.006510612739618, 41.766874689228906 ], [ 14.006896899729094, 41.76708713650649 ], [ 14.007136875676084, 41.767213130619915 ], [ 14.007416919081484, 41.767302825502384 ], [ 14.007738573613683, 41.767344329104304 ], [ 14.00808963728231, 41.767354813015871 ], [ 14.008764997995605, 41.767545925192977 ], [ 14.008990984919537, 41.767664939304332 ], [ 14.009244551583624, 41.76775085165513 ], [ 14.00947829767037, 41.767862764055053 ], [ 14.009977314725418, 41.768015229706208 ], [ 14.010173397549883, 41.768075138484939 ], [ 14.010196174629293, 41.768069553360164 ], [ 14.010227859676768, 41.768081656052175 ], [ 14.010353249200985, 41.768087762910199 ], [ 14.010633389123525, 41.767982937447911 ], [ 14.010974668885648, 41.76778331467132 ], [ 14.011199337061733, 41.767663116029119 ], [ 14.011702991761631, 41.767411892790129 ], [ 14.012291808885207, 41.767289491431512 ], [ 14.012444710756004, 41.767257706123395 ], [ 14.012582283215618, 41.767243349256454 ], [ 14.012898579625391, 41.767210340360677 ], [ 14.013131474743204, 41.767250776241248 ], [ 14.013226500219588, 41.76728138093312 ], [ 14.013301629580955, 41.767351216355273 ], [ 14.013394172855369, 41.767435551855471 ], [ 14.013539641546027, 41.767554952434665 ], [ 14.013635714214042, 41.767636514132398 ], [ 14.013644620976558, 41.767639719569459 ], [ 14.013644760922443, 41.76764196424368 ], [ 14.013661972628892, 41.7676718768463 ], [ 14.013841370945485, 41.767784207229496 ], [ 14.013938176652013, 41.767844822093281 ], [ 14.014058466264213, 41.767886939550905 ], [ 14.014141654599355, 41.767935607726145 ], [ 14.014256421352918, 41.76800274982341 ], [ 14.014328186315918, 41.76801492693226 ], [ 14.014425907910145, 41.768061033710374 ], [ 14.014521480429787, 41.768053018047866 ], [ 14.015168236114446, 41.768235490236528 ], [ 14.015750808364347, 41.768440661179021 ], [ 14.016399300773802, 41.768762640827653 ], [ 14.01651927814409, 41.768811870079332 ], [ 14.016729002370599, 41.768888136627268 ], [ 14.017030687355831, 41.76893540078008 ], [ 14.017510406322051, 41.769113451692995 ], [ 14.017952387726734, 41.769029670076776 ], [ 14.018170544997801, 41.769243015302003 ], [ 14.018577947791746, 41.769246496410943 ], [ 14.019051766373973, 41.769069429496817 ], [ 14.019588367957459, 41.768950090232465 ], [ 14.020023842827339, 41.768782224355959 ], [ 14.020424021884077, 41.768423409830582 ], [ 14.02073087491698, 41.76834023516588 ], [ 14.021057014174936, 41.768442525244701 ], [ 14.021677746952466, 41.768523813299325 ], [ 14.021901150796701, 41.768594179836242 ], [ 14.022483580411262, 41.768631598782775 ], [ 14.022824719991782, 41.768806082417171 ], [ 14.023077980440162, 41.768963775720117 ], [ 14.023111142236797, 41.769180783252963 ], [ 14.023163704537726, 41.769607934999719 ], [ 14.023714923607924, 41.769993912693522 ], [ 14.024077523225973, 41.770223385684822 ], [ 14.024282966541467, 41.770320453746287 ], [ 14.02451825384666, 41.770548843977821 ], [ 14.024863862190477, 41.770849662446494 ], [ 14.024922468301867, 41.771183790360837 ], [ 14.025125751114656, 41.771423823050611 ], [ 14.025492511561634, 41.771379273274107 ], [ 14.025812789286546, 41.771250920547601 ], [ 14.026179548312516, 41.771206368560669 ], [ 14.026091809749905, 41.770693263685175 ], [ 14.02616105444489, 41.770324474047058 ], [ 14.026277320733866, 41.770003744406388 ], [ 14.026380193769526, 41.769516085838532 ], [ 14.026372566684335, 41.769112641951544 ], [ 14.026381586592215, 41.768726660123598 ], [ 14.026411852984983, 41.768303920649608 ], [ 14.026319684215729, 41.76823654655702 ], [ 14.026238691113841, 41.768177341545943 ], [ 14.026306400602817, 41.767909819379682 ], [ 14.026469482561644, 41.767379449596646 ], [ 14.026380234523238, 41.767237226085221 ], [ 14.02624250630528, 41.766872639609048 ], [ 14.026198819406918, 41.766604173188895 ], [ 14.026288866183432, 41.766438121058876 ], [ 14.026180534588637, 41.766234641302347 ], [ 14.026129071816319, 41.765954193530462 ], [ 14.026221820312903, 41.765609433557771 ], [ 14.026162311100872, 41.765334875261338 ], [ 14.026048547809934, 41.764964533894045 ], [ 14.026076832114494, 41.764672846696683 ], [ 14.026024469945614, 41.764451968121286 ], [ 14.026000392387079, 41.763939402302285 ], [ 14.026022972318344, 41.763498724337268 ], [ 14.02598460404848, 41.762878798761491 ], [ 14.025960527157318, 41.762366232805007 ], [ 14.026006975203616, 41.761925757084661 ], [ 14.025958399283127, 41.76145468721959 ], [ 14.025916879131421, 41.761043254094552 ], [ 14.02590817466997, 41.760566564493544 ], [ 14.025962397340908, 41.760138069969848 ], [ 14.026167961971959, 41.759698942936197 ], [ 14.026379678665503, 41.759379021613675 ], [ 14.026665156349106, 41.758916740027608 ], [ 14.026811151488154, 41.758733288133392 ], [ 14.026602466405212, 41.758326396611352 ], [ 14.026309332847648, 41.757716227183046 ], [ 14.026142143478527, 41.757196490122958 ], [ 14.025918457134141, 41.756729893095944 ], [ 14.025756796245696, 41.75637106022802 ], [ 14.025486914763174, 41.755802789626287 ], [ 14.025480671596886, 41.755689540322344 ], [ 14.025320728188307, 41.755217525000667 ], [ 14.025155445640317, 41.754942493344522 ], [ 14.024963707583332, 41.754624682969769 ], [ 14.024710130202246, 41.75455699589326 ], [ 14.024330983142409, 41.754375045582968 ], [ 14.023910708139336, 41.75428211016262 ], [ 14.023955087442562, 41.753978644303182 ], [ 14.024167878518931, 41.753587243404915 ], [ 14.02449674643873, 41.753411305097316 ], [ 14.024642734924139, 41.753227855717583 ], [ 14.024031363784665, 41.753145213669441 ], [ 14.023902423610288, 41.753128198055052 ], [ 14.023404084076082, 41.753062433142695 ], [ 14.022703312534439, 41.75310413586228 ], [ 14.022316585178498, 41.753234924218923 ], [ 14.022023240387441, 41.753354530157544 ], [ 14.021630091638595, 41.753571617915014 ], [ 14.02138419756359, 41.754046139962689 ], [ 14.021177352066957, 41.754568655751299 ], [ 14.021082854964352, 41.754728706960371 ], [ 14.020932356108586, 41.754983607364316 ], [ 14.020705260035555, 41.755267641553807 ], [ 14.020231091556065, 41.755579357011207 ], [ 14.01958949161236, 41.755913472614857 ], [ 14.019081767543106, 41.756338093227647 ], [ 14.01859990010165, 41.756631863024779 ], [ 14.018376872983529, 41.756647830753501 ], [ 14.017820894280986, 41.756583502014045 ], [ 14.017815951370098, 41.756515302780258 ], [ 14.017728865498473, 41.755313724967223 ], [ 14.017584527203676, 41.754865663196803 ], [ 14.017503560318355, 41.754436016274674 ], [ 14.017472506175704, 41.753863811265816 ], [ 14.017386954240049, 41.752617764703338 ], [ 14.017276142290561, 41.751954320189562 ], [ 14.017012380952636, 41.751303865473702 ], [ 14.016594490591027, 41.75040083061949 ], [ 14.016104944601237, 41.749115732375188 ], [ 14.016015948579454, 41.748691972971805 ], [ 14.01542806119518, 41.747596675923852 ], [ 14.014945725122354, 41.746883574133165 ], [ 14.01450244191305, 41.746218466919757 ], [ 14.014219181656346, 41.746212444980763 ], [ 14.01402583760315, 41.746208334203494 ], [ 14.013849284205085, 41.746274985586851 ], [ 14.01372711430095, 41.746263422496071 ], [ 14.013655456112925, 41.746256640156801 ], [ 14.013498860003264, 41.746300574271743 ], [ 14.013316481725951, 41.746365734514484 ], [ 14.013236720313527, 41.746379348005313 ], [ 14.013024276365378, 41.746329861535287 ], [ 14.012748782966707, 41.746241703574583 ], [ 14.012571594043825, 41.746175837617152 ], [ 14.012356454336333, 41.746100035099197 ], [ 14.011849316897415, 41.746379339179235 ], [ 14.01153074667806, 41.746610141006947 ], [ 14.011235031236062, 41.746803009293536 ], [ 14.010946884431549, 41.74691730021307 ], [ 14.010823900666956, 41.746919377992057 ], [ 14.010308615112441, 41.747020740453671 ], [ 14.010158539566833, 41.747050261504036 ], [ 14.010102956697557, 41.747061195038512 ], [ 14.009471875278335, 41.747127248457709 ], [ 14.008901785115311, 41.747273228340497 ], [ 14.008616242702423, 41.747209396986712 ], [ 14.008515595642262, 41.747233387986377 ], [ 14.008241742426629, 41.747351532928768 ], [ 14.008024760303108, 41.74739017211698 ], [ 14.007959772286876, 41.747371575010177 ], [ 14.007734021252304, 41.747258975024316 ], [ 14.007660988063883, 41.747248811914979 ], [ 14.007628447463228, 41.747266713300959 ], [ 14.007312561906016, 41.747440488720187 ], [ 14.007154668649473, 41.747579097911263 ], [ 14.006766246947606, 41.748004695552424 ], [ 14.006704126328097, 41.748318725396175 ], [ 14.006498572498066, 41.748434332206251 ], [ 14.006345245146459, 41.748791209896623 ], [ 14.006252148630782, 41.749050160653901 ], [ 14.006176745737196, 41.749399821492617 ], [ 14.006133514573538, 41.749414774701641 ], [ 14.005862385122857, 41.749149261261003 ], [ 14.005812937464729, 41.74915462823116 ], [ 14.005254176922701, 41.749587250122353 ], [ 14.00508266888178, 41.749771645420154 ], [ 14.005042941130565, 41.749871390814462 ], [ 14.004930525688838, 41.750144471622541 ], [ 14.004734309126226, 41.750440898056425 ], [ 14.004664053309165, 41.750502008687455 ], [ 14.004553821683057, 41.750615519216367 ], [ 14.004450624069298, 41.750721786036216 ], [ 14.003510770757732, 41.751202169765214 ], [ 14.002895525882678, 41.751475652295433 ], [ 14.00224081459049, 41.751725986640544 ], [ 14.002137538778804, 41.751924239787726 ], [ 14.002076683306916, 41.752154870031596 ], [ 14.002075895210794, 41.752308271264837 ], [ 14.00207510401507, 41.752462273693517 ], [ 14.002021143720061, 41.753069490452319 ], [ 14.002273246256616, 41.753449206171602 ], [ 14.002317983745753, 41.753499502515936 ], [ 14.002435019585899, 41.753631080190374 ], [ 14.002151712206752, 41.753885637916341 ], [ 14.002109702940521, 41.754026903432532 ], [ 14.001857160668989, 41.754204795017138 ], [ 14.001591404066154, 41.754299683572697 ], [ 14.001488969105655, 41.754346963458545 ], [ 14.001473684185871, 41.754637951060687 ], [ 14.001402162068889, 41.754720093812359 ], [ 14.001212475208643, 41.754937946859172 ], [ 14.00113773487522, 41.755037386404872 ], [ 14.001077052979518, 41.755051157282189 ], [ 14.000986159001801, 41.755060927943383 ], [ 14.000912617692983, 41.754983001219948 ], [ 14.000669221458063, 41.754876028854355 ], [ 14.000375272886213, 41.75479173729471 ], [ 14.000006029086249, 41.754655279294475 ], [ 13.999992035704896, 41.754650107855994 ], [ 13.999842933954803, 41.754595005182559 ], [ 13.999600829201132, 41.754505531315345 ], [ 13.999107977606945, 41.754272463087872 ], [ 13.998806062751729, 41.754334589930401 ], [ 13.998719337288158, 41.754401500408107 ], [ 13.998554156663694, 41.754570702409659 ], [ 13.998319428129868, 41.754536232997111 ], [ 13.998199697285692, 41.754379323286877 ], [ 13.99812077713889, 41.754320724970867 ], [ 13.998077129033357, 41.754288316124693 ], [ 13.997814354006069, 41.754134449801334 ], [ 13.99767001530666, 41.754018802814947 ], [ 13.997607841274975, 41.753907447174875 ], [ 13.997501388987889, 41.753665063539671 ], [ 13.997388912103897, 41.753530629574435 ], [ 13.997355223464366, 41.75326896058624 ], [ 13.996801523902697, 41.752829642780704 ], [ 13.996514124301743, 41.752483969375724 ], [ 13.996443546988003, 41.752111592424562 ], [ 13.996398871454192, 41.751710844710367 ], [ 13.996333832314033, 41.75141911298671 ], [ 13.9962451519139, 41.751289651907364 ], [ 13.996176175958205, 41.751121042095434 ], [ 13.996086772262473, 41.75103804463869 ], [ 13.995910510300005, 41.751015056590433 ], [ 13.995779994093368, 41.75100805439812 ], [ 13.995529117572197, 41.750798092950987 ], [ 13.995438832356808, 41.750957314035141 ], [ 13.995322165689357, 41.751092129460588 ], [ 13.995066883570136, 41.750932613498513 ], [ 13.994896619381844, 41.750831192902623 ], [ 13.994743888094504, 41.750829856643414 ], [ 13.994619793931134, 41.75082877078335 ], [ 13.994516690172047, 41.750706173190707 ], [ 13.994479957755431, 41.750612911573675 ], [ 13.994397439656108, 41.75040383962439 ], [ 13.994392988923419, 41.750392562987862 ], [ 13.994365354107165, 41.750389270327432 ], [ 13.994244998406142, 41.750374929986009 ], [ 13.994131566784082, 41.750302444522909 ], [ 13.994018247030994, 41.750222810685074 ], [ 13.993857311184698, 41.750135610507584 ], [ 13.993724677600264, 41.750070105721939 ], [ 13.993553638641949, 41.750018562839152 ], [ 13.99348782461235, 41.749953643105378 ], [ 13.993329476346466, 41.749904594147708 ], [ 13.993129412385102, 41.749674065256336 ], [ 13.993159633246757, 41.74936929575351 ], [ 13.993089674214538, 41.748958792718412 ], [ 13.99309578103081, 41.74856802093192 ], [ 13.993049043066863, 41.748300706207736 ], [ 13.993002476203493, 41.748022466964407 ], [ 13.9929415005672, 41.747851744305635 ], [ 13.992758491906933, 41.747344926731053 ], [ 13.992665854223084, 41.74691980196507 ], [ 13.99247887522027, 41.74670866615827 ], [ 13.992217947032451, 41.746414024483734 ], [ 13.992091623644333, 41.746254425334278 ], [ 13.99190123787197, 41.746013887282523 ], [ 13.991751370879552, 41.745678728536674 ], [ 13.991493600150395, 41.745285782314035 ], [ 13.991223802749355, 41.745000997998858 ], [ 13.991188796766373, 41.744630358826058 ], [ 13.990888438464305, 41.744303621894595 ], [ 13.990649922979742, 41.744091815458702 ], [ 13.990333857121966, 41.743955585695709 ], [ 13.989964945810099, 41.743942810812484 ], [ 13.989503667911272, 41.744013751535626 ], [ 13.989484544609692, 41.743802680514676 ], [ 13.989441754760923, 41.743646870476908 ], [ 13.989190776041008, 41.743488051912209 ], [ 13.989022540968604, 41.743349838040636 ], [ 13.989007972580689, 41.743147906293061 ], [ 13.989002363076796, 41.743028859579439 ], [ 13.988993649529753, 41.742843937159726 ], [ 13.989028152982694, 41.742683133723766 ], [ 13.988999326876639, 41.742576496212678 ], [ 13.988908720008274, 41.74224130850606 ], [ 13.988840968326318, 41.741781306593197 ], [ 13.988810201772775, 41.741455368191765 ], [ 13.98876988820215, 41.741287005976496 ], [ 13.988636264277904, 41.741037805609501 ], [ 13.988552635856038, 41.740837801644375 ], [ 13.988423814808879, 41.740529713453924 ], [ 13.988287385012326, 41.740099557041923 ], [ 13.988225738247477, 41.739770148557007 ], [ 13.988279513051971, 41.739539679775945 ], [ 13.988280692679636, 41.739005662350095 ], [ 13.988217812561386, 41.738754884739741 ], [ 13.988126163254149, 41.738571899958472 ], [ 13.988097775886077, 41.738492947707385 ], [ 13.988103500033727, 41.736648275584777 ], [ 13.987794357290234, 41.735263362458006 ], [ 13.987265321807772, 41.73410528675516 ], [ 13.987031947292792, 41.733569418012458 ], [ 13.986916607686785, 41.733357282588436 ], [ 13.986805353009498, 41.733083131809259 ], [ 13.986567192460866, 41.732573955887474 ], [ 13.986138210360934, 41.732075529534733 ], [ 13.985776994521782, 41.731825596650701 ], [ 13.985541080643417, 41.731552264555773 ], [ 13.985409133529934, 41.731452469974769 ], [ 13.985293088996906, 41.731346589352512 ], [ 13.985109972207194, 41.731240718328827 ], [ 13.985023941283382, 41.731218727684421 ], [ 13.984919651361182, 41.731192069691865 ], [ 13.98461533455823, 41.731152337947165 ], [ 13.984386345827382, 41.731147930999605 ], [ 13.984174538204496, 41.731062650521451 ], [ 13.983833045557137, 41.73084882055602 ], [ 13.983543350463798, 41.730809363396858 ], [ 13.983316085620727, 41.730826155703063 ], [ 13.982945599543136, 41.730746203615666 ], [ 13.982790460882216, 41.730707671565405 ], [ 13.982762880664733, 41.73069596252045 ], [ 13.982731164907753, 41.730640079580994 ], [ 13.983007867094027, 41.730342260025068 ], [ 13.98317285399493, 41.730168563291592 ], [ 13.983289619815206, 41.730026611313768 ], [ 13.983315956140357, 41.729869560553269 ], [ 13.983169906485958, 41.729750305283694 ], [ 13.982729053962439, 41.72956409675632 ], [ 13.982427134230203, 41.729343370722738 ], [ 13.982257682580405, 41.729195309976021 ], [ 13.981957628490676, 41.728856636361868 ], [ 13.98189529007958, 41.728573688046787 ], [ 13.981910137352422, 41.728237804140967 ], [ 13.981939015682798, 41.727919917700504 ], [ 13.981775920321519, 41.727671822814159 ], [ 13.981487987202394, 41.727472666014691 ], [ 13.981221595998115, 41.727420259456949 ], [ 13.980911361567864, 41.727424657557982 ], [ 13.980648386082086, 41.727458071160136 ], [ 13.980375698573468, 41.72750212187389 ], [ 13.979902850386209, 41.727530096524767 ], [ 13.979607041847192, 41.727527469910363 ], [ 13.979280343558189, 41.727667553437115 ], [ 13.978948816139207, 41.727811167746829 ], [ 13.978699755244737, 41.72786972295814 ], [ 13.978508910087934, 41.727868026446082 ], [ 13.978309655359327, 41.727794762189426 ], [ 13.978076763824518, 41.727435227816152 ], [ 13.977877385652077, 41.727068841821129 ], [ 13.977424243710924, 41.726326598283045 ], [ 13.976967838379027, 41.725748856723925 ], [ 13.976808631171, 41.725557983508629 ], [ 13.976748537074226, 41.725435910808208 ], [ 13.976816230495215, 41.725079050250187 ], [ 13.976830195696166, 41.724800353153533 ], [ 13.976790490155631, 41.724596245428216 ], [ 13.976716594763259, 41.724441878081294 ], [ 13.97661367750967, 41.7243122746398 ], [ 13.976352811908528, 41.72421343577021 ], [ 13.975686786854839, 41.723988416645227 ], [ 13.975307881001973, 41.72391100177051 ], [ 13.975084617619636, 41.723848241698867 ], [ 13.974980682023716, 41.723782971128919 ], [ 13.974872430348011, 41.723689064881299 ], [ 13.97474651631841, 41.723505635067575 ], [ 13.974662858158892, 41.723365477811676 ], [ 13.974685066708485, 41.72316907107777 ], [ 13.974721416925824, 41.722983514425984 ], [ 13.974699949713195, 41.722833188200241 ], [ 13.974468399561175, 41.722691711012622 ], [ 13.974331355515094, 41.722608271165335 ], [ 13.974293003682426, 41.722478892940181 ], [ 13.974255526262777, 41.722310061883306 ], [ 13.974362803588468, 41.722130487287878 ], [ 13.974420142410661, 41.722034506009365 ], [ 13.974465345774387, 41.721719220410144 ], [ 13.974411775302892, 41.721610384004101 ], [ 13.974252642548933, 41.721415933183039 ], [ 13.97408768353006, 41.721274151734008 ], [ 13.97402293912551, 41.721190885654067 ], [ 13.973781509623999, 41.720880387311531 ], [ 13.973389540213306, 41.720326391904941 ], [ 13.972948733962834, 41.719843451343749 ], [ 13.972954880676408, 41.719457445518302 ], [ 13.972857329135092, 41.718991870719378 ], [ 13.972909928449766, 41.718684922101758 ], [ 13.973250870322721, 41.71831761773187 ], [ 13.973375581294301, 41.718071102270365 ], [ 13.973417204018437, 41.717988826409055 ], [ 13.973476245851733, 41.71768185614183 ], [ 13.973487150463077, 41.717544327253336 ], [ 13.973357033874644, 41.716973091596913 ], [ 13.972953274360925, 41.716561974603522 ], [ 13.972686821534104, 41.716516697004721 ], [ 13.972218422928396, 41.716569702508068 ], [ 13.971888266707035, 41.716586250886778 ], [ 13.971279037002178, 41.71623957871163 ], [ 13.971024635871341, 41.716037121057809 ], [ 13.970587826965263, 41.715904521595526 ], [ 13.970218373562632, 41.715736777749193 ], [ 13.969837897645384, 41.715661874502111 ], [ 13.969493985559625, 41.715687387802753 ], [ 13.969269165424274, 41.715713254226792 ], [ 13.969250257251785, 41.715696098918613 ], [ 13.968870053211941, 41.715351138757704 ], [ 13.967979749907581, 41.714142067511041 ], [ 13.965512941726153, 41.713715355489079 ], [ 13.963960874697909, 41.712922100113857 ], [ 13.962759293830478, 41.712289272972029 ], [ 13.961288792493372, 41.71117500019183 ], [ 13.960357856941066, 41.709736724943895 ], [ 13.959281978845066, 41.708611697406141 ], [ 13.957963758563087, 41.707922951989808 ], [ 13.957539089013864, 41.707437715179665 ], [ 13.95754011495271, 41.70640236145001 ], [ 13.957540515767215, 41.705998099684805 ], [ 13.957644861203352, 41.70575995852009 ], [ 13.957646495090692, 41.705752330724231 ], [ 13.958572071575425, 41.70396863477859 ], [ 13.960975748974404, 41.703599566596097 ], [ 13.96213415872335, 41.702214630836302 ], [ 13.961059229428988, 41.699648550135535 ], [ 13.960904935513179, 41.69797421975813 ], [ 13.961750245404012, 41.697016705059156 ], [ 13.96239158267935, 41.696169974926264 ], [ 13.963041817940727, 41.695249506537408 ], [ 13.964239311915684, 41.695126852620291 ], [ 13.967550177121142, 41.694870674879589 ], [ 13.97040170659179, 41.694705611093063 ], [ 13.972311601159513, 41.694570188849724 ], [ 13.973836823474405, 41.694415079468619 ], [ 13.975250878988223, 41.694340974959232 ], [ 13.975596372654582, 41.694351675322501 ], [ 13.976789296629633, 41.694514821938284 ], [ 13.978136031437737, 41.694603064772302 ], [ 13.979636573135581, 41.694616398374251 ], [ 13.98088278650069, 41.694627457153999 ], [ 13.982412969731751, 41.694374109931424 ], [ 13.983918008611889, 41.69410145514528 ], [ 13.984583457884749, 41.693840429670118 ], [ 13.985195939178089, 41.693712386324243 ], [ 13.986623756333898, 41.693496208504065 ], [ 13.988002193431935, 41.693184253931378 ], [ 13.988435859065051, 41.693388252836073 ], [ 13.988794679360801, 41.693316343114105 ], [ 13.989375943818388, 41.693353628415267 ], [ 13.989970452325323, 41.693458945625068 ], [ 13.991156382341373, 41.693562304077822 ], [ 13.991541858239094, 41.693615732702085 ], [ 13.992146356552986, 41.693692529089027 ], [ 13.992872217625353, 41.693327128765958 ], [ 13.993384073695266, 41.693227948570325 ], [ 13.99405683483451, 41.693208817147045 ], [ 13.994592493925312, 41.692805994191133 ], [ 13.99490036971614, 41.692329683516 ], [ 13.995430079817901, 41.692001872317483 ], [ 13.996118467140176, 41.691897073630727 ], [ 13.996529724429369, 41.691825597759077 ], [ 13.996902333151697, 41.691785954967493 ], [ 13.997618387349998, 41.691434737452155 ], [ 13.998156336416137, 41.691496623077505 ], [ 13.99877307643858, 41.691398333122308 ], [ 13.999460173382635, 41.691068299718133 ], [ 14.000077959201386, 41.690902093348164 ], [ 14.000889299367618, 41.69055525905884 ], [ 14.001928115047637, 41.689992340726427 ], [ 14.003033889983683, 41.689415695195109 ], [ 14.003834335797531, 41.689154537247177 ], [ 14.004363701150934, 41.688925610029209 ], [ 14.005272969985432, 41.688424134938025 ], [ 14.005412827737624, 41.688347903006047 ], [ 14.005818524951911, 41.687895566572884 ], [ 14.006517890054383, 41.687383289043694 ], [ 14.006956026742243, 41.687111827074673 ], [ 14.00816903459698, 41.68631585906126 ], [ 14.008610663126468, 41.686126638054844 ], [ 14.009291899203234, 41.685860838665796 ], [ 14.010197175163169, 41.685450551572856 ], [ 14.010374588915125, 41.685370143059082 ], [ 14.011128518160993, 41.6848829011874 ], [ 14.011561686533819, 41.684622102693474 ], [ 14.011947125981036, 41.684680735466827 ], [ 14.012408528832131, 41.684750921903145 ], [ 14.01294407362824, 41.684655432430247 ], [ 14.01326575113578, 41.684200638006125 ], [ 14.013349937564332, 41.684092713490159 ], [ 14.013503783111481, 41.683940729188535 ], [ 14.013750297507906, 41.683697195206761 ], [ 14.01439334401749, 41.683431037603043 ], [ 14.015586352303059, 41.682747778289404 ], [ 14.016460306166847, 41.682347749496564 ], [ 14.017436639351507, 41.682113023980627 ], [ 14.018099378389405, 41.681804117875437 ], [ 14.018626115559066, 41.681658481223522 ], [ 14.019018790799382, 41.682176585640462 ], [ 14.019201144091886, 41.682728640520573 ], [ 14.019346659847518, 41.683194588773567 ], [ 14.019595009992663, 41.683797251401863 ], [ 14.020027900532233, 41.684808998934976 ], [ 14.020681758355421, 41.686344528759342 ], [ 14.021018993250941, 41.687376904971572 ], [ 14.020755436117097, 41.688404162122701 ], [ 14.020978135168612, 41.688813571003131 ], [ 14.021427983620612, 41.68933930308409 ], [ 14.023290207945394, 41.691707272371289 ], [ 14.023760358379581, 41.692154525184698 ], [ 14.024424098667506, 41.69304667746691 ], [ 14.024813324919153, 41.693800659557333 ], [ 14.024933531599075, 41.69405190570285 ], [ 14.025401120220172, 41.69467071356236 ], [ 14.025213936264475, 41.695003605328957 ], [ 14.024596644369115, 41.69609447579289 ], [ 14.024115075607877, 41.69708341729033 ], [ 14.023637191023296, 41.697423397705101 ], [ 14.023449719031477, 41.697556768965619 ], [ 14.023482213741042, 41.697686149311203 ], [ 14.023557685717705, 41.697986645193872 ], [ 14.023777191087985, 41.698610500320378 ], [ 14.023913667867813, 41.699047767655308 ], [ 14.024374661130945, 41.699473491812796 ], [ 14.024864923227568, 41.699856566614329 ], [ 14.026144868079845, 41.701011310531669 ], [ 14.026687528098071, 41.701558659886473 ], [ 14.027042753505443, 41.702252767947094 ], [ 14.027502350158931, 41.702351982527993 ], [ 14.028232741688585, 41.70226342335468 ], [ 14.028295283025734, 41.702254567477731 ], [ 14.028886747089748, 41.701860810712311 ], [ 14.029489369895167, 41.701541799807373 ], [ 14.029904799004017, 41.700982895225174 ], [ 14.030113083753625, 41.700665317499222 ], [ 14.030256345445062, 41.700442514817865 ], [ 14.030204056222406, 41.700113205214912 ], [ 14.03013211810528, 41.699821859400039 ], [ 14.030295385038034, 41.699537264769333 ], [ 14.030861472194902, 41.699108315365315 ], [ 14.030989801135801, 41.698608945637829 ], [ 14.03122523122871, 41.697753012952276 ], [ 14.031354198098574, 41.697210752176275 ], [ 14.031453017020686, 41.696889250879501 ], [ 14.031136427245501, 41.696662068576764 ], [ 14.031046799632071, 41.696397184862604 ], [ 14.030685867705134, 41.696294050517523 ], [ 14.030546022323257, 41.696078391334048 ], [ 14.030282832393976, 41.695818795290315 ], [ 14.030258085330031, 41.695561211046112 ], [ 14.030308047679249, 41.694775207714031 ], [ 14.030428510262729, 41.694375862319809 ], [ 14.03026113131815, 41.694088477231261 ], [ 14.030109177096824, 41.694044298923608 ], [ 14.030284286503251, 41.693816998501745 ], [ 14.030559061890886, 41.693304565842361 ], [ 14.030701170345033, 41.692733818962395 ], [ 14.030784121729697, 41.692291260710313 ], [ 14.030823343442972, 41.692220098289248 ], [ 14.031014729710027, 41.691911479773218 ], [ 14.031039742980207, 41.691860610160006 ], [ 14.031130833799894, 41.691675367411797 ], [ 14.031171215610181, 41.691641834317544 ], [ 14.030977035396921, 41.691498543397337 ], [ 14.030979896494953, 41.691307918926306 ], [ 14.031133402119265, 41.691142395706535 ], [ 14.031248152847374, 41.690911010117496 ], [ 14.031309015033129, 41.690379151186555 ], [ 14.030853818323347, 41.690189947686434 ], [ 14.030457350190719, 41.689914929121947 ], [ 14.030423496870318, 41.689628670533125 ], [ 14.03037142920568, 41.689285063639687 ], [ 14.030005406282928, 41.688948191193134 ], [ 14.029692889552228, 41.688913896928838 ], [ 14.029548912112164, 41.688631169704955 ], [ 14.029426535192128, 41.688390070313424 ], [ 14.029755782299214, 41.688113703478678 ], [ 14.030139963578149, 41.687935830168655 ], [ 14.030132688388759, 41.687573536221642 ], [ 14.029830099678637, 41.687399398255778 ], [ 14.029799544012157, 41.686893921168526 ], [ 14.029855559653059, 41.686551226331403 ], [ 14.030023718929362, 41.686361997052273 ], [ 14.030267165230489, 41.686240129909088 ], [ 14.030475041515295, 41.685946378272078 ], [ 14.03037876032017, 41.685583333277592 ], [ 14.030471055763865, 41.685364865868998 ], [ 14.030777213175691, 41.685300721301395 ], [ 14.031108799615478, 41.685236790311158 ], [ 14.031136088244473, 41.685113098659151 ], [ 14.030837370341008, 41.68468162003461 ], [ 14.030690516462421, 41.684299083832769 ], [ 14.030798813540525, 41.683861504911974 ], [ 14.030841963443912, 41.683528233336517 ], [ 14.030938324375509, 41.683273609610737 ], [ 14.03203769557603, 41.682651793798485 ], [ 14.032437408096108, 41.682283394472435 ], [ 14.032297837192239, 41.682191127990272 ], [ 14.032072266505676, 41.68204200850856 ], [ 14.031958084611084, 41.68194220206852 ], [ 14.032031208613429, 41.681305335679724 ], [ 14.032266113541757, 41.681009425045836 ], [ 14.032880731902017, 41.68029966539121 ], [ 14.034449200732393, 41.679043846620758 ], [ 14.035073883627735, 41.678721415324041 ], [ 14.035706449662015, 41.678496361215501 ], [ 14.035988081036686, 41.678169055969683 ], [ 14.036159122739875, 41.677890474781535 ], [ 14.036505289010213, 41.677059287750971 ], [ 14.036721472964455, 41.676417659242226 ], [ 14.036771327732948, 41.675738889579662 ], [ 14.036863969568318, 41.67538815664544 ], [ 14.03627400194679, 41.674021975957601 ], [ 14.036145318148915, 41.673738552654569 ], [ 14.035558878739531, 41.672851110076607 ], [ 14.03547343766461, 41.672719321689669 ], [ 14.035507550285173, 41.672414165156447 ], [ 14.03544541213868, 41.671879801672965 ], [ 14.035414210347568, 41.671611475518162 ], [ 14.035100528974469, 41.671665560629258 ], [ 14.03488601515372, 41.671860550367846 ], [ 14.034629697743306, 41.672217797384178 ], [ 14.034535650752558, 41.672427390492459 ], [ 14.034350124299005, 41.672417952254357 ], [ 14.034133990951711, 41.672370498788254 ], [ 14.03407000531444, 41.672356450239114 ], [ 14.033702696408895, 41.672190706284695 ], [ 14.033110057584746, 41.671835563537975 ], [ 14.033176941523118, 41.671659874704268 ], [ 14.033226476703199, 41.671395600822372 ], [ 14.033314547273136, 41.671267156621141 ], [ 14.033274483533566, 41.671088747461788 ], [ 14.033373531379036, 41.670841736523485 ], [ 14.03351786319681, 41.670666637551463 ], [ 14.033587556160681, 41.670557562523264 ], [ 14.033615973804411, 41.670357619726119 ], [ 14.033625394760257, 41.670152750948063 ], [ 14.033691552073545, 41.669861437138245 ], [ 14.033717073310678, 41.66954821023505 ], [ 14.033770984705585, 41.66934371547331 ], [ 14.033874744748438, 41.669206367004335 ], [ 14.033918434952575, 41.668976854221256 ], [ 14.034014130804621, 41.6688119412728 ], [ 14.034111391199046, 41.668684070411381 ], [ 14.034145235979127, 41.668546134066922 ], [ 14.034102099151262, 41.668455213090475 ], [ 14.033904571824268, 41.668486916459102 ], [ 14.033666557744432, 41.668675564789702 ], [ 14.033480244101385, 41.668807452618594 ], [ 14.033193876880372, 41.668828875130906 ], [ 14.032996276669362, 41.66886534255287 ], [ 14.03280324862985, 41.669021003946675 ], [ 14.032603578423815, 41.669195674032579 ], [ 14.03223858374789, 41.669373717976072 ], [ 14.032061851567127, 41.669555915426116 ], [ 14.031884855967645, 41.669634233005894 ], [ 14.031837725973396, 41.669660356191109 ], [ 14.031623779928807, 41.669678344409419 ], [ 14.031285060838409, 41.669799411903796 ], [ 14.031162802386822, 41.669905239186001 ], [ 14.0308628560341, 41.669976969206424 ], [ 14.030651323780807, 41.670094341039075 ], [ 14.030490209107143, 41.670240735198462 ], [ 14.030314023419637, 41.670398514564326 ], [ 14.03012434432187, 41.670475959808456 ], [ 14.029993934106818, 41.670694105844255 ], [ 14.029579364363064, 41.670785930660259 ], [ 14.029368185120145, 41.670879471927897 ], [ 14.028940758087112, 41.670980718305096 ], [ 14.028717080214738, 41.671059854069775 ], [ 14.028437317085247, 41.671178079812947 ], [ 14.028365535181189, 41.671225220999382 ], [ 14.028058540327468, 41.671311663090805 ], [ 14.027744584854588, 41.671475825580522 ], [ 14.02745156116222, 41.67151624234954 ], [ 14.027203603529129, 41.671518909999726 ], [ 14.026961156270765, 41.671468918552378 ], [ 14.026766166790413, 41.671544659249449 ], [ 14.026498429783901, 41.671615684689662 ], [ 14.026365556092788, 41.671622814833825 ], [ 14.026338653816481, 41.671622481295252 ], [ 14.026336953836907, 41.671622572516561 ], [ 14.024500312862008, 41.671599786634978 ], [ 14.023430842037419, 41.671586502896787 ], [ 14.023077090646444, 41.671579231457905 ], [ 14.022701651410417, 41.671604636816994 ], [ 14.022395840009578, 41.671649698168871 ], [ 14.021860560841755, 41.671735701987366 ], [ 14.021624448468158, 41.671795653160871 ], [ 14.02094167753074, 41.671966189105127 ], [ 14.020399604283647, 41.672080725595926 ], [ 14.02017591243337, 41.672159844567148 ], [ 14.019743408578286, 41.672175221258662 ], [ 14.019209858085903, 41.672146837963993 ], [ 14.018835282766775, 41.6721150433074 ], [ 14.018415853201676, 41.6721066954793 ], [ 14.018295087505825, 41.672105663951086 ], [ 14.017847755690754, 41.671748817623815 ], [ 14.017818268740422, 41.671668347027257 ], [ 14.017685514851166, 41.671398230962957 ], [ 14.017922010151382, 41.670895031846854 ], [ 14.018461124359503, 41.670556468946387 ], [ 14.018768380624016, 41.670416105793038 ], [ 14.019169682472969, 41.669942908363069 ], [ 14.020069541400433, 41.669245608091487 ], [ 14.020315799418666, 41.668894580813806 ], [ 14.020485841992279, 41.66880568101567 ], [ 14.020898869123895, 41.66858974460115 ], [ 14.021284184221329, 41.668330883823167 ], [ 14.021555093661512, 41.668071047789404 ], [ 14.022054516662806, 41.667832220731945 ], [ 14.02245354327934, 41.667506745392998 ], [ 14.02280244166035, 41.667133180095263 ], [ 14.023003860855606, 41.666844152292143 ], [ 14.023020102592072, 41.66661074491735 ], [ 14.022939930314426, 41.666448011416648 ], [ 14.022923601921175, 41.666266755714645 ], [ 14.022947497671264, 41.666039540040799 ], [ 14.023058565635221, 41.665748383524544 ], [ 14.023328447043857, 41.665587740983007 ], [ 14.023451953568365, 41.665441262824949 ], [ 14.023681152267049, 41.665169431999381 ], [ 14.02392720805185, 41.665050361322812 ], [ 14.024211307455824, 41.664757267198624 ], [ 14.024290522087007, 41.664562524079301 ], [ 14.024316164557604, 41.664416289594001 ], [ 14.024403445384111, 41.66431277040715 ], [ 14.024507304036099, 41.664189588873846 ], [ 14.024768441944605, 41.664061359469336 ], [ 14.024891421977268, 41.663914649630485 ], [ 14.025021907086138, 41.663691743542174 ], [ 14.0252151531043, 41.663521798225474 ], [ 14.025440030581199, 41.66336165327688 ], [ 14.025518593001367, 41.663209799853469 ], [ 14.025580685448933, 41.66291646932325 ], [ 14.025778664543775, 41.662681642822427 ], [ 14.025860199084642, 41.662473929039542 ], [ 14.025974629036913, 41.66205070373239 ], [ 14.026062416286393, 41.661708278554961 ], [ 14.026288505870044, 41.661467116097846 ], [ 14.02644975126851, 41.661311196214697 ], [ 14.026825232545709, 41.660856817294018 ], [ 14.027019684877912, 41.660605852980119 ], [ 14.027123803441086, 41.660444682243217 ], [ 14.027352824964465, 41.660008126615352 ], [ 14.027586620869956, 41.659676468167959 ], [ 14.027798697576971, 41.659520976389828 ], [ 14.02795070813009, 41.659411342682681 ], [ 14.028172502112307, 41.659093827384091 ], [ 14.028195516135604, 41.65891425359623 ], [ 14.028502048151534, 41.658644812133332 ], [ 14.028553267549128, 41.658369160286483 ], [ 14.028716146724037, 41.658103627367694 ], [ 14.028866601527842, 41.657818924255778 ], [ 14.029047253499932, 41.657639333363214 ], [ 14.029134532930113, 41.657599599504429 ], [ 14.029323152945217, 41.657465312884831 ], [ 14.029447540990249, 41.657223285000072 ], [ 14.02958891719279, 41.657119621437317 ], [ 14.029779198655673, 41.65714505909542 ], [ 14.03001553604747, 41.657066027806493 ], [ 14.030090227945877, 41.656747319892659 ], [ 14.030246956540452, 41.656467434073903 ], [ 14.030081032001938, 41.656089500746951 ], [ 14.029856353214571, 41.655922684023153 ], [ 14.029881988669363, 41.655377650558613 ], [ 14.030008658719293, 41.654983121416095 ], [ 14.030241779027444, 41.654694347710382 ], [ 14.030512458064312, 41.654019824495705 ], [ 14.030605277635695, 41.653763230166177 ], [ 14.030818899291544, 41.653502888227401 ], [ 14.031159390131819, 41.653257914127686 ], [ 14.031602206465468, 41.653027894327309 ], [ 14.031603294172271, 41.653026125847546 ], [ 14.031371890562378, 41.652966104454421 ], [ 14.031144745145108, 41.652856949392543 ], [ 14.031013342213791, 41.652720003625817 ], [ 14.03129210667592, 41.652565067354928 ], [ 14.031571298123312, 41.652381536519094 ], [ 14.031938945047274, 41.652020015805476 ], [ 14.032225077946753, 41.651671204183309 ], [ 14.032317436594125, 41.651407662277848 ], [ 14.032363781614624, 41.651275417694947 ], [ 14.032408287634823, 41.651086374056867 ], [ 14.032432093458572, 41.650985256028981 ], [ 14.032552632825402, 41.650721093259889 ], [ 14.032663429853493, 41.650478278688084 ], [ 14.032881772018873, 41.649999770342589 ], [ 14.03309595593568, 41.649742663867201 ], [ 14.033160902501159, 41.649349286851923 ], [ 14.03349323734739, 41.648926526381857 ], [ 14.033494843634138, 41.648918782946133 ], [ 14.033537618376176, 41.648712577775207 ], [ 14.033601787966079, 41.648403232217873 ], [ 14.034197912119369, 41.647146613719883 ], [ 14.034052827238625, 41.646964128524978 ], [ 14.034189254139243, 41.646604827219498 ], [ 14.03438426577987, 41.646311553888673 ], [ 14.034871712460422, 41.645601107337107 ], [ 14.035459593316578, 41.644528869028306 ], [ 14.036219337146623, 41.6434194070915 ], [ 14.036478274889616, 41.642688106340394 ], [ 14.036796899120654, 41.642353602330623 ], [ 14.037642845995315, 41.640661751562646 ], [ 14.037983617928811, 41.639888557557768 ], [ 14.038496619770507, 41.638724544751966 ], [ 14.038859941015495, 41.637900132009648 ], [ 14.038945420131114, 41.637706168729515 ], [ 14.03947457919886, 41.636505405870885 ], [ 14.040016282679515, 41.635929981117236 ], [ 14.040540574152818, 41.63469570235786 ], [ 14.04064707441616, 41.634516120855764 ], [ 14.041034286238492, 41.633863192527535 ], [ 14.041110649438783, 41.63373442542926 ], [ 14.041699552391735, 41.632741366083785 ], [ 14.041697145483317, 41.632619710558515 ], [ 14.041685560418488, 41.632034058869202 ], [ 14.04187712044177, 41.631211778359599 ], [ 14.041909918143389, 41.631070988087608 ], [ 14.041900815084141, 41.630561072717192 ], [ 14.041896430872002, 41.630315463692789 ], [ 14.042071327224859, 41.629460671670401 ], [ 14.042055331990495, 41.629464518343873 ], [ 14.042175871312308, 41.628797936345336 ], [ 14.042191794516819, 41.628709879737713 ], [ 14.04218848837872, 41.628629675288103 ], [ 14.042148786499755, 41.627666497037133 ], [ 14.041871835695705, 41.626538092765713 ], [ 14.041769120095184, 41.626119579184397 ], [ 14.041471886259272, 41.625655521837345 ], [ 14.041156114131963, 41.625642743295423 ], [ 14.040895935108704, 41.625632213416587 ], [ 14.040778859051599, 41.62562747509169 ], [ 14.040379674562397, 41.625611318122694 ], [ 14.040041983900439, 41.625353907994786 ], [ 14.039553205042527, 41.624981323453582 ], [ 14.038956143169591, 41.624720606958633 ], [ 14.038421499847592, 41.624797540455383 ], [ 14.038287559280569, 41.624720695002139 ], [ 14.037777213995083, 41.624427886969222 ], [ 14.037345391706937, 41.624400942016763 ], [ 14.037111191003227, 41.624355629184642 ], [ 14.036473622377713, 41.624385697282513 ], [ 14.036473509395432, 41.624385703685228 ], [ 14.036208357554473, 41.624398208119381 ], [ 14.035907700991533, 41.624535720652112 ], [ 14.035208536984859, 41.624554351028131 ], [ 14.034565500060529, 41.624571482185509 ], [ 14.033709681426194, 41.624307485995978 ], [ 14.033372399028751, 41.623923348695016 ], [ 14.033304155412356, 41.623388952481186 ], [ 14.03352707521686, 41.622923732639904 ], [ 14.033783211239033, 41.622303890235088 ], [ 14.034193397141642, 41.621690102559462 ], [ 14.034288570745879, 41.621271470055447 ], [ 14.033598059449323, 41.620722311912338 ], [ 14.032819927190603, 41.620086619116002 ], [ 14.032617953562598, 41.619150730326638 ], [ 14.032724527879289, 41.617969591175317 ], [ 14.032799286991757, 41.617217148795596 ], [ 14.032367559520086, 41.6163555857934 ], [ 14.032204418784337, 41.615372359285757 ], [ 14.032300022579928, 41.614925134427168 ], [ 14.032118627999331, 41.614313523632738 ], [ 14.03125981790499, 41.613982182536965 ], [ 14.03021593071116, 41.613287036443786 ], [ 14.029477165317438, 41.612575392521677 ], [ 14.029499295485589, 41.611946430756859 ], [ 14.029623884564987, 41.611261138120348 ], [ 14.02961904139655, 41.610736806695499 ], [ 14.029265312123272, 41.609761499059886 ], [ 14.029267044884147, 41.608798724838877 ], [ 14.029554439862729, 41.608267327763485 ], [ 14.028636800055891, 41.607630427938616 ], [ 14.028418934143629, 41.606913644674819 ], [ 14.028658532163163, 41.606181661988224 ], [ 14.02821995254336, 41.604938721535731 ], [ 14.028089702317784, 41.604863266345035 ], [ 14.027987617897404, 41.604683667552628 ], [ 14.027962478740232, 41.60445467332584 ], [ 14.027766548744196, 41.604181338207574 ], [ 14.027476667430712, 41.603821414836624 ], [ 14.027138417387039, 41.603511127391073 ], [ 14.026792794996327, 41.603057787961589 ], [ 14.025997725614779, 41.6027221806063 ], [ 14.025724004869112, 41.60255542426588 ], [ 14.025116196368041, 41.602435880573942 ], [ 14.02442278300628, 41.602308457796973 ], [ 14.023986193213567, 41.602204659893445 ], [ 14.023597978424837, 41.602051225217522 ], [ 14.023291660343277, 41.601926297895261 ], [ 14.023105758392155, 41.601846859455414 ], [ 14.02259114969058, 41.601863933529501 ], [ 14.022486655129919, 41.602026355081556 ], [ 14.02150483747798, 41.602184042273969 ], [ 14.021463760407894, 41.602230001001466 ], [ 14.02103976898459, 41.602704374365814 ], [ 14.02060860887841, 41.603501437317867 ], [ 14.019930240155379, 41.603848361283355 ], [ 14.019295623018474, 41.603969537361365 ], [ 14.018916459154738, 41.604371436349417 ], [ 14.018330300165951, 41.604813271047412 ], [ 14.01740913962527, 41.605025237161051 ], [ 14.01715203030534, 41.605041517372726 ], [ 14.017026691592845, 41.605123395222527 ], [ 14.016859112619253, 41.605181540687205 ], [ 14.016682330086988, 41.605323017117684 ], [ 14.016561286199122, 41.605453054418383 ], [ 14.016416250040542, 41.605594802012682 ], [ 14.016273475580006, 41.605587622469528 ], [ 14.016147389575325, 41.605526964908357 ], [ 14.015944650238884, 41.605286915490218 ], [ 14.015821371663161, 41.605041588172348 ], [ 14.015706302476833, 41.604778457447161 ], [ 14.015662574933161, 41.604521895348775 ], [ 14.015706152268514, 41.604266080787191 ], [ 14.015780062589299, 41.604010701128601 ], [ 14.015909708842742, 41.603929715324547 ], [ 14.015998280132557, 41.603847063552081 ], [ 14.016067597693306, 41.603725520864671 ], [ 14.015946117449333, 41.603623197514921 ], [ 14.015779446768303, 41.60362177066132 ], [ 14.015596902702853, 41.603620207639722 ], [ 14.015462341083294, 41.603595223862811 ], [ 14.015336757848646, 41.603501801510973 ], [ 14.015206663134878, 41.603444087498332 ], [ 14.014984345621933, 41.603448140628302 ], [ 14.014722571284105, 41.603436960521989 ], [ 14.014462278843556, 41.603397953245107 ], [ 14.014300429974288, 41.60327099012239 ], [ 14.014126549095442, 41.603221836216797 ], [ 14.014017975456106, 41.603054085119012 ], [ 14.013507309321549, 41.603228439651616 ], [ 14.013186575827371, 41.603440169601384 ], [ 14.012692141107076, 41.603590828406894 ], [ 14.012435986961032, 41.603731616621793 ], [ 14.012240781431268, 41.604039747857428 ], [ 14.012077139387237, 41.60436006570329 ], [ 14.011865147617097, 41.604727630521161 ], [ 14.011832245610224, 41.604911863941837 ], [ 14.011510141038892, 41.605250443430549 ], [ 14.011190547998121, 41.60531878570022 ], [ 14.010694632819961, 41.605347506633244 ], [ 14.010383142297712, 41.605368656946709 ], [ 14.010351363091772, 41.605433139425045 ], [ 14.010321876287179, 41.605492970316924 ], [ 14.010384866622777, 41.606164228745826 ], [ 14.010485516379671, 41.606850247918381 ], [ 14.01073624622159, 41.607585221355912 ], [ 14.010998467352405, 41.608087936943321 ], [ 14.011218162881592, 41.60825664661931 ], [ 14.010523252243418, 41.608536643965195 ], [ 14.009793306781178, 41.60903081780954 ], [ 14.009598983485654, 41.609279373343746 ], [ 14.009378915546966, 41.609637043497749 ], [ 14.008815379255665, 41.610166296411506 ], [ 14.008063589363498, 41.610614521651144 ], [ 14.007629949393859, 41.61085313688929 ], [ 14.006917201573241, 41.61125807295543 ], [ 14.006396320070527, 41.61157529546059 ], [ 14.005897783061112, 41.611988034308489 ], [ 14.005502796459721, 41.612377835476366 ], [ 14.004619020267267, 41.61306129594567 ], [ 14.004531856185981, 41.613566957714276 ], [ 14.004624241046873, 41.614270782990992 ], [ 14.004569926538231, 41.614705235038166 ], [ 14.004315968054371, 41.615215409846336 ], [ 14.004077881808421, 41.615725721556061 ], [ 14.003744899863442, 41.616211378962468 ], [ 14.003173122588061, 41.616736669686972 ], [ 14.002724908150082, 41.616971095512618 ], [ 14.001903559308083, 41.617490441459793 ], [ 14.001578429489641, 41.617693957277652 ], [ 14.000986667619687, 41.617968834212427 ], [ 14.000543431873099, 41.618393945463694 ], [ 14.000351647055419, 41.61898806134549 ], [ 14.000240901026942, 41.619475640669485 ], [ 14.00005159490026, 41.619908915962476 ], [ 13.999709241150306, 41.620483847188694 ], [ 13.999338257470043, 41.62085596177176 ], [ 13.998870345104873, 41.621334471963557 ], [ 13.998584559336971, 41.621844356165674 ], [ 13.998283720912049, 41.622300487943598 ], [ 13.997878933251414, 41.622803375347509 ], [ 13.997670040291673, 41.623090527358585 ], [ 13.997613251831327, 41.623168590366291 ], [ 13.997530081825618, 41.623282917786575 ], [ 13.99741401574766, 41.623407311964989 ], [ 13.997357256561896, 41.623475319552171 ], [ 13.997073770827035, 41.623787835453271 ], [ 13.997047458376279, 41.623816842221025 ], [ 13.996923550306777, 41.623953437966478 ], [ 13.996915042213669, 41.623961197488882 ], [ 13.996406397582383, 41.624425085255695 ], [ 13.996219308278878, 41.624595709847625 ], [ 13.996211655842774, 41.624602688808423 ], [ 13.995825421402955, 41.624855898772914 ], [ 13.995363453051507, 41.625158754483408 ], [ 13.994953338294724, 41.625427612202941 ], [ 13.994856558876911, 41.62549105705402 ], [ 13.994515475147777, 41.625617429805118 ], [ 13.994410211490752, 41.625656430063017 ], [ 13.994073145662108, 41.625781312583904 ], [ 13.993534100896017, 41.625981024999632 ], [ 13.993426987150441, 41.626020709461599 ], [ 13.993302573546782, 41.626186623218878 ], [ 13.9930825604541, 41.626480022748453 ], [ 13.993005332332951, 41.626583009939729 ], [ 13.99269335035388, 41.62677259321503 ], [ 13.992220143685621, 41.627060144729384 ], [ 13.99188740024859, 41.627262338811533 ], [ 13.99132012459155, 41.627607042987144 ], [ 13.99108583878278, 41.627749404485634 ], [ 13.990996197415194, 41.627803873897449 ], [ 13.990819663870955, 41.628085948908698 ], [ 13.990663935545895, 41.628334777878266 ], [ 13.990630238313644, 41.628361516669777 ], [ 13.990248626189182, 41.628664324054178 ], [ 13.989808441191839, 41.629013603565419 ], [ 13.989475922050524, 41.62920670029186 ], [ 13.989391185500963, 41.629255907193297 ], [ 13.988725006826376, 41.629642755355157 ], [ 13.988549378800395, 41.629725525793035 ], [ 13.988172939870561, 41.629902933288328 ], [ 13.987950617698582, 41.63000770785527 ], [ 13.987626429923992, 41.630106612911163 ], [ 13.986948445545835, 41.630313452293763 ], [ 13.986938931822049, 41.630372502671811 ], [ 13.986869359992014, 41.630804321949434 ], [ 13.986836101122831, 41.631010751311315 ], [ 13.986828821468148, 41.631055934091805 ], [ 13.98606170376673, 41.631506116107296 ], [ 13.985860632057385, 41.631624112870895 ], [ 13.985849762979861, 41.631628339065813 ], [ 13.984839956730312, 41.632020972409926 ], [ 13.984658604310525, 41.63209148451039 ], [ 13.984186129455546, 41.632275186486659 ], [ 13.983621828924104, 41.63251598082087 ], [ 13.983286975352796, 41.632658864960696 ], [ 13.982368057047404, 41.633050964892796 ], [ 13.981945739722093, 41.633231162447565 ], [ 13.981626159238322, 41.633367521754586 ], [ 13.981284945666141, 41.633513109701028 ], [ 13.980839998195252, 41.633445430183428 ], [ 13.980663910007001, 41.633418645466293 ], [ 13.980087080246923, 41.633330902039233 ], [ 13.979514579338895, 41.633255901346743 ], [ 13.979311780276209, 41.633229332856651 ], [ 13.978769949078405, 41.633158346268175 ], [ 13.978758061371241, 41.633157124025672 ], [ 13.978741364247181, 41.633158092296817 ], [ 13.978659428729756, 41.633149667995575 ], [ 13.977371326859647, 41.633017222262801 ], [ 13.97577011708583, 41.632731289217681 ], [ 13.97524967909095, 41.632554627294326 ], [ 13.97444866992303, 41.63228271946641 ], [ 13.97289340243171, 41.631754751807527 ], [ 13.971149536979514, 41.630255659630997 ], [ 13.968647598659908, 41.629809914145788 ], [ 13.967177634881162, 41.629547996857426 ], [ 13.966528926040663, 41.628975298275535 ], [ 13.965314601503211, 41.627915481656665 ], [ 13.962992282853286, 41.627894553600989 ], [ 13.961073639739057, 41.627707430145634 ], [ 13.959930105977342, 41.62795923248143 ], [ 13.959133373023457, 41.628124797072488 ], [ 13.95839416831811, 41.628415991811188 ], [ 13.957945905578985, 41.628638326018482 ], [ 13.956786865034974, 41.629357644970312 ], [ 13.955953320278896, 41.629588389466988 ], [ 13.955581334500023, 41.629757786559864 ], [ 13.953980709113521, 41.629299374121302 ], [ 13.952829770549776, 41.628287981700439 ], [ 13.951292535907864, 41.628086295545991 ], [ 13.950304974179536, 41.627776411550151 ], [ 13.949836531817457, 41.627283591778713 ], [ 13.946256856473488, 41.625969900931942 ], [ 13.94560063445936, 41.625308523257537 ], [ 13.943783634680578, 41.623766640608807 ], [ 13.942687859808762, 41.623768482067263 ], [ 13.939503266229739, 41.624361141060611 ], [ 13.934464723449489, 41.625546024836851 ], [ 13.933106454587882, 41.627027952519612 ], [ 13.932948622979687, 41.627200148185771 ], [ 13.932861515126163, 41.627275766264901 ], [ 13.932369107180152, 41.627703220390956 ], [ 13.932062460717212, 41.627969412772622 ], [ 13.93109133750291, 41.62883320502776 ], [ 13.930713456447565, 41.629544186247564 ], [ 13.930477589799118, 41.629987957881958 ], [ 13.929793378300614, 41.630258032001663 ], [ 13.927098251139535, 41.631500727865294 ], [ 13.926171686718442, 41.631825712252351 ], [ 13.924682035019714, 41.63277456708078 ], [ 13.923684314720671, 41.633114181947015 ], [ 13.923519543936582, 41.633245076045647 ], [ 13.923446655806895, 41.633330186125015 ], [ 13.923187313988969, 41.633452870435782 ], [ 13.923099821562827, 41.633559552409352 ], [ 13.922968824934431, 41.633697476253531 ], [ 13.922881226272098, 41.633807470756153 ], [ 13.922827393079295, 41.633892758544299 ], [ 13.92278219493441, 41.634031747741687 ], [ 13.922713473428738, 41.634152642493362 ], [ 13.922691738529387, 41.634313299848415 ], [ 13.92114346787074, 41.634818178797119 ], [ 13.919528197580583, 41.635359893895576 ], [ 13.919058772994184, 41.635681391882628 ], [ 13.918712400258372, 41.635772033183258 ], [ 13.918321004189814, 41.63600189623844 ], [ 13.918052690129468, 41.636227975456542 ], [ 13.91784947058834, 41.636464549210189 ], [ 13.917669610398606, 41.636582011672409 ], [ 13.917283049647663, 41.636562498566697 ], [ 13.916857062407423, 41.636540993742869 ], [ 13.916031171940682, 41.636537974151715 ], [ 13.915708810091443, 41.636643098947353 ], [ 13.915159500324297, 41.636724417886512 ], [ 13.914965447226509, 41.636818659138491 ], [ 13.914646307314449, 41.636906204520017 ], [ 13.914267916205834, 41.636887013625675 ], [ 13.913886320923377, 41.637152047309854 ], [ 13.912358652050907, 41.638213041525233 ], [ 13.91141942675787, 41.638808270401505 ], [ 13.910743486040442, 41.639048519151331 ], [ 13.910543687981587, 41.639311152005327 ], [ 13.910055662771834, 41.639428063808289 ], [ 13.909870691166384, 41.639376264395736 ], [ 13.909560396293259, 41.639409067487478 ], [ 13.909057171041098, 41.639579451263742 ], [ 13.908723595574848, 41.639862258877983 ], [ 13.90835455575478, 41.639987442642685 ], [ 13.907999566603042, 41.640127057849092 ], [ 13.907801564760337, 41.640282462076392 ], [ 13.907410328050759, 41.640310915826561 ], [ 13.907012031150467, 41.64047513841556 ], [ 13.90659848057757, 41.640414010292666 ], [ 13.906052127884937, 41.640315870285107 ], [ 13.905825835513024, 41.640453128351517 ], [ 13.905608043495281, 41.640651236885276 ], [ 13.904643541013582, 41.640763587786793 ], [ 13.903626927380682, 41.640857560491924 ], [ 13.902930024624965, 41.640925978899595 ], [ 13.902470803979021, 41.641028835091333 ], [ 13.90205995633109, 41.641089255487444 ], [ 13.901378071228505, 41.641114911875938 ], [ 13.900663988501865, 41.641072337180162 ], [ 13.898134184493751, 41.641316213142886 ], [ 13.896712744441633, 41.641395518600618 ], [ 13.895333935681508, 41.641210690868441 ], [ 13.894885790317737, 41.641191369106657 ], [ 13.893821938701615, 41.641352719858055 ], [ 13.891861876589525, 41.64264455213997 ], [ 13.890805714585568, 41.643096688807624 ], [ 13.888461911630767, 41.643417810000507 ], [ 13.88488747466052, 41.6437084756068 ], [ 13.884401132731965, 41.64427570327075 ], [ 13.883905890397537, 41.644437713137734 ], [ 13.883537913522, 41.64458904160437 ], [ 13.883122698038646, 41.644716078722936 ], [ 13.882758834393339, 41.644629133350286 ], [ 13.882219025861188, 41.644611969226347 ], [ 13.881691391970888, 41.644809401187253 ], [ 13.881180874497113, 41.644935503947224 ], [ 13.880224603122661, 41.645116840253493 ], [ 13.879521214792943, 41.645372127552974 ], [ 13.878813070015983, 41.645901422024437 ], [ 13.877741047499191, 41.646343750670979 ], [ 13.877211938085644, 41.646624556433764 ], [ 13.876440641332898, 41.647129388021952 ], [ 13.876163791154283, 41.647519894641491 ], [ 13.875638118916802, 41.64851565994703 ], [ 13.875204936687632, 41.649481693792474 ], [ 13.875197679776582, 41.649497877064007 ], [ 13.875195616996645, 41.649502477163921 ], [ 13.87418238469901, 41.65154572648936 ], [ 13.874438576948517, 41.653951522611983 ], [ 13.875678672125046, 41.655491330907971 ], [ 13.878169438577997, 41.656540327487015 ], [ 13.880377067042676, 41.658164045300268 ], [ 13.882430342172992, 41.659268313475884 ], [ 13.882358296534379, 41.659648161914497 ], [ 13.882403428669212, 41.660388290043834 ], [ 13.882545427902388, 41.660722113963054 ], [ 13.882557439389686, 41.660854493145216 ], [ 13.882691390904284, 41.661102447319266 ], [ 13.882876905066954, 41.66140094750191 ], [ 13.882911247102623, 41.661429266415176 ], [ 13.883205897960485, 41.661672244010724 ], [ 13.883103546850466, 41.662059695818343 ], [ 13.882970547561984, 41.662138392362813 ], [ 13.882954252457527, 41.662147611329992 ], [ 13.88286679449836, 41.662243277272474 ], [ 13.8828033518616, 41.66232845229657 ], [ 13.882831454101186, 41.662357322716403 ], [ 13.882965461900367, 41.662326453277828 ], [ 13.883019215865078, 41.662272692280631 ], [ 13.883096433403225, 41.662195463822087 ], [ 13.883331085269187, 41.662133399997046 ], [ 13.883466400774678, 41.662302723836966 ], [ 13.883529854482251, 41.662492797133119 ], [ 13.883429332991604, 41.66251684303456 ], [ 13.883489008432084, 41.662649685154946 ], [ 13.883426121950137, 41.662702694362167 ], [ 13.883492106959359, 41.662746231286036 ], [ 13.883662269566681, 41.662830101241909 ], [ 13.883832802387838, 41.662892526835456 ], [ 13.88400345897792, 41.66294780429282 ], [ 13.884164275244768, 41.663020858894306 ], [ 13.884305163258059, 41.663143765207309 ], [ 13.88431352299849, 41.663211764696158 ], [ 13.88436447086181, 41.663298050999103 ], [ 13.884391155137095, 41.663409124672611 ], [ 13.884451820485605, 41.663484781411483 ], [ 13.884772038468249, 41.663713092352531 ], [ 13.88510544682911, 41.664005874818493 ], [ 13.885344354067676, 41.66452651767721 ], [ 13.88550928376967, 41.664914179863572 ], [ 13.88563886414765, 41.665333790510104 ], [ 13.885754046233025, 41.665289151731464 ], [ 13.885894527977653, 41.665399183601295 ], [ 13.886024612318714, 41.665522459591024 ], [ 13.886234848606451, 41.665568346164591 ], [ 13.886459712913462, 41.665650597398937 ], [ 13.886631457558307, 41.665717081888779 ], [ 13.886702208919958, 41.665742551706302 ], [ 13.886858044271225, 41.665847011231634 ], [ 13.886978291748806, 41.665951125890821 ], [ 13.887029935452592, 41.666052669881999 ], [ 13.886992638522239, 41.666151445893433 ], [ 13.886958475386463, 41.666215935116483 ], [ 13.886886147278075, 41.666281961767815 ], [ 13.886737194790603, 41.666368217298334 ], [ 13.8866223733109, 41.666391888944304 ], [ 13.886552751193859, 41.666448409338706 ], [ 13.886526521892181, 41.666642616356285 ], [ 13.886544296556266, 41.666791494143865 ], [ 13.886597431495398, 41.666954060026477 ], [ 13.88666855826142, 41.667105361288179 ], [ 13.886754380465424, 41.667289215341825 ], [ 13.88686495361004, 41.66736463916439 ], [ 13.887003162643651, 41.667459395491314 ], [ 13.887011065897653, 41.667591019255184 ], [ 13.887004470835022, 41.66767865368292 ], [ 13.886987707529743, 41.667766189632644 ], [ 13.887042092003419, 41.667856320796083 ], [ 13.887116813721271, 41.667946649323127 ], [ 13.887115336321775, 41.668032426678224 ], [ 13.887195944920199, 41.668223855518022 ], [ 13.887241915651261, 41.668359661112362 ], [ 13.887439990967101, 41.668521723240971 ], [ 13.887646317355655, 41.668647642046615 ], [ 13.887766997203512, 41.668726975627514 ], [ 13.887906555609256, 41.668743578338045 ], [ 13.888031517021167, 41.668721909719821 ], [ 13.888152919121749, 41.668759307147823 ], [ 13.888211045439565, 41.668927639978136 ], [ 13.888258839617032, 41.66910540553107 ], [ 13.888291675337053, 41.669265867580727 ], [ 13.888384639661087, 41.669478386672886 ], [ 13.888497286407805, 41.669729225065545 ], [ 13.888530746039153, 41.669853470230287 ], [ 13.888438422847386, 41.670047038796042 ], [ 13.888411786761548, 41.670117320652729 ], [ 13.88835584135014, 41.670265485460376 ], [ 13.888254594188828, 41.670386520974773 ], [ 13.888189102164798, 41.670498369607735 ], [ 13.888095415518315, 41.670623290929569 ], [ 13.888061988526353, 41.670792644582782 ], [ 13.888062660434542, 41.670901320473931 ], [ 13.887957973828341, 41.671185650307976 ], [ 13.887905283574408, 41.671328756212887 ], [ 13.887926095785625, 41.671744571063755 ], [ 13.887785236863786, 41.67281003041856 ], [ 13.887812948084774, 41.674154368119076 ], [ 13.887902995187087, 41.674832040310825 ], [ 13.887766436395532, 41.675390223868064 ], [ 13.887614056256259, 41.67601306236903 ], [ 13.887522214076505, 41.676969213541568 ], [ 13.887435103879348, 41.677597509022306 ], [ 13.887241301284933, 41.678320754761849 ], [ 13.887254090081541, 41.678701916239298 ], [ 13.887018523582654, 41.679090463399199 ], [ 13.886860875370573, 41.679384440829573 ], [ 13.886654837528241, 41.679534963268168 ], [ 13.886646345184005, 41.679658802162329 ], [ 13.886749396322955, 41.679950538611216 ], [ 13.88692081079037, 41.680333494897489 ], [ 13.887041784489782, 41.680692131422667 ], [ 13.887058965760769, 41.680801920371195 ], [ 13.887187905730805, 41.680698312677613 ], [ 13.887338905907363, 41.680790332549961 ], [ 13.887443111161708, 41.681015352738989 ], [ 13.887654806873776, 41.681274776709337 ], [ 13.887760983637801, 41.68138542693864 ], [ 13.887959229799595, 41.681687615942067 ], [ 13.888103548424528, 41.681798634935831 ], [ 13.888109555331251, 41.681965285645902 ], [ 13.888252419583269, 41.682014554128912 ], [ 13.888393066451687, 41.682078123195424 ], [ 13.888583219236329, 41.682003455308717 ], [ 13.888900567319174, 41.682035121253833 ], [ 13.889119858594997, 41.682223122985093 ], [ 13.889443365901101, 41.682636142737287 ], [ 13.889293715742475, 41.682834876695885 ], [ 13.889155918158279, 41.682984880430062 ], [ 13.889410480897928, 41.683069548836123 ], [ 13.889553166257345, 41.683275874142169 ], [ 13.889744741812269, 41.683597060331344 ], [ 13.889817830300318, 41.683783648090639 ], [ 13.889680974475299, 41.683977739917495 ], [ 13.889301567702317, 41.684226681866235 ], [ 13.888968707029171, 41.684356917682791 ], [ 13.888596472521542, 41.684558264664645 ], [ 13.888351623214918, 41.684746544176434 ], [ 13.888125023218677, 41.684982661677338 ], [ 13.887863213987561, 41.685343730273274 ], [ 13.887743356546206, 41.685509027517185 ], [ 13.887444874967908, 41.685915810813924 ], [ 13.887104774355626, 41.686465396101163 ], [ 13.886818812362087, 41.686824857047554 ], [ 13.886520789962358, 41.687146070851171 ], [ 13.886566882294959, 41.68742295662868 ], [ 13.886530112474306, 41.688080334885761 ], [ 13.886505979736228, 41.688783117040117 ], [ 13.886767544701465, 41.689286101321919 ], [ 13.886776043666941, 41.689715140836427 ], [ 13.887060080035125, 41.689837046833887 ], [ 13.88730883918668, 41.690161173651362 ], [ 13.887333235844084, 41.69059036700444 ], [ 13.887539378003469, 41.691180165430374 ], [ 13.887266663006013, 41.691685946014026 ], [ 13.887534789104436, 41.692262093949118 ], [ 13.887966314014376, 41.692598294674845 ], [ 13.888117462908511, 41.69305254517603 ], [ 13.88790405900947, 41.693443690628349 ], [ 13.887593564288384, 41.693575537864398 ], [ 13.887214626806859, 41.693782565018275 ], [ 13.887004706819884, 41.693971179509482 ], [ 13.886760530252902, 41.694302447358083 ], [ 13.886550401743424, 41.694502974441981 ], [ 13.886609355947222, 41.694768401740269 ], [ 13.886236355372869, 41.694979400482794 ], [ 13.885846561896516, 41.69531235908817 ], [ 13.885094762488492, 41.695762621219487 ], [ 13.884516723698608, 41.696093027532676 ], [ 13.884426935139304, 41.696320932774455 ], [ 13.88434680681029, 41.696541782448456 ], [ 13.883931387044289, 41.696845167365531 ], [ 13.883541361024436, 41.697334678659367 ], [ 13.88336016515426, 41.697883412265718 ], [ 13.883394347208881, 41.698244988004468 ], [ 13.88293792798402, 41.69857993734221 ], [ 13.88242389363203, 41.699068239077882 ], [ 13.882341650588009, 41.699410604303367 ], [ 13.882402597418299, 41.699747212911149 ], [ 13.882643773995364, 41.700142768305675 ], [ 13.882772478282401, 41.700422841345215 ], [ 13.882948625938067, 41.700717673988116 ], [ 13.882885033262687, 41.701309467987073 ], [ 13.882837780678107, 41.701476839265233 ], [ 13.882452295906582, 41.701835283557898 ], [ 13.882486363732205, 41.702071540796005 ], [ 13.882337720869732, 41.702391812254454 ], [ 13.881967220310131, 41.702852910468671 ], [ 13.881780172064666, 41.703187106006482 ], [ 13.881247386611808, 41.703653771702889 ], [ 13.880783098157279, 41.704021012322414 ], [ 13.880385938423363, 41.704496055215081 ], [ 13.880281949503553, 41.70462043498766 ], [ 13.879734334695017, 41.70508318238064 ], [ 13.879235452109027, 41.705793244046497 ], [ 13.878965885339758, 41.705933599753543 ], [ 13.878941467912005, 41.706240779894678 ], [ 13.878997645834355, 41.706328909825366 ], [ 13.879012727860413, 41.70635256992751 ], [ 13.878980916277841, 41.706354541974051 ], [ 13.878767534725577, 41.706367769577476 ], [ 13.878482614139671, 41.70629349639708 ], [ 13.878159166430832, 41.706240294166122 ], [ 13.878052251653122, 41.706353638520213 ], [ 13.877861352113561, 41.706358923683055 ], [ 13.877895778038999, 41.706573737773198 ], [ 13.878088884256835, 41.70699028062495 ], [ 13.878058742919141, 41.707172573835201 ], [ 13.87793278208521, 41.707188935740085 ], [ 13.877919790819281, 41.707482209969314 ], [ 13.877659600950636, 41.707536581636418 ], [ 13.877632401573699, 41.707787697069712 ], [ 13.877627468225722, 41.707833243461621 ], [ 13.877576042965478, 41.70804721922466 ], [ 13.877354523301241, 41.708410672696083 ], [ 13.87731783012195, 41.708630935927772 ], [ 13.877267565509502, 41.708767848305421 ], [ 13.877176682930306, 41.709015393795305 ], [ 13.877171577701876, 41.709029299319496 ], [ 13.877008881447624, 41.709097132717829 ], [ 13.876902233951698, 41.709141597107454 ], [ 13.87676542877967, 41.7091986347342 ], [ 13.876622251785848, 41.709258328975473 ], [ 13.876540485214907, 41.709292419592657 ], [ 13.87650483247546, 41.709393650243307 ], [ 13.876435333236868, 41.709451624349839 ], [ 13.876366691204259, 41.709558191692686 ], [ 13.876374861372573, 41.709636913585136 ], [ 13.876372745091427, 41.709758430399546 ], [ 13.87629951957727, 41.709854229109759 ], [ 13.876173953071671, 41.709942366836557 ], [ 13.876086480518701, 41.710034451774916 ], [ 13.875998634127377, 41.710147980516545 ], [ 13.875938969806873, 41.710286807600625 ], [ 13.875894424235419, 41.710379311862049 ], [ 13.875629787336994, 41.710508984336514 ], [ 13.875556809016134, 41.710590486473713 ], [ 13.875436757470011, 41.710635781842612 ], [ 13.87529347960618, 41.710645103266536 ], [ 13.875049975759149, 41.710657018051393 ], [ 13.874648448507347, 41.710703131257098 ], [ 13.874533227727186, 41.710744898252415 ], [ 13.874356374726281, 41.710764613402453 ], [ 13.874141925363249, 41.710751788621714 ], [ 13.874007313500906, 41.710811238326187 ], [ 13.873873075703731, 41.710849243562976 ], [ 13.873748938376307, 41.710855176357214 ], [ 13.873499790601469, 41.710917077055839 ], [ 13.873206902724194, 41.711025018974567 ], [ 13.873037091063321, 41.711187786576168 ], [ 13.872848885863769, 41.711311052283087 ], [ 13.872606651516115, 41.71152315375047 ], [ 13.87250969498953, 41.711611568131808 ], [ 13.872467079359506, 41.711593276726333 ], [ 13.872331652090535, 41.711699186676441 ], [ 13.872208534212183, 41.711919605253243 ], [ 13.872119304364501, 41.71211175934166 ], [ 13.871939384718637, 41.712306597333729 ], [ 13.871814056920279, 41.712380434079179 ], [ 13.871679939616557, 41.712411288892177 ], [ 13.871587624811282, 41.712506897527923 ], [ 13.871499517637011, 41.712634718685806 ], [ 13.871440653472758, 41.71272708098558 ], [ 13.871363148066253, 41.712794237450147 ], [ 13.871271770838389, 41.712836235344383 ], [ 13.87114625363143, 41.712920793246788 ], [ 13.871080742966084, 41.713120328979521 ], [ 13.870772906615233, 41.713263863752481 ], [ 13.870493305683819, 41.714519384118205 ], [ 13.869526115246302, 41.715807461388636 ], [ 13.869612131865093, 41.716616172685946 ], [ 13.869940892654881, 41.717168141471483 ], [ 13.869073238702482, 41.717674350577319 ], [ 13.869013747747887, 41.718074122911069 ], [ 13.86873418444773, 41.718355271512515 ], [ 13.868630066008345, 41.718459979307696 ], [ 13.868661374969038, 41.719076304129352 ], [ 13.868469619540793, 41.719736297207383 ], [ 13.868728767842182, 41.720285815002043 ], [ 13.86874926447658, 41.720386057334565 ], [ 13.868802371948057, 41.720622505234196 ], [ 13.869039967617386, 41.721221806162177 ], [ 13.868952206717791, 41.721586676027506 ], [ 13.868823810708472, 41.722120482891341 ], [ 13.869725669399219, 41.723428285792622 ], [ 13.869598099385248, 41.724717468782742 ], [ 13.869828178797794, 41.725202305625302 ], [ 13.87085004159195, 41.725977320866221 ], [ 13.870798279142328, 41.726480833479144 ], [ 13.870959126549735, 41.726832727110434 ], [ 13.871318054948883, 41.727590497621094 ], [ 13.8715321919206, 41.728369564228025 ], [ 13.871796139888891, 41.728920264390588 ], [ 13.871651102152974, 41.729209575524834 ], [ 13.870249853504557, 41.729658123138265 ], [ 13.869176615740772, 41.729904937763948 ], [ 13.868443122271696, 41.730007337567528 ], [ 13.868260415347734, 41.730015127724741 ], [ 13.867209430591247, 41.730081029117876 ], [ 13.86625411762026, 41.730133566531073 ], [ 13.86527386093478, 41.730157252752086 ], [ 13.864751295233924, 41.730204518120793 ], [ 13.864750180751189, 41.730205027798085 ], [ 13.864749371687555, 41.730205100909494 ], [ 13.864610043588108, 41.730268799633961 ], [ 13.864300370283377, 41.730410376129065 ], [ 13.863690262064381, 41.730658620106766 ], [ 13.863656656285979, 41.730671501664091 ], [ 13.863652838228081, 41.730672965235058 ], [ 13.86365171285407, 41.730673396382571 ], [ 13.863491504169385, 41.730704232098056 ], [ 13.863489278949574, 41.730704660457555 ], [ 13.863488237862818, 41.730704860867931 ], [ 13.86342485838296, 41.730732320928745 ], [ 13.863420886231957, 41.730734041837636 ], [ 13.863419550974518, 41.73073462037538 ], [ 13.86339114825463, 41.73073501839275 ], [ 13.863071639937642, 41.730812882336778 ], [ 13.862566635266495, 41.730946103623538 ], [ 13.862261614550194, 41.730924018808089 ], [ 13.861710237484486, 41.730909058551084 ], [ 13.861708323131511, 41.730909006433073 ], [ 13.861232296804584, 41.730842329098365 ], [ 13.86115804593487, 41.730839366717248 ], [ 13.860596474324367, 41.73081696072262 ], [ 13.860114888512806, 41.730778910746253 ], [ 13.860114031276439, 41.730778843358621 ], [ 13.860113583248573, 41.730778807668401 ], [ 13.859159082184011, 41.731207598888766 ], [ 13.858582827486082, 41.731411586258439 ], [ 13.857950225530068, 41.731425248382678 ], [ 13.857929173585799, 41.731424585607847 ], [ 13.8570242354432, 41.731396091934556 ], [ 13.856424389717223, 41.731618985596157 ], [ 13.855728197614669, 41.732002791277246 ], [ 13.854786541084389, 41.73285682175176 ], [ 13.854560119041333, 41.733039936872451 ], [ 13.854150055360293, 41.733230398348532 ], [ 13.85379662574036, 41.733394552983157 ], [ 13.853098499681137, 41.733752489137316 ], [ 13.852884766330114, 41.733862070644115 ], [ 13.852529961986477, 41.734052080017726 ], [ 13.852470535137719, 41.734083904993042 ], [ 13.852195995475217, 41.734282106835046 ], [ 13.852164834574166, 41.734304603490493 ], [ 13.852111279301926, 41.734343266590834 ], [ 13.852053092271134, 41.734385274106664 ], [ 13.852025760169727, 41.734405006146957 ], [ 13.852003902178801, 41.734420786007171 ], [ 13.851974254430587, 41.734442189862733 ], [ 13.851970163092664, 41.734457081524965 ], [ 13.85196530597857, 41.734474762937154 ], [ 13.851927294553274, 41.734489318344323 ], [ 13.85145324869654, 41.734674745336079 ], [ 13.851309348403985, 41.734728946790192 ], [ 13.849498952044407, 41.735410827537187 ], [ 13.847625526149072, 41.735869356265205 ], [ 13.846806895771246, 41.7360697075407 ], [ 13.84629757216436, 41.736185443260226 ], [ 13.842829565967788, 41.736973421599529 ], [ 13.842065159326809, 41.737208068915095 ], [ 13.841490905277098, 41.73738434114248 ], [ 13.840697149475025, 41.737627985329247 ], [ 13.84063832047797, 41.737633620891415 ], [ 13.840064593798626, 41.737721587761953 ], [ 13.839450946652429, 41.737786882942665 ], [ 13.838895065627897, 41.737874317452288 ], [ 13.838798387819988, 41.737882005473587 ], [ 13.838149558933518, 41.737933599545457 ], [ 13.838124402772356, 41.737935599856712 ], [ 13.837978640092217, 41.737941038960216 ], [ 13.837299928495339, 41.737966362489693 ], [ 13.8372959480311, 41.737966959816028 ], [ 13.836622136543554, 41.73806807283276 ], [ 13.835227712402743, 41.738202886512809 ], [ 13.834644682786939, 41.738334000832573 ], [ 13.833868843665046, 41.738570393535532 ], [ 13.83341186744812, 41.738768315374848 ], [ 13.832788485313655, 41.738841810037805 ], [ 13.832433849461639, 41.738883618826407 ], [ 13.831850919305452, 41.738920589263429 ], [ 13.831607510756967, 41.738946349085367 ], [ 13.831439977927152, 41.738964079134327 ], [ 13.831111333649774, 41.738998858437398 ], [ 13.829668540821283, 41.739158828276736 ], [ 13.828171667550674, 41.739238893449254 ], [ 13.827929577557098, 41.739278466353063 ], [ 13.826812050951753, 41.7395349232565 ], [ 13.825961914922033, 41.739815428557698 ], [ 13.825505122488268, 41.739970967668405 ], [ 13.824844807257319, 41.740217717399226 ], [ 13.824282881813829, 41.74049793664976 ], [ 13.823702829981102, 41.740933187182712 ], [ 13.823314236316955, 41.741215707729893 ], [ 13.823019736291794, 41.741536952968787 ], [ 13.822798146093902, 41.741777509243548 ], [ 13.822795535896242, 41.741780035091949 ], [ 13.822715614903696, 41.741857373288596 ], [ 13.82245778214833, 41.742176061499649 ], [ 13.822097538431843, 41.74256200028973 ], [ 13.822057076250076, 41.742686696511001 ], [ 13.821520980308536, 41.74250961783676 ], [ 13.820954209374754, 41.742260968844235 ], [ 13.820550381601336, 41.742081429345433 ], [ 13.820143510496637, 41.742024656233227 ], [ 13.819720613166936, 41.741895409879326 ], [ 13.819301647352406, 41.74176690677124 ], [ 13.819078721257155, 41.741626328734633 ], [ 13.818689696185775, 41.741511577093803 ], [ 13.81817332707111, 41.741415055394668 ], [ 13.818003044897377, 41.741383225026055 ], [ 13.817279616014662, 41.741168453095362 ], [ 13.816996709307363, 41.741084039457434 ], [ 13.816353296477592, 41.740878664631865 ], [ 13.815707585041347, 41.74069471012448 ], [ 13.81539040434963, 41.740605649707291 ], [ 13.815232453335014, 41.740578283853878 ], [ 13.81510493687682, 41.74055695103273 ], [ 13.815032874180178, 41.74052069143405 ], [ 13.814755601247837, 41.740372464232962 ], [ 13.814724227128206, 41.740348310054195 ], [ 13.814575850766611, 41.740284819352873 ], [ 13.81440625825558, 41.740163915944805 ], [ 13.814285160264543, 41.740238307377552 ], [ 13.814149004270304, 41.740504997263827 ], [ 13.814064267809897, 41.740787111932846 ], [ 13.814075546004911, 41.741254905409228 ], [ 13.814058135702522, 41.741552609150801 ], [ 13.813888628395242, 41.741902361747279 ], [ 13.813708724475008, 41.742168599362138 ], [ 13.813484947451901, 41.74252720785568 ], [ 13.813316003728161, 41.742879061813007 ], [ 13.813260494323149, 41.743182731437933 ], [ 13.813298753079872, 41.743481009977515 ], [ 13.813011922229061, 41.743567891793312 ], [ 13.812418762223674, 41.743811983890851 ], [ 13.811305506245107, 41.743788555689129 ], [ 13.810747449281454, 41.743854272292666 ], [ 13.809929898679121, 41.743756441576771 ], [ 13.809255622251255, 41.743654132687325 ], [ 13.808614041658707, 41.743504497474731 ], [ 13.807664158515275, 41.743250378758496 ], [ 13.8064292883479, 41.742921799911322 ], [ 13.805893211495622, 41.742660050044144 ], [ 13.804979693867777, 41.742590974983486 ], [ 13.803793011651129, 41.742239038556377 ], [ 13.803182275903739, 41.742143313011468 ], [ 13.802637712874812, 41.741911247451945 ], [ 13.801993085115486, 41.741499406351977 ], [ 13.801230832049606, 41.740996968899658 ], [ 13.800920047777348, 41.740872130447812 ], [ 13.800648283287307, 41.74087474216013 ], [ 13.8001877850025, 41.740828230412326 ], [ 13.800038064560951, 41.740752196128433 ], [ 13.799902500569825, 41.740716771245424 ], [ 13.799883702044465, 41.740711858896113 ], [ 13.799610889695197, 41.740750357468464 ], [ 13.799608547852522, 41.74075068792736 ], [ 13.799383589204046, 41.740870469331455 ], [ 13.799236373527924, 41.740977693657214 ], [ 13.799234405539728, 41.740979127034926 ], [ 13.798776385765958, 41.741013063997315 ], [ 13.798338139760085, 41.741100014773174 ], [ 13.79831163080434, 41.741105274112265 ], [ 13.797523640022842, 41.740836012670222 ], [ 13.797523168121236, 41.740835851230379 ], [ 13.797470031778266, 41.740852716937376 ], [ 13.795742886491931, 41.741400772042866 ], [ 13.790821976612126, 41.742962072147435 ], [ 13.790401911490742, 41.74310122221133 ], [ 13.789643150223363, 41.743284503364166 ], [ 13.788983909071465, 41.743642133197767 ], [ 13.788276447251459, 41.743774679326513 ], [ 13.787791092183753, 41.743864881799468 ], [ 13.787067022254869, 41.743859317199835 ], [ 13.786129241805861, 41.744109533862847 ], [ 13.785598024476441, 41.744070495315917 ], [ 13.784945616349525, 41.744244710096304 ], [ 13.783869488378087, 41.744614613998252 ], [ 13.782599044121849, 41.745163561636389 ], [ 13.782291469192263, 41.745274689016412 ], [ 13.780955567241278, 41.745918247022232 ], [ 13.77966034332411, 41.746428769961078 ], [ 13.778441273864688, 41.746949620201114 ], [ 13.776860432605465, 41.747710390109447 ], [ 13.775999106218098, 41.748032390351234 ], [ 13.774839202665559, 41.748283906841714 ], [ 13.773677132550102, 41.748481217729747 ], [ 13.772987377714919, 41.74860730436658 ], [ 13.772004735410722, 41.748739788812415 ], [ 13.771049177855296, 41.748786764398929 ], [ 13.770107254971943, 41.748786216791082 ], [ 13.769165514357095, 41.748776131169834 ], [ 13.768313950883156, 41.74870981121466 ], [ 13.767347124294968, 41.748680377254558 ], [ 13.766458845478587, 41.748537391689297 ], [ 13.765837819484833, 41.748397270565263 ], [ 13.764886648483772, 41.748215468250393 ], [ 13.764440504338232, 41.748248799897688 ], [ 13.763851629944945, 41.748423577724402 ], [ 13.763288021799047, 41.748608156745583 ], [ 13.762700971339678, 41.74868762589643 ], [ 13.762004834607266, 41.748741934286919 ], [ 13.761632488496511, 41.748880136498059 ], [ 13.760962416860364, 41.74877956783061 ], [ 13.760845571827049, 41.748762030513184 ], [ 13.760690115122458, 41.748572092061018 ], [ 13.760583273369869, 41.74844027377884 ], [ 13.760559561694974, 41.748411018753266 ], [ 13.760542580959344, 41.748301214628029 ], [ 13.760578860891055, 41.74823488058675 ], [ 13.76055693839343, 41.748051148298742 ], [ 13.760333132375958, 41.748105926904053 ], [ 13.760308365355007, 41.748116290029763 ], [ 13.760301271647345, 41.748107966237725 ], [ 13.759956000594004, 41.748144218523009 ], [ 13.759848487565327, 41.748155506996071 ], [ 13.75944235509229, 41.748093928809425 ], [ 13.759067655879667, 41.747887321712341 ], [ 13.758568256807537, 41.747704561178104 ], [ 13.758524156822565, 41.747688421949753 ], [ 13.757960102590461, 41.747565555373008 ], [ 13.757653244194257, 41.747471681144511 ], [ 13.756815983042113, 41.747666985836808 ], [ 13.756755020173467, 41.747681206228584 ], [ 13.756646938367469, 41.747676539505349 ], [ 13.756313069305735, 41.747662124391844 ], [ 13.75558581076902, 41.747962028530793 ], [ 13.75502357021503, 41.748193878168379 ], [ 13.754746364444808, 41.748212321104049 ], [ 13.75454960638746, 41.748240799727597 ], [ 13.754286844922905, 41.748278831065001 ], [ 13.753322017596714, 41.748475691339365 ], [ 13.751638570386104, 41.748807720834812 ], [ 13.751123664551525, 41.748940341670206 ], [ 13.7508842174067, 41.748980633455005 ], [ 13.750618671197628, 41.749054003842168 ], [ 13.750364425974317, 41.749112426228315 ], [ 13.75006875606819, 41.749350670707912 ], [ 13.749827503716007, 41.749483879580886 ], [ 13.749495131806601, 41.749720951183285 ], [ 13.749172024364695, 41.749972421008948 ], [ 13.748954555203628, 41.750191677402938 ], [ 13.748908948475851, 41.750245990943746 ], [ 13.748668882167225, 41.750481682154195 ], [ 13.748397646093652, 41.750683670353418 ], [ 13.747986958208029, 41.751019972564507 ], [ 13.74781499723157, 41.751189678315178 ], [ 13.747676519024349, 41.751273959282877 ], [ 13.747485063592027, 41.751300468748077 ], [ 13.74724781434958, 41.751390820785979 ], [ 13.746897399044837, 41.751572877806886 ], [ 13.74619222087893, 41.751996517137933 ], [ 13.746164340850987, 41.752012178610464 ], [ 13.745394231430376, 41.752260160643331 ], [ 13.74500546504113, 41.752613372880674 ], [ 13.742833091826339, 41.754019454256216 ], [ 13.742234212203396, 41.75439786965363 ], [ 13.741776380898733, 41.754686142956025 ], [ 13.741237105752756, 41.754922353626874 ], [ 13.740726976145874, 41.755234421251913 ], [ 13.739825529943005, 41.755245700014726 ], [ 13.738872368704282, 41.755327993151575 ], [ 13.738172994422525, 41.755285400498394 ], [ 13.738130153456883, 41.755280154213622 ], [ 13.738125514401396, 41.755276949202241 ], [ 13.738012013939233, 41.755222321919582 ], [ 13.737839818205064, 41.755174675590013 ], [ 13.737695100283164, 41.755154020962841 ], [ 13.73741188138658, 41.755185225019567 ], [ 13.737357464155343, 41.755185522300295 ], [ 13.737180169231658, 41.75518649090737 ], [ 13.737153920233736, 41.755185665772217 ], [ 13.736900279945056, 41.75517769457916 ], [ 13.736802054455618, 41.755199250514067 ], [ 13.736759643805057, 41.755208557573432 ], [ 13.736550354737101, 41.755234852643632 ], [ 13.736376534466247, 41.755215677305657 ], [ 13.736204844436068, 41.755196736285406 ], [ 13.735874494518011, 41.755164505035609 ], [ 13.735768169065079, 41.755157007527743 ], [ 13.735090791483886, 41.755140627272986 ], [ 13.734022469357193, 41.755175679956018 ], [ 13.732736458434111, 41.755003287684389 ], [ 13.732269575196575, 41.75495524152376 ], [ 13.731998400587878, 41.754959740235144 ], [ 13.731671927647183, 41.754988394406404 ], [ 13.73138154450738, 41.755013880212559 ], [ 13.730905116950231, 41.755055692780651 ], [ 13.730584582089644, 41.755169199413729 ], [ 13.73051663683375, 41.755225641894945 ], [ 13.730153908607042, 41.755221633011431 ], [ 13.729856448427952, 41.755296985383467 ], [ 13.72965486545603, 41.755351949747514 ], [ 13.729397278072454, 41.755341951907141 ], [ 13.729091963327397, 41.755331425497907 ], [ 13.728758576495077, 41.755291991000959 ], [ 13.728397682496498, 41.755195057785123 ], [ 13.72782600044089, 41.754967684414467 ], [ 13.727587115976347, 41.754924921788287 ], [ 13.727503237459867, 41.754820158602229 ], [ 13.727256746036744, 41.754953650086584 ], [ 13.727150475159226, 41.755016815121017 ], [ 13.727147509079899, 41.755166914615195 ], [ 13.727068320378274, 41.755309020387813 ], [ 13.727024770687965, 41.755580205886346 ], [ 13.727012823755151, 41.755701609209574 ], [ 13.726874806681886, 41.755921703689353 ], [ 13.726774971060589, 41.756142221166662 ], [ 13.726598910970834, 41.756354744495326 ], [ 13.726462869593149, 41.756474772136336 ], [ 13.7262309469761, 41.756615184011054 ], [ 13.725970527661175, 41.756748130225908 ], [ 13.725786190141401, 41.756896218061456 ], [ 13.725641024632242, 41.756994696036394 ], [ 13.725541324489024, 41.75720806473096 ], [ 13.725452018106768, 41.757378653705423 ], [ 13.725277506299822, 41.75751255139992 ], [ 13.725134036349756, 41.757525257656148 ], [ 13.724828429219404, 41.757529014955338 ], [ 13.724503305830563, 41.757554002223891 ], [ 13.724216082276593, 41.757593707782689 ], [ 13.723960107661927, 41.757562822665641 ], [ 13.723696138183529, 41.757725546108404 ], [ 13.723596025821783, 41.757787259789154 ], [ 13.723423953477871, 41.758118975042464 ], [ 13.723100278088209, 41.758391811784122 ], [ 13.722523931296653, 41.758566516059226 ], [ 13.722166724948504, 41.758662147527836 ], [ 13.722064129434354, 41.758933895744136 ], [ 13.722104913895503, 41.759152852455955 ], [ 13.721831383529512, 41.759464372155477 ], [ 13.721492631165743, 41.75957403242527 ], [ 13.720677712902676, 41.760115400801737 ], [ 13.720267612409874, 41.760638487886602 ], [ 13.719759272181355, 41.761233352538184 ], [ 13.719161225088575, 41.761217153916824 ], [ 13.718350930863053, 41.761017198058049 ], [ 13.717465692336351, 41.760769528468693 ], [ 13.716778345415211, 41.760685354497333 ], [ 13.716424041950839, 41.760576542071483 ], [ 13.716136131614006, 41.760464706325052 ], [ 13.715943977121299, 41.760390065316592 ], [ 13.716125591754038, 41.7606995086281 ], [ 13.716232986934823, 41.760900289253335 ], [ 13.716345607012652, 41.761038573100272 ], [ 13.716425279262646, 41.761432666542504 ], [ 13.716534695488718, 41.761731770243621 ], [ 13.716585268048082, 41.761876363100676 ], [ 13.716641569542011, 41.762037334886102 ], [ 13.716595489754694, 41.762254271642043 ], [ 13.716507008464751, 41.762303551206088 ], [ 13.716386691994799, 41.762370561107673 ], [ 13.716301605435643, 41.762492242453519 ], [ 13.716165543050298, 41.762686822649876 ], [ 13.715928054872279, 41.763107407733393 ], [ 13.715806465555113, 41.763219243387809 ], [ 13.715595896106796, 41.763274996805308 ], [ 13.715229303832981, 41.763364319551464 ], [ 13.714682661917898, 41.763249824403587 ], [ 13.714643838115775, 41.763350404464262 ], [ 13.714616814952336, 41.763420412641622 ], [ 13.71447896945117, 41.763435932587825 ], [ 13.714350780693744, 41.763568569676394 ], [ 13.714077372412318, 41.76380434797013 ], [ 13.713799982457072, 41.764146784553184 ], [ 13.713531973176707, 41.764417834046071 ], [ 13.713358596701074, 41.764731646186583 ], [ 13.713258724476074, 41.764950959483862 ], [ 13.71323652946954, 41.7651397106224 ], [ 13.713079640025606, 41.765198072120896 ], [ 13.713061775824187, 41.765437413920232 ], [ 13.713270871339729, 41.765526905706018 ], [ 13.713215920087144, 41.76558493956076 ], [ 13.712985996462137, 41.765656860998817 ], [ 13.712738652177993, 41.765689835311733 ], [ 13.712515294175585, 41.765717120304544 ], [ 13.712292531592386, 41.765714623442818 ], [ 13.711993116566029, 41.765764885300179 ], [ 13.711762472837682, 41.765786869424296 ], [ 13.711759895777176, 41.765787115057634 ], [ 13.711613070281432, 41.765867860648619 ], [ 13.711654622491242, 41.765978542610938 ], [ 13.711807318417435, 41.766102386194177 ], [ 13.711956632759442, 41.766196403566418 ], [ 13.712161876943947, 41.766279132537292 ], [ 13.712233991297984, 41.766351814252566 ], [ 13.712161983021691, 41.7664727563144 ], [ 13.712049647273727, 41.766519157833649 ], [ 13.711714784251225, 41.766551148654486 ], [ 13.711397144005632, 41.766517797899375 ], [ 13.711254533861181, 41.766486410003722 ], [ 13.711069299183171, 41.766397946311471 ], [ 13.710915232647713, 41.766342598979563 ], [ 13.71079930451797, 41.766331066953065 ], [ 13.710712715541606, 41.766322453379182 ], [ 13.710769522300408, 41.766466073753456 ], [ 13.710937294707113, 41.766631791005437 ], [ 13.711041778204297, 41.76677892504037 ], [ 13.711037579814029, 41.766809717070537 ], [ 13.71103245100414, 41.766847332983431 ], [ 13.711019801639239, 41.766882936752893 ], [ 13.710908716524129, 41.766866796200418 ], [ 13.710737604101281, 41.766867854710576 ], [ 13.710681860636564, 41.766908354688532 ], [ 13.710604362906706, 41.766964659925826 ], [ 13.710683354615654, 41.76729375318962 ], [ 13.710753521375867, 41.767527403571741 ], [ 13.710767562704037, 41.767556008176356 ], [ 13.710814689031558, 41.767652008194162 ], [ 13.711300149190192, 41.768203754596477 ], [ 13.7118096527847, 41.769148389750782 ], [ 13.711801323587755, 41.769299325473042 ], [ 13.711769950548531, 41.769867852129821 ], [ 13.711769700019186, 41.769872387712041 ], [ 13.712474098761369, 41.771030580296681 ], [ 13.712600907315743, 41.771239078419129 ], [ 13.712771996009158, 41.771520378639124 ], [ 13.712918947755922, 41.771761990900707 ], [ 13.712929178736642, 41.77177881271129 ], [ 13.712928874644465, 41.771779937903688 ], [ 13.712928739045333, 41.771780440940198 ], [ 13.712850547176256, 41.772069718609671 ], [ 13.712830335209251, 41.772143697182955 ], [ 13.712784634673774, 41.772310969459937 ], [ 13.712704853560446, 41.772602982613762 ], [ 13.712685678534651, 41.772673164542525 ], [ 13.712992721173963, 41.772919675320672 ], [ 13.713399326671093, 41.773281686928641 ], [ 13.713581813860213, 41.773707912501244 ], [ 13.713854371920489, 41.774087485721985 ], [ 13.714029083068384, 41.7742657869723 ], [ 13.714298326008118, 41.774492807028011 ], [ 13.714468577036941, 41.774575735710584 ], [ 13.714664005364137, 41.774673244561889 ], [ 13.714946934454938, 41.774852755245021 ], [ 13.715136284548, 41.774935897045303 ], [ 13.715190721204655, 41.77507948842441 ], [ 13.71543375387037, 41.775164620074328 ], [ 13.715648810767885, 41.775310221765196 ], [ 13.716025578704093, 41.775573589769714 ], [ 13.716660182314136, 41.776078141817607 ], [ 13.716578533162973, 41.77638106794906 ], [ 13.716219568009404, 41.776820898444043 ], [ 13.715871702569023, 41.777302555483161 ], [ 13.715601030548905, 41.777704646432589 ], [ 13.715537547274815, 41.777894579995646 ], [ 13.715293290736531, 41.778568037043058 ], [ 13.71489397666371, 41.779233801088758 ], [ 13.713686580902545, 41.779994560950264 ], [ 13.713550720573892, 41.780229143474976 ], [ 13.713311050981495, 41.780512424286599 ], [ 13.713029408286269, 41.780745190277536 ], [ 13.712855592374758, 41.780839755719761 ], [ 13.712636159763138, 41.781066068901303 ], [ 13.712305979542746, 41.781337609129302 ], [ 13.711414584231028, 41.781731538634403 ], [ 13.711347126062218, 41.782238369770283 ], [ 13.710691536663248, 41.782541999990897 ], [ 13.710302826101511, 41.782873644956865 ], [ 13.709932590579456, 41.782998171538409 ], [ 13.70979768730772, 41.783083060697727 ], [ 13.709647603192661, 41.783231244715488 ], [ 13.709587501423043, 41.783473490206198 ], [ 13.709578326079564, 41.78351047368978 ], [ 13.709263616102987, 41.784120570866939 ], [ 13.709267392734006, 41.784329129346965 ], [ 13.709120920575852, 41.784488338521641 ], [ 13.708884039594633, 41.784789513570743 ], [ 13.708572544859106, 41.785238789718129 ], [ 13.708445639597853, 41.78561269130271 ], [ 13.708374268758767, 41.786392334019922 ], [ 13.708070210439178, 41.787032240636798 ], [ 13.708105190882767, 41.787084490362439 ], [ 13.708157193079201, 41.787269760486332 ], [ 13.707247537007184, 41.787284741653686 ], [ 13.706443312964526, 41.787375775345744 ], [ 13.705839352799558, 41.787483358118955 ], [ 13.704977679564806, 41.787580883364875 ], [ 13.704402941519509, 41.787660191563724 ], [ 13.703727803920332, 41.787981433762866 ], [ 13.703305000543866, 41.788105345628018 ], [ 13.70297957146658, 41.788137417020309 ], [ 13.702471822244156, 41.788210322806897 ], [ 13.70163377098441, 41.788425268040584 ], [ 13.701401529271299, 41.788449081823146 ], [ 13.700841927150529, 41.788506460736365 ], [ 13.700275571403887, 41.788643035922618 ], [ 13.699525589685322, 41.788884766147 ], [ 13.69898498830722, 41.789164608734211 ], [ 13.697807688108586, 41.789751793236213 ], [ 13.69659954275102, 41.790445852165007 ], [ 13.695957481006699, 41.79054580130741 ], [ 13.69529428675666, 41.790745594320477 ], [ 13.693994506701497, 41.791245558831221 ], [ 13.693161822561144, 41.791793718409217 ], [ 13.69261390638126, 41.792430902727119 ], [ 13.691893190104279, 41.793109011162009 ], [ 13.691155683375568, 41.793672537988215 ], [ 13.690857515094358, 41.794241068184569 ], [ 13.69056166948851, 41.794695238398546 ], [ 13.69032283608305, 41.795164356083056 ], [ 13.690065187600903, 41.795618960450213 ], [ 13.689427227637109, 41.795983436267839 ], [ 13.688809528974726, 41.79629094700114 ], [ 13.688075457492351, 41.796682914424238 ], [ 13.687562229005495, 41.797020207957296 ], [ 13.687118336397088, 41.79723675705624 ], [ 13.685937276532719, 41.797995353638932 ], [ 13.68556584123515, 41.798405751164246 ], [ 13.685069351274011, 41.798857610442717 ], [ 13.684602656241415, 41.799300922511399 ], [ 13.684342252894361, 41.799643305877964 ], [ 13.684236562201718, 41.799865275563661 ], [ 13.684017800253359, 41.8003247101082 ], [ 13.683753241527782, 41.801191484793662 ], [ 13.683606824709344, 41.801731946528491 ], [ 13.683484042280766, 41.802284593534914 ], [ 13.683333839830238, 41.803009695998682 ], [ 13.683242053621978, 41.803230637184853 ], [ 13.683232060351868, 41.803353264826256 ], [ 13.683111036298291, 41.803510680333702 ], [ 13.682865050902478, 41.803858165073279 ], [ 13.682060149370198, 41.803970466515274 ], [ 13.681437183182954, 41.804063403798473 ], [ 13.680884459646414, 41.804178092076754 ], [ 13.679896583586109, 41.804174390991683 ], [ 13.679243780424452, 41.804324166112643 ], [ 13.678571428470244, 41.804495159860188 ], [ 13.677998459736358, 41.804834591558183 ], [ 13.677548195497311, 41.805074050460284 ], [ 13.676927464696677, 41.805563367305716 ], [ 13.676188455387045, 41.806263802811394 ], [ 13.675442648769897, 41.806923568328671 ], [ 13.674955437273946, 41.807020021964945 ], [ 13.674326121337723, 41.806955567455951 ], [ 13.673570849209167, 41.806975443925879 ], [ 13.672251145371465, 41.807283553602197 ], [ 13.671210967030724, 41.807668421341774 ], [ 13.670243213087815, 41.808124865488139 ], [ 13.67004112014012, 41.808244366645091 ], [ 13.66954830875833, 41.808366121921004 ], [ 13.668851883722594, 41.808542737140627 ], [ 13.668066411214275, 41.808715375732717 ], [ 13.667410515696078, 41.808931137329203 ], [ 13.666840714339962, 41.809144954741868 ], [ 13.665916544036643, 41.80955125330776 ], [ 13.665465159792948, 41.80981409974197 ], [ 13.664813877416812, 41.81011632366998 ], [ 13.664298424075458, 41.810396293329774 ], [ 13.663814068331698, 41.810712367802587 ], [ 13.663282311859067, 41.811010015860305 ], [ 13.662691977366935, 41.811348627790267 ], [ 13.662104198851615, 41.811371624775269 ], [ 13.661430549420794, 41.811354189999228 ], [ 13.66057563131829, 41.811353808821153 ], [ 13.659086374600566, 41.811360261713418 ], [ 13.65835517992052, 41.811292147128619 ], [ 13.657582066183958, 41.811324816449364 ], [ 13.656290597591148, 41.811393120249463 ], [ 13.655445705876108, 41.811430892959478 ], [ 13.654736778314994, 41.811440464265551 ], [ 13.653979708863202, 41.811467339681023 ], [ 13.653279490861799, 41.811441258711291 ], [ 13.65240762169377, 41.811246347984572 ], [ 13.651877216069783, 41.811097142064959 ], [ 13.650417020062514, 41.810949971766448 ], [ 13.649220625010274, 41.810969428028599 ], [ 13.648444553938702, 41.811122332199254 ], [ 13.648090627962958, 41.811290935919665 ], [ 13.647805200366463, 41.811548449826823 ], [ 13.647603920817481, 41.81188445776997 ], [ 13.647601620122559, 41.812448015492329 ], [ 13.647510899050756, 41.812520820896374 ], [ 13.647451571960396, 41.812615443339403 ], [ 13.64739771106265, 41.812753024025291 ], [ 13.647325846046424, 41.812837966813113 ], [ 13.647286127174917, 41.812908989602661 ], [ 13.647195855742238, 41.812960352645177 ], [ 13.64714395009341, 41.813005018701581 ], [ 13.647101447370776, 41.813056944778594 ], [ 13.646979709067322, 41.813174174623811 ], [ 13.646936840125624, 41.813215456003242 ], [ 13.646900616608738, 41.813275395128088 ], [ 13.646899685058816, 41.81331964887611 ], [ 13.646839216623647, 41.813381313109595 ], [ 13.646821725869314, 41.813445493991452 ], [ 13.646790408962215, 41.813527624335734 ], [ 13.646783212534785, 41.813614063221749 ], [ 13.646781137414964, 41.813712632965348 ], [ 13.646802120595826, 41.813808835948961 ], [ 13.646770249351572, 41.813960973951893 ], [ 13.646816864823316, 41.814016332543083 ], [ 13.646840536466843, 41.814102400570654 ], [ 13.64684833466686, 41.814185898033443 ], [ 13.646929129286645, 41.814282170956233 ], [ 13.64697298748546, 41.814468563108896 ], [ 13.64698690463792, 41.81456404811172 ], [ 13.647027779004226, 41.814740873160147 ], [ 13.647005812534232, 41.814876446228681 ], [ 13.647070884954458, 41.814963001905845 ], [ 13.647033457220212, 41.815034959568102 ], [ 13.647026789998256, 41.81507573691411 ], [ 13.647057194493268, 41.815164626598957 ], [ 13.647113878786918, 41.81525514362535 ], [ 13.64714975089184, 41.815302319835915 ], [ 13.647245441995723, 41.815296297670237 ], [ 13.647281602515102, 41.815394427705733 ], [ 13.647289201446473, 41.815487454699593 ], [ 13.64735911419594, 41.81549542738356 ], [ 13.647409718830337, 41.815512704561591 ], [ 13.647343116625917, 41.815650135095488 ], [ 13.647332506023121, 41.815716906014991 ], [ 13.647317414102165, 41.815811877779844 ], [ 13.647356358721256, 41.815929104420711 ], [ 13.647474219854558, 41.816080622823812 ], [ 13.647687802745187, 41.816255082362794 ], [ 13.647708848610478, 41.816305936116386 ], [ 13.647715888701939, 41.816312573069652 ], [ 13.647763176861309, 41.81638223640909 ], [ 13.647826570581842, 41.816437311678321 ], [ 13.647863798563838, 41.816457868915101 ], [ 13.647875387607369, 41.816462926893053 ], [ 13.647967622391054, 41.816549873365872 ], [ 13.648258769081494, 41.816824323858661 ], [ 13.648347131748158, 41.816926307574143 ], [ 13.648986816946465, 41.817454364246714 ], [ 13.649271287032249, 41.81801533722772 ], [ 13.649193348985824, 41.818085911121095 ], [ 13.649154620002721, 41.818564442352979 ], [ 13.649246501127086, 41.81919464047234 ], [ 13.649715918488541, 41.820050898102956 ], [ 13.650311282544029, 41.82045709076057 ], [ 13.651048466711639, 41.820698949269847 ], [ 13.651208990558057, 41.820751613421074 ], [ 13.652106942590022, 41.821046206140018 ], [ 13.65317095131147, 41.821231042804676 ], [ 13.653262056512594, 41.821269350131729 ], [ 13.653802319125559, 41.821376331608349 ], [ 13.654053127317033, 41.821569912699275 ], [ 13.654189675400824, 41.821743090237156 ], [ 13.654126878212271, 41.821949938840902 ], [ 13.654071587135343, 41.822513804549416 ], [ 13.654111969327552, 41.823019477750833 ], [ 13.654345454298786, 41.82343209286627 ], [ 13.654947592329119, 41.824497206541295 ], [ 13.655339736973566, 41.825245300124649 ], [ 13.65564549555334, 41.825858932150261 ], [ 13.65593911687677, 41.826443825065127 ], [ 13.656069500670345, 41.82691242228271 ], [ 13.656175998465798, 41.827304483285666 ], [ 13.656461566318322, 41.827970303099725 ], [ 13.656832051427843, 41.828537028614576 ], [ 13.657431152111915, 41.82911525784084 ], [ 13.658138678113753, 41.829354089490664 ], [ 13.658779747938178, 41.829340538444292 ], [ 13.659365029569111, 41.829300593923406 ], [ 13.659816371907167, 41.829658548167963 ], [ 13.660217745976556, 41.829968257386064 ], [ 13.66049567994008, 41.830085884198965 ], [ 13.661174401222622, 41.83054180556352 ], [ 13.661527202340823, 41.830736559153017 ], [ 13.661637710144833, 41.8309380203915 ], [ 13.661416529901546, 41.831154680128044 ], [ 13.661372942227942, 41.831411537825858 ], [ 13.661467342407532, 41.831683015277036 ], [ 13.663869244177421, 41.832653398528855 ], [ 13.665017938797643, 41.832653540168096 ], [ 13.665194741418325, 41.832640419850932 ], [ 13.665345570001984, 41.832742259457774 ], [ 13.665506252792122, 41.832829915276342 ], [ 13.665710015713739, 41.832914496868064 ], [ 13.665870773662, 41.83299857852591 ], [ 13.665992636911222, 41.833114378889086 ], [ 13.666004597208984, 41.833228902579748 ], [ 13.665902395102515, 41.833317078484257 ], [ 13.665747630086933, 41.833404643636996 ], [ 13.665578752091909, 41.833481321024614 ], [ 13.665400019833553, 41.833572181740394 ], [ 13.665260628459496, 41.833609881555752 ], [ 13.66508667384284, 41.833700797305781 ], [ 13.665022845855711, 41.83378226940971 ], [ 13.664964241810365, 41.833842355063986 ], [ 13.664966940554921, 41.833942473087497 ], [ 13.665013114358677, 41.834010163665226 ], [ 13.665084322505107, 41.834043924210604 ], [ 13.66521811958305, 41.834045479350749 ], [ 13.665348400529629, 41.833986226577345 ], [ 13.665441344554793, 41.833883645503811 ], [ 13.665515893768672, 41.83379326808587 ], [ 13.665713540576267, 41.833665187805686 ], [ 13.665945280755928, 41.833553495223121 ], [ 13.666190093904932, 41.833502720902224 ], [ 13.666416534912637, 41.833415987482759 ], [ 13.666595710432942, 41.83330368317975 ], [ 13.666785554726742, 41.833137884586066 ], [ 13.666925913593934, 41.832971603904966 ], [ 13.666954101763555, 41.832846730122036 ], [ 13.666908246227459, 41.83275326022099 ], [ 13.666663331311971, 41.832578839880675 ], [ 13.666404824599706, 41.832368515943884 ], [ 13.666173579679214, 41.832226424012845 ], [ 13.666004676622094, 41.83207433219755 ], [ 13.665902002747092, 41.831955180223233 ], [ 13.665743105307211, 41.831733030778679 ], [ 13.665678359480456, 41.831677343660267 ], [ 13.665651916669541, 41.831569800691874 ], [ 13.665792268269696, 41.831485642707953 ], [ 13.665988029254036, 41.831495065830126 ], [ 13.666306986868598, 41.831555962708869 ], [ 13.666606535239293, 41.831630931455663 ], [ 13.666971942266212, 41.831756707221125 ], [ 13.66729979152708, 41.831849875275481 ], [ 13.667503183171844, 41.831952322011567 ], [ 13.667771841487871, 41.832134165058335 ], [ 13.668018388041604, 41.832229962430461 ], [ 13.668321016044947, 41.832387176496546 ], [ 13.668505742061829, 41.832467957871152 ], [ 13.668723102395553, 41.832588437019851 ], [ 13.668825856608834, 41.832704012883404 ], [ 13.668874715979905, 41.832883305432098 ], [ 13.668857048277342, 41.833043954250691 ], [ 13.668814895941424, 41.833232915453237 ], [ 13.66887504198758, 41.833267356110142 ], [ 13.66910749918201, 41.833115151912537 ], [ 13.669260841943551, 41.833014748197257 ], [ 13.669487039858396, 41.832859042055418 ], [ 13.669882142538132, 41.832556227349727 ], [ 13.670035808543751, 41.832168404118867 ], [ 13.670076695598071, 41.831816980200934 ], [ 13.670204328923219, 41.831484102229666 ], [ 13.670448310888849, 41.831305813724946 ], [ 13.670660020698499, 41.831167632088551 ], [ 13.671361245816131, 41.830770633688587 ], [ 13.672107905201548, 41.830487349628797 ], [ 13.672781039370951, 41.830292574176866 ], [ 13.673276017131002, 41.830238717875254 ], [ 13.673816790988452, 41.830158818715006 ], [ 13.674451469458578, 41.830019946647653 ], [ 13.675091509097177, 41.829884351073211 ], [ 13.675364261841066, 41.830032273878921 ], [ 13.675479074241968, 41.830222708857207 ], [ 13.67552307851299, 41.830295696750262 ], [ 13.675688538766426, 41.830545484098685 ], [ 13.675682120123641, 41.830553360447354 ], [ 13.675785008995073, 41.830691119551062 ], [ 13.675805314514641, 41.830958524655017 ], [ 13.675818762831126, 41.831135625646112 ], [ 13.675869061677634, 41.831314144207006 ], [ 13.675849056702955, 41.831542683249936 ], [ 13.675761993499812, 41.831807624151367 ], [ 13.675759520012342, 41.831927611723174 ], [ 13.675735691737778, 41.832156106857887 ], [ 13.675691571038628, 41.832441560340335 ], [ 13.67573508135461, 41.832649384574701 ], [ 13.67572948216487, 41.832920983689689 ], [ 13.675634493090115, 41.833125213533094 ], [ 13.675521715690161, 41.833263319444832 ], [ 13.675386298110771, 41.833338820195749 ], [ 13.675279846364067, 41.833401933503112 ], [ 13.675018831141957, 41.83356953080736 ], [ 13.675283445483927, 41.833460744699003 ], [ 13.675575899753197, 41.833434676738271 ], [ 13.675810032050167, 41.833420348755475 ], [ 13.676009695358536, 41.833472694104813 ], [ 13.676178468648176, 41.833572690086299 ], [ 13.676339252580322, 41.83371598613153 ], [ 13.676527814048196, 41.833843267653492 ], [ 13.676655949354902, 41.833887638517844 ], [ 13.677079496634295, 41.834035357250684 ], [ 13.677260382618719, 41.834244905218767 ], [ 13.677607578496934, 41.834578106585028 ], [ 13.677792889240671, 41.834759469912953 ], [ 13.678055079212514, 41.834879597382461 ], [ 13.678278053449029, 41.834960803314928 ], [ 13.678404818756302, 41.835024168675055 ], [ 13.678767378356088, 41.835105840293586 ], [ 13.67897734155722, 41.835122553736397 ], [ 13.679354628512442, 41.835137616524065 ], [ 13.679677850142573, 41.835122793071584 ], [ 13.680377764912722, 41.835052674655934 ], [ 13.680661243612684, 41.835027335427306 ], [ 13.680895771608753, 41.835018480772248 ], [ 13.681497409619043, 41.835068575448837 ], [ 13.682291068942071, 41.835227694033371 ], [ 13.682855685379474, 41.835353321829501 ], [ 13.683326294750595, 41.835401612571879 ], [ 13.683827492938766, 41.835512210393809 ], [ 13.684251258867134, 41.835669579266956 ], [ 13.684375462857533, 41.835691829397582 ], [ 13.684903015264778, 41.835817364931884 ], [ 13.685030173472912, 41.835912036169589 ], [ 13.68532434682294, 41.83618072874124 ], [ 13.685574452500273, 41.836409168368398 ], [ 13.686080929228341, 41.836784511895104 ], [ 13.68669592741924, 41.837041582889988 ], [ 13.687192790494468, 41.837275734282727 ], [ 13.687494467752471, 41.837482930356138 ], [ 13.687695573479736, 41.837699700031756 ], [ 13.687945570004493, 41.837980681831468 ], [ 13.688504787624659, 41.838344316917244 ], [ 13.688796862930088, 41.838706066820826 ], [ 13.689377240193711, 41.839002457331304 ], [ 13.689986755882543, 41.839428822532099 ], [ 13.690347133275901, 41.839644663132887 ], [ 13.691246605199609, 41.839843533450818 ], [ 13.691996649364748, 41.839942633165066 ], [ 13.692326903763247, 41.839985587850755 ], [ 13.692879634169438, 41.840086135460702 ], [ 13.693566836640363, 41.840141615364686 ], [ 13.694756361150434, 41.84025522776021 ], [ 13.695545615944322, 41.840307089626378 ], [ 13.696323675837485, 41.840282562464154 ], [ 13.69714604101261, 41.840587388926146 ], [ 13.697585430681853, 41.840669072881198 ], [ 13.698018925184639, 41.840888432079154 ], [ 13.698215801404892, 41.840985984571716 ], [ 13.698376994620245, 41.841083132300781 ], [ 13.698558694870917, 41.84117479296075 ], [ 13.698687912895892, 41.841214385502411 ], [ 13.698761249789177, 41.841243812676758 ], [ 13.698977900852167, 41.841246267274222 ], [ 13.69912584918781, 41.841242224014557 ], [ 13.699276153981426, 41.841189020589717 ], [ 13.699400929393418, 41.841129048458221 ], [ 13.699509022499173, 41.84107879941844 ], [ 13.699632987327146, 41.841000133796726 ], [ 13.699716885813638, 41.840910828338828 ], [ 13.699800588328703, 41.840752308762774 ], [ 13.69982298636074, 41.840702530935545 ], [ 13.699934418266647, 41.840770530915904 ], [ 13.69994171039996, 41.840919700754405 ], [ 13.699924212954059, 41.841038504811266 ], [ 13.699796918424283, 41.841187193356248 ], [ 13.69967456619039, 41.841411389584131 ], [ 13.699625079327863, 41.841502068003656 ], [ 13.699573755512821, 41.841585013349288 ], [ 13.699407574838622, 41.841765432353426 ], [ 13.699382755202798, 41.841844261181208 ], [ 13.699361595098043, 41.841911467074397 ], [ 13.699328143345829, 41.842147006783946 ], [ 13.699279600508179, 41.84239827671967 ], [ 13.699264061625206, 41.842478711934135 ], [ 13.69919237518361, 41.842713818514142 ], [ 13.699032780693637, 41.843276785029708 ], [ 13.698857832442714, 41.843653702753393 ], [ 13.698639419112988, 41.84400989652864 ], [ 13.698566150928178, 41.844129383445335 ], [ 13.698021615790102, 41.844785846656087 ], [ 13.697541185116268, 41.845404591460884 ], [ 13.697330910965063, 41.845484277852641 ], [ 13.697125143767208, 41.845701102698087 ], [ 13.69657791704131, 41.845968939677078 ], [ 13.696303213530777, 41.846156462619234 ], [ 13.69585374616029, 41.846318170231761 ], [ 13.695033897227912, 41.846570869611178 ], [ 13.694362430975021, 41.846777827587907 ], [ 13.693914392975795, 41.847064652020613 ], [ 13.693546571569826, 41.847128979782134 ], [ 13.692914421914519, 41.847261788518566 ], [ 13.692356307653299, 41.847475863500321 ], [ 13.691735008766802, 41.847662407063382 ], [ 13.691100239619898, 41.847923262868548 ], [ 13.690615750794887, 41.848042847960855 ], [ 13.690397885218342, 41.848134211292276 ], [ 13.690318399127316, 41.848167544126497 ], [ 13.689821933584289, 41.848346362034285 ], [ 13.689339121084569, 41.848574860807553 ], [ 13.689063976000593, 41.848728132925409 ], [ 13.68890444236248, 41.848931846466108 ], [ 13.688697172175216, 41.849132035932172 ], [ 13.688442590919312, 41.849307854568991 ], [ 13.688208471190237, 41.849457097481334 ], [ 13.688146019851414, 41.849560358609253 ], [ 13.687903351607789, 41.849766382007758 ], [ 13.687720948070071, 41.849919193548573 ], [ 13.687715043100175, 41.85020806622483 ], [ 13.687764284467226, 41.850917574796 ], [ 13.687819944886263, 41.851508006063007 ], [ 13.687868296944934, 41.851662613547823 ], [ 13.687879779904934, 41.851699330626161 ], [ 13.687472058738757, 41.851959781277536 ], [ 13.687025720344602, 41.852160213675056 ], [ 13.686529515227015, 41.852364350792328 ], [ 13.686065918701141, 41.85266008043957 ], [ 13.685644463959557, 41.852869682918254 ], [ 13.685262123123966, 41.853000650534156 ], [ 13.685035155930283, 41.853188692624471 ], [ 13.68493528650095, 41.853396062377264 ], [ 13.684962621913996, 41.853591121184657 ], [ 13.684766347662581, 41.854252011149761 ], [ 13.684625825908721, 41.854377726416757 ], [ 13.685149814224483, 41.854235168242482 ], [ 13.685770119045067, 41.854222693735856 ], [ 13.686102798339585, 41.85422932796687 ], [ 13.686771877892381, 41.854242938990325 ], [ 13.687143753895873, 41.854372298815314 ], [ 13.687460278653369, 41.854554171475542 ], [ 13.687340100965502, 41.854819694941526 ], [ 13.68740859161732, 41.855211291151839 ], [ 13.687118803301869, 41.855665516256622 ], [ 13.687049196340483, 41.855714358003198 ], [ 13.686899778191419, 41.85591474482451 ], [ 13.686670577895129, 41.856014875414786 ], [ 13.686545790583452, 41.856171468623089 ], [ 13.686412987897901, 41.856338119159354 ], [ 13.686044026449158, 41.856472978961691 ], [ 13.686827598842617, 41.856883152356353 ], [ 13.687996271281756, 41.857494892877646 ], [ 13.689102499403818, 41.857614753232504 ], [ 13.6907251849769, 41.857790552598601 ], [ 13.692445455766068, 41.858310584985958 ], [ 13.693803591123935, 41.858352572072135 ], [ 13.693954331336759, 41.858463905182205 ], [ 13.694184018048807, 41.858611880715983 ], [ 13.694333745350317, 41.85872194660864 ], [ 13.694650870930833, 41.858850282772472 ], [ 13.694973174672811, 41.858989777522865 ], [ 13.695300042266647, 41.859140046761233 ], [ 13.695687386151718, 41.859373215790207 ], [ 13.696377050670995, 41.859788541570538 ], [ 13.696915780764719, 41.860102064207453 ], [ 13.697350723612189, 41.860346491279955 ], [ 13.697582211395153, 41.86048494847644 ], [ 13.697907642595618, 41.860706684253898 ], [ 13.698229382923131, 41.860874759577527 ], [ 13.698780661335011, 41.86127777851857 ], [ 13.699062858185986, 41.861509744639967 ], [ 13.699408146393473, 41.861695955988232 ], [ 13.699665791420761, 41.861723895347737 ], [ 13.699912644657752, 41.861812478660724 ], [ 13.700068449859691, 41.86191075433841 ], [ 13.700242437006754, 41.862055704260172 ], [ 13.700526673184553, 41.862423521320359 ], [ 13.70077201084306, 41.862587150388102 ], [ 13.701192570985533, 41.862834974675991 ], [ 13.70152766034388, 41.863053234898466 ], [ 13.70185347975333, 41.863257091300795 ], [ 13.702300781498458, 41.863601725642503 ], [ 13.702578581841905, 41.863815760854138 ], [ 13.702914922026039, 41.864209182212079 ], [ 13.703124495675013, 41.864486786624532 ], [ 13.703169933978135, 41.864841176384559 ], [ 13.703089684535342, 41.865026144649889 ], [ 13.703101498921164, 41.865151385962079 ], [ 13.703204510919825, 41.865259784645609 ], [ 13.703421036525278, 41.865430231668157 ], [ 13.703471893052273, 41.865516594140551 ], [ 13.703435466029637, 41.865662737786487 ], [ 13.703282491495921, 41.865896928145652 ], [ 13.703237729833605, 41.865982210923605 ], [ 13.70324555821362, 41.866068087575847 ], [ 13.703323078313984, 41.866254837492988 ], [ 13.703291503666607, 41.866397461355916 ], [ 13.703246755516899, 41.866718661943686 ], [ 13.703151077327524, 41.866957073602627 ], [ 13.702932983305846, 41.867337082879942 ], [ 13.702754507941361, 41.867649623613865 ], [ 13.70255575021943, 41.868019127031211 ], [ 13.702393204496957, 41.86825320794599 ], [ 13.702324606765089, 41.86833464646346 ], [ 13.702221095367724, 41.868487180535951 ], [ 13.702056296598826, 41.868596127683759 ], [ 13.701863678296746, 41.868661865997439 ], [ 13.701747854933423, 41.868950091765932 ], [ 13.701680999233531, 41.869181678928449 ], [ 13.701629643755671, 41.869356249171929 ], [ 13.701592848508433, 41.869520260498838 ], [ 13.701446375036882, 41.869668733535505 ], [ 13.701275199070974, 41.86985624658346 ], [ 13.701256586932507, 41.870066932034668 ], [ 13.701237685254524, 41.870291912230464 ], [ 13.701216462128695, 41.870395332905268 ], [ 13.701108163418537, 41.870547811758151 ], [ 13.70095676043627, 41.870703377389304 ], [ 13.700864107104415, 41.870791691864191 ], [ 13.700776090039739, 41.870887207732984 ], [ 13.700761533387471, 41.871133684017266 ], [ 13.700720387772121, 41.87127619874358 ], [ 13.700678662894264, 41.871447302950806 ], [ 13.700704093590511, 41.871608443504329 ], [ 13.700760094356504, 41.87167699276727 ], [ 13.700895853489726, 41.871585591566046 ], [ 13.700968948447658, 41.871518502864191 ], [ 13.701038130299255, 41.871408475767332 ], [ 13.701120715170834, 41.871345068823302 ], [ 13.701260169124911, 41.87130732658035 ], [ 13.701393756453298, 41.871323135426024 ], [ 13.701493223611019, 41.871370728848035 ], [ 13.701698386241631, 41.871394495715009 ], [ 13.701870441380482, 41.871400015409982 ], [ 13.701975702707522, 41.871397630819224 ], [ 13.702086106875546, 41.871377431726401 ], [ 13.702310395052546, 41.871401413674207 ], [ 13.702568224940382, 41.871422199662426 ], [ 13.702773099112362, 41.871460259378871 ], [ 13.702938783552982, 41.87154434465878 ], [ 13.702995364723879, 41.871584303338231 ], [ 13.703143586102737, 41.871585977412956 ], [ 13.703277824686115, 41.871569620859567 ], [ 13.703350483759916, 41.87152397275441 ], [ 13.703280353063928, 41.871444541662193 ], [ 13.703262528086677, 41.87137999924164 ], [ 13.703302440112916, 41.871298236284304 ], [ 13.703384661478513, 41.871252696135137 ], [ 13.703604240677901, 41.871273047875796 ], [ 13.703789989774066, 41.871310889859643 ], [ 13.703999573492272, 41.871352575057955 ], [ 13.704256537611885, 41.871416241571744 ], [ 13.704461124149107, 41.871468593061728 ], [ 13.704626738720851, 41.871556249630324 ], [ 13.70471578011121, 41.87164661674101 ], [ 13.70472260073862, 41.871782524952629 ], [ 13.704706164021964, 41.871886000252239 ], [ 13.704656834983066, 41.87196050845035 ], [ 13.70462691997545, 41.872020937606777 ], [ 13.704634462089153, 41.872121108884137 ], [ 13.704800800130034, 41.872173028289261 ], [ 13.704967643474992, 41.872199931603674 ], [ 13.705133837724656, 41.872258997919076 ], [ 13.705227662185823, 41.872349418562933 ], [ 13.705363581902134, 41.872486782328444 ], [ 13.705480520769173, 41.872616782939602 ], [ 13.705655486212425, 41.872715266956092 ], [ 13.705812119586723, 41.87277422451988 ], [ 13.705974111426997, 41.872804646201573 ], [ 13.706173850326238, 41.872860514520951 ], [ 13.706306072823848, 41.872944217908326 ], [ 13.706492404951812, 41.872953466041054 ], [ 13.706659034925609, 41.872991088017827 ], [ 13.706919204917355, 41.873133423836165 ], [ 13.707212990400443, 41.873268988512628 ], [ 13.707483013763397, 41.873397135959188 ], [ 13.707676606404156, 41.873520848110239 ], [ 13.707861644651981, 41.873594420581888 ], [ 13.707955546905383, 41.873681265361 ], [ 13.708026117722875, 41.873739251503096 ], [ 13.708040780986204, 41.873961035884996 ], [ 13.708053829916322, 41.874025523815668 ], [ 13.708148596746577, 41.874069484084281 ], [ 13.708281472037752, 41.874121021980528 ], [ 13.708460507899785, 41.874255292571945 ], [ 13.708586659610503, 41.874403266160051 ], [ 13.708664276762542, 41.874586438869024 ], [ 13.708751457511838, 41.874769719064744 ], [ 13.708852479974604, 41.874978176371307 ], [ 13.708981905041529, 41.875201250942702 ], [ 13.708951417029027, 41.875290270804705 ], [ 13.708895869804925, 41.875436200989483 ], [ 13.708855890213782, 41.87552153959431 ], [ 13.708753964958889, 41.87559545810057 ], [ 13.708633704337728, 41.875629850753988 ], [ 13.708456495570715, 41.875642155728578 ], [ 13.708312110552729, 41.875687000214782 ], [ 13.708240241850735, 41.875693340757756 ], [ 13.708185694085095, 41.875742055281563 ], [ 13.708227100881592, 41.875775883151704 ], [ 13.708318851120648, 41.875779774878851 ], [ 13.708488958687713, 41.87575595183111 ], [ 13.708640907632132, 41.875747175542621 ], [ 13.708799730881694, 41.875713693114335 ], [ 13.708930712626991, 41.87566941221597 ], [ 13.709167173481873, 41.875580563284082 ], [ 13.70935732726643, 41.875511210620665 ], [ 13.70952854102333, 41.875400657121645 ], [ 13.709577795303526, 41.87532972052967 ], [ 13.709596274419814, 41.875203628986505 ], [ 13.709658902507163, 41.875101863595198 ], [ 13.709852515043504, 41.874987271890078 ], [ 13.710067770207541, 41.874906285038392 ], [ 13.710267134108221, 41.874822736289026 ], [ 13.710604575322892, 41.874690694642553 ], [ 13.710833632887336, 41.874557435235253 ], [ 13.711023595270579, 41.874306969302069 ], [ 13.711185106298934, 41.874044268687626 ], [ 13.711338900434903, 41.873848205359316 ], [ 13.711530275663916, 41.873685925578549 ], [ 13.711746816292486, 41.873540608836542 ], [ 13.711953888650081, 41.873390419463874 ], [ 13.712192023404624, 41.873281089165388 ], [ 13.712394806293599, 41.873185659995002 ], [ 13.712560532304236, 41.873030239867305 ], [ 13.712725492530502, 41.872912938992251 ], [ 13.712910805588102, 41.872893569221617 ], [ 13.713043167316943, 41.872857912084797 ], [ 13.713151721768719, 41.872786121249504 ], [ 13.713353437160661, 41.87260303705402 ], [ 13.713435134601459, 41.872503866208163 ], [ 13.71382671172641, 41.872215143155294 ], [ 13.714136971898929, 41.872006530376453 ], [ 13.714320479131029, 41.871918030931035 ], [ 13.714510217797915, 41.871836749966469 ], [ 13.714655695292544, 41.871819928250616 ], [ 13.714691519400786, 41.8718287468295 ], [ 13.714866121221531, 41.871882609691994 ], [ 13.715005810514748, 41.87192570214458 ], [ 13.715218749181764, 41.872118725289724 ], [ 13.715367889251652, 41.872313417325699 ], [ 13.715448667866406, 41.872419173242562 ], [ 13.7150597813056, 41.873528877280961 ], [ 13.71471210169538, 41.874919431569886 ], [ 13.714594836103483, 41.875060664410448 ], [ 13.714533123824035, 41.875134989449975 ], [ 13.714188963210962, 41.875549485629065 ], [ 13.713903744785258, 41.875892988559649 ], [ 13.713427088313999, 41.876084240619285 ], [ 13.712911686807788, 41.876345361144764 ], [ 13.712702694213345, 41.876590850773667 ], [ 13.712697721092507, 41.876838627402847 ], [ 13.712622950140627, 41.87706894048501 ], [ 13.712521814943607, 41.877341851968403 ], [ 13.712448492037328, 41.877817630485488 ], [ 13.712441078369524, 41.878186912841535 ], [ 13.71226072115401, 41.878435105658717 ], [ 13.712207400952384, 41.878708553011279 ], [ 13.712306062302362, 41.879353070199123 ], [ 13.712295059517201, 41.879901037379561 ], [ 13.712271226022251, 41.880293965476056 ], [ 13.712163624829463, 41.880888509239043 ], [ 13.711855884198229, 41.88192166308702 ], [ 13.711816106449135, 41.882314412078813 ], [ 13.712033531183268, 41.882602811248688 ], [ 13.71234564491186, 41.882939931911139 ], [ 13.712338707749911, 41.883285389276686 ], [ 13.712347472084867, 41.883642937705424 ], [ 13.712215878297526, 41.883844016995909 ], [ 13.712507513270252, 41.884407292553533 ], [ 13.712689717544547, 41.884862105518664 ], [ 13.71277866828947, 41.885196722780073 ], [ 13.712918717003996, 41.885596393197829 ], [ 13.712742596818099, 41.885859484910419 ], [ 13.71267783683629, 41.886003434543127 ], [ 13.712654259852401, 41.886113620620954 ], [ 13.712640397679925, 41.88624016610656 ], [ 13.712636598399111, 41.886610406637985 ], [ 13.712642421990212, 41.886666601785876 ], [ 13.712677738700542, 41.887007390970311 ], [ 13.712691623521936, 41.887080324372704 ], [ 13.712747667915423, 41.887374709584577 ], [ 13.712776595764598, 41.887526658797 ], [ 13.712844422214191, 41.88772732520367 ], [ 13.713029554329687, 41.888099253608388 ], [ 13.713093312398215, 41.888256159286939 ], [ 13.713100328223383, 41.888282689352373 ], [ 13.713193114652809, 41.888633545190672 ], [ 13.713210922815223, 41.888753020422925 ], [ 13.713212081106363, 41.888803388621824 ], [ 13.713213332110696, 41.888857788407641 ], [ 13.713198862950692, 41.888958809003555 ], [ 13.713168127585828, 41.889042650685674 ], [ 13.713133241378543, 41.889093613647631 ], [ 13.713118457307251, 41.88911521053177 ], [ 13.712950887243171, 41.889311955532278 ], [ 13.712916665271518, 41.889374670503528 ], [ 13.712913408513572, 41.8893878052044 ], [ 13.712901644177775, 41.889435250156403 ], [ 13.712901683913451, 41.889463571171049 ], [ 13.712901752188827, 41.88951223391993 ], [ 13.712930026516077, 41.88974024310221 ], [ 13.712891998142588, 41.890091834548862 ], [ 13.712887082850996, 41.890407798511575 ], [ 13.712892483210799, 41.890534629470501 ], [ 13.712894109453213, 41.890572822760731 ], [ 13.712904699721239, 41.890821534150348 ], [ 13.712943002672059, 41.891253096219337 ], [ 13.712938836495784, 41.89131504643899 ], [ 13.7129337430886, 41.891390788023735 ], [ 13.712925208525826, 41.891438894185278 ], [ 13.712904294122826, 41.891556780577822 ], [ 13.71284005630187, 41.89181140838722 ], [ 13.712763394436575, 41.892014367046663 ], [ 13.712660936306712, 41.892223542692186 ], [ 13.712621886267485, 41.892295061271213 ], [ 13.712595170597488, 41.892343989793304 ], [ 13.712373635975148, 41.89274971664846 ], [ 13.712264962286206, 41.893005911053699 ], [ 13.712262857762916, 41.89301087237142 ], [ 13.712249325184333, 41.893042774788761 ], [ 13.712174816024715, 41.893307436601987 ], [ 13.712129269147846, 41.893537793746653 ], [ 13.712100329830164, 41.893773791628995 ], [ 13.712095540002649, 41.893983790212062 ], [ 13.712106174772421, 41.894118052219518 ], [ 13.712136890720698, 41.894313232752779 ], [ 13.712154547460724, 41.894377325622749 ], [ 13.712159870905275, 41.894396650017519 ], [ 13.71219284485716, 41.894464176654331 ], [ 13.712249180632794, 41.894539366270024 ], [ 13.712262426541857, 41.894553611742907 ], [ 13.712344180756801, 41.894641535327487 ], [ 13.712356918402316, 41.8946552341597 ], [ 13.712589841502718, 41.894858167799022 ], [ 13.712727269905393, 41.895007581821957 ], [ 13.712836921801628, 41.89515085843405 ], [ 13.712894749702123, 41.895272100231011 ], [ 13.71289547845881, 41.89527362828224 ], [ 13.712908297368603, 41.895353352176492 ], [ 13.71291031537803, 41.895365902647363 ], [ 13.712901774060626, 41.895502679847866 ], [ 13.712806421738414, 41.895838213703009 ], [ 13.712774895528463, 41.896099992546198 ], [ 13.712770809781176, 41.89613391849872 ], [ 13.712773342432392, 41.896233697221376 ], [ 13.712787892382936, 41.89632125029096 ], [ 13.712814741616381, 41.896399027181019 ], [ 13.71285735939755, 41.896478780500622 ], [ 13.712928364517925, 41.896576659619178 ], [ 13.713025609693956, 41.896684030214963 ], [ 13.713317944049743, 41.896957883700296 ], [ 13.713435082567518, 41.897067616067645 ], [ 13.713485635613658, 41.897108816643616 ], [ 13.713605668859957, 41.897206643068948 ], [ 13.713652278270338, 41.897244629051457 ], [ 13.713922510934191, 41.897442710091426 ], [ 13.714231175615852, 41.897629482310954 ], [ 13.714333227547492, 41.897700767681279 ], [ 13.714441021423863, 41.89779982449442 ], [ 13.714069404967562, 41.898864278579794 ], [ 13.7138515115636, 41.899488392322354 ], [ 13.713969892051802, 41.899553327706094 ], [ 13.713993235162627, 41.899563816503502 ], [ 13.714109891730457, 41.899616234691166 ], [ 13.714251274665383, 41.899667470685714 ], [ 13.714371871954466, 41.89969997338882 ], [ 13.714474498423389, 41.89971352224692 ], [ 13.71461068268434, 41.89971302523373 ], [ 13.714958744389252, 41.899679801874917 ], [ 13.715108329183787, 41.899674196830567 ], [ 13.715120586451061, 41.899675134242607 ], [ 13.715233086929439, 41.899683737256218 ], [ 13.715463762227683, 41.899729643281617 ], [ 13.715567638549755, 41.899729186145876 ], [ 13.715693007313231, 41.899690881229425 ], [ 13.715987647038858, 41.899544516925928 ], [ 13.716251198142663, 41.899453072234309 ], [ 13.716728339291516, 41.899301537235829 ], [ 13.717110775069616, 41.899317725897191 ], [ 13.717460129543111, 41.899393118644618 ], [ 13.717630635674984, 41.899639280109817 ], [ 13.717984760914236, 41.899874925080844 ], [ 13.718452025923643, 41.900035687761417 ], [ 13.718801505047511, 41.900105120335674 ], [ 13.719122622638807, 41.90016182877072 ], [ 13.719609637348521, 41.899986684493129 ], [ 13.719782523046536, 41.899943616615481 ], [ 13.720371085468658, 41.899868104756465 ], [ 13.720677479873217, 41.899591727164108 ], [ 13.721048134161189, 41.899399259333265 ], [ 13.721342518970822, 41.899432325536452 ], [ 13.721620721647781, 41.899477125793091 ], [ 13.721803374456153, 41.899514904230507 ], [ 13.72199483136051, 41.899511077950763 ], [ 13.722282551069718, 41.899478535177664 ], [ 13.722578836536867, 41.89941629953573 ], [ 13.723011245747797, 41.899325789706609 ], [ 13.723545961229329, 41.899232491940566 ], [ 13.723803123095555, 41.899203529333199 ], [ 13.72401218405949, 41.899116490493583 ], [ 13.724165549992392, 41.898988109166382 ], [ 13.724343793935519, 41.898881875626785 ], [ 13.724662806518042, 41.898879461990063 ], [ 13.724929449207892, 41.898703698681622 ], [ 13.725073425113729, 41.898681467495834 ], [ 13.725759036118662, 41.8991607843598 ], [ 13.725815062761615, 41.89916037042417 ], [ 13.725861110513014, 41.899168125270734 ], [ 13.725880375852876, 41.899171369664458 ], [ 13.725969677485189, 41.899199373273795 ], [ 13.726023215253534, 41.899216161890678 ], [ 13.72615138238953, 41.899281470235657 ], [ 13.726229151295854, 41.899344717980092 ], [ 13.726416944678149, 41.899531368879359 ], [ 13.726589419180421, 41.899750646687288 ], [ 13.726912310926645, 41.900256450372417 ], [ 13.726933931555822, 41.900290318589541 ], [ 13.727034969368887, 41.900416608654936 ], [ 13.727139284806054, 41.900522076353262 ], [ 13.727228901817412, 41.900595059976581 ], [ 13.727324182096563, 41.900657817692988 ], [ 13.727537397035741, 41.900767490175561 ], [ 13.727710279504295, 41.900856416102407 ], [ 13.727731840120939, 41.900873602778077 ], [ 13.727914211867128, 41.901018976054864 ], [ 13.727989029347173, 41.901068264015535 ], [ 13.728052231617459, 41.90109642933821 ], [ 13.72812429221189, 41.90111500476452 ], [ 13.728275359711223, 41.901130679960119 ], [ 13.728420157435059, 41.901145704379701 ], [ 13.728617039634859, 41.901185772631727 ], [ 13.728806446789267, 41.901238033728298 ], [ 13.728825299867797, 41.901243235635569 ], [ 13.729440794825791, 41.901435191353194 ], [ 13.729479312403679, 41.901443421244778 ], [ 13.729828958543726, 41.901518128468382 ], [ 13.729954015838883, 41.90154484845452 ], [ 13.730110807569673, 41.901585399185507 ], [ 13.730392322751246, 41.901676728763171 ], [ 13.730628992872207, 41.901769180267053 ], [ 13.730831618278147, 41.901866997671803 ], [ 13.731002241442596, 41.90197129324671 ], [ 13.73109855250364, 41.902044527953436 ], [ 13.731207373630511, 41.902142681417118 ], [ 13.731301466843442, 41.902251902911054 ], [ 13.731323533521154, 41.902320690737191 ], [ 13.731320116185323, 41.90249175846705 ], [ 13.731337068120069, 41.9025648387451 ], [ 13.731349318930691, 41.902584776866149 ], [ 13.731384779467385, 41.902642488460749 ], [ 13.731559720348594, 41.902855514601555 ], [ 13.731601913724459, 41.902945118982352 ], [ 13.73162983052784, 41.903020617264055 ], [ 13.731760791099601, 41.903025062761927 ], [ 13.731879322651453, 41.903052275874842 ], [ 13.732039370799392, 41.903051969500524 ], [ 13.732149105720554, 41.903148501095899 ], [ 13.732162081400187, 41.903296229375194 ], [ 13.732232302437026, 41.90333112392225 ], [ 13.732493461425307, 41.903333181622912 ], [ 13.732832746665336, 41.903553820658296 ], [ 13.733143377244714, 41.903780244323762 ], [ 13.733283047107779, 41.903742864899982 ], [ 13.733527686102098, 41.903631179859651 ], [ 13.733781116118504, 41.903642521695971 ], [ 13.734991757705419, 41.903670052103848 ], [ 13.735630392025699, 41.903657006451851 ], [ 13.736398805550852, 41.903641305417814 ], [ 13.738283713811478, 41.903495224238128 ], [ 13.738436431390577, 41.903472859370488 ], [ 13.738650953851883, 41.903453748956593 ], [ 13.738582620864724, 41.904404397216062 ], [ 13.738335821088546, 41.906246123609577 ], [ 13.73804306347856, 41.90815287607596 ], [ 13.737901702412975, 41.9086487721898 ], [ 13.737897886221083, 41.90904490291215 ], [ 13.737810871153075, 41.910384975765176 ], [ 13.737628486810072, 41.911383827532006 ], [ 13.737564313275927, 41.911726272834429 ], [ 13.73748929212846, 41.912619069969807 ], [ 13.737238067902423, 41.914196230632072 ], [ 13.737119842514353, 41.914852635838059 ], [ 13.736846374827101, 41.916100697652659 ], [ 13.736565122738012, 41.918227996114972 ], [ 13.73631850460643, 41.91956928794373 ], [ 13.736249921273156, 41.920619431147458 ], [ 13.735932119548206, 41.921614290986192 ], [ 13.735717698838846, 41.923091678715231 ], [ 13.735677507037146, 41.923368597349445 ], [ 13.735686180994744, 41.924931198319968 ], [ 13.735759167234951, 41.9260829846287 ], [ 13.735962506611367, 41.926935949708465 ], [ 13.736145109880431, 41.928839582709116 ], [ 13.736313540058847, 41.930006716529569 ], [ 13.736432966958454, 41.931716631010133 ], [ 13.736448962991028, 41.932846341519777 ], [ 13.736193701780724, 41.935094291953313 ], [ 13.736077892355471, 41.935471984926473 ], [ 13.736031672515251, 41.935622721829368 ], [ 13.736008143867686, 41.935760557713515 ], [ 13.735934241580221, 41.937094299879021 ], [ 13.735978522549164, 41.938245767695697 ], [ 13.736278333942, 41.939064048042439 ], [ 13.736384434874793, 41.939994578605763 ], [ 13.736539815466184, 41.940854161879876 ], [ 13.736608476108126, 41.941741386269058 ], [ 13.736521282494524, 41.942762725142785 ], [ 13.736717081594174, 41.943515518555834 ], [ 13.737012712904502, 41.944062090705764 ], [ 13.737339044909067, 41.944508914602835 ], [ 13.737782952303725, 41.945073276403569 ], [ 13.737948846914323, 41.945259526276061 ], [ 13.738321450547947, 41.945677843589905 ], [ 13.738581768614859, 41.946073895790278 ], [ 13.738689095454033, 41.946314244800675 ], [ 13.739172293133226, 41.947063042076188 ], [ 13.739317591475148, 41.947464978164824 ], [ 13.739439236720431, 41.948095420226508 ], [ 13.7397526523369, 41.948713669639709 ], [ 13.73838492365638, 41.949113284737855 ], [ 13.737092644923969, 41.949570904980213 ], [ 13.735914394677856, 41.950072659848061 ], [ 13.735045339505731, 41.950434831376725 ], [ 13.734326640212494, 41.950941632686842 ], [ 13.734182075282339, 41.951131711346882 ], [ 13.734018449207968, 41.951534238884456 ], [ 13.733996735635086, 41.951607623103733 ], [ 13.734106221624181, 41.951805960983172 ], [ 13.73421857309337, 41.951935880569025 ], [ 13.734288288806113, 41.952284563752343 ], [ 13.734326371771788, 41.952618600260955 ], [ 13.734273674702438, 41.953023125116268 ], [ 13.734201826884519, 41.953427438753934 ], [ 13.734158340539947, 41.953689086539384 ], [ 13.734049104317764, 41.95436941286458 ], [ 13.733940778650471, 41.955326174116678 ], [ 13.733977099184909, 41.955426659621963 ], [ 13.734045526197885, 41.955517967289367 ], [ 13.734061753217679, 41.955665890664811 ], [ 13.733984112981595, 41.95571745987592 ], [ 13.73400876854471, 41.956084709857151 ], [ 13.734039430720195, 41.956471089846879 ], [ 13.734039589545457, 41.956785644192117 ], [ 13.733904369931256, 41.957165428749107 ], [ 13.733814778261856, 41.957498056929786 ], [ 13.733814181169354, 41.957850730460009 ], [ 13.733821571567423, 41.958122470970764 ], [ 13.733801445536056, 41.958493992845398 ], [ 13.733819999864851, 41.958846877559836 ], [ 13.733839592079736, 41.959147348289171 ], [ 13.733915602226524, 41.959500866669188 ], [ 13.734019790264913, 41.95972124925494 ], [ 13.734148383141701, 41.959999092209628 ], [ 13.734328709442476, 41.960244143799372 ], [ 13.734414690937497, 41.960416665810762 ], [ 13.734574830038431, 41.960713919835975 ], [ 13.734535177706103, 41.961104290217285 ], [ 13.734618332220618, 41.96141975923441 ], [ 13.734650225583858, 41.961744195028714 ], [ 13.734610950082942, 41.962115505746077 ], [ 13.734541355907446, 41.962405461153331 ], [ 13.734465093891941, 41.962709640823732 ], [ 13.734443394835024, 41.962838082075663 ], [ 13.734614073111981, 41.962925750623747 ], [ 13.734925960587606, 41.962976847664883 ], [ 13.73513400317897, 41.963112586645842 ], [ 13.735246564558674, 41.963232975465445 ], [ 13.73524109816187, 41.963509339948025 ], [ 13.735257895014445, 41.963628673590428 ], [ 13.735425089789242, 41.963892642439042 ], [ 13.735528159094853, 41.96417020251554 ], [ 13.735598741699784, 41.964476000314711 ], [ 13.735646214145619, 41.964981713085891 ], [ 13.735683085265117, 41.965377692373558 ], [ 13.735762692449963, 41.965550143048148 ], [ 13.735880701689673, 41.965718250626381 ], [ 13.736056361225433, 41.965877460990519 ], [ 13.736072500750215, 41.966030148824075 ], [ 13.736096417285442, 41.966435517160342 ], [ 13.736143915154582, 41.966617145883312 ], [ 13.736189812066335, 41.966879777948073 ], [ 13.736154120943114, 41.967070022617342 ], [ 13.736131713072821, 41.967270638843168 ], [ 13.737697346892084, 41.967246215285847 ], [ 13.737886740835, 41.96724325933048 ], [ 13.737862230769432, 41.967352606476688 ], [ 13.737816514429587, 41.967392856870845 ], [ 13.737860792093791, 41.967507393022053 ], [ 13.737980223506693, 41.967539208150271 ], [ 13.738175444592862, 41.967613796570006 ], [ 13.738298178714674, 41.967737153729374 ], [ 13.738390341534329, 41.967856362011297 ], [ 13.738444571978849, 41.967956089581634 ], [ 13.738514690254448, 41.968027396084352 ], [ 13.738542780045636, 41.968157338347226 ], [ 13.73849132191642, 41.968305470178549 ], [ 13.738335524335763, 41.968563025029603 ], [ 13.738280462110529, 41.968634862106342 ], [ 13.738179725479419, 41.968820579640777 ], [ 13.738078988251896, 41.969006297072916 ], [ 13.738067037383617, 41.969223492523781 ], [ 13.737966788306668, 41.969384432325832 ], [ 13.737818351714925, 41.969527684812213 ], [ 13.737642535673423, 41.969634414873354 ], [ 13.737727946804153, 41.9697736682973 ], [ 13.7383203984907, 41.969865043805697 ], [ 13.738313580502423, 41.970210499415899 ], [ 13.738090678766186, 41.970583366847762 ], [ 13.738449580662849, 41.970812877627637 ], [ 13.738111407978455, 41.971341200763185 ], [ 13.737895499712083, 41.971425736405678 ], [ 13.737441029865066, 41.971909831234534 ], [ 13.737467877877162, 41.972234886634851 ], [ 13.737317143468312, 41.97275271571263 ], [ 13.737060021290258, 41.973159757546149 ], [ 13.736796133766076, 41.97358578805887 ], [ 13.736445033266273, 41.973577157828267 ], [ 13.736416052125801, 41.973394144612939 ], [ 13.736142600215395, 41.973173092571436 ], [ 13.735778230449625, 41.972947464130691 ], [ 13.735580416225218, 41.972777286084998 ], [ 13.735326125597211, 41.972556443154559 ], [ 13.735155915921636, 41.97244375973446 ], [ 13.73487683477161, 41.972265536060952 ], [ 13.734568455802322, 41.972115584347684 ], [ 13.734278384726098, 41.972008727107102 ], [ 13.733916906008574, 41.97187963483573 ], [ 13.733641628534453, 41.971751492441932 ], [ 13.733405158765244, 41.971598756439668 ], [ 13.733297750116352, 41.971701230338489 ], [ 13.733189491258475, 41.971846588176724 ], [ 13.733158889398471, 41.972182248937983 ], [ 13.733070465836548, 41.972535143758755 ], [ 13.732977818983452, 41.972859396259864 ], [ 13.732871796009379, 41.973133458691315 ], [ 13.732824019387756, 41.973368845061884 ], [ 13.732816934703324, 41.973726211957022 ], [ 13.732783382802721, 41.973968904218886 ], [ 13.732616870752196, 41.974152937293852 ], [ 13.732514214236721, 41.9741527672684 ], [ 13.732335049635074, 41.97426304272696 ], [ 13.732124283935297, 41.974341524664155 ], [ 13.731815519718808, 41.974323358379003 ], [ 13.731247841690006, 41.974358853492937 ], [ 13.730785492478983, 41.974345180340073 ], [ 13.73034969299173, 41.97432800180745 ], [ 13.729981735567067, 41.974304967346775 ], [ 13.729644310989702, 41.974433293875322 ], [ 13.729399774058955, 41.974598630700399 ], [ 13.729036986671126, 41.974939006801655 ], [ 13.728738800810701, 41.975480808330694 ], [ 13.728728283941241, 41.975533665721386 ], [ 13.728471168534996, 41.975517113041768 ], [ 13.728344458856801, 41.975547380106157 ], [ 13.728151906757613, 41.975594812463193 ], [ 13.727977613219519, 41.975623383103702 ], [ 13.727849038299064, 41.975616029096898 ], [ 13.727770911413936, 41.975611560458781 ], [ 13.727553689276897, 41.975614871803472 ], [ 13.727361060517833, 41.975666114726529 ], [ 13.727321632894441, 41.975697908800086 ], [ 13.727109201981467, 41.97586921034744 ], [ 13.72675560048344, 41.976177933751131 ], [ 13.726507811320532, 41.976304818262491 ], [ 13.726196933902377, 41.976520601653498 ], [ 13.725937398033105, 41.976651893660303 ], [ 13.725702629209941, 41.976761878624075 ], [ 13.725381048504596, 41.976950010345242 ], [ 13.72515589993338, 41.977094300661378 ], [ 13.725053805093486, 41.977089353977085 ], [ 13.724874277077864, 41.976995853923704 ], [ 13.724839139622681, 41.976967083658877 ], [ 13.724719053130306, 41.976900717239999 ], [ 13.72429702897279, 41.976924623321636 ], [ 13.724091641456829, 41.976974765742824 ], [ 13.723885822473168, 41.977052494081391 ], [ 13.723693635945718, 41.977037590367523 ], [ 13.723468810543393, 41.976950561451581 ], [ 13.723420399188402, 41.977104660625656 ], [ 13.723365653698959, 41.977447198719304 ], [ 13.723376958508448, 41.977840513643862 ], [ 13.723476755746992, 41.978120430395933 ], [ 13.723548959736368, 41.978342849058464 ], [ 13.723405854762774, 41.978590702525473 ], [ 13.723341106735523, 41.978801864547819 ], [ 13.72321628773506, 41.979208931137784 ], [ 13.722970508951969, 41.979521939751891 ], [ 13.722661764149484, 41.97998913978978 ], [ 13.72262006604832, 41.980078036902185 ], [ 13.722581213956055, 41.980226758021516 ], [ 13.722559545392347, 41.980309702344741 ], [ 13.722478591687846, 41.980564969967901 ], [ 13.722363323420712, 41.980739430561897 ], [ 13.722237094571785, 41.981062704233011 ], [ 13.722208859271285, 41.981276856614606 ], [ 13.722164777587434, 41.981484875163922 ], [ 13.721945971044956, 41.981845840954783 ], [ 13.721715009174311, 41.982215607043891 ], [ 13.72133886482874, 41.982658223013232 ], [ 13.721033847784039, 41.982937801588868 ], [ 13.720821942451593, 41.983152885571165 ], [ 13.720442391230003, 41.983565673507059 ], [ 13.720060329545358, 41.984103537654399 ], [ 13.719920204230878, 41.984322399008107 ], [ 13.719792470144967, 41.984520547469131 ], [ 13.719583950036579, 41.984765453860142 ], [ 13.719483856305759, 41.984978803796601 ], [ 13.719430168274732, 41.985267138915653 ], [ 13.719241960298771, 41.985494399045869 ], [ 13.719001860438839, 41.985721079739903 ], [ 13.718828431043793, 41.985808505134351 ], [ 13.718646779097591, 41.985907753278426 ], [ 13.718576891292788, 41.986008248918537 ], [ 13.718522781473794, 41.98610495219085 ], [ 13.718469227089226, 41.986200662486617 ], [ 13.718256525466998, 41.986454455785413 ], [ 13.717955874329846, 41.986912796719238 ], [ 13.717697613370378, 41.987214980393695 ], [ 13.717355616783095, 41.987544773655351 ], [ 13.716833196267146, 41.988110845014759 ], [ 13.716368411502984, 41.988987343251118 ], [ 13.716100488714632, 41.989603916130108 ], [ 13.715742264077067, 41.989945437668325 ], [ 13.715847223408471, 41.990052342943123 ], [ 13.716090436862544, 41.990120352925601 ], [ 13.716468101717895, 41.990401000050973 ], [ 13.716769891414113, 41.990642670332456 ], [ 13.716164774873057, 41.991174315250539 ], [ 13.71561499814964, 41.992055559423058 ], [ 13.714674512325383, 41.993855402298742 ], [ 13.714861549730541, 41.994073065843018 ], [ 13.715005007883708, 41.994246244944094 ], [ 13.715078301408351, 41.994413872490419 ], [ 13.715168843701372, 41.99461674296672 ], [ 13.714967688427809, 41.994803545135021 ], [ 13.71474286082897, 41.994891474168007 ], [ 13.71449898759241, 41.994945934048623 ], [ 13.714235088345275, 41.995043062302628 ], [ 13.714077664556305, 41.99524623300421 ], [ 13.713747777620323, 41.995447470911948 ], [ 13.713437147111051, 41.995644157795354 ], [ 13.713145485258384, 41.995850588325204 ], [ 13.713024980934891, 41.996133201009258 ], [ 13.712840099357123, 41.996297978408705 ], [ 13.712621421410145, 41.996492875622849 ], [ 13.712452366338836, 41.996638722612893 ], [ 13.712129815545859, 41.996792378962112 ], [ 13.711839489685017, 41.996932098329445 ], [ 13.711542871048936, 41.997066980402813 ], [ 13.711413483868867, 41.997146548366729 ], [ 13.711205040640699, 41.997344376307034 ], [ 13.711084186977876, 41.997528034066832 ], [ 13.710953890075228, 41.997727118176684 ], [ 13.710667324559839, 41.997853135347277 ], [ 13.71031805249228, 41.997970185728065 ], [ 13.709900564090837, 41.998078684270119 ], [ 13.7096577747017, 41.998236804526954 ], [ 13.709510921020513, 41.998390045566317 ], [ 13.709356390019005, 41.998442591667676 ], [ 13.70922953404183, 41.998407581569332 ], [ 13.709301337937429, 41.998744144327262 ], [ 13.709244071983694, 41.999048518578256 ], [ 13.709238678827928, 41.999315348874489 ], [ 13.7090513424317, 41.999732641988722 ], [ 13.708276891052641, 42.000114733237041 ], [ 13.708190737089566, 41.999951722699421 ], [ 13.707965013664619, 41.999739481952894 ], [ 13.707840533680507, 41.999576039702973 ], [ 13.707600686997026, 41.999430361961217 ], [ 13.70733471130327, 41.99931298489858 ], [ 13.707002928687318, 41.999290184084323 ], [ 13.706642506909878, 41.99941956868561 ], [ 13.706374023537343, 41.999426074777901 ], [ 13.706247424598157, 41.999367456920496 ], [ 13.705905376901363, 41.999220623590098 ], [ 13.705347091669436, 41.999304230917147 ], [ 13.705183435758331, 41.999375713853418 ], [ 13.704910797405143, 41.999587103720771 ], [ 13.704598669997798, 41.999855238147333 ], [ 13.704297427014058, 42.000059154821663 ], [ 13.704016216237317, 42.000220403716433 ], [ 13.703729486551397, 42.000405351447668 ], [ 13.703556477903037, 42.000692591411976 ], [ 13.703428101765395, 42.000919318478957 ], [ 13.702824089169138, 42.00152437446625 ], [ 13.702838528928083, 42.001552858480544 ], [ 13.703035929088935, 42.002162274269402 ], [ 13.704196823465855, 42.003206013659529 ], [ 13.704325209852145, 42.003964050642317 ], [ 13.704536465090889, 42.004180900796584 ], [ 13.704788143815904, 42.004767564352349 ], [ 13.705025909044624, 42.005252795380514 ], [ 13.705418680892848, 42.005972111616273 ], [ 13.705438565021174, 42.005981681047857 ], [ 13.705153080873393, 42.006279432955672 ], [ 13.705093957236905, 42.00637621201075 ], [ 13.705104127505475, 42.00658364356002 ], [ 13.705195390152765, 42.006809862198978 ], [ 13.705407970885002, 42.007198298409698 ], [ 13.705428377700066, 42.007373675446381 ], [ 13.705496264566332, 42.007571034768851 ], [ 13.705655263602125, 42.007765847060448 ], [ 13.705796618804932, 42.007885397176615 ], [ 13.706043677777785, 42.007991841187803 ], [ 13.706137190881238, 42.008107276961361 ], [ 13.706261204234343, 42.008225713369093 ], [ 13.706273538782336, 42.008237493194983 ], [ 13.706630661541999, 42.008352325609614 ], [ 13.706657086388793, 42.008361378479862 ], [ 13.706946754523756, 42.008460614071957 ], [ 13.706954317136455, 42.008463204886198 ], [ 13.707193428181361, 42.008598038578107 ], [ 13.707387832179805, 42.008511880363052 ], [ 13.707724569201465, 42.008450141179466 ], [ 13.708020049912653, 42.008453467750755 ], [ 13.708235429971783, 42.008467806811559 ], [ 13.708540222155989, 42.008405705687004 ], [ 13.708844531931346, 42.008367427835751 ], [ 13.709086519398213, 42.008251002301748 ], [ 13.709393878030172, 42.008219906135714 ], [ 13.709663265025457, 42.008170510118383 ], [ 13.709919825987322, 42.008123352250585 ], [ 13.710187864475962, 42.008140662481424 ], [ 13.710335094424142, 42.008128019244417 ], [ 13.710473559279547, 42.008074767163421 ], [ 13.710627177768069, 42.008062195329046 ], [ 13.710786607614404, 42.008078283984744 ], [ 13.710952137664284, 42.008108738641674 ], [ 13.711175214716002, 42.008137456339334 ], [ 13.711521526323466, 42.008234279787253 ], [ 13.711711650678229, 42.0083126684818 ], [ 13.711904393061046, 42.008419681661763 ], [ 13.711982474339473, 42.008508727148062 ], [ 13.712099128930223, 42.008586290673719 ], [ 13.712201564433757, 42.008735183079317 ], [ 13.712469365289065, 42.009056894711009 ], [ 13.712973805648041, 42.009412690421804 ], [ 13.71330469308052, 42.009569700806189 ], [ 13.713341667067072, 42.009587245336519 ], [ 13.713418811558288, 42.009623854409796 ], [ 13.713674187690923, 42.009635652926171 ], [ 13.714356342601704, 42.009692642998353 ], [ 13.714604508840104, 42.009736449209811 ], [ 13.715057022311861, 42.010055119813899 ], [ 13.716008588359344, 42.010368901667029 ], [ 13.716315544190248, 42.010470118975292 ], [ 13.716495275021391, 42.010256547606794 ], [ 13.716715154832906, 42.009995265448232 ], [ 13.716931876486091, 42.009744499854101 ], [ 13.717060090719492, 42.009525510106442 ], [ 13.717290045123226, 42.009212339242694 ], [ 13.717580969443899, 42.008846232746173 ], [ 13.717877603676191, 42.00859337948804 ], [ 13.718080662585189, 42.008425862338157 ], [ 13.718135269467265, 42.008344485724358 ], [ 13.718341236469023, 42.008178562463485 ], [ 13.718712655108849, 42.007980158515714 ], [ 13.719024416094772, 42.007769172770551 ], [ 13.7193153739497, 42.007599655707523 ], [ 13.719562228776418, 42.007438581954631 ], [ 13.71985038505523, 42.007209458443931 ], [ 13.720216076039954, 42.006897795422489 ], [ 13.720521273348114, 42.006615243764898 ], [ 13.720924981607089, 42.006199748035165 ], [ 13.721117597279578, 42.005954663034871 ], [ 13.721416887689829, 42.005567788892158 ], [ 13.721592693495568, 42.005364217484697 ], [ 13.72180675684856, 42.005244475243956 ], [ 13.721981308705384, 42.005103441797338 ], [ 13.72211181992907, 42.004967875128038 ], [ 13.722193582858953, 42.004873467285108 ], [ 13.722478619068619, 42.004599621895451 ], [ 13.722584754593536, 42.004484634198469 ], [ 13.722647386518702, 42.004348311397898 ], [ 13.722789098571651, 42.004251591595519 ], [ 13.722930333687035, 42.004178695851287 ], [ 13.723056074004631, 42.004081797999611 ], [ 13.72319462583469, 42.003943340827753 ], [ 13.723337467496105, 42.003790037735143 ], [ 13.723491631684695, 42.003669626011614 ], [ 13.723581138164681, 42.0035872180448 ], [ 13.72371009518583, 42.00352907824653 ], [ 13.72398690076326, 42.003466624720005 ], [ 13.724159003237631, 42.003447687090144 ], [ 13.724291476167018, 42.003413415264809 ], [ 13.724437771272148, 42.003286957404356 ], [ 13.724592110635973, 42.00315761004962 ], [ 13.724761884769915, 42.003055242218238 ], [ 13.724955138620894, 42.002976964521828 ], [ 13.725212869148363, 42.002869615708619 ], [ 13.725453914885174, 42.002797825359693 ], [ 13.725691740051721, 42.002687275724675 ], [ 13.725864255942783, 42.002647489259971 ], [ 13.72596138671233, 42.002583036212194 ], [ 13.726076923795441, 42.002396660922329 ], [ 13.726161232132332, 42.002174194589543 ], [ 13.726124098237786, 42.002033783822739 ], [ 13.726062830654916, 42.001902041258042 ], [ 13.726030818579758, 42.001705092110505 ], [ 13.726042784445399, 42.00150565239624 ], [ 13.726070720477997, 42.001306389932225 ], [ 13.725941104880981, 42.001197718212914 ], [ 13.725727170755665, 42.001111939808887 ], [ 13.725585103039748, 42.001026958996945 ], [ 13.725534448089602, 42.000963843949663 ], [ 13.725516209032792, 42.000877259275001 ], [ 13.725651171954739, 42.000717908314698 ], [ 13.725983193474487, 42.000489256030207 ], [ 13.726136750575654, 42.00039862086453 ], [ 13.726535083478346, 42.000048576403003 ], [ 13.726912084195165, 41.999766803911534 ], [ 13.727087856258526, 41.999563223424836 ], [ 13.727328633925259, 41.999303768255068 ], [ 13.727495053682084, 41.999168593426525 ], [ 13.727701930954138, 41.999007058565375 ], [ 13.727904102917641, 41.998881215527092 ], [ 13.728129931985359, 41.99877052776074 ], [ 13.728349080059566, 41.998594234207864 ], [ 13.728532769757264, 41.998393717865248 ], [ 13.728578108921399, 41.998322731396286 ], [ 13.728641433180925, 41.998150668445419 ], [ 13.728826979091988, 41.998057405249938 ], [ 13.729035589633868, 41.99800907760504 ], [ 13.729186535672561, 41.997967840631411 ], [ 13.729197063975711, 41.997772374715765 ], [ 13.729223601222543, 41.997591163117299 ], [ 13.729452741197065, 41.997313702331383 ], [ 13.729579524321265, 41.997163192153685 ], [ 13.729754984458094, 41.996974497485219 ], [ 13.729950701094095, 41.996771133198529 ], [ 13.730174954496928, 41.996538297307758 ], [ 13.730598141547546, 41.996140854196128 ], [ 13.730942275727511, 41.995903385144324 ], [ 13.731201801654001, 41.995703702862428 ], [ 13.731494328269505, 41.99545076813618 ], [ 13.731762367215072, 41.99522437036044 ], [ 13.732081356699746, 41.995046193964278 ], [ 13.732320737408388, 41.994855222661641 ], [ 13.732464186667244, 41.99466914888847 ], [ 13.732534949080275, 41.994523974077644 ], [ 13.732573774033536, 41.994378446559558 ], [ 13.732665560125465, 41.994179887226593 ], [ 13.732763675514304, 41.994064801265687 ], [ 13.733179022917119, 41.993658325732966 ], [ 13.733359104362666, 41.993436910701341 ], [ 13.733486342856743, 41.993262571494149 ], [ 13.733609234329347, 41.993106056375083 ], [ 13.733756254623325, 41.992940871210315 ], [ 13.733942486265162, 41.992811862769244 ], [ 13.734116741042351, 41.992682721931274 ], [ 13.73429099511497, 41.992553580816235 ], [ 13.734365211907532, 41.992435251201336 ], [ 13.734645872343355, 41.991973668367713 ], [ 13.734743508820245, 41.991882404976636 ], [ 13.734938368088178, 41.991720724282693 ], [ 13.735292964100333, 41.991557824723053 ], [ 13.735631472591971, 41.991400704247958 ], [ 13.735993106148282, 41.991285539241936 ], [ 13.736150206427645, 41.991215780365344 ], [ 13.736453445198554, 41.990822951702413 ], [ 13.736578562808562, 41.990553267167741 ], [ 13.736660992366723, 41.990423111605757 ], [ 13.736742091087388, 41.99045586886367 ], [ 13.736901387806746, 41.990485008253749 ], [ 13.737157551421621, 41.990569860653906 ], [ 13.73741665999496, 41.990658778349811 ], [ 13.737781749142171, 41.990752214661356 ], [ 13.738020739378522, 41.990832961124994 ], [ 13.738487894313062, 41.991021941526057 ], [ 13.738696222451754, 41.991148144696034 ], [ 13.738930788563039, 41.991278259091899 ], [ 13.739124519046999, 41.991390097101515 ], [ 13.739289506243852, 41.991568356828139 ], [ 13.739405633388651, 41.991720323763687 ], [ 13.739631921084076, 41.991968629767214 ], [ 13.739865157090284, 41.992183989562527 ], [ 13.740040036920824, 41.992346932585306 ], [ 13.74010841276392, 41.992534968892535 ], [ 13.740145004797226, 41.992882329543299 ], [ 13.740302135464812, 41.993003797385235 ], [ 13.740542362904122, 41.993171082683965 ], [ 13.740732354683336, 41.993262204902734 ], [ 13.740913134283131, 41.993325410170748 ], [ 13.741131881770562, 41.993377375360822 ], [ 13.741238212538644, 41.993428106890391 ], [ 13.741328613514074, 41.993509165648078 ], [ 13.741426603834471, 41.993594120585314 ], [ 13.741536017099456, 41.993747829868205 ], [ 13.741555566703845, 41.993766799249542 ], [ 13.741641334994506, 41.993850021806971 ], [ 13.741772465833572, 41.993939152352738 ], [ 13.741896795605037, 41.993984361478553 ], [ 13.742021275699436, 41.994021946952579 ], [ 13.742163528296265, 41.99406544615583 ], [ 13.742241981187274, 41.994104433047617 ], [ 13.742287069870001, 41.994150679911776 ], [ 13.742369845803598, 41.99422974822658 ], [ 13.742425641996714, 41.994251329446563 ], [ 13.742716425764309, 41.994408931148335 ], [ 13.742831220970766, 41.994458228976391 ], [ 13.742844494948558, 41.994483593637888 ], [ 13.742898950693881, 41.994587650508905 ], [ 13.742999274891194, 41.994684067855431 ], [ 13.743106737206318, 41.994742435658381 ], [ 13.743284086273327, 41.994820632382478 ], [ 13.743494124179199, 41.99486105906611 ], [ 13.743578486542409, 41.994884213190062 ], [ 13.743729243352263, 41.994925589761948 ], [ 13.743861975252646, 41.994998531179348 ], [ 13.744044871030603, 41.995119680667173 ], [ 13.744310992414199, 41.995232208256148 ], [ 13.744460710828553, 41.995282726995377 ], [ 13.744602946088914, 41.995330720477668 ], [ 13.744724215991232, 41.995336812871138 ], [ 13.744894549971159, 41.995344879468938 ], [ 13.744985918525472, 41.995349206353744 ], [ 13.745023342478955, 41.995356153299852 ], [ 13.745169183282909, 41.995383225354864 ], [ 13.745176889662515, 41.995384655864619 ], [ 13.745324670295981, 41.995376814469822 ], [ 13.745715067527938, 41.995287372216538 ], [ 13.746326940732098, 41.995163516220643 ], [ 13.746443187395496, 41.995144073307685 ], [ 13.746450229553417, 41.995110788776195 ], [ 13.74639193691703, 41.995020169226379 ], [ 13.746359279790347, 41.994861967579823 ], [ 13.746349965151518, 41.994685526782554 ], [ 13.746554094908511, 41.994354733784647 ], [ 13.746866075556699, 41.994104954443166 ], [ 13.746938147504654, 41.9936903231958 ], [ 13.747124972812388, 41.99330504278813 ], [ 13.747148491818958, 41.993265207337217 ], [ 13.747318846361599, 41.993130046417264 ], [ 13.747625514723502, 41.992966585638889 ], [ 13.747819119312711, 41.992867422063313 ], [ 13.747904252800653, 41.99311895057852 ], [ 13.748007002940755, 41.993060108499321 ], [ 13.747994471449294, 41.9932739808986 ], [ 13.74807730811383, 41.99341632541983 ], [ 13.748237590214911, 41.993713560688413 ], [ 13.748278393046583, 41.993786465048871 ], [ 13.748291130302862, 41.993869657651054 ], [ 13.748284345152317, 41.993922485386662 ], [ 13.748366154627204, 41.993953402827387 ], [ 13.748453253117205, 41.993910029503695 ], [ 13.748510027996193, 41.993849168168211 ], [ 13.74869889808746, 41.993698241251849 ], [ 13.748788556255841, 41.993622010713949 ], [ 13.74886801410266, 41.993542514758282 ], [ 13.749016629539655, 41.993293923699611 ], [ 13.749130622219077, 41.993345208230345 ], [ 13.74896200500965, 41.993636474726337 ], [ 13.748994142730602, 41.993815472424224 ], [ 13.749102357338122, 41.993923157110622 ], [ 13.749114964434673, 41.993920174140143 ], [ 13.749146115061487, 41.993959045836839 ], [ 13.749176466777834, 41.993975104143786 ], [ 13.749255479986823, 41.993953088747418 ], [ 13.749317778908525, 41.9939037254181 ], [ 13.749353194613033, 41.993856928689276 ], [ 13.749551042915593, 41.993638898691117 ], [ 13.74967033864789, 41.993517237485278 ], [ 13.749954022522065, 41.993320158647506 ], [ 13.750486613843428, 41.992939918026906 ], [ 13.750611508040889, 41.992849033162138 ], [ 13.751120967136531, 41.99266970793694 ], [ 13.75130072286176, 41.992584040506188 ], [ 13.751482769286953, 41.992406859092867 ], [ 13.752186760994871, 41.99192748980456 ], [ 13.752586414722446, 41.991581538437551 ], [ 13.753245302173427, 41.991209806200345 ], [ 13.753720475656886, 41.990921862189211 ], [ 13.75396292084409, 41.990774367734737 ], [ 13.754460837417346, 41.990794069699781 ], [ 13.7546704977551, 41.990853535727318 ], [ 13.754879558181479, 41.99093420134988 ], [ 13.754959419617636, 41.991271305542348 ], [ 13.755124212431848, 41.99166628175162 ], [ 13.755400356981081, 41.99224833622818 ], [ 13.755927561117087, 41.992733027034966 ], [ 13.756043900164444, 41.992867398946515 ], [ 13.756387170921732, 41.993205196467024 ], [ 13.756631329331707, 41.993566165264944 ], [ 13.756857102756811, 41.993783077317374 ], [ 13.757201254657812, 41.994030198847511 ], [ 13.757651810448657, 41.994396582305583 ], [ 13.757798953824611, 41.994629693850598 ], [ 13.758484289963961, 41.995073523348786 ], [ 13.75878978166188, 41.99513401837612 ], [ 13.759331156172768, 41.995251636111256 ], [ 13.759672084923631, 41.995325703951998 ], [ 13.760241973424737, 41.995589220687265 ], [ 13.760719380419358, 41.99568016288756 ], [ 13.761207340666312, 41.995721174815742 ], [ 13.761601005678912, 41.995778980334151 ], [ 13.762236988019868, 41.995503518702037 ], [ 13.762739652310062, 41.995280173941126 ], [ 13.763328268525667, 41.995072050837138 ], [ 13.763894996860548, 41.994779242525631 ], [ 13.764036317949442, 41.994970645745383 ], [ 13.764227242180574, 41.995335954423233 ], [ 13.764948138809617, 41.996715256582412 ], [ 13.765940034162744, 41.997436738632629 ], [ 13.766384664309351, 41.997760144555293 ], [ 13.767173310558329, 41.998221897787431 ], [ 13.767266489922926, 41.998223881845789 ], [ 13.767335441872866, 41.998157945222026 ], [ 13.767482112140705, 41.998017688365621 ], [ 13.767785078557766, 41.997630731404755 ], [ 13.767858350113849, 41.997351520045044 ], [ 13.767901950890407, 41.997161351178853 ], [ 13.768053710232259, 41.996729097089336 ], [ 13.768380148131246, 41.995901031459219 ], [ 13.768784304645518, 41.994821119677077 ], [ 13.769007282347889, 41.994025218819978 ], [ 13.769113654162739, 41.993478278125465 ], [ 13.769151559484342, 41.993168899413938 ], [ 13.769289406137169, 41.992646125620212 ], [ 13.769508468381884, 41.992052733390473 ], [ 13.769843983641183, 41.991406880149896 ], [ 13.770155539231752, 41.99079669752421 ], [ 13.77034356840549, 41.990155311679935 ], [ 13.770549166015888, 41.989430709864514 ], [ 13.770633588562555, 41.989193317620014 ], [ 13.771188469942377, 41.987745650544319 ], [ 13.771382893278137, 41.986770715862349 ], [ 13.77153850579678, 41.986152810243361 ], [ 13.771657372641148, 41.985784722583496 ], [ 13.771825511660618, 41.98534567299852 ], [ 13.771976537108864, 41.984966014205952 ], [ 13.772220154219148, 41.984754153297551 ], [ 13.772960832517553, 41.983606334508416 ], [ 13.773894902465564, 41.982365257861325 ], [ 13.774072464211566, 41.982016554797994 ], [ 13.774293162869807, 41.981583131832231 ], [ 13.774798831871326, 41.981028532812005 ], [ 13.775197113283911, 41.980440565716009 ], [ 13.77632317757346, 41.978144719779024 ], [ 13.77646138677674, 41.977931725781055 ], [ 13.776967127056567, 41.977196605925208 ], [ 13.777285000603635, 41.97673455012486 ], [ 13.777743636090571, 41.976206959649623 ], [ 13.778047946760086, 41.975657350310961 ], [ 13.778452707181714, 41.974533848020883 ], [ 13.778674356176131, 41.973964293367253 ], [ 13.778780243838204, 41.973436400208179 ], [ 13.778959981913976, 41.972051422473903 ], [ 13.779178022514653, 41.970666851481852 ], [ 13.779487734767725, 41.9694977220867 ], [ 13.779383976891058, 41.969267953561328 ], [ 13.779267153547144, 41.969009249931126 ], [ 13.779068460462412, 41.968378031694925 ], [ 13.779077196257859, 41.967920593601932 ], [ 13.77918197756002, 41.96744987912151 ], [ 13.779341764152338, 41.967108430048093 ], [ 13.779635629407492, 41.966768406213575 ], [ 13.780607796560192, 41.96602095132679 ], [ 13.781733989374127, 41.965232229239462 ], [ 13.782736523915396, 41.964899716057417 ], [ 13.784090882842097, 41.964199176959582 ], [ 13.785275004132865, 41.9633824375451 ], [ 13.78657428528693, 41.962552605216985 ], [ 13.788122791330439, 41.9617110914443 ], [ 13.788665842010401, 41.961359376500894 ], [ 13.788154134745691, 41.961068018393192 ], [ 13.787509448071219, 41.96071806204624 ], [ 13.787092158113436, 41.960499185755047 ], [ 13.786806768675399, 41.960396084933748 ], [ 13.786347651626414, 41.960362636152858 ], [ 13.786159925581586, 41.96016048114997 ], [ 13.78591555782366, 41.959914833196919 ], [ 13.785784748442561, 41.959741875251879 ], [ 13.785482384124403, 41.959524208643913 ], [ 13.785406046754781, 41.95950910310863 ], [ 13.785059134390545, 41.959619814998874 ], [ 13.784815500802056, 41.95982428735833 ], [ 13.784385001876345, 41.959812848416036 ], [ 13.783908641048567, 41.959679122215945 ], [ 13.783763504874262, 41.959537829017712 ], [ 13.78362652328012, 41.959404473745501 ], [ 13.783308823359592, 41.95898646877054 ], [ 13.783416004779818, 41.95838709421686 ], [ 13.783926184873081, 41.957749095714661 ], [ 13.784336249860679, 41.957338800664694 ], [ 13.784245111564358, 41.95709477165024 ], [ 13.78394113409748, 41.956962871087626 ], [ 13.783483402926272, 41.956857936208955 ], [ 13.783100918852698, 41.956825286558434 ], [ 13.782564679962825, 41.956819600879442 ], [ 13.78204949814622, 41.956714050996254 ], [ 13.781361411504424, 41.956635259173218 ], [ 13.780789051917742, 41.956514798768339 ], [ 13.780674144227751, 41.956513578312837 ], [ 13.780302022888399, 41.955937710228817 ], [ 13.779990360274535, 41.955205206819514 ], [ 13.77975612540477, 41.954430631913731 ], [ 13.779498500572743, 41.954196687177145 ], [ 13.778795287114926, 41.953721286183914 ], [ 13.778336759116137, 41.953409003086158 ], [ 13.777953428327107, 41.953065611264535 ], [ 13.776960643903104, 41.952370584335306 ], [ 13.777340341413757, 41.951545351825672 ], [ 13.777404620889447, 41.951188589342124 ], [ 13.777428414921904, 41.950945778720701 ], [ 13.777320347869637, 41.950587180671157 ], [ 13.777230884891239, 41.950257376434564 ], [ 13.777179994608057, 41.949913685104164 ], [ 13.777380229700487, 41.94945828542275 ], [ 13.777630231405418, 41.948402903910193 ], [ 13.778144208685866, 41.94756479993309 ], [ 13.77724281033149, 41.945624986723828 ], [ 13.776210453555128, 41.943232708185384 ], [ 13.775408992784548, 41.941373261171471 ], [ 13.775230931765037, 41.940670764241922 ], [ 13.775105114738912, 41.940240484660421 ], [ 13.774997351049183, 41.939867589190882 ], [ 13.775003370935449, 41.939553099417076 ], [ 13.775107583504559, 41.939110976139844 ], [ 13.775323934485344, 41.9388130281557 ], [ 13.775348277770545, 41.938541627507107 ], [ 13.775520864066412, 41.938529170511394 ], [ 13.776176743920415, 41.938278801742896 ], [ 13.776714465586977, 41.938198745203131 ], [ 13.77691166028861, 41.937900590032349 ], [ 13.777159708163753, 41.936945272019557 ], [ 13.777334990874104, 41.935789007494741 ], [ 13.777640730830553, 41.934820004548463 ], [ 13.778399108364624, 41.934213265975238 ], [ 13.779278880796612, 41.933264662896747 ], [ 13.779791620411432, 41.932483727612954 ], [ 13.780693759259908, 41.931363775826981 ], [ 13.781323497814128, 41.930869437441842 ], [ 13.782004782683293, 41.930891562366021 ], [ 13.782772702314144, 41.930785323254696 ], [ 13.783291481400179, 41.930690736840255 ], [ 13.783732870027514, 41.930638222032883 ], [ 13.784212545067279, 41.930586110979505 ], [ 13.784770421691073, 41.93044903808596 ], [ 13.785367939063752, 41.930240892178539 ], [ 13.785735189586754, 41.93005890381859 ], [ 13.786142079984128, 41.929805843695057 ], [ 13.786490453531128, 41.929609355364846 ], [ 13.786860406125465, 41.929284412517887 ], [ 13.787362461167067, 41.929060949434152 ], [ 13.787844828365966, 41.928865872157111 ], [ 13.788443944361756, 41.928571939332286 ], [ 13.788964590496217, 41.928377261262526 ], [ 13.789486855223641, 41.92809681020978 ], [ 13.789779402272181, 41.927813935474965 ], [ 13.790628974619551, 41.927436843303774 ], [ 13.791226985091663, 41.927200075963064 ], [ 13.792193283498474, 41.92672411538085 ], [ 13.79321888063618, 41.92614868423977 ], [ 13.79388102844144, 41.925555128263461 ], [ 13.794195378565309, 41.925129491569045 ], [ 13.794760183160973, 41.924620695708732 ], [ 13.795518009090575, 41.924028134420261 ], [ 13.796239687860281, 41.923320805357989 ], [ 13.797270564182533, 41.922459433538705 ], [ 13.797855535147384, 41.921893641491565 ], [ 13.800132805224585, 41.919901449805565 ], [ 13.800573172203098, 41.918876597086459 ], [ 13.8007843817573, 41.917820753196551 ], [ 13.80089239251383, 41.91716417435503 ], [ 13.8010772263303, 41.916494099595525 ], [ 13.801101717449523, 41.916208395733243 ], [ 13.801359892568334, 41.915710662000492 ], [ 13.802187407355207, 41.914794695245412 ], [ 13.802402034134998, 41.91457769839942 ], [ 13.802675144792417, 41.914304119103321 ], [ 13.802901280678375, 41.914153965255736 ], [ 13.803185365877308, 41.913975819055359 ], [ 13.803436015585085, 41.913804802802503 ], [ 13.803825219186246, 41.91353924942122 ], [ 13.80431548930461, 41.91325363038829 ], [ 13.804606212856154, 41.913061251765825 ], [ 13.804903936434835, 41.912835583280646 ], [ 13.805465454773218, 41.912150357083995 ], [ 13.80566979030451, 41.911799798970044 ], [ 13.80588554987107, 41.911520849253073 ], [ 13.806011375546898, 41.911274325897104 ], [ 13.806233069831462, 41.91096684121802 ], [ 13.806635527282072, 41.910479332737566 ], [ 13.807092721197936, 41.909912163839408 ], [ 13.80778592895452, 41.909690595985218 ], [ 13.808532114726574, 41.909364721689748 ], [ 13.80929175966935, 41.909000854079189 ], [ 13.810620429358561, 41.908432445519466 ], [ 13.811533386428918, 41.908191646003438 ], [ 13.811948080775812, 41.908199086508169 ], [ 13.812397828415238, 41.907954713762486 ], [ 13.81277614611392, 41.907894250253001 ], [ 13.813831528649407, 41.907373422500342 ], [ 13.814069347992882, 41.907207396603539 ], [ 13.815359448366692, 41.906585297324369 ], [ 13.817210614334844, 41.905278884008553 ], [ 13.81769948254942, 41.904969067012757 ], [ 13.818408939331757, 41.904553387160149 ], [ 13.818956689337627, 41.904322361585699 ], [ 13.820319484545358, 41.903319225442736 ], [ 13.820977110942319, 41.902944699552712 ], [ 13.821315981009514, 41.902557366075619 ], [ 13.821682113102961, 41.902074991164554 ], [ 13.821936495858752, 41.901771623671465 ], [ 13.822300166708011, 41.901422669712439 ], [ 13.823071619497625, 41.900753806461154 ], [ 13.823390005957579, 41.900479084724459 ], [ 13.823693907690336, 41.900216858153748 ], [ 13.82412492691266, 41.899673181770424 ], [ 13.824250571133541, 41.899431401847288 ], [ 13.824570355557723, 41.899039096990705 ], [ 13.824612469621725, 41.898829823589679 ], [ 13.82449705384288, 41.898514085270598 ], [ 13.824238702938537, 41.897991944737875 ], [ 13.823870781576133, 41.89719292144445 ], [ 13.823809372375674, 41.896836378950049 ], [ 13.823751818757227, 41.896410817680021 ], [ 13.823950409073456, 41.895972968700917 ], [ 13.824154066111607, 41.895650965480598 ], [ 13.824320678116042, 41.895261858370986 ], [ 13.82455102512008, 41.894635300602758 ], [ 13.8249201838155, 41.89352839956107 ], [ 13.825032707978309, 41.89330554829187 ], [ 13.82533201385932, 41.892984521517263 ], [ 13.825869634611154, 41.892822311878525 ], [ 13.826393729392374, 41.892480648311803 ], [ 13.827005868722551, 41.892143750044696 ], [ 13.827805299504664, 41.891680078124388 ], [ 13.828226238063158, 41.891361478289106 ], [ 13.828745397387545, 41.891217279171592 ], [ 13.828891556953263, 41.891173860230154 ], [ 13.829005562351742, 41.891097887895235 ], [ 13.830533252289849, 41.889696634057245 ], [ 13.830720798952576, 41.889555563410006 ], [ 13.832114901940569, 41.888306755648337 ], [ 13.832678297607684, 41.88784064834644 ], [ 13.833108982334002, 41.88730646534453 ], [ 13.834001052312487, 41.886653050087496 ], [ 13.83464199122106, 41.886251872750158 ], [ 13.835168521139575, 41.885935697483454 ], [ 13.835448264957531, 41.885633509374458 ], [ 13.835711471492981, 41.885188172141412 ], [ 13.835772755957704, 41.884974322396872 ], [ 13.836025515229448, 41.88475288164652 ], [ 13.836303520188974, 41.884545994253152 ], [ 13.836768263000319, 41.884240911484675 ], [ 13.837193013201459, 41.884030742349772 ], [ 13.837375361507119, 41.883822883609966 ], [ 13.837417890150006, 41.883704565496458 ], [ 13.836992337696451, 41.882084171120333 ], [ 13.836937151427286, 41.881590153246705 ], [ 13.836861787971932, 41.881342318246453 ], [ 13.83686747794137, 41.880529181283478 ], [ 13.836840609088149, 41.880252479446987 ], [ 13.837078504354817, 41.878739291536768 ], [ 13.837044745041448, 41.878657240750925 ], [ 13.837140316073073, 41.87861902350474 ], [ 13.83758999277587, 41.878315527662721 ], [ 13.83805761894318, 41.877848423359666 ], [ 13.838459320698497, 41.877499801062946 ], [ 13.83869213625405, 41.877321046614099 ], [ 13.839239018233712, 41.876702225854757 ], [ 13.839528267696439, 41.87622378006656 ], [ 13.840055917399221, 41.875962213381506 ], [ 13.840631036100595, 41.875543844417386 ], [ 13.840946728034652, 41.875718608492299 ], [ 13.841100057968351, 41.875938512366318 ], [ 13.841253371231637, 41.876056231303174 ], [ 13.841311208658801, 41.876164050780119 ], [ 13.841344921292942, 41.876283541803673 ], [ 13.841447119200085, 41.876495072842509 ], [ 13.841682863962777, 41.876859669345976 ], [ 13.84165322969597, 41.877088140196982 ], [ 13.84145592437735, 41.877419771798884 ], [ 13.841747845143022, 41.877498973244585 ], [ 13.842327218304701, 41.877584830933678 ], [ 13.842621866250354, 41.877638851647539 ], [ 13.842822195427729, 41.877669466753105 ], [ 13.843041073334755, 41.877732439193032 ], [ 13.843159270759884, 41.87780869505513 ], [ 13.843349264134003, 41.877882099361166 ], [ 13.843756655078122, 41.878100673828456 ], [ 13.843821656846909, 41.877944048970875 ], [ 13.843904755732304, 41.877844799051203 ], [ 13.844026110088308, 41.877745934184269 ], [ 13.844047492692338, 41.87762104087426 ], [ 13.843987130356878, 41.877520346635777 ], [ 13.843816845190164, 41.877414971017281 ], [ 13.843602556411669, 41.877362770168865 ], [ 13.843166679271928, 41.877102753893212 ], [ 13.842647861142398, 41.876698370776573 ], [ 13.842618345619178, 41.876567007444585 ], [ 13.84279916467689, 41.876264994903629 ], [ 13.843004428904408, 41.875933441093537 ], [ 13.843032528795462, 41.875701379742431 ], [ 13.84286869052776, 41.875062272230991 ], [ 13.842692156913603, 41.874685167819308 ], [ 13.842679871599653, 41.874482487662398 ], [ 13.842579167675275, 41.874320619064314 ], [ 13.842604242808534, 41.873814480453298 ], [ 13.842822107871228, 41.873667737468423 ], [ 13.842976967467322, 41.873478656522934 ], [ 13.8431554125705, 41.873307685695835 ], [ 13.843085083631902, 41.873229528977532 ], [ 13.842936241040348, 41.873085048393271 ], [ 13.842855453538956, 41.87270295109807 ], [ 13.842790713070764, 41.872315058609665 ], [ 13.842755164202703, 41.872076398480459 ], [ 13.842735554142418, 41.871837898960351 ], [ 13.842716051665914, 41.871593442784025 ], [ 13.842996461689745, 41.871072004528322 ], [ 13.843325541570561, 41.87050339529106 ], [ 13.843576773783736, 41.870273580889538 ], [ 13.843860201856634, 41.870026217786311 ], [ 13.8444052136627, 41.869858934864581 ], [ 13.844579782840636, 41.869902394209859 ], [ 13.845067828771857, 41.869800068178634 ], [ 13.845474252308581, 41.869804155020546 ], [ 13.845822174430822, 41.869515732211354 ], [ 13.846123243168464, 41.869173220216389 ], [ 13.846594638044705, 41.869553281252465 ], [ 13.84686338095257, 41.869719777455337 ], [ 13.846962623161247, 41.869848554520331 ], [ 13.84729437173884, 41.870016313442321 ], [ 13.847411812889867, 41.870017445624335 ], [ 13.84774164888784, 41.870069675554106 ], [ 13.848147616419196, 41.870289268972414 ], [ 13.848407303165516, 41.87046135766785 ], [ 13.848844576240401, 41.870775366031651 ], [ 13.849073143185372, 41.871111448042704 ], [ 13.849181392131101, 41.870956158566926 ], [ 13.849189734737251, 41.870832611774603 ], [ 13.849215779518952, 41.870713722228835 ], [ 13.8493141878513, 41.870559811879396 ], [ 13.849341727976851, 41.870357531305849 ], [ 13.849321345934756, 41.870160727811758 ], [ 13.849479186908102, 41.870056096490927 ], [ 13.849587871993172, 41.86988422625064 ], [ 13.849771778642969, 41.869740894443005 ], [ 13.849868945515396, 41.869656078949269 ], [ 13.849839844263304, 41.8695484464277 ], [ 13.850130375550442, 41.869509232859151 ], [ 13.850282881623302, 41.869534830128458 ], [ 13.850522098433599, 41.869663593784999 ], [ 13.850779308673584, 41.869697823915779 ], [ 13.850875839446712, 41.869691204428342 ], [ 13.851028992769084, 41.869680701983711 ], [ 13.851042489638189, 41.869700153942091 ], [ 13.8510504692801, 41.869701280261893 ], [ 13.85116260792929, 41.869739607021089 ], [ 13.851237748728401, 41.869758308824366 ], [ 13.85127162924881, 41.869766741216665 ], [ 13.851336339205135, 41.869782846652754 ], [ 13.851438889963443, 41.869784536298248 ], [ 13.851528595383693, 41.869786014367584 ], [ 13.851597722897182, 41.869809688001858 ], [ 13.851656688959087, 41.869852443278262 ], [ 13.85177820162076, 41.869861060920925 ], [ 13.851368486649509, 41.869385141585425 ], [ 13.851255911969954, 41.869191262484847 ], [ 13.851196730228297, 41.868978785804721 ], [ 13.851176821939502, 41.868800847463184 ], [ 13.851112954391438, 41.868628631035698 ], [ 13.85105253611292, 41.868456161374191 ], [ 13.850945124991549, 41.868312105421118 ], [ 13.85086111255025, 41.868221840679233 ], [ 13.852969503290208, 41.867078003527382 ], [ 13.853543733166569, 41.865914771287216 ], [ 13.853459593140597, 41.86576225857705 ], [ 13.853541489403147, 41.86558980048337 ], [ 13.853683694420182, 41.865290341969988 ], [ 13.853696042440726, 41.865049762633433 ], [ 13.853812566042828, 41.864762546341652 ], [ 13.853832991049812, 41.864593794664465 ], [ 13.853940336140564, 41.863706888286991 ], [ 13.854116326802453, 41.863603723899885 ], [ 13.854661382780954, 41.863284212819913 ], [ 13.855298401345781, 41.862773053770724 ], [ 13.855683869969896, 41.862373718460951 ], [ 13.855783132711272, 41.862305769101532 ], [ 13.857060837287474, 41.861850054882339 ], [ 13.857217578117883, 41.861794149266693 ], [ 13.857370566276906, 41.861795671590627 ], [ 13.857700066980568, 41.861867181672054 ], [ 13.857721009031216, 41.86180190743061 ], [ 13.857701264360122, 41.861484402390474 ], [ 13.857919099036822, 41.861424610371863 ], [ 13.858110394903374, 41.861330549066459 ], [ 13.857962773114957, 41.861120017634036 ], [ 13.858212987180998, 41.861031950761223 ], [ 13.85841017208749, 41.860890676988625 ], [ 13.858325336863329, 41.860809063476395 ], [ 13.858547321073683, 41.860632710520619 ], [ 13.858727872149103, 41.860406910395987 ], [ 13.858467760392514, 41.860329108385052 ], [ 13.858688302237193, 41.860116828224804 ], [ 13.858828009998591, 41.859789359212144 ], [ 13.858772740455917, 41.859312205019791 ], [ 13.858715099004133, 41.858968476594477 ], [ 13.858648033223343, 41.858796232264524 ], [ 13.858460112367226, 41.85860848846535 ], [ 13.858347763032919, 41.858478840014932 ], [ 13.857246811279559, 41.857651703579997 ], [ 13.8558821625005, 41.855766394821138 ], [ 13.855774756396118, 41.855212777209296 ], [ 13.855592666150107, 41.854274184272285 ], [ 13.856102268747204, 41.854186348378292 ], [ 13.856585817234354, 41.853881370358451 ], [ 13.856901309288435, 41.853616420584295 ], [ 13.857289774903542, 41.853280705244494 ], [ 13.857612168105357, 41.853075397825798 ], [ 13.857886015250324, 41.852911309682725 ], [ 13.858398765466569, 41.852755553545585 ], [ 13.858744206318002, 41.852598132571877 ], [ 13.85861386085255, 41.852538025077443 ], [ 13.857898415516001, 41.852211206332107 ], [ 13.857383319440522, 41.852054376890401 ], [ 13.857131771259175, 41.85186123163264 ], [ 13.856994719736125, 41.8516017384622 ], [ 13.856980493140423, 41.851492817370826 ], [ 13.856953898810758, 41.851289206014805 ], [ 13.857083699010307, 41.851120754563851 ], [ 13.857234926187036, 41.850924494693153 ], [ 13.857757492728386, 41.85079649101398 ], [ 13.858193208726151, 41.850734630714634 ], [ 13.858448017164342, 41.850611248507533 ], [ 13.858485468605071, 41.850593114339212 ], [ 13.858881910199967, 41.85047670236483 ], [ 13.859232206954204, 41.850239479255741 ], [ 13.859366674347465, 41.849915158589909 ], [ 13.859477432436865, 41.849573963314107 ], [ 13.860289553558145, 41.849485754585558 ], [ 13.861070070535973, 41.849505412969286 ], [ 13.861527628799102, 41.849412358627141 ], [ 13.861715532139577, 41.849400565584936 ], [ 13.862047371539415, 41.849430964771315 ], [ 13.862374733982051, 41.849578629859721 ], [ 13.862555917711928, 41.849740334884629 ], [ 13.862631633898069, 41.849514931199877 ], [ 13.862430356551959, 41.84929811841468 ], [ 13.862130849033198, 41.848997619227269 ], [ 13.861991146328899, 41.848787719900876 ], [ 13.861755635258534, 41.848588786005863 ], [ 13.862077609270671, 41.84828558609253 ], [ 13.862256118910798, 41.848097129453841 ], [ 13.86233352841168, 41.848015405779599 ], [ 13.863177176480322, 41.847497285151768 ], [ 13.863695910480104, 41.847458188265719 ], [ 13.863565597822673, 41.847320603397101 ], [ 13.863629168039852, 41.847177521836571 ], [ 13.863488515309543, 41.847021233045744 ], [ 13.863400926745731, 41.846951026137653 ], [ 13.8634003578297, 41.846916722603204 ], [ 13.863398935888343, 41.846830984738425 ], [ 13.863122181319495, 41.8467489475115 ], [ 13.862806035532309, 41.846485155418236 ], [ 13.862801533466284, 41.846433928647059 ], [ 13.862669786556028, 41.846408324637835 ], [ 13.862680645954827, 41.846298326358422 ], [ 13.862808197700002, 41.846234584200396 ], [ 13.862739363583483, 41.846132095696767 ], [ 13.862701959170018, 41.845994701034066 ], [ 13.86260794761769, 41.84590440636088 ], [ 13.862497934351968, 41.845878384065593 ], [ 13.862714444860236, 41.845530222819264 ], [ 13.863074342564174, 41.845183480709366 ], [ 13.863190260525323, 41.845063851871792 ], [ 13.863264921775398, 41.844986800191151 ], [ 13.863324884422292, 41.844666106063798 ], [ 13.863280547804413, 41.844388986155792 ], [ 13.863171133990859, 41.844022317491174 ], [ 13.863135979748597, 41.843941532187799 ], [ 13.863526434012472, 41.843831685571054 ], [ 13.863670453203845, 41.843797364982073 ], [ 13.863832578655156, 41.84382041648847 ], [ 13.863936210908903, 41.843907230723339 ], [ 13.86412840519217, 41.843851939064692 ], [ 13.864273814142766, 41.843738991724521 ], [ 13.864229053226772, 41.843566970511809 ], [ 13.864251458308557, 41.843381315797032 ], [ 13.864504922457359, 41.84310500743436 ], [ 13.864835741100846, 41.842779419260076 ], [ 13.865069450888502, 41.84253866002539 ], [ 13.865333603984832, 41.842198113373215 ], [ 13.865395250948042, 41.841955652909171 ], [ 13.865771327767158, 41.841773491321547 ], [ 13.865948361379541, 41.841779211414995 ], [ 13.866116465289849, 41.842004875913759 ], [ 13.866164704116331, 41.842167020280179 ], [ 13.86630991029703, 41.842461783750878 ], [ 13.86659394425582, 41.842619484300108 ], [ 13.866811628518402, 41.842654399089533 ], [ 13.867130402957178, 41.842739758606761 ], [ 13.867427839606261, 41.842818514653835 ], [ 13.867751661045872, 41.842967615516187 ], [ 13.868107353196798, 41.843181911661929 ], [ 13.868722654804643, 41.843126772359412 ], [ 13.869046906402628, 41.843172860437313 ], [ 13.869334744270986, 41.843247620161598 ], [ 13.869506083291194, 41.843426161224023 ], [ 13.86972810905543, 41.843712608914494 ], [ 13.870049848554883, 41.843901651410647 ], [ 13.870496927828203, 41.844031158465192 ], [ 13.870767729776782, 41.844126759719806 ], [ 13.871024822114766, 41.844186480085803 ], [ 13.871257640024048, 41.844267408590625 ], [ 13.87156599011564, 41.844402697021827 ], [ 13.871840633020923, 41.844551951707324 ], [ 13.872098418646225, 41.844572356454179 ], [ 13.872350232333943, 41.84466061839732 ], [ 13.87259632584831, 41.844802441854682 ], [ 13.87278210443035, 41.84484001091478 ], [ 13.872931217842828, 41.844836273719373 ], [ 13.872703999750449, 41.845434567948367 ], [ 13.875253962379908, 41.847263921202511 ], [ 13.877648072706144, 41.849098447177312 ], [ 13.878983499686132, 41.849774071727182 ], [ 13.879081449154215, 41.849809395868071 ], [ 13.879296147428672, 41.849911919228596 ], [ 13.880067281547767, 41.849382955497688 ], [ 13.880741728286466, 41.848896547538459 ], [ 13.881335376456311, 41.84848291814825 ], [ 13.882007818715222, 41.847936602950341 ], [ 13.882325702183007, 41.847823050686415 ], [ 13.882341317943389, 41.847694893958 ], [ 13.88234305991859, 41.847594823229038 ], [ 13.882156979831509, 41.847562913513514 ], [ 13.881856882718736, 41.84751145102824 ], [ 13.881474868155362, 41.847486283558744 ], [ 13.881254994783323, 41.847484141900161 ], [ 13.880665159058035, 41.847313965329242 ], [ 13.8802658961188, 41.847181389634471 ], [ 13.879817714671645, 41.847112676983961 ], [ 13.879493934406902, 41.847038027534829 ], [ 13.87924700553061, 41.846942679691075 ], [ 13.87894658179485, 41.84691161788092 ], [ 13.878914903184306, 41.846910982254627 ], [ 13.878672293748263, 41.846887762181986 ], [ 13.878612414419784, 41.846839964365607 ], [ 13.878598824345552, 41.84682911626934 ], [ 13.878457178139234, 41.84672764584846 ], [ 13.878394256376763, 41.846498260084864 ], [ 13.878416746629451, 41.846305454116774 ], [ 13.878392937920253, 41.846026406914334 ], [ 13.878301214137501, 41.845803889098157 ], [ 13.878178939244091, 41.845688309343544 ], [ 13.87830832707472, 41.845668895937543 ], [ 13.878602222748849, 41.84569858509613 ], [ 13.878839163678528, 41.845722520155292 ], [ 13.879364511482606, 41.845846401772235 ], [ 13.879552587646774, 41.845932040369945 ], [ 13.879983283400586, 41.84590645359075 ], [ 13.880526440612025, 41.845828343260571 ], [ 13.880866392441289, 41.845980596008935 ], [ 13.88130380899204, 41.846026560735801 ], [ 13.88168826353216, 41.845911153408728 ], [ 13.881978366711969, 41.845723335342868 ], [ 13.882139764858046, 41.845605754818315 ], [ 13.882468244827965, 41.845501715176731 ], [ 13.882684782799235, 41.845420415905245 ], [ 13.882832526545231, 41.845171634754372 ], [ 13.883042236574697, 41.845024734978971 ], [ 13.883251427674233, 41.844907617679546 ], [ 13.88349196453621, 41.844820592647991 ], [ 13.883802953042137, 41.844805742846262 ], [ 13.884171360237037, 41.844696128767843 ], [ 13.884381169168071, 41.844543269901855 ], [ 13.884639704564586, 41.844337265629747 ], [ 13.885040178653604, 41.844216045000294 ], [ 13.884770057875471, 41.844171719189056 ], [ 13.884702827490976, 41.844130916894962 ], [ 13.884281235881263, 41.843875049791109 ], [ 13.883839799953433, 41.84360266918457 ], [ 13.88353171706494, 41.843450735008112 ], [ 13.88309704325612, 41.843309025462702 ], [ 13.882864337699084, 41.84322097291728 ], [ 13.882755714090059, 41.843144850705819 ], [ 13.882742183844046, 41.843098249926584 ], [ 13.88310125002047, 41.84292726144578 ], [ 13.883389879822815, 41.843098071917694 ], [ 13.88372245896603, 41.843215690591272 ], [ 13.884017175611485, 41.843311493089907 ], [ 13.88439345604271, 41.843390214411457 ], [ 13.884731066437386, 41.843493580837269 ], [ 13.88494043630647, 41.843549232083589 ], [ 13.885351044854247, 41.843578239855596 ], [ 13.885594492814553, 41.843598475148156 ], [ 13.885958360331234, 41.843566259833054 ], [ 13.88628895648449, 41.843522997071496 ], [ 13.886462508309757, 41.843438890724975 ], [ 13.886628297565224, 41.843251046888817 ], [ 13.886731146437878, 41.843109061869917 ], [ 13.886848643192234, 41.842949345974901 ], [ 13.886979672618239, 41.842836230268631 ], [ 13.887187421459378, 41.842709559605879 ], [ 13.887304173224667, 41.84259273062613 ], [ 13.887434891525501, 41.84249748413221 ], [ 13.887453502303073, 41.842251020372629 ], [ 13.887514632718894, 41.84203356489359 ], [ 13.887864186692058, 41.841447149316359 ], [ 13.888075889602469, 41.841091743949825 ], [ 13.888292183897363, 41.840747106267443 ], [ 13.888460435025571, 41.840416301393844 ], [ 13.888558310323797, 41.840284990171895 ], [ 13.888602049491695, 41.839967278239619 ], [ 13.888721514630399, 41.839693193665305 ], [ 13.888886298139091, 41.839562529531996 ], [ 13.889004648443411, 41.839352775816288 ], [ 13.889141311333541, 41.839189668293628 ], [ 13.889512403357804, 41.839014529357186 ], [ 13.889853335399659, 41.838924886975697 ], [ 13.89024076191186, 41.838910758486143 ], [ 13.890871496991613, 41.838924000530383 ], [ 13.891276065969105, 41.839024419822962 ], [ 13.891671324443886, 41.839110449626382 ], [ 13.891990115931092, 41.839195740374691 ], [ 13.892174842376562, 41.839294035345034 ], [ 13.892323710547311, 41.839531391781073 ], [ 13.892564249247055, 41.8397195882443 ], [ 13.893009622013599, 41.839949078812801 ], [ 13.893473068484022, 41.840239509198668 ], [ 13.893672092104232, 41.840423498851067 ], [ 13.893704171404696, 41.840453154795888 ], [ 13.89383893023693, 41.840676557811278 ], [ 13.893888875982158, 41.840759357373592 ], [ 13.894129402907057, 41.841226365568915 ], [ 13.894437973484612, 41.841628494796375 ], [ 13.894648707439396, 41.841790186558789 ], [ 13.894834074990682, 41.841944484731449 ], [ 13.895232751874778, 41.842296243591512 ], [ 13.89558825847409, 41.84256417970186 ], [ 13.895837111674856, 41.842733384938974 ], [ 13.895954078948265, 41.842807529753706 ], [ 13.896394422030419, 41.84298070418221 ], [ 13.896612254535363, 41.84310075742976 ], [ 13.896674818559053, 41.843076336628641 ], [ 13.896681194645701, 41.842983459524064 ], [ 13.896948419391101, 41.843011048269481 ], [ 13.897051543722792, 41.843129998909674 ], [ 13.897226177775694, 41.843260359779649 ], [ 13.8973928489107, 41.843297705577235 ], [ 13.897650148049063, 41.843346644712192 ], [ 13.897839920105342, 41.843430680770219 ], [ 13.898166399617667, 41.843626839275686 ], [ 13.898435771057791, 41.843808150899022 ], [ 13.898628363576, 41.844006598369049 ], [ 13.898798284884213, 41.84413333709508 ], [ 13.898842465256772, 41.844344659266241 ], [ 13.898884991186861, 41.84465247844485 ], [ 13.898997252115576, 41.844796536779043 ], [ 13.899361122027555, 41.845043094034068 ], [ 13.899606359191845, 41.845238469799838 ], [ 13.900010741335862, 41.845631969747849 ], [ 13.900221789818326, 41.845869911339491 ], [ 13.900432839854531, 41.846107852552251 ], [ 13.900601546375251, 41.846306067972741 ], [ 13.900723312432433, 41.846453790136771 ], [ 13.900817134318185, 41.846558350111835 ], [ 13.900931980333862, 41.846831115089486 ], [ 13.901083842785036, 41.847175725153413 ], [ 13.90122773725879, 41.847427320462394 ], [ 13.901477463296722, 41.847640607886333 ], [ 13.901676323780949, 41.84775332091867 ], [ 13.901823461705858, 41.847815495333073 ], [ 13.902049474944041, 41.848017831107057 ], [ 13.902119890475539, 41.848093569827306 ], [ 13.902299206005186, 41.848231116782458 ], [ 13.902417788139866, 41.848285868391343 ], [ 13.902617935095826, 41.8483235265373 ], [ 13.902732165282448, 41.848353214388176 ], [ 13.903030493448398, 41.848520493625898 ], [ 13.903221631053697, 41.848525893716641 ], [ 13.903447083037525, 41.848481577434249 ], [ 13.903819798224324, 41.848492284661347 ], [ 13.903991266884876, 41.848529666680868 ], [ 13.904272980070514, 41.848550227583786 ], [ 13.904464117912932, 41.848555625608782 ], [ 13.904620271610062, 41.848650053394614 ], [ 13.904642586172814, 41.848743204524816 ], [ 13.904678631048961, 41.848872232100213 ], [ 13.904684837557312, 41.849068891531005 ], [ 13.904778364856297, 41.849191318186307 ], [ 13.904892963391944, 41.849199560104005 ], [ 13.905080603189431, 41.849129858207334 ], [ 13.905196176770401, 41.849080916322329 ], [ 13.905386646031623, 41.849125626488956 ], [ 13.905450824380667, 41.849287092908945 ], [ 13.905653534945543, 41.849174639112995 ], [ 13.905780617391134, 41.849011420710688 ], [ 13.905993617301849, 41.848856169740259 ], [ 13.90604421850033, 41.848692222451355 ], [ 13.906157567960674, 41.84849312729704 ], [ 13.906217119491748, 41.848365010670861 ], [ 13.906238613831468, 41.848225807916251 ], [ 13.906306385453169, 41.848176409633808 ], [ 13.90652142215934, 41.848182031823391 ], [ 13.906763738927612, 41.848270127959942 ], [ 13.907088045748242, 41.848316109260175 ], [ 13.907413995171463, 41.848265592408069 ], [ 13.907837063007568, 41.848126634488203 ], [ 13.90822024867086, 41.848083808738807 ], [ 13.908493069935419, 41.848064954696504 ], [ 13.90884309896466, 41.848003938980668 ], [ 13.909256116502668, 41.847893476733027 ], [ 13.909682379959683, 41.847847480669166 ], [ 13.910140282314631, 41.847909019807169 ], [ 13.910452664739827, 41.848094285939602 ], [ 13.910802015417829, 41.848354967406138 ], [ 13.911164920947778, 41.848662245478842 ], [ 13.911421275912456, 41.849050727150704 ], [ 13.91167134540833, 41.849246122942631 ], [ 13.912029121219527, 41.84929240746343 ], [ 13.912521404659186, 41.849300644562014 ], [ 13.912807541312986, 41.849342673725737 ], [ 13.913006124762486, 41.849473237292315 ], [ 13.913128712043969, 41.849574484919643 ], [ 13.91331368257797, 41.849662024515318 ], [ 13.913595585629329, 41.849671840703515 ], [ 13.914030571933225, 41.849675954754801 ], [ 13.914398274737954, 41.84970087846483 ], [ 13.914647684380348, 41.849653192101975 ], [ 13.914912219119854, 41.849559178943963 ], [ 13.915184441141328, 41.849576048862502 ], [ 13.915321130788172, 41.849691725567993 ], [ 13.915403851340512, 41.849889107101333 ], [ 13.915400953192854, 41.85006065815881 ], [ 13.915566445644117, 41.850169457477449 ], [ 13.91573332694322, 41.850196055008574 ], [ 13.915958535309246, 41.850166010065919 ], [ 13.916246186528188, 41.85011868120008 ], [ 13.916428554428013, 41.85007750740084 ], [ 13.917049787110395, 41.850094090778377 ], [ 13.91737573834871, 41.850043545680194 ], [ 13.917567484773871, 41.850013182131413 ], [ 13.917791306075069, 41.850065335185697 ], [ 13.917990926032095, 41.850135132547443 ], [ 13.918224007239354, 41.850205244755024 ], [ 13.91854851330824, 41.850240471935294 ], [ 13.918869322972691, 41.850211321485851 ], [ 13.919191696720393, 41.8500892465334 ], [ 13.919394867535711, 41.849948176362588 ], [ 13.91962193790096, 41.849807330659516 ], [ 13.919891607084626, 41.849691907008527 ], [ 13.920204596506107, 41.849559017276817 ], [ 13.920402742975732, 41.849432196266854 ], [ 13.921406445994922, 41.848594458365156 ], [ 13.921683047819716, 41.848350411688102 ], [ 13.922043307126907, 41.84796416747713 ], [ 13.922280644460686, 41.847780518171739 ], [ 13.922571039441262, 41.847568769717689 ], [ 13.923053048586116, 41.847333795634121 ], [ 13.9232610420471, 41.847189189185855 ], [ 13.923686765649604, 41.846889342731849 ], [ 13.924171041208071, 41.846518552103227 ], [ 13.924805700039601, 41.846016908881992 ], [ 13.925129238181626, 41.845823336909987 ], [ 13.925241985210013, 41.845656388018128 ], [ 13.925331072029497, 41.845474919394974 ], [ 13.925369788739349, 41.845446685240262 ], [ 13.925551125606166, 41.845180290277803 ], [ 13.92590875606232, 41.844927679242545 ], [ 13.925840308638685, 41.844468084354496 ], [ 13.926086466279937, 41.844041439740487 ], [ 13.926524762060398, 41.843559397734971 ], [ 13.926841713213717, 41.843091471639283 ], [ 13.926907111110765, 41.842610709118027 ], [ 13.926971074727771, 41.842215722480951 ], [ 13.927207020110702, 41.84182710845942 ], [ 13.927311291240173, 41.841689866196816 ], [ 13.928617079862073, 41.840210272797748 ], [ 13.928825292382891, 41.839954846747176 ], [ 13.929060423417129, 41.839613881909365 ], [ 13.929540227262466, 41.838741396493376 ], [ 13.929821464970066, 41.838310304230191 ], [ 13.929973058836598, 41.837768973622325 ], [ 13.930045167868224, 41.837506921022666 ], [ 13.930045148016319, 41.83731440352279 ], [ 13.930184542057345, 41.837087394653416 ], [ 13.930242030145543, 41.837020901933478 ], [ 13.930364615426843, 41.836898618571347 ], [ 13.930831255606462, 41.836227399816337 ], [ 13.931095764176762, 41.836034452541078 ], [ 13.931292318876242, 41.835712188140434 ], [ 13.931336814581986, 41.835336081706757 ], [ 13.931428926105509, 41.834779307125565 ], [ 13.931504487332111, 41.834451150419035 ], [ 13.931766576840072, 41.834019874862406 ], [ 13.932020231053611, 41.83371243840044 ], [ 13.932273090759809, 41.833452654807118 ], [ 13.932609574001825, 41.833145986995888 ], [ 13.932893575646931, 41.83292938617474 ], [ 13.933385824128747, 41.832452584129705 ], [ 13.933523903012203, 41.832196497781823 ], [ 13.933610928012325, 41.831944703323565 ], [ 13.933628101097597, 41.831677961999489 ], [ 13.933542299152144, 41.831472223651737 ], [ 13.933342995026674, 41.831193939893694 ], [ 13.93318176397773, 41.830925541602099 ], [ 13.933000390641823, 41.830718915070925 ], [ 13.932915541736792, 41.830455992049146 ], [ 13.932893933927984, 41.830222253064939 ], [ 13.932866033898753, 41.829983689518734 ], [ 13.932762546953276, 41.829691996662127 ], [ 13.932554900788819, 41.829532786130493 ], [ 13.932246104414491, 41.8293249740397 ], [ 13.932107675168369, 41.829218833116109 ], [ 13.93203311904303, 41.829103753791451 ], [ 13.931977598200751, 41.828993617513937 ], [ 13.931995014659751, 41.828712580316264 ], [ 13.932204284418047, 41.828390432127293 ], [ 13.93239388381253, 41.828101463310126 ], [ 13.932614942136764, 41.827836616966856 ], [ 13.932869833625599, 41.827452932322089 ], [ 13.932982418448631, 41.827196609517621 ], [ 13.933136631945111, 41.826735731444877 ], [ 13.933205565645947, 41.826421809837676 ], [ 13.933419848095497, 41.826180729361269 ], [ 13.933676828765936, 41.826054431049663 ], [ 13.933939072680696, 41.825994906269862 ], [ 13.934170646220847, 41.825863604928891 ], [ 13.934397902427635, 41.825608344713103 ], [ 13.934567896321415, 41.825347786774955 ], [ 13.934647193262814, 41.825176943064214 ], [ 13.934638164541475, 41.824952853048806 ], [ 13.934471204324119, 41.824646274438564 ], [ 13.934182407130455, 41.824386225952914 ], [ 13.934058228922268, 41.824189663816639 ], [ 13.934048728034236, 41.82399416589022 ], [ 13.934184967551507, 41.823847681373024 ], [ 13.934390100928033, 41.823773327268611 ], [ 13.934696615124144, 41.823733275800876 ], [ 13.935030744836546, 41.823564795088267 ], [ 13.935411205657243, 41.823291888809223 ], [ 13.935713319185755, 41.82313264151535 ], [ 13.9359467724487, 41.822886967688191 ], [ 13.93601600352947, 41.822553982530827 ], [ 13.936113241337804, 41.822068741743443 ], [ 13.936246966391597, 41.821688692828594 ], [ 13.936264598177228, 41.821393358300632 ], [ 13.936199017072814, 41.821121083544945 ], [ 13.935954290477545, 41.820508756553501 ], [ 13.935896423381143, 41.820155529437926 ], [ 13.935973599874242, 41.819727295850434 ], [ 13.936054463595369, 41.81946114358459 ], [ 13.936166232336577, 41.819252470648486 ], [ 13.936156646571828, 41.819061738030108 ], [ 13.936141024696628, 41.818465831317681 ], [ 13.936084814676901, 41.818012531494873 ], [ 13.936080593117209, 41.817497753921188 ], [ 13.93613786536871, 41.817116996624783 ], [ 13.936391509322545, 41.816804783231348 ], [ 13.93667542505017, 41.816588171464261 ], [ 13.93742161498084, 41.816156595938281 ], [ 13.937698839229729, 41.815958984093221 ], [ 13.93799471371109, 41.815737499957628 ], [ 13.937960966931346, 41.815518160933095 ], [ 13.937885163638772, 41.815093277170256 ], [ 13.937734268620288, 41.814200621090279 ], [ 13.93769142027798, 41.813709316478402 ], [ 13.937695287729939, 41.813089759152412 ], [ 13.937723216737011, 41.812556214119553 ], [ 13.93781976748696, 41.811839415349858 ], [ 13.937570920914247, 41.811363280066935 ], [ 13.937322514267677, 41.810974927828077 ], [ 13.937150309422725, 41.810601578483364 ], [ 13.936935647092225, 41.810099151133656 ], [ 13.936769357253171, 41.80936839814234 ], [ 13.936596071087697, 41.808675708891883 ], [ 13.936299737753551, 41.807719744112561 ], [ 13.936034155092829, 41.806830788758838 ], [ 13.935872438499322, 41.806209696914372 ], [ 13.935541383128106, 41.805043699447623 ], [ 13.935463397858705, 41.804752244187164 ], [ 13.935191942723831, 41.803834635424344 ], [ 13.934976212354817, 41.803398919543262 ], [ 13.934709060503007, 41.802991322998494 ], [ 13.934417226411687, 41.802535835754206 ], [ 13.93397578511634, 41.801883548913786 ], [ 13.933658170326581, 41.801446884854982 ], [ 13.933460141503872, 41.80109712030049 ], [ 13.933373825638032, 41.800924738861418 ], [ 13.93334451163218, 41.800771951131296 ], [ 13.933384778200796, 41.800648406177736 ], [ 13.933500282384902, 41.800597051445379 ], [ 13.933666498125904, 41.800560465706546 ], [ 13.933882793492668, 41.800576771759303 ], [ 13.934040507811906, 41.800668791553342 ], [ 13.934158352377759, 41.800860529501598 ], [ 13.93421848494293, 41.801075562410148 ], [ 13.934347172985898, 41.801381787401269 ], [ 13.934495521034984, 41.801654831837524 ], [ 13.934739322425971, 41.801933527452356 ], [ 13.935041628511316, 41.802141273334001 ], [ 13.935525870386186, 41.802517518404329 ], [ 13.935960034580244, 41.802840870347374 ], [ 13.93648281553677, 41.803198403923922 ], [ 13.936822716246336, 41.803444622044701 ], [ 13.937212940824869, 41.803729433654695 ], [ 13.937349828405516, 41.803926110566451 ], [ 13.937604026734109, 41.804347879468345 ], [ 13.937751057037584, 41.804701931255138 ], [ 13.937885272107899, 41.805060630446263 ], [ 13.938020433066056, 41.805362144920771 ], [ 13.937949670995311, 41.80501833093652 ], [ 13.937877965112497, 41.804731701456326 ], [ 13.937897078611726, 41.804345823453112 ], [ 13.937888748352696, 41.804078844370302 ], [ 13.93789756358361, 41.803545121732022 ], [ 13.937910543713526, 41.803144888608848 ], [ 13.937870533047542, 41.802482029458915 ], [ 13.937896886233274, 41.801657736128178 ], [ 13.937893199422515, 41.801109599339355 ], [ 13.937817883818376, 41.800656122383764 ], [ 13.937611734176233, 41.800411144246212 ], [ 13.937391825409955, 41.800227997896855 ], [ 13.937013334134662, 41.800005254804695 ], [ 13.936748139707625, 41.799864583134266 ], [ 13.93630762276922, 41.799541175218977 ], [ 13.935967350196639, 41.799318782578951 ], [ 13.935798791790685, 41.799112278261397 ], [ 13.935590150653397, 41.798633733883236 ], [ 13.93543764472262, 41.798227201043858 ], [ 13.935393165661992, 41.797835967574436 ], [ 13.935415741127496, 41.79762646783562 ], [ 13.935516096450748, 41.79695060978829 ], [ 13.935600874327116, 41.796446187333807 ], [ 13.935696021626375, 41.79608484427893 ], [ 13.935661124423987, 41.795884344132475 ], [ 13.935470888790494, 41.795448864875866 ], [ 13.93545415044952, 41.795305726309564 ], [ 13.935558582459025, 41.794768123077851 ], [ 13.935646491996659, 41.794459140158843 ], [ 13.935842771837601, 41.794190084700929 ], [ 13.935938202915517, 41.793884482211332 ], [ 13.935944025485036, 41.79341335112381 ], [ 13.935974699225492, 41.793099071558736 ], [ 13.935973139371608, 41.792808323981156 ], [ 13.935799096905823, 41.792549341390696 ], [ 13.935537168456579, 41.792213286273558 ], [ 13.935425229668493, 41.792050200926205 ], [ 13.935415727339995, 41.791854702041178 ], [ 13.935544186023396, 41.79178916684031 ], [ 13.935742374118968, 41.791743342020631 ], [ 13.935913199338726, 41.791811650216125 ], [ 13.936068531095398, 41.792046628776397 ], [ 13.936236914734598, 41.792262663518862 ], [ 13.936399246838057, 41.79245957750787 ], [ 13.936554345571514, 41.7927088515872 ], [ 13.936695370761166, 41.793039019165157 ], [ 13.936829950716637, 41.793373893018298 ], [ 13.936933479912311, 41.793660818176463 ], [ 13.937079853370527, 41.794052994245241 ], [ 13.937055631207603, 41.794362567650758 ], [ 13.937202794257194, 41.794707089671952 ], [ 13.937406248042995, 41.795114091719654 ], [ 13.937648778732052, 41.795469027524319 ], [ 13.937853575369102, 41.795795017205833 ], [ 13.938065292937228, 41.796087707689054 ], [ 13.938257435871165, 41.796408813529766 ], [ 13.93840484579486, 41.796739037857023 ], [ 13.938818859430922, 41.797124152500672 ], [ 13.938826485615923, 41.797047965128492 ], [ 13.938602575468291, 41.796721800619927 ], [ 13.938466642640538, 41.7964679404393 ], [ 13.938603442797564, 41.79589727080338 ], [ 13.938802348998388, 41.795422497026337 ], [ 13.938976172996353, 41.794923660603658 ], [ 13.939072635067854, 41.794481302777911 ], [ 13.939081753848026, 41.794314572929558 ], [ 13.938877348536209, 41.793964758385492 ], [ 13.938792913954856, 41.793678011377601 ], [ 13.938772316319323, 41.79338232183968 ], [ 13.938790397727189, 41.793058392918219 ], [ 13.938569174538747, 41.792570204984138 ], [ 13.938427983389888, 41.792249570362841 ], [ 13.938136563206225, 41.791770265032333 ], [ 13.937969275734885, 41.791487517522654 ], [ 13.937808278715242, 41.791209594044965 ], [ 13.937693587745443, 41.79082724395824 ], [ 13.93762347133025, 41.790445305989437 ], [ 13.937624500593262, 41.789997300289365 ], [ 13.937607371497819, 41.789491933179335 ], [ 13.937479320051025, 41.789147588173918 ], [ 13.937249469581321, 41.788797535125468 ], [ 13.937030703087068, 41.788547672702066 ], [ 13.936786074983601, 41.788321401095757 ], [ 13.936637274181653, 41.788076951588586 ], [ 13.936571407495313, 41.787823737432518 ], [ 13.936574085364597, 41.787661714103443 ], [ 13.936674399206849, 41.787371909310401 ], [ 13.936948941231879, 41.785787331628242 ], [ 13.936756441791589, 41.785490050428777 ], [ 13.936452014541594, 41.785029684480769 ], [ 13.936445279011149, 41.784281340711594 ], [ 13.936122295659787, 41.784173495194885 ], [ 13.935830517811862, 41.784104066848933 ], [ 13.935598407987255, 41.783892206931974 ], [ 13.935533968218042, 41.783553215006052 ], [ 13.935436985172899, 41.783256816566166 ], [ 13.935358945899274, 41.782970125851747 ], [ 13.93519798077878, 41.782692198688331 ], [ 13.934973743299418, 41.78238985406842 ], [ 13.934918492655843, 41.782265422557849 ], [ 13.934620617954479, 41.781795580074153 ], [ 13.93447852232681, 41.781532125238542 ], [ 13.934398990093952, 41.781335976348927 ], [ 13.934188835947191, 41.780952736641417 ], [ 13.934075972480928, 41.780846834660181 ], [ 13.933813811618386, 41.780143781176271 ], [ 13.933837016348539, 41.779896157944776 ], [ 13.933917598579441, 41.77964430106708 ], [ 13.934054531607513, 41.779450160549629 ], [ 13.934152712438056, 41.779289023206623 ], [ 13.93413095561241, 41.779064813340909 ], [ 13.933993813555595, 41.778887194066172 ], [ 13.933835678412819, 41.778823766858508 ], [ 13.933555633695573, 41.778816401290314 ], [ 13.933230076137752, 41.778865805935929 ], [ 13.932872606814684, 41.778919679347808 ], [ 13.93265543367994, 41.778936111006942 ], [ 13.932517541108856, 41.778727270368812 ], [ 13.932459460855679, 41.778634077162017 ], [ 13.932276219044756, 41.778079772115085 ], [ 13.931755603902287, 41.777404476394764 ], [ 13.931357349805827, 41.776887885129106 ], [ 13.931202970617544, 41.776687631695999 ], [ 13.931155836442624, 41.776626490733022 ], [ 13.93101030951169, 41.776538521716809 ], [ 13.930720904530979, 41.776544667449656 ], [ 13.93066260596459, 41.776499929863284 ], [ 13.930605629531634, 41.776375652967388 ], [ 13.930567446966027, 41.776292369629758 ], [ 13.930499123569156, 41.776142784420529 ], [ 13.931513560614389, 41.776018772689383 ], [ 13.932113561416209, 41.775929029212904 ], [ 13.932982676790765, 41.77573692767502 ], [ 13.933449300115518, 41.775626873752003 ], [ 13.934425763802453, 41.775488185300709 ], [ 13.934978985464175, 41.775531444564209 ], [ 13.935594293228215, 41.775670599059765 ], [ 13.936380859955113, 41.775849465078416 ], [ 13.93712334003571, 41.775999321036885 ], [ 13.937966346093845, 41.776231125823486 ], [ 13.938560646474025, 41.776383950537145 ], [ 13.938627252315065, 41.776308725932275 ], [ 13.939485741889456, 41.775987791446333 ], [ 13.94018467698595, 41.775689209284444 ], [ 13.940614267830682, 41.775507292590198 ], [ 13.941671496531827, 41.775102383867207 ], [ 13.94276749648051, 41.774677324089147 ], [ 13.94344702935553, 41.774379976930149 ], [ 13.943799897534237, 41.774216407113748 ], [ 13.944760267833308, 41.773891603480486 ], [ 13.945488644075086, 41.773736243277654 ], [ 13.945947305970464, 41.773721388053943 ], [ 13.94672559158766, 41.773628437662893 ], [ 13.947643614420036, 41.773555826691002 ], [ 13.948177965400451, 41.773584551098239 ], [ 13.948574445063075, 41.773478559464685 ], [ 13.949055547793556, 41.773258953407328 ], [ 13.949627480565745, 41.772935320865166 ], [ 13.950199873874682, 41.772583092837799 ], [ 13.950727311773724, 41.772254282001747 ], [ 13.951093891139129, 41.772028855105908 ], [ 13.951453791693458, 41.771822430611927 ], [ 13.951933863822426, 41.771664762755378 ], [ 13.952304940160397, 41.771553760267849 ], [ 13.952771734138622, 41.771429330755431 ], [ 13.953136519466305, 41.771313502084581 ], [ 13.95354104708921, 41.771102711526694 ], [ 13.953636131019502, 41.770736585022021 ], [ 13.953704899322373, 41.770422646260407 ], [ 13.953887628763198, 41.770147874346257 ], [ 13.954037135062746, 41.769958590133442 ], [ 13.954218158824919, 41.769788657187569 ], [ 13.954661640476356, 41.769530555808586 ], [ 13.955116457603292, 41.769358346304692 ], [ 13.955755486519756, 41.769211640286294 ], [ 13.956380004931146, 41.769174420094643 ], [ 13.956838941516214, 41.769140459217049 ], [ 13.957501497618342, 41.76911311059385 ], [ 13.957929454014346, 41.769026436679177 ], [ 13.958679230684419, 41.768723436260416 ], [ 13.960730421752105, 41.76786027457247 ], [ 13.961455017813465, 41.767537963545642 ], [ 13.9621666455338, 41.767229829184764 ], [ 13.962737077734561, 41.766991907757777 ], [ 13.963743261485902, 41.766576801439221 ], [ 13.964172649556895, 41.766399560360291 ], [ 13.964601958659134, 41.766227083096943 ], [ 13.965088246360807, 41.766074182096119 ], [ 13.965790490614332, 41.765951820206887 ], [ 13.96659472891222, 41.76582083924287 ], [ 13.967647742345834, 41.765658725429375 ], [ 13.968701055951348, 41.765477540060807 ], [ 13.969518623259855, 41.765308529078887 ], [ 13.970094233758484, 41.765142109558056 ], [ 13.970548370130899, 41.765007961707312 ], [ 13.971610998653242, 41.764640953373316 ], [ 13.972533963459254, 41.764248855418217 ], [ 13.973051891328826, 41.764105735834612 ], [ 13.973758946068385, 41.764078691033497 ], [ 13.974222533562102, 41.76414955733194 ], [ 13.974781598416699, 41.764221273840349 ], [ 13.975378021069032, 41.764345748436696 ], [ 13.975860935085882, 41.764402482055154 ], [ 13.976230490141862, 41.764381945165447 ], [ 13.97658867801168, 41.764275515179691 ], [ 13.976910339839971, 41.764063903559226 ], [ 13.977528045697769, 41.763649981876306 ], [ 13.978558259046798, 41.763315983574024 ], [ 13.979203919600334, 41.76314537489862 ], [ 13.98066185100488, 41.762734132800915 ], [ 13.981273414153531, 41.762706194378993 ], [ 13.982184280079339, 41.762671372463025 ], [ 13.982801529639028, 41.76268637162385 ], [ 13.983329143571904, 41.762733937315488 ], [ 13.983788473303701, 41.762671275157579 ], [ 13.984248403488142, 41.762570487271859 ], [ 13.984662500470037, 41.76255031702469 ], [ 13.984942107241185, 41.76258138472442 ], [ 13.985310748494921, 41.762618004305253 ], [ 13.985756895424704, 41.762583814732317 ], [ 13.985891009570159, 41.762556401766425 ], [ 13.985949299638015, 41.762611935224477 ], [ 13.98596157663107, 41.762616980196938 ], [ 13.985977941914026, 41.762612188038098 ], [ 13.98623516667586, 41.762478583979046 ], [ 13.986292652960993, 41.762429863112388 ], [ 13.986297284465698, 41.762429491566849 ], [ 13.986286635603276, 41.762419718842111 ], [ 13.98648705869407, 41.762297295574683 ], [ 13.986924225712967, 41.761813191254589 ], [ 13.987092930553775, 41.761681598753455 ], [ 13.987334470242411, 41.761275375803351 ], [ 13.987551659814899, 41.760991471001425 ], [ 13.987597213985074, 41.760931923347407 ], [ 13.987949826329592, 41.760692614019455 ], [ 13.988593944219156, 41.760344289349028 ], [ 13.988705756442901, 41.760193980447916 ], [ 13.98870305501295, 41.76007364777228 ], [ 13.988700802261915, 41.759973300888895 ], [ 13.988864297967025, 41.7598560698301 ], [ 13.988904556800291, 41.759892528127388 ], [ 13.989060546089394, 41.760133932217769 ], [ 13.989060011589077, 41.760136856411393 ], [ 13.989060571202659, 41.760137722116717 ], [ 13.989059617012536, 41.760142940821908 ], [ 13.989060376399941, 41.76014412341997 ], [ 13.989059851507903, 41.760147054763763 ], [ 13.989060411121569, 41.760147920469095 ], [ 13.989059679841912, 41.760148279136601 ], [ 13.98900968138391, 41.76044871182502 ], [ 13.98879674898242, 41.760553851067286 ], [ 13.988657689959739, 41.760672830101839 ], [ 13.988636917026048, 41.760654819134785 ], [ 13.988612530915876, 41.760693003455891 ], [ 13.988502907531778, 41.760792010269313 ], [ 13.988465458195888, 41.760868316930527 ], [ 13.988416317635624, 41.760925241215936 ] ] ] ] } },
{ "type": "Feature", "properties": { "Id": 0, "Estensione": 50158.757043099999, "Perimetro": 186.28430106799999, "Nome": null }, "geometry": { "type": "MultiPolygon", "coordinates": [ ] } },
{ "type": "Feature", "properties": { "Id": 0, "Estensione": 50158.757043099999, "Perimetro": 186.28430106799999, "Nome": null }, "geometry": { "type": "MultiPolygon", "coordinates": [ [ [ [ 13.988416317635624, 41.760925241215936 ], [ 13.988401200468829, 41.760980012275148 ], [ 13.988369495329314, 41.761143438131448 ], [ 13.988416317635624, 41.760925241215936 ] ] ] ] } },
{ "type": "Feature", "properties": { "Id": 0, "Estensione": 50158.757043099999, "Perimetro": 186.28430106799999, "Nome": null }, "geometry": { "type": "MultiPolygon", "coordinates": [ ] } }
]
}
